"package_id","domain_group_codes","title","publisher","content_scope","canonical_url","acquisition_url","rights_url","license_or_terms","language","jurisdiction","format","offline_method","tier","safety_class","update_class","criticality","breadth","actionability","reproducibility","offline_fit","rights_clarity","language_fit","maintainability","safety_penalty","volatility_penalty","storage_penalty","release_state","acquisition_state","rights_state","content_review_state","offline_open_state","sha256","local_path","retrieved_at","review_due","priority_score","notes"
"PSP-001","METH|MATH","NIST/SEMATECH Engineering Statistics Handbook","NIST","Практический источник для групп METH|MATH","https://www.itl.nist.gov/div898/handbook/","https://www.itl.nist.gov/div898/handbook/","https://www.itl.nist.gov/div898/handbook/cd.htm","NIST page grants copying of handbook CD; capture exact terms","en","International/reference","HTML/PDF/components","archive allowed components and printer-friendly chapters","L1","S0_OBSERVE_READ","ANNUAL_OR_EDITION","5","5","5","5","4","4","2","4","0","1","1","CANDIDATE","NOT_DOWNLOADED","REQUIRES_ITEM_REVIEW","NOT_REVIEWED","NOT_TESTED","","","","","","Statistics, experimental design, calibration and reliability; verify current download layout."
"PSP-002","METH|MATH|PHYS|CHEM","NIST Guide to the SI (SP 811)","NIST","Практический источник для групп METH|MATH|PHYS|CHEM","https://www.nist.gov/publications/guide-use-international-system-units-si","https://www.nist.gov/publications/guide-use-international-system-units-si","https://www.nist.gov/open/copyright-fair-use-and-licensing-statements-srd-data-and-software","US government/NIST terms; item review","en","International/reference","PDF/HTML","download official PDF and print core tables","L0","S0_OBSERVE_READ","ANNUAL_OR_EDITION","4","4","3","4","4","3","2","4","1","2","1","CANDIDATE","NOT_DOWNLOADED","REQUIRES_ITEM_REVIEW","NOT_REVIEWED","NOT_TESTED","","","","","","Units, symbols and reporting conventions."
"PSP-003","METH|PHYS|CHEM|ELEC","BIPM SI Brochure","BIPM","Практический источник для групп METH|PHYS|CHEM|ELEC","https://www.bipm.org/en/publications/si-brochure","https://www.bipm.org/en/publications/si-brochure","https://www.bipm.org/en/terms","BIPM terms; capture item notice","en|fr","International/reference","PDF/HTML","download current edition and translations","L1","S0_OBSERVE_READ","ANNUAL_OR_EDITION","4","4","3","4","4","3","2","4","1","2","1","CANDIDATE","NOT_DOWNLOADED","REQUIRES_ITEM_REVIEW","NOT_REVIEWED","NOT_TESTED","","","","","","Primary international SI reference."
"PSP-004","CHEM|PHYS","NIST Chemistry WebBook","NIST","Практический источник для групп CHEM|PHYS","https://webbook.nist.gov/chemistry/","https://webbook.nist.gov/chemistry/","https://www.nist.gov/srd/public-law","NIST Standard Reference Data terms","en","International/reference","HTML/data","archive permitted datasets/pages only after terms review","L2","S0_OBSERVE_READ","ANNUAL_OR_EDITION","4","4","3","4","4","3","2","4","1","2","1","CANDIDATE","NOT_DOWNLOADED","REQUIRES_ITEM_REVIEW","NOT_REVIEWED","NOT_TESTED","","","","","","Thermochemical and spectroscopic reference data; not a household procedure."
"PSP-005","METH|MATH","NIST Statistical Reference Datasets","NIST","Практический источник для групп METH|MATH","https://www.itl.nist.gov/div898/strd/","https://www.itl.nist.gov/div898/strd/","https://www.nist.gov/open/copyright-fair-use-and-licensing-statements-srd-data-and-software","NIST SRD terms; item review","en","International/reference","ASCII/HTML","download datasets and certified values","L1","S0_OBSERVE_READ","ANNUAL_OR_EDITION","4","4","3","4","4","3","2","4","1","2","1","CANDIDATE","NOT_DOWNLOADED","REQUIRES_ITEM_REVIEW","NOT_REVIEWED","NOT_TESTED","","","","","","Reference data for verifying numerical software."
"PSP-006","METH|PHYS|CHEM|ELEC","NIST Measurement Uncertainty resources","NIST","Практический источник для групп METH|PHYS|CHEM|ELEC","https://www.nist.gov/itl/sed/resources","https://www.nist.gov/itl/sed/resources","https://www.nist.gov/open/copyright-fair-use-and-licensing-statements-srd-data-and-software","NIST terms; item review","en","International/reference","HTML/PDF","download cited tutorials and examples per item","L1","S0_OBSERVE_READ","ANNUAL_OR_EDITION","4","4","3","4","4","3","2","4","1","2","1","CANDIDATE","NOT_DOWNLOADED","REQUIRES_ITEM_REVIEW","NOT_REVIEWED","NOT_TESTED","","","","","","Uncertainty and measurement process characterization."
"PSP-007","METH|OPS","NASA Systems Engineering Handbook","NASA","Практический источник для групп METH|OPS","https://science.nasa.gov/wp-content/uploads/2023/04/nasa_systems_engineering_handbook_0.pdf","https://science.nasa.gov/wp-content/uploads/2023/04/nasa_systems_engineering_handbook_0.pdf","https://www.nasa.gov/nasa-brand-center/images-and-media/","US government work with NASA media/third-party exceptions","en","International/reference","PDF","download exact PDF; keep edition and hash","L1","S0_OBSERVE_READ","ANNUAL_OR_EDITION","4","4","3","4","4","3","2","4","1","2","1","CANDIDATE","NOT_DOWNLOADED","REQUIRES_ITEM_REVIEW","NOT_REVIEWED","NOT_TESTED","","","","","","Requirements, verification, validation, interfaces and lifecycle."
"PSP-008","OPS|MECH|ELEC","NASA Reliability-Centered Maintenance Guide","NASA","Практический источник для групп OPS|MECH|ELEC","https://www.nasa.gov/reference/reliability-centered-maintenance-guide/","https://www.nasa.gov/reference/reliability-centered-maintenance-guide/","https://www.nasa.gov/nasa-brand-center/images-and-media/","US government work; item/third-party review","en","International/reference","PDF/HTML","download exact publication after item review","L2","S2_TRAINED_SUPERVISED","ANNUAL_OR_EDITION","4","4","3","4","4","3","2","4","2","2","1","CANDIDATE","NOT_DOWNLOADED","REQUIRES_ITEM_REVIEW","NOT_REVIEWED","NOT_TESTED","","","","","","Maintenance analysis; does not replace manufacturer procedures."
"PSP-009","ARCH|METH","RFC 8493: The BagIt File Packaging Format","IETF","Практический источник для групп ARCH|METH","https://www.rfc-editor.org/rfc/rfc8493.html","https://www.rfc-editor.org/rfc/rfc8493.html","https://trustee.ietf.org/documents/trust-legal-provisions/","IETF Trust Legal Provisions","en","International/reference","HTML/TXT/PDF/XML","download canonical RFC formats","L0","S0_OBSERVE_READ","ANNUAL_OR_EDITION","4","4","3","4","4","3","2","4","1","2","1","CANDIDATE","NOT_DOWNLOADED","REQUIRES_ITEM_REVIEW","NOT_REVIEWED","NOT_TESTED","","","","","","Open packaging specification for transfer and fixity."
"PSP-010","ARCH","PRONOM Technical Registry","The National Archives UK","Практический источник для групп ARCH","https://www.nationalarchives.gov.uk/PRONOM/Default.aspx","https://www.nationalarchives.gov.uk/PRONOM/Default.aspx","https://www.nationalarchives.gov.uk/legal/copyright/","UK Open Government Licence/item terms review","en","International/reference","XML/CSV/HTML","download published registry data and local identification tool","L2","S0_OBSERVE_READ","ANNUAL_OR_EDITION","4","4","3","4","4","3","2","4","1","2","1","CANDIDATE","NOT_DOWNLOADED","REQUIRES_ITEM_REVIEW","NOT_REVIEWED","NOT_TESTED","","","","","","Format identification and preservation planning."
"PSP-011","MATH","OpenStax Prealgebra 2e","OpenStax/Rice University","Практический источник для групп MATH","https://openstax.org/details/books/prealgebra-2e","https://openstax.org/details/books/prealgebra-2e","https://help.openstax.org/s/article/Licensing-information-of-OpenStax-textbooks","CC BY-NC-SA 4.0 per current general policy; verify book notice","en","International/reference","PDF/HTML","official PDF download","L1","S0_OBSERVE_READ","ANNUAL_OR_EDITION","4","4","4","5","5","4","2","4","0","1","1","CANDIDATE","NOT_DOWNLOADED","REQUIRES_ITEM_REVIEW","NOT_REVIEWED","NOT_TESTED","","","","","","Arithmetic foundations; preserve exact title/edition and attribution."
"PSP-012","MATH","OpenStax Algebra and Trigonometry 2e","OpenStax/Rice University","Практический источник для групп MATH","https://openstax.org/details/books/algebra-and-trigonometry-2e","https://openstax.org/details/books/algebra-and-trigonometry-2e","https://help.openstax.org/s/article/Licensing-information-of-OpenStax-textbooks","CC BY-NC-SA 4.0 policy; verify book notice","en","International/reference","PDF/HTML","official PDF download","L1","S0_OBSERVE_READ","ANNUAL_OR_EDITION","4","4","3","4","4","3","2","4","1","2","1","CANDIDATE","NOT_DOWNLOADED","REQUIRES_ITEM_REVIEW","NOT_REVIEWED","NOT_TESTED","","","","","","Algebra, functions and trigonometry."
"PSP-013","MATH|PHYS","OpenStax Calculus Volume 1","OpenStax/Rice University","Практический источник для групп MATH|PHYS","https://openstax.org/details/books/calculus-volume-1","https://openstax.org/details/books/calculus-volume-1","https://help.openstax.org/s/article/Licensing-information-of-OpenStax-textbooks","CC BY-NC-SA 4.0 policy; verify book notice","en","International/reference","PDF/HTML","official PDF download","L2","S0_OBSERVE_READ","ANNUAL_OR_EDITION","4","4","3","4","4","3","2","4","1","2","1","CANDIDATE","NOT_DOWNLOADED","REQUIRES_ITEM_REVIEW","NOT_REVIEWED","NOT_TESTED","","","","","","Calculus foundation."
"PSP-014","MATH|METH","OpenStax Introductory Statistics 2e","OpenStax/Rice University","Практический источник для групп MATH|METH","https://openstax.org/details/books/introductory-statistics-2e","https://openstax.org/details/books/introductory-statistics-2e","https://help.openstax.org/s/article/Licensing-information-of-OpenStax-textbooks","CC BY-NC-SA 4.0 policy; verify book notice","en","International/reference","PDF/HTML","official PDF download","L1","S0_OBSERVE_READ","ANNUAL_OR_EDITION","4","4","3","4","4","3","2","4","1","2","1","CANDIDATE","NOT_DOWNLOADED","REQUIRES_ITEM_REVIEW","NOT_REVIEWED","NOT_TESTED","","","","","","Statistics curriculum and exercises."
"PSP-015","PHYS","OpenStax College Physics 2e","OpenStax/Rice University","Практический источник для групп PHYS","https://openstax.org/details/books/college-physics-2e","https://openstax.org/details/books/college-physics-2e","https://help.openstax.org/s/article/Licensing-information-of-OpenStax-textbooks","CC BY-NC-SA 4.0 policy; verify book notice","en","International/reference","PDF/HTML","official PDF download","L1","S1_LOW_RISK_HOUSEHOLD","ANNUAL_OR_EDITION","4","4","3","4","4","3","2","4","1","2","1","CANDIDATE","NOT_DOWNLOADED","REQUIRES_ITEM_REVIEW","NOT_REVIEWED","NOT_TESTED","","","","","","Broad algebra-based physics; experiments still need local safety review."
"PSP-016","CHEM","OpenStax Chemistry 2e","OpenStax/Rice University","Практический источник для групп CHEM","https://openstax.org/details/books/chemistry-2e","https://openstax.org/details/books/chemistry-2e","https://help.openstax.org/s/article/Licensing-information-of-OpenStax-textbooks","CC BY-NC-SA 4.0 policy; verify book notice","en","International/reference","PDF/HTML","official PDF download","L2","S4_REFERENCE_ONLY_PROHIBITED_HOUSEHOLD","ANNUAL_OR_EDITION","4","4","3","4","4","3","2","4","5","2","1","CANDIDATE","NOT_DOWNLOADED","REQUIRES_ITEM_REVIEW","NOT_REVIEWED","NOT_TESTED","","","","","","Theory and exercises; laboratory procedures are separately gated. [CANONICAL_URL_SAFETY_FLOOR=S4_REFERENCE_ONLY_PROHIBITED_HOUSEHOLD]"
"PSP-017","LIFE","OpenStax Biology 2e","OpenStax/Rice University","Практический источник для групп LIFE","https://openstax.org/details/books/biology-2e","https://openstax.org/details/books/biology-2e","https://help.openstax.org/s/article/Licensing-information-of-OpenStax-textbooks","CC BY-NC-SA 4.0 policy; verify book notice","en","International/reference","PDF/HTML","official PDF download","L1","S1_LOW_RISK_HOUSEHOLD","ANNUAL_OR_EDITION","4","4","3","4","4","3","2","4","1","2","1","CANDIDATE","NOT_DOWNLOADED","REQUIRES_ITEM_REVIEW","NOT_REVIEWED","NOT_TESTED","","","","","","General biology."
"PSP-018","HEALTH|LIFE","OpenStax Anatomy and Physiology 2e","OpenStax/Rice University","Практический источник для групп HEALTH|LIFE","https://openstax.org/details/books/anatomy-and-physiology-2e","https://openstax.org/details/books/anatomy-and-physiology-2e","https://help.openstax.org/s/article/Licensing-information-of-OpenStax-textbooks","CC BY-NC-SA 4.0 policy; verify book notice","en","International/reference","PDF/HTML","official PDF download","L1","S0_OBSERVE_READ","ANNUAL_OR_EDITION","4","4","3","4","4","3","2","4","1","2","1","CANDIDATE","NOT_DOWNLOADED","REQUIRES_ITEM_REVIEW","NOT_REVIEWED","NOT_TESTED","","","","","","Educational anatomy; not diagnostic or clinical authority."
"PSP-019","LIFE|HEALTH","OpenStax Microbiology","OpenStax/Rice University","Практический источник для групп LIFE|HEALTH","https://openstax.org/details/books/microbiology","https://openstax.org/details/books/microbiology","https://help.openstax.org/s/article/Licensing-information-of-OpenStax-textbooks","CC BY-NC-SA policy; verify book notice","en","International/reference","PDF/HTML","official PDF download","L2","S4_REFERENCE_ONLY_PROHIBITED_HOUSEHOLD","ANNUAL_OR_EDITION","4","4","3","4","4","3","2","4","4","2","1","CANDIDATE","NOT_DOWNLOADED","REQUIRES_ITEM_REVIEW","NOT_REVIEWED","NOT_TESTED","","","","","","Reference only in household kit; no unknown-organism culturing."
"PSP-020","COMP","OpenStax Introduction to Computer Science","OpenStax/Rice University","Практический источник для групп COMP","https://openstax.org/details/books/introduction-computer-science","https://openstax.org/details/books/introduction-computer-science","https://help.openstax.org/s/article/Licensing-information-of-OpenStax-textbooks","CC BY-NC-SA 4.0 per book preface/current policy","en","International/reference","PDF/HTML","official PDF download","L1","S0_OBSERVE_READ","ANNUAL_OR_EDITION","4","4","3","4","4","3","2","4","1","2","1","CANDIDATE","NOT_DOWNLOADED","REQUIRES_ITEM_REVIEW","NOT_REVIEWED","NOT_TESTED","","","","","","Computer-science curriculum."
"PSP-021","MATH|PHYS|CHEM|COMP","MIT OpenCourseWare core STEM course set","MIT OpenCourseWare","Практический источник для групп MATH|PHYS|CHEM|COMP","https://ocw.mit.edu/","https://ocw.mit.edu/","https://ocw.mit.edu/pages/privacy-and-terms-of-use/","CC BY-NC-SA with third-party exclusions","en","International/reference","HTML/PDF/video/source","use official per-course download; exclude third-party items","L3","S1_LOW_RISK_HOUSEHOLD","ANNUAL_OR_EDITION","4","5","4","5","4","4","2","3","1","1","4","CANDIDATE","NOT_DOWNLOADED","REQUIRES_ITEM_REVIEW","NOT_REVIEWED","NOT_TESTED","","","","","","Select prerequisite-complete courses; do not bulk scrape unrelated MIT Learn content."
"PSP-022","MECH|ELEC|COMP","MIT OpenCourseWare engineering course set","MIT OpenCourseWare","Практический источник для групп MECH|ELEC|COMP","https://ocw.mit.edu/search/?d=Mechanical%20Engineering","https://ocw.mit.edu/search/?d=Mechanical%20Engineering","https://ocw.mit.edu/pages/privacy-and-terms-of-use/","CC BY-NC-SA; per-course third-party review","en","International/reference","HTML/PDF/video/source","official per-course downloads only","L3","S2_TRAINED_SUPERVISED","ANNUAL_OR_EDITION","4","4","3","4","4","3","2","4","2","2","1","CANDIDATE","NOT_DOWNLOADED","REQUIRES_ITEM_REVIEW","NOT_REVIEWED","NOT_TESTED","","","","","","Engineering theory and design; shop/lab execution remains gated."
"PSP-023","METH|OPS","MIT OpenCourseWare systems and operations set","MIT OpenCourseWare","Практический источник для групп METH|OPS","https://ocw.mit.edu/search/?q=systems%20engineering","https://ocw.mit.edu/search/?q=systems%20engineering","https://ocw.mit.edu/pages/privacy-and-terms-of-use/","CC BY-NC-SA; per-course third-party review","en","International/reference","HTML/PDF/video","official per-course downloads only","L2","S0_OBSERVE_READ","ANNUAL_OR_EDITION","4","4","3","4","4","3","2","4","1","2","1","CANDIDATE","NOT_DOWNLOADED","REQUIRES_ITEM_REVIEW","NOT_REVIEWED","NOT_TESTED","","","","","","Systems thinking, operations and decision analysis."
"PSP-024","PHYS|CHEM|MATH","PhET regular HTML simulations","University of Colorado Boulder PhET","Практический источник для групп PHYS|CHEM|MATH","https://phet.colorado.edu/en/offline-access","https://phet.colorado.edu/en/offline-access","https://phet.colorado.edu/en/licensing","CC BY-NC 4.0 for regular HTML sims; PhET-iO/Studio excluded","multi","International/reference","HTML5","download individual regular HTML simulations or licensed offline app","L1","S1_LOW_RISK_HOUSEHOLD","ANNUAL_OR_EDITION","4","4","3","4","4","3","2","4","1","2","1","CANDIDATE","NOT_DOWNLOADED","REQUIRES_ITEM_REVIEW","NOT_REVIEWED","NOT_TESTED","","","","","","Offline interactive simulations; preserve attribution and exact variant."
"PSP-025","EDU|MATH|PHYS|CHEM|LIFE","Kolibri offline learning platform and selected channels","Learning Equality","Практический источник для групп EDU|MATH|PHYS|CHEM|LIFE","https://learningequality.org/kolibri/about-kolibri/","https://learningequality.org/kolibri/about-kolibri/","https://kolibri.readthedocs.io/en/latest/manage/resources.html","software open source; content rights per channel/resource","multi","International/reference","software/content channels","export/import selected channels by USB","L2","S0_OBSERVE_READ","ANNUAL_OR_EDITION","4","4","3","4","4","3","2","4","1","2","1","CANDIDATE","NOT_DOWNLOADED","REQUIRES_ITEM_REVIEW","NOT_REVIEWED","NOT_TESTED","","","","","","Container is not a blanket license for its content."
"PSP-026","EDU|MATH|PHYS|CHEM|LIFE|COMP","Kiwix library catalog and OpenZIM packages","Kiwix/OpenZIM","Практический источник для групп EDU|MATH|PHYS|CHEM|LIFE|COMP","https://library.kiwix.org/","https://library.kiwix.org/","https://www.kiwix.org/en/legal/","rights per source project and ZIM","multi","International/reference","ZIM","download selected ZIM and reader; preserve catalog metadata/hash","L2","S0_OBSERVE_READ","ANNUAL_OR_EDITION","4","4","3","4","4","3","2","4","1","2","1","CANDIDATE","NOT_DOWNLOADED","REQUIRES_ITEM_REVIEW","NOT_REVIEWED","NOT_TESTED","","","","","","General reference and education; not action authority."
"PSP-027","EDU|MATH|PHYS|CHEM|LIFE","Wikibooks/Wikiversity offline ZIM set","Wikimedia/OpenZIM","Практический источник для групп EDU|MATH|PHYS|CHEM|LIFE","https://download.kiwix.org/zim/wikibooks/","https://download.kiwix.org/zim/wikibooks/","https://foundation.wikimedia.org/wiki/Policy:Terms_of_Use","project and page licenses; attribution required","multi","International/reference","ZIM","select language/variant/date and download ZIM","L2","S0_OBSERVE_READ","ANNUAL_OR_EDITION","4","4","3","4","4","3","2","4","1","2","1","CANDIDATE","NOT_DOWNLOADED","REQUIRES_ITEM_REVIEW","NOT_REVIEWED","NOT_TESTED","","","","","","Community education; verify quality and safety per lesson."
"PSP-028","COMP|MECH|ELEC","Stack Exchange technical offline ZIM set","Stack Exchange/OpenZIM","Практический источник для групп COMP|MECH|ELEC","https://download.kiwix.org/zim/stack_exchange/","https://download.kiwix.org/zim/stack_exchange/","https://stackoverflow.com/help/licensing","CC BY-SA versions/attribution per posts; verify ZIM notices","en","International/reference","ZIM","select communities/date and download ZIM","L3","S0_OBSERVE_READ","ANNUAL_OR_EDITION","4","4","3","4","4","3","2","4","1","2","1","CANDIDATE","NOT_DOWNLOADED","REQUIRES_ITEM_REVIEW","NOT_REVIEWED","NOT_TESTED","","","","","","Troubleshooting background; answers are not automatically correct."
"PSP-029","EDU|PORT","Wiktionary RU/UK/PT/EN offline set","Wikimedia/OpenZIM","Практический источник для групп EDU|PORT","https://download.kiwix.org/zim/wiktionary/","https://download.kiwix.org/zim/wiktionary/","https://foundation.wikimedia.org/wiki/Policy:Terms_of_Use","Wikimedia project licenses and attribution","ru|uk|pt|en","Portugal/EU","ZIM","download exact language/date variants","L1","S0_OBSERVE_READ","ANNUAL_OR_EDITION","4","4","3","4","4","3","2","4","1","2","1","CANDIDATE","NOT_DOWNLOADED","REQUIRES_ITEM_REVIEW","NOT_REVIEWED","NOT_TESTED","","","","","","Language continuity and terminology."
"PSP-030","ARCH|EDU","Wikimedia project XML dumps","Wikimedia Foundation","Практический источник для групп ARCH|EDU","https://dumps.wikimedia.org/backup-index.html","https://dumps.wikimedia.org/backup-index.html","https://foundation.wikimedia.org/wiki/Policy:Terms_of_Use","project/page licenses and attribution","multi","International/reference","XML/BZ2/7z","download selected project dumps with checksums","L4","S0_OBSERVE_READ","ANNUAL_OR_EDITION","2","5","1","3","2","3","4","3","0","1","5","CANDIDATE","NOT_DOWNLOADED","REQUIRES_ITEM_REVIEW","NOT_REVIEWED","NOT_TESTED","","","","","","Deep preservation source; needs renderer/index build and large storage."
"PSP-031","EARTH|PORT","USGS The National Map datasets","US Geological Survey","Практический источник для групп EARTH|PORT","https://www.usgs.gov/the-national-map-data-delivery/gis-data-download","https://www.usgs.gov/the-national-map-data-delivery/gis-data-download","https://www.usgs.gov/information-policies-and-instructions/copyrights-and-credits","US government public domain with exceptions/credit","en","Portugal/EU","GeoTIFF/GeoPackage/shapefile","download selected areas/layers and metadata","L3","S0_OBSERVE_READ","ANNUAL_OR_EDITION","4","4","3","4","4","3","2","4","1","2","1","CANDIDATE","NOT_DOWNLOADED","REQUIRES_ITEM_REVIEW","NOT_REVIEWED","NOT_TESTED","","","","","","US-reference geodata; not Portugal operational mapping."
"PSP-032","EARTH|HEALTH","USGS Water Science School","US Geological Survey","Практический источник для групп EARTH|HEALTH","https://www.usgs.gov/special-topics/water-science-school","https://www.usgs.gov/special-topics/water-science-school","https://www.usgs.gov/information-policies-and-instructions/copyrights-and-credits","US government public domain with exceptions","en","International/reference","HTML/PDF/images","archive selected educational pages/items","L1","S0_OBSERVE_READ","ANNUAL_OR_EDITION","4","4","3","4","4","3","2","4","1","2","1","CANDIDATE","NOT_DOWNLOADED","REQUIRES_ITEM_REVIEW","NOT_REVIEWED","NOT_TESTED","","","","","","Hydrology education; not water-safety certification."
"PSP-033","EARTH","USGS Publications Warehouse selected handbooks/maps","US Geological Survey","Практический источник для групп EARTH","https://pubs.usgs.gov/","https://pubs.usgs.gov/","https://www.usgs.gov/information-policies-and-instructions/copyrights-and-credits","US government public domain with exceptions","en","International/reference","PDF/data","per-item download and metadata capture","L2","S0_OBSERVE_READ","ANNUAL_OR_EDITION","4","4","3","4","4","3","2","4","1","2","1","CANDIDATE","NOT_DOWNLOADED","REQUIRES_ITEM_REVIEW","NOT_REVIEWED","NOT_TESTED","","","","","","Geology, hydrology and hazards; select region-relevant items."
"PSP-034","EARTH|AGRI","NASA Earthdata selected open datasets and tutorials","NASA","Практический источник для групп EARTH|AGRI","https://www.earthdata.nasa.gov/","https://www.earthdata.nasa.gov/","https://www.earthdata.nasa.gov/engage/open-data-services-and-software/data-and-information-policy","NASA Earth science data policy; dataset-specific terms","en","International/reference","data/GeoTIFF/NetCDF/HTML","use official download mechanisms; preserve DOI/metadata","L3","S0_OBSERVE_READ","ANNUAL_OR_EDITION","4","4","3","4","4","3","2","4","1","2","1","CANDIDATE","NOT_DOWNLOADED","REQUIRES_ITEM_REVIEW","NOT_REVIEWED","NOT_TESTED","","","","","","Remote sensing and climate; may require account/tooling."
"PSP-035","EARTH","NOAA Climate Data Online and educational references","NOAA/NCEI","Практический источник для групп EARTH","https://www.ncei.noaa.gov/cdo-web/","https://www.ncei.noaa.gov/cdo-web/","https://www.noaa.gov/information-technology/open-data-dissemination","US government data with dataset exceptions","en","International/reference","CSV/data/HTML","download selected stations/periods and metadata","L3","S0_OBSERVE_READ","ANNUAL_OR_EDITION","4","4","3","4","4","3","2","4","1","2","1","CANDIDATE","NOT_DOWNLOADED","REQUIRES_ITEM_REVIEW","NOT_REVIEWED","NOT_TESTED","","","","","","Historical climate reference; not local live warning."
"PSP-036","EARTH|PORT","Copernicus Climate Data Store","ECMWF/Copernicus","Практический источник для групп EARTH|PORT","https://cds.climate.copernicus.eu/","https://cds.climate.copernicus.eu/","https://cds.climate.copernicus.eu/terms-of-use","Copernicus licence/attribution and dataset terms","en","Portugal/EU","NetCDF/GRIB/CSV","official API/manual subset export","L3","S0_OBSERVE_READ","ANNUAL_OR_EDITION","4","4","3","4","4","3","2","4","1","2","1","CANDIDATE","NOT_DOWNLOADED","REQUIRES_ITEM_REVIEW","NOT_REVIEWED","NOT_TESTED","","","","","","Climate reanalysis and derived datasets."
"PSP-037","EARTH|PORT","Copernicus Emergency Management Service data","European Commission/JRC","Практический источник для групп EARTH|PORT","https://emergency.copernicus.eu/","https://emergency.copernicus.eu/","https://emergency.copernicus.eu/mapping/ems/terms-and-conditions","Copernicus terms and attribution","en","Portugal/EU","maps/data","download published activations/products per terms","L2","S0_OBSERVE_READ","ANNUAL_OR_EDITION","4","4","3","4","4","3","2","4","1","2","1","CANDIDATE","NOT_DOWNLOADED","REQUIRES_ITEM_REVIEW","NOT_REVIEWED","NOT_TESTED","","","","","","Historical/reference products; not replacement for current authorities."
"PSP-038","EARTH|PORT","European Environment Agency datasets","EEA","Практический источник для групп EARTH|PORT","https://www.eea.europa.eu/en/datahub","https://www.eea.europa.eu/en/datahub","https://www.eea.europa.eu/en/legal-notice","EEA reuse/legal notice; third-party exceptions","en","Portugal/EU","CSV/GIS/API/PDF","per-dataset export and metadata capture","L3","S0_OBSERVE_READ","ANNUAL_OR_EDITION","4","4","3","4","4","3","2","4","1","2","1","CANDIDATE","NOT_DOWNLOADED","REQUIRES_ITEM_REVIEW","NOT_REVIEWED","NOT_TESTED","","","","","","European environment indicators and spatial data."
"PSP-039","EARTH|PORT","ESA Earth observation education and data guides","European Space Agency","Практический источник для групп EARTH|PORT","https://earth.esa.int/eogateway/","https://earth.esa.int/eogateway/","https://www.esa.int/Terms_and_Conditions","ESA terms; item/mission review","en","Portugal/EU","HTML/PDF/data links","archive allowed guides; data per mission terms","L2","S0_OBSERVE_READ","ANNUAL_OR_EDITION","4","4","3","4","4","3","2","4","1","2","1","CANDIDATE","NOT_DOWNLOADED","REQUIRES_ITEM_REVIEW","NOT_REVIEWED","NOT_TESTED","","","","","","Earth observation methods and mission documentation."
"PSP-040","EARTH|PORT","WMO guides and manuals catalog","World Meteorological Organization","Практический источник для групп EARTH|PORT","https://library.wmo.int/","https://library.wmo.int/","https://public.wmo.int/en/copyright-notice","WMO copyright/item terms","en|fr|es|ru","Portugal/EU","PDF/metadata","per-item download after license notice review","L2","S2_TRAINED_SUPERVISED","ANNUAL_OR_EDITION","4","4","3","4","4","3","2","4","2","2","1","CANDIDATE","NOT_DOWNLOADED","REQUIRES_ITEM_REVIEW","NOT_REVIEWED","NOT_TESTED","","","","","","Meteorological observation and climatology; professional procedures gated."
"PSP-041","AGRI|LIFE|EARTH","FAO Knowledge Repository selected manuals","FAO","Практический источник для групп AGRI|LIFE|EARTH","https://openknowledge.fao.org/","https://openknowledge.fao.org/","https://www.fao.org/publications/about-fao-publishing/permissions/","license per publication; many use CC BY-NC-SA 3.0 IGO","multi","International/reference","PDF/metadata","per-item PDF acquisition and license capture","L2","S2_TRAINED_SUPERVISED","ANNUAL_OR_EDITION","4","4","3","4","4","3","2","4","2","2","1","CANDIDATE","NOT_DOWNLOADED","REQUIRES_ITEM_REVIEW","NOT_REVIEWED","NOT_TESTED","","","","","","Agriculture, food, forestry, water and rural systems."
"PSP-042","AGRI|LIFE","AGRIS Open Data dump","FAO","Практический источник для групп AGRI|LIFE","https://www.fao.org/agris/download","https://www.fao.org/agris/download","https://www.fao.org/agris/download","CC BY 3.0 IGO stated for AGRIS dataset; verify release","multi","International/reference","RDF/XML/CSV","official bulk dump and checksum if published","L3","S0_OBSERVE_READ","ANNUAL_OR_EDITION","4","4","3","4","4","3","2","4","1","2","1","CANDIDATE","NOT_DOWNLOADED","REQUIRES_ITEM_REVIEW","NOT_REVIEWED","NOT_TESTED","","","","","","Discovery metadata; linked full texts retain their own rights."
"PSP-043","AGRI|EDU|PORT","AGROVOC multilingual vocabulary","FAO","Практический источник для групп AGRI|EDU|PORT","https://www.fao.org/agrovoc/","https://www.fao.org/agrovoc/","https://www.fao.org/agrovoc/about","capture current data license and attribution","multi","Portugal/EU","RDF/SKOS/CSV","official release download","L1","S0_OBSERVE_READ","ANNUAL_OR_EDITION","4","4","3","4","4","3","2","4","1","2","1","CANDIDATE","NOT_DOWNLOADED","REQUIRES_ITEM_REVIEW","NOT_REVIEWED","NOT_TESTED","","","","","","Multilingual agriculture terminology."
"PSP-044","AGRI|OPS","FAOSTAT bulk datasets","FAO","Практический источник для групп AGRI|OPS","https://www.fao.org/faostat/en/#data","https://www.fao.org/faostat/en/#data","https://www.fao.org/contact-us/terms/en/","FAO database terms; dataset review","multi","International/reference","CSV/data","official bulk CSV subset and metadata","L3","S2_TRAINED_SUPERVISED","ANNUAL_OR_EDITION","4","4","3","4","4","3","2","4","2","2","1","CANDIDATE","NOT_DOWNLOADED","REQUIRES_ITEM_REVIEW","NOT_REVIEWED","NOT_TESTED","","","","","","Historical agriculture/food statistics; not local operational data. [CANONICAL_URL_SAFETY_FLOOR=S2_TRAINED_SUPERVISED]"
"PSP-045","AGRI|EARTH","USDA NRCS Web Soil Survey and soil manuals","USDA NRCS","Практический источник для групп AGRI|EARTH","https://websoilsurvey.nrcs.usda.gov/","https://websoilsurvey.nrcs.usda.gov/","https://www.usda.gov/policies-and-links","US government works with exceptions","en","International/reference","GIS/PDF/data","download selected manuals/data where permitted","L2","S0_OBSERVE_READ","ANNUAL_OR_EDITION","4","4","3","4","4","3","2","4","1","2","1","CANDIDATE","NOT_DOWNLOADED","REQUIRES_ITEM_REVIEW","NOT_REVIEWED","NOT_TESTED","","","","","","Soil science reference; geography is mostly US."
"PSP-046","AGRI|HEALTH","USDA Complete Guide to Home Canning","USDA NCHFP","Практический источник для групп AGRI|HEALTH","https://nchfp.uga.edu/resources/category/usda-guide","https://nchfp.uga.edu/resources/category/usda-guide","https://www.usda.gov/policies-and-links","US government work; hosted materials/item review","en","International/reference","PDF","download current official guide and updates","L1","S2_TRAINED_SUPERVISED","ANNUAL_OR_EDITION","4","4","3","4","4","3","2","4","2","2","1","CANDIDATE","NOT_DOWNLOADED","REQUIRES_ITEM_REVIEW","NOT_REVIEWED","NOT_TESTED","","","","","","Validated US-reference processes; local ingredients/equipment and edition matter."
"PSP-047","AGRI|LIFE","USDA PLANTS Database downloads","USDA NRCS","Практический источник для групп AGRI|LIFE","https://plants.usda.gov/home/downloads","https://plants.usda.gov/home/downloads","https://www.usda.gov/policies-and-links","US government works; image/data exceptions possible","en","International/reference","CSV/data/images","official download datasets","L2","S0_OBSERVE_READ","ANNUAL_OR_EDITION","4","4","3","4","4","3","2","4","1","2","1","CANDIDATE","NOT_DOWNLOADED","REQUIRES_ITEM_REVIEW","NOT_REVIEWED","NOT_TESTED","","","","","","US plant data; not Portugal toxic-plant authority."
"PSP-048","LIFE|EARTH","GBIF occurrence data and species backbone","GBIF","Практический источник для групп LIFE|EARTH","https://www.gbif.org/","https://www.gbif.org/","https://www.gbif.org/terms","dataset licenses vary; GBIF terms and citation","multi","International/reference","Darwin Core/CSV/API","DOI-backed dataset download and metadata","L3","S0_OBSERVE_READ","ANNUAL_OR_EDITION","4","4","3","4","4","3","2","4","1","2","1","CANDIDATE","NOT_DOWNLOADED","REQUIRES_ITEM_REVIEW","NOT_REVIEWED","NOT_TESTED","","","","","","Biodiversity evidence; record quality and sensitive coordinates require care."
"PSP-049","LIFE|AGRI","CGIAR open repositories catalog","CGIAR","Практический источник для групп LIFE|AGRI","https://cgspace.cgiar.org/","https://cgspace.cgiar.org/","https://cgspace.cgiar.org/info/terms","per-item licenses and repository terms","multi","International/reference","PDF/data/metadata","per-item acquisition after rights review","L3","S1_LOW_RISK_HOUSEHOLD","ANNUAL_OR_EDITION","4","4","3","4","4","3","2","4","1","2","1","CANDIDATE","NOT_DOWNLOADED","REQUIRES_ITEM_REVIEW","NOT_REVIEWED","NOT_TESTED","","","","","","Agriculture research and field methods; local adaptation required."
"PSP-050","AGRI|PORT","European Commission agriculture and food-safety guidance","European Commission","Практический источник для групп AGRI|PORT","https://food.ec.europa.eu/index_en","https://food.ec.europa.eu/index_en","https://commission.europa.eu/legal-notice_en","EU reuse policy/third-party exceptions","multi","Portugal/EU","HTML/PDF/data","per-item official download and edition capture","L2","S2_TRAINED_SUPERVISED","ANNUAL_OR_EDITION","4","4","3","4","4","3","2","4","2","2","1","CANDIDATE","NOT_DOWNLOADED","REQUIRES_ITEM_REVIEW","NOT_REVIEWED","NOT_TESTED","","","","","","EU regulatory context; current law and national implementation control."
"PSP-051","HEALTH","WHO publications selected public-health set","World Health Organization","Практический источник для групп HEALTH","https://www.who.int/publications","https://www.who.int/publications","https://www.who.int/about/policies/publishing/copyright","license per publication; post-2016 commonly CC BY-NC-SA 3.0 IGO","multi","International/reference","PDF/HTML","per-publication download after license/edition check","L2","S2_TRAINED_SUPERVISED","ANNUAL_OR_EDITION","4","4","3","4","4","3","2","4","2","2","1","CANDIDATE","NOT_DOWNLOADED","REQUIRES_ITEM_REVIEW","NOT_REVIEWED","NOT_TESTED","","","","","","Public-health reference; local authority and scope still control."
"PSP-052","HEALTH","WHO IRIS institutional repository","World Health Organization","Практический источник для групп HEALTH","https://iris.who.int/","https://iris.who.int/","https://www.who.int/about/policies/publishing/copyright","per-item license/third-party review","multi","International/reference","PDF/metadata","per-item download and rights capture","L3","S2_TRAINED_SUPERVISED","ANNUAL_OR_EDITION","4","4","3","4","4","3","2","4","2","2","1","CANDIDATE","NOT_DOWNLOADED","REQUIRES_ITEM_REVIEW","NOT_REVIEWED","NOT_TESTED","","","","","","Deep WHO publication archive."
"PSP-053","HEALTH","ECDC publications and data","European Centre for Disease Prevention and Control","Практический источник для групп HEALTH","https://www.ecdc.europa.eu/en/publications-data","https://www.ecdc.europa.eu/en/publications-data","https://www.ecdc.europa.eu/en/ecdc-intellectual-property-notices","ECDC-owned public material usually CC BY 4.0 unless stated; exceptions apply","en","International/reference","PDF/CSV/HTML","per-item official download","L2","S2_TRAINED_SUPERVISED","EVENT_OR_QUARTERLY","5","4","4","4","4","4","2","4","2","4","2","CANDIDATE","NOT_DOWNLOADED","REQUIRES_ITEM_REVIEW","NOT_REVIEWED","NOT_TESTED","","","","","","EU surveillance and public-health guidance; dynamic data ages quickly."
"PSP-054","HEALTH","CDC public-health reference subset","US CDC","Практический источник для групп HEALTH","https://www.cdc.gov/","https://www.cdc.gov/","https://www.cdc.gov/other/agencymaterials.html","many US government materials public domain; contractor/third-party exceptions","en","International/reference","HTML/PDF","per-item archive with date and local adaptation note","L2","S2_TRAINED_SUPERVISED","ANNUAL_OR_EDITION","4","4","3","4","4","3","2","4","2","2","1","CANDIDATE","NOT_DOWNLOADED","REQUIRES_ITEM_REVIEW","NOT_REVIEWED","NOT_TESTED","","","","","","US-reference only; replace contacts and jurisdictional instructions."
"PSP-055","HEALTH","IFRC International First Aid Guidelines 2025","International Federation of Red Cross and Red Crescent Societies","Практический источник для групп HEALTH","https://www.ifrc.org/document/ifrc-international-first-aid-resuscitation-and-education-guidelines-2025","https://www.ifrc.org/document/ifrc-international-first-aid-resuscitation-and-education-guidelines-2025","https://www.ifrc.org/copyright-and-terms-use","IFRC copyright/item notice","en","International/reference","PDF","download exact edition after copyright review","L1","S2_TRAINED_SUPERVISED","ANNUAL_OR_EDITION","4","4","3","4","4","3","2","4","2","2","1","CANDIDATE","NOT_DOWNLOADED","REQUIRES_ITEM_REVIEW","NOT_REVIEWED","NOT_TESTED","","","","","","Trainer/reference layer; not a substitute for certified practice."
"PSP-056","HEALTH|PORT","European Resuscitation Council Guidelines 2025","European Resuscitation Council","Практический источник для групп HEALTH|PORT","https://www.erc.edu/science-research/guidelines/guidelines-2025/","https://www.erc.edu/science-research/guidelines/guidelines-2025/","https://www.erc.edu/terms-and-conditions/","ERC copyright/item terms","en","Portugal/EU","PDF","download exact official sections after rights review","L1","S2_TRAINED_SUPERVISED","ANNUAL_OR_EDITION","4","4","3","4","4","3","2","4","2","2","1","CANDIDATE","NOT_DOWNLOADED","REQUIRES_ITEM_REVIEW","NOT_REVIEWED","NOT_TESTED","","","","","","Do not mix algorithm systems or editions."
"PSP-057","HEALTH|METH","PubMed baseline citation data","US NLM","Практический источник для групп HEALTH|METH","https://pubmed.ncbi.nlm.nih.gov/download/","https://pubmed.ncbi.nlm.nih.gov/download/","https://www.nlm.nih.gov/databases/download/terms_and_conditions.html","NLM terms; abstracts may be copyrighted","en","International/reference","XML/GZ","official baseline/update files under NLM terms","L4","S0_OBSERVE_READ","ANNUAL_OR_EDITION","2","5","1","3","2","3","1","3","0","5","5","CANDIDATE","NOT_DOWNLOADED","REQUIRES_ITEM_REVIEW","NOT_REVIEWED","NOT_TESTED","","","","","","Discovery index, not an action source."
"PSP-058","HEALTH|LIFE","PubMed Central Open Access subset","US NLM","Практический источник для групп HEALTH|LIFE","https://pmc.ncbi.nlm.nih.gov/tools/openftlist/","https://pmc.ncbi.nlm.nih.gov/tools/openftlist/","https://pmc.ncbi.nlm.nih.gov/about/copyright/","per-article licenses; OA subset is not a single CC corpus","en","International/reference","JATS XML/PDF/TAR","OA subset mechanisms only; retain per-article license","L4","S0_OBSERVE_READ","ANNUAL_OR_EDITION","4","4","3","4","4","3","2","4","1","2","1","CANDIDATE","NOT_DOWNLOADED","REQUIRES_ITEM_REVIEW","NOT_REVIEWED","NOT_TESTED","","","","","","Research background, not immediate treatment instructions."
"PSP-059","HEALTH|LIFE","Europe PMC open-access downloads","EMBL-EBI/Europe PMC","Практический источник для групп HEALTH|LIFE","https://europepmc.org/downloads","https://europepmc.org/downloads","https://europepmc.org/terms","per-article rights and Europe PMC terms","en","International/reference","XML/PDF/API","approved OA mechanisms; retain per-article license","L4","S0_OBSERVE_READ","ANNUAL_OR_EDITION","4","4","3","4","4","3","2","4","1","2","1","CANDIDATE","NOT_DOWNLOADED","REQUIRES_ITEM_REVIEW","NOT_REVIEWED","NOT_TESTED","","","","","","Research archive and metadata."
"PSP-060","HEALTH|LIFE","NCBI Bookshelf selected open books","US NCBI/NLM","Практический источник для групп HEALTH|LIFE","https://www.ncbi.nlm.nih.gov/books/","https://www.ncbi.nlm.nih.gov/books/","https://www.ncbi.nlm.nih.gov/home/about/policies/","rights per title/chapter","en","International/reference","HTML/PDF/EPUB where offered","per-title download only where explicitly offered","L2","S0_OBSERVE_READ","ANNUAL_OR_EDITION","4","4","3","4","4","3","2","4","1","2","1","CANDIDATE","NOT_DOWNLOADED","REQUIRES_ITEM_REVIEW","NOT_REVIEWED","NOT_TESTED","","","","","","Educational reference; licensing is not uniform."
"PSP-061","CIVIL|MECH|OPS","NIST fire research publications subset","NIST","Практический источник для групп CIVIL|MECH|OPS","https://www.nist.gov/fire","https://www.nist.gov/fire","https://www.nist.gov/open/copyright-fair-use-and-licensing-statements-srd-data-and-software","NIST/US government terms; item review","en","International/reference","PDF/data","per-publication download and metadata capture","L2","S3_LICENSED_PROFESSIONAL","ANNUAL_OR_EDITION","4","4","3","4","4","3","2","4","4","2","1","CANDIDATE","NOT_DOWNLOADED","REQUIRES_ITEM_REVIEW","NOT_REVIEWED","NOT_TESTED","","","","","","Fire science and engineering; no household fire experiments."
"PSP-062","CIVIL|OPS","FEMA Building Science resources","US FEMA","Практический источник для групп CIVIL|OPS","https://www.fema.gov/emergency-managers/risk-management/building-science","https://www.fema.gov/emergency-managers/risk-management/building-science","https://www.fema.gov/about/website-information","US government works with exceptions","en","International/reference","PDF/HTML","per-item official download","L2","S3_LICENSED_PROFESSIONAL","ANNUAL_OR_EDITION","4","4","3","4","4","3","2","4","4","2","1","CANDIDATE","NOT_DOWNLOADED","REQUIRES_ITEM_REVIEW","NOT_REVIEWED","NOT_TESTED","","","","","","Hazard-resistant building reference; US codes are not Portugal authority."
"PSP-063","CIVIL|EARTH","US Army Corps of Engineers publications catalog","USACE","Практический источник для групп CIVIL|EARTH","https://www.publications.usace.army.mil/","https://www.publications.usace.army.mil/","https://www.usace.army.mil/About/Copyright/","US government works with exceptions/distribution limits","en","International/reference","PDF","selected manuals only; retain edition","L3","S3_LICENSED_PROFESSIONAL","ANNUAL_OR_EDITION","4","4","3","4","4","3","2","4","4","2","1","CANDIDATE","NOT_DOWNLOADED","REQUIRES_ITEM_REVIEW","NOT_REVIEWED","NOT_TESTED","","","","","","Deep engineering reference; professional-only execution."
"PSP-064","ELEC|CIVIL|OPS","US DOE Energy Saver guides","US Department of Energy","Практический источник для групп ELEC|CIVIL|OPS","https://www.energy.gov/energysaver/energy-saver-guide","https://www.energy.gov/energysaver/energy-saver-guide","https://www.energy.gov/web-policies","US government works with exceptions","en","International/reference","PDF/HTML","download official guide/current pages","L1","S1_LOW_RISK_HOUSEHOLD","ANNUAL_OR_EDITION","4","4","3","4","4","3","2","4","1","2","1","CANDIDATE","NOT_DOWNLOADED","REQUIRES_ITEM_REVIEW","NOT_REVIEWED","NOT_TESTED","","","","","","Household energy-efficiency reference; electrical/gas work remains professional."
"PSP-065","ELEC|PHYS","NREL photovoltaic research and handbooks catalog","National Renewable Energy Laboratory","Практический источник для групп ELEC|PHYS","https://www.nrel.gov/research/publications.html","https://www.nrel.gov/research/publications.html","https://www.nrel.gov/security.html","US government/laboratory terms; item exceptions","en","International/reference","PDF/data","per-publication download and item review","L2","S3_LICENSED_PROFESSIONAL","ANNUAL_OR_EDITION","4","4","3","4","4","3","2","4","4","2","1","CANDIDATE","NOT_DOWNLOADED","REQUIRES_ITEM_REVIEW","NOT_REVIEWED","NOT_TESTED","","","","","","PV performance and systems; installation remains professional."
"PSP-066","CIVIL|MECH|HEALTH","EU-OSHA publications","European Agency for Safety and Health at Work","Практический источник для групп CIVIL|MECH|HEALTH","https://osha.europa.eu/en/publications","https://osha.europa.eu/en/publications","https://osha.europa.eu/en/legal-notice","EU-OSHA legal notice/third-party exceptions","multi","International/reference","PDF/HTML","per-item official download","L2","S2_TRAINED_SUPERVISED","ANNUAL_OR_EDITION","4","4","3","4","4","3","2","4","2","2","1","CANDIDATE","NOT_DOWNLOADED","REQUIRES_ITEM_REVIEW","NOT_REVIEWED","NOT_TESTED","","","","","","Occupational safety and human factors."
"PSP-067","CHEM|MECH|CIVIL","ECHA chemicals and safety information","European Chemicals Agency","Практический источник для групп CHEM|MECH|CIVIL","https://echa.europa.eu/information-on-chemicals","https://echa.europa.eu/information-on-chemicals","https://echa.europa.eu/legal-notice","ECHA legal/database terms","en","International/reference","HTML/data","metadata/reference snapshots only per terms","L2","S3_LICENSED_PROFESSIONAL","ANNUAL_OR_EDITION","4","4","3","4","4","3","2","4","4","2","1","CANDIDATE","NOT_DOWNLOADED","REQUIRES_ITEM_REVIEW","NOT_REVIEWED","NOT_TESTED","","","","","","Chemical hazards and regulatory data; never a synthesis manual."
"PSP-068","CIVIL|MECH|ELEC","European standards catalog metadata","CEN/CENELEC","Практический источник для групп CIVIL|MECH|ELEC","https://standards.cencenelec.eu/","https://standards.cencenelec.eu/","https://www.cencenelec.eu/bottom-navigation/legal/","copyrighted standards; no unauthorized copying","en","International/reference","metadata","store citation/edition/legitimate purchased access metadata only","L1","S3_LICENSED_PROFESSIONAL","ANNUAL_OR_EDITION","4","4","3","4","4","3","2","4","4","2","1","CANDIDATE","NOT_DOWNLOADED","REFERENCE_ONLY_NO_COPY","NOT_REVIEWED","NOT_TESTED","","","","","","Standards index, not content payload."
"PSP-069","ELEC|COMP","IEC Electropedia and publications catalog","IEC","Практический источник для групп ELEC|COMP","https://www.electropedia.org/","https://www.electropedia.org/","https://www.iec.ch/copyright","IEC copyright","multi","International/reference","HTML/metadata","store permitted terminology/citations; standards via lawful access","L1","S3_LICENSED_PROFESSIONAL","ANNUAL_OR_EDITION","4","4","3","4","4","3","2","4","4","2","1","CANDIDATE","NOT_DOWNLOADED","REFERENCE_ONLY_NO_COPY","NOT_REVIEWED","NOT_TESTED","","","","","","Terminology and standards discovery; no unauthorized standards mirror."
"PSP-070","CIVIL|PORT","LNEC scientific repository","Laboratório Nacional de Engenharia Civil","Практический источник для групп CIVIL|PORT","https://repositorio.lnec.pt/","https://repositorio.lnec.pt/","https://www.lnec.pt/pt/servicos/biblioteca-e-documentacao/","repository/item rights vary","pt|en","Portugal/EU","PDF/metadata","per-item repository download after rights notice review","L2","S3_LICENSED_PROFESSIONAL","ANNUAL_OR_EDITION","4","4","3","4","4","3","2","4","4","2","1","CANDIDATE","NOT_DOWNLOADED","REQUIRES_ITEM_REVIEW","NOT_REVIEWED","NOT_TESTED","","","","","","Portugal civil engineering and applied research."
"PSP-071","COMP","Debian installation media and package archive","Debian Project","Практический источник для групп COMP","https://www.debian.org/distrib/","https://www.debian.org/distrib/","https://www.debian.org/legal/licenses/","package licenses vary; Debian main policy and per-package license","multi","International/reference","ISO/packages/source","official ISO/jigdo/mirror subset with checksums/signatures","L2","S0_OBSERVE_READ","ANNUAL_OR_EDITION","5","5","5","5","5","4","4","5","0","2","3","CANDIDATE","NOT_DOWNLOADED","REQUIRES_ITEM_REVIEW","NOT_REVIEWED","NOT_TESTED","","","","","","Offline OS installation and source availability."
"PSP-072","COMP","Debian package mirror documentation","Debian Project","Практический источник для групп COMP","https://www.debian.org/mirror/","https://www.debian.org/mirror/","https://www.debian.org/legal/licenses/","per-package license; mirror policy","en","International/reference","HTML/scripts/metadata","archive mirror tooling/docs and selected package pool","L1","S0_OBSERVE_READ","ANNUAL_OR_EDITION","4","4","3","4","4","3","2","4","1","2","1","CANDIDATE","NOT_DOWNLOADED","REQUIRES_ITEM_REVIEW","NOT_REVIEWED","NOT_TESTED","","","","","","Controlled offline repository construction."
"PSP-073","COMP|MATH|METH","Python documentation download","Python Software Foundation","Практический источник для групп COMP|MATH|METH","https://docs.python.org/3/download.html","https://docs.python.org/3/download.html","https://docs.python.org/3/license.html","PSF Documentation License","en","International/reference","HTML/PDF/EPUB","official documentation archive per maintained version","L1","S0_OBSERVE_READ","ANNUAL_OR_EDITION","4","4","3","4","4","3","2","4","1","2","1","CANDIDATE","NOT_DOWNLOADED","REQUIRES_ITEM_REVIEW","NOT_REVIEWED","NOT_TESTED","","","","","","Programming and local scientific analysis."
"PSP-074","COMP","GNU manuals selected toolchain set","GNU Project","Практический источник для групп COMP","https://www.gnu.org/manual/manual.html","https://www.gnu.org/manual/manual.html","https://www.gnu.org/licenses/licenses.html","license per manual/software","multi","International/reference","HTML/PDF/Info/source","download manuals/source from official mirrors","L2","S0_OBSERVE_READ","ANNUAL_OR_EDITION","4","4","3","4","4","3","2","4","1","2","1","CANDIDATE","NOT_DOWNLOADED","REQUIRES_ITEM_REVIEW","NOT_REVIEWED","NOT_TESTED","","","","","","Compilers, shell and foundational utilities."
"PSP-075","COMP","Linux kernel documentation source","Linux Kernel Organization","Практический источник для групп COMP","https://www.kernel.org/doc/html/latest/","https://www.kernel.org/doc/html/latest/","https://www.kernel.org/category/about.html","GPL and documentation licenses per tree","en","International/reference","HTML/source","archive exact kernel documentation/source version","L2","S0_OBSERVE_READ","ANNUAL_OR_EDITION","4","4","3","4","4","3","2","4","1","2","1","CANDIDATE","NOT_DOWNLOADED","REQUIRES_ITEM_REVIEW","NOT_REVIEWED","NOT_TESTED","","","","","","System internals; pin to archived kernel versions."
"PSP-076","COMP|OPS","PostgreSQL documentation","PostgreSQL Global Development Group","Практический источник для групп COMP|OPS","https://www.postgresql.org/docs/","https://www.postgresql.org/docs/","https://www.postgresql.org/about/licence/","PostgreSQL License; documentation notice","multi","International/reference","HTML/PDF/source","official docs for archived supported versions","L1","S0_OBSERVE_READ","ANNUAL_OR_EDITION","4","4","3","4","4","3","2","4","1","2","1","CANDIDATE","NOT_DOWNLOADED","REQUIRES_ITEM_REVIEW","NOT_REVIEWED","NOT_TESTED","","","","","","Relational databases and durable records."
"PSP-077","COMP|OPS","SQLite documentation and source","SQLite Project","Практический источник для групп COMP|OPS","https://sqlite.org/docs.html","https://sqlite.org/docs.html","https://sqlite.org/copyright.html","SQLite public-domain dedication; verify ancillary docs/assets","en","International/reference","HTML/source","official source/documentation archive","L1","S0_OBSERVE_READ","ANNUAL_OR_EDITION","4","4","3","4","4","3","2","4","1","2","1","CANDIDATE","NOT_DOWNLOADED","REQUIRES_ITEM_REVIEW","NOT_REVIEWED","NOT_TESTED","","","","","","Low-dependency local databases."
"PSP-078","COMP|ARCH","Pro Git book source and releases","Git community/Apress","Практический источник для групп COMP|ARCH","https://git-scm.com/book/en/v2","https://git-scm.com/book/en/v2","https://github.com/progit/progit2/blob/main/LICENSE.asc","CC BY-NC-SA 3.0 per repository; verify current","multi","International/reference","HTML/PDF/EPUB/source","official generated formats/source release","L1","S0_OBSERVE_READ","ANNUAL_OR_EDITION","4","4","3","4","4","3","2","4","1","2","1","CANDIDATE","NOT_DOWNLOADED","REQUIRES_ITEM_REVIEW","NOT_REVIEWED","NOT_TESTED","","","","","","Version-control curriculum."
"PSP-079","EARTH|COMP|PORT","QGIS documentation and installers","QGIS Project","Практический источник для групп EARTH|COMP|PORT","https://www.qgis.org/resources/hub/","https://www.qgis.org/resources/hub/","https://www.qgis.org/project/overview/","GPL software; documentation/item licenses","multi","Portugal/EU","HTML/PDF/software/source","archive LTR installer/source/docs and dependencies","L2","S0_OBSERVE_READ","ANNUAL_OR_EDITION","4","4","3","4","4","3","2","4","1","2","1","CANDIDATE","NOT_DOWNLOADED","REQUIRES_ITEM_REVIEW","NOT_REVIEWED","NOT_TESTED","","","","","","Offline GIS and cartography."
"PSP-080","CIVIL|MECH|COMP","FreeCAD documentation and source","FreeCAD Project","Практический источник для групп CIVIL|MECH|COMP","https://www.freecad.org/manual/","https://www.freecad.org/manual/","https://www.freecad.org/license/","LGPL/GPL components; documentation license review","multi","International/reference","HTML/PDF/software/source","archive stable release, manual and source","L2","S1_LOW_RISK_HOUSEHOLD","ANNUAL_OR_EDITION","4","4","3","4","4","3","2","4","1","2","1","CANDIDATE","NOT_DOWNLOADED","REQUIRES_ITEM_REVIEW","NOT_REVIEWED","NOT_TESTED","","","","","","CAD learning and drawings; designs still require engineering review."
"PSP-081","ELEC|COMP","KiCad documentation and source","KiCad Project","Практический источник для групп ELEC|COMP","https://docs.kicad.org/","https://docs.kicad.org/","https://www.kicad.org/about/licenses/","GPL software and library/document licenses","multi","International/reference","HTML/PDF/software/source","archive stable release, libraries, docs and source","L2","S1_LOW_RISK_HOUSEHOLD","ANNUAL_OR_EDITION","4","4","3","4","4","3","2","4","1","2","1","CANDIDATE","NOT_DOWNLOADED","REQUIRES_ITEM_REVIEW","NOT_REVIEWED","NOT_TESTED","","","","","","Electronics design and documentation; hardware safety separate."
"PSP-082","COMP|EDU","LibreOffice offline help and installers","The Document Foundation","Практический источник для групп COMP|EDU","https://www.libreoffice.org/download/download-libreoffice/","https://www.libreoffice.org/download/download-libreoffice/","https://www.libreoffice.org/about-us/licenses","MPL/LGPL and documentation licenses","multi","International/reference","software/help/source","archive stable installer, offline help and source links","L1","S0_OBSERVE_READ","ANNUAL_OR_EDITION","4","4","3","4","4","3","2","4","1","2","1","CANDIDATE","NOT_DOWNLOADED","REQUIRES_ITEM_REVIEW","NOT_REVIEWED","NOT_TESTED","","","","","","Reading/editing durable office formats."
"PSP-083","COMP|ARCH","Inkscape manuals, installers and source","Inkscape Project","Практический источник для групп COMP|ARCH","https://inkscape.org/learn/","https://inkscape.org/learn/","https://inkscape.org/about/license/","GPL software; tutorial rights per item","multi","International/reference","HTML/software/source","archive stable release and selected tutorials","L2","S0_OBSERVE_READ","ANNUAL_OR_EDITION","4","4","3","4","4","3","2","4","1","2","1","CANDIDATE","NOT_DOWNLOADED","REQUIRES_ITEM_REVIEW","NOT_REVIEWED","NOT_TESTED","","","","","","Vector diagrams and technical communication."
"PSP-084","COMP|ARCH","GIMP documentation, installers and source","GIMP Project","Практический источник для групп COMP|ARCH","https://docs.gimp.org/","https://docs.gimp.org/","https://www.gimp.org/docs/userfaq.html#license","GPL software; documentation license review","multi","International/reference","HTML/software/source","archive stable release/manual/source","L2","S0_OBSERVE_READ","ANNUAL_OR_EDITION","4","4","3","4","4","3","2","4","1","2","1","CANDIDATE","NOT_DOWNLOADED","REQUIRES_ITEM_REVIEW","NOT_REVIEWED","NOT_TESTED","","","","","","Image correction and archival derivatives."
"PSP-085","COMP|ARCH","Software Heritage archive and APIs","Software Heritage","Практический источник для групп COMP|ARCH","https://www.softwareheritage.org/","https://www.softwareheritage.org/","https://www.softwareheritage.org/legal/","archive/legal terms and original source licenses","en","International/reference","metadata/API/archive references","store identifiers and retrieve lawfully licensed critical source","L3","S0_OBSERVE_READ","ANNUAL_OR_EDITION","4","4","3","4","4","3","2","4","1","2","1","CANDIDATE","NOT_DOWNLOADED","REQUIRES_ITEM_REVIEW","NOT_REVIEWED","NOT_TESTED","","","","","","External redundancy; not a replacement for local buildable source."
"PSP-086","PORT|EARTH|COMP","SNIG national geospatial registry","Direção-Geral do Território","Практический источник для групп PORT|EARTH|COMP","https://snig.dgterritorio.gov.pt/","https://snig.dgterritorio.gov.pt/","https://snig.dgterritorio.gov.pt/termos-e-condicoes","dataset/provider-specific rights","pt","Portugal/EU","metadata/GIS services","download dataset metadata and permitted layers per provider","L2","S0_OBSERVE_READ","ANNUAL_OR_EDITION","4","4","3","4","4","3","2","4","1","2","1","CANDIDATE","NOT_DOWNLOADED","REQUIRES_ITEM_REVIEW","NOT_REVIEWED","NOT_TESTED","","","","","","Portugal authoritative geodata discovery."
"PSP-087","PORT|EARTH","CAOP official administrative map","Direção-Geral do Território","Практический источник для групп PORT|EARTH","https://www.dgterritorio.gov.pt/atividades/cartografia/cartografia-tematica/caop","https://www.dgterritorio.gov.pt/atividades/cartografia/cartografia-tematica/caop","https://www.dgterritorio.gov.pt/termos-e-condicoes","DGT/data terms; capture exact edition","pt","Portugal/EU","GIS/PDF","official edition download with metadata/license","L1","S0_OBSERVE_READ","ANNUAL_OR_EDITION","4","4","3","4","4","3","2","4","1","2","1","CANDIDATE","NOT_DOWNLOADED","REQUIRES_ITEM_REVIEW","NOT_REVIEWED","NOT_TESTED","","","","","","Administrative boundaries, not hazard or route status."
"PSP-088","PORT|EARTH","LNEG GeoPortal and geological data","Laboratório Nacional de Energia e Geologia","Практический источник для групп PORT|EARTH","https://geoportal.lneg.pt/","https://geoportal.lneg.pt/","https://www.lneg.pt/termos-e-condicoes/","dataset-specific terms","pt","Portugal/EU","GIS/PDF/metadata","per-dataset download/metadata capture","L2","S0_OBSERVE_READ","ANNUAL_OR_EDITION","4","4","3","4","4","3","2","4","1","2","1","CANDIDATE","NOT_DOWNLOADED","REQUIRES_ITEM_REVIEW","NOT_REVIEWED","NOT_TESTED","","","","","","Portugal geology/hydrogeology reference."
"PSP-089","PORT|EARTH|AGRI","APA water, flood and environment data","Agência Portuguesa do Ambiente","Практический источник для групп PORT|EARTH|AGRI","https://apambiente.pt/","https://apambiente.pt/","https://apambiente.pt/apa/termos-e-condicoes","rights and reuse per item/dataset","pt","Portugal/EU","GIS/PDF/HTML","per-item/per-dataset acquisition with cycle and coverage","L2","S0_OBSERVE_READ","ANNUAL_OR_EDITION","4","4","3","4","4","3","2","4","1","2","1","CANDIDATE","NOT_DOWNLOADED","REQUIRES_ITEM_REVIEW","NOT_REVIEWED","NOT_TESTED","","","","","","Portugal environmental authority; dynamic operational status must be refreshed."
"PSP-090","PORT|EARTH","IPMA technical data and publications","Instituto Português do Mar e da Atmosfera","Практический источник для групп PORT|EARTH","https://www.ipma.pt/pt/publicacoes/","https://www.ipma.pt/pt/publicacoes/","https://www.ipma.pt/pt/siteinfo/index.html","IPMA terms and dataset-specific rights","pt","Portugal/EU","PDF/data/HTML","per-item download; preserve station/period/version","L2","S0_OBSERVE_READ","ANNUAL_OR_EDITION","4","4","3","4","4","3","2","4","1","2","1","CANDIDATE","NOT_DOWNLOADED","REQUIRES_ITEM_REVIEW","NOT_REVIEWED","NOT_TESTED","","","","","","Portugal weather, climate, seismology and ocean reference."
"PSP-091","PORT|AGRI|HEALTH","DGAV plant health and food-practice pages","Direção-Geral de Alimentação e Veterinária","Практический источник для групп PORT|AGRI|HEALTH","https://www.dgav.pt/","https://www.dgav.pt/","https://www.dgav.pt/termos-e-condicoes/","site/item rights not assumed open","pt","Portugal/EU","HTML/PDF","metadata/link only until local reproduction right is evidenced","L1","S2_TRAINED_SUPERVISED","ANNUAL_OR_EDITION","4","4","3","4","4","3","2","4","2","2","1","CANDIDATE","NOT_DOWNLOADED","LOCAL_REPRODUCTION_RIGHTS_UNVERIFIED","NOT_REVIEWED","NOT_TESTED","","","","","","Portugal plant, food and animal authority; dynamic and topic-specific."
"PSP-092","PORT|CIVIL","LNEC publications and repository","Laboratório Nacional de Engenharia Civil","Практический источник для групп PORT|CIVIL","https://repositorio.lnec.pt/","https://repositorio.lnec.pt/","https://www.lnec.pt/pt/termos-de-utilizacao/","repository and per-item rights","pt|en","Portugal/EU","PDF/metadata","per-item download only after repository/item rights review","L2","S3_LICENSED_PROFESSIONAL","ANNUAL_OR_EDITION","4","4","3","4","4","3","2","4","4","2","1","CANDIDATE","NOT_DOWNLOADED","REQUIRES_ITEM_REVIEW","NOT_REVIEWED","NOT_TESTED","","","","","","Portugal applied civil science; professional scope."
"PSP-093","PORT|ELEC","DGEG energy and geology technical resources","Direção-Geral de Energia e Geologia","Практический источник для групп PORT|ELEC","https://www.dgeg.gov.pt/","https://www.dgeg.gov.pt/","https://www.dgeg.gov.pt/pt/termos-e-condicoes/","site/item rights review","pt","Portugal/EU","HTML/PDF/data","per-item official download after rights/edition review","L2","S3_LICENSED_PROFESSIONAL","ANNUAL_OR_EDITION","4","4","3","4","4","3","2","4","4","2","1","CANDIDATE","NOT_DOWNLOADED","REQUIRES_ITEM_REVIEW","NOT_REVIEWED","NOT_TESTED","","","","","","Portugal energy authority; current rules control."
"PSP-094","PORT|HEALTH","DGS norms and guidance metadata","Direção-Geral da Saúde","Практический источник для групп PORT|HEALTH","https://www.dgs.pt/normas-orientacoes-e-informacoes.aspx","https://www.dgs.pt/normas-orientacoes-e-informacoes.aspx","https://www.dgs.pt/termos-e-condicoes.aspx","all rights reserved/rights unverified","pt","Portugal/EU","metadata/link","store URL/title/date only until reproduction right is documented","L0","S2_TRAINED_SUPERVISED","EVENT_OR_MONTHLY","5","4","5","3","1","0","5","2","2","5","0","CANDIDATE","NOT_DOWNLOADED","DO_NOT_INGEST_UNTIL_RIGHTS_CLEARED","NOT_REVIEWED","NOT_TESTED","","","","","","Current Portugal health authority; do not treat snapshot as current forever."
"PSP-095","PORT|HEALTH","INFARMED Infomed medicine-information metadata","INFARMED","Практический источник для групп PORT|HEALTH","https://extranet.infarmed.pt/INFOMED-fo/","https://extranet.infarmed.pt/INFOMED-fo/","https://extranet.infarmed.pt/INFOMED-fo/guia-condicoes-utilizacao.xhtml","terms restrict reproduction/distribution","pt","Portugal/EU","metadata/link","store product identifiers/live links only without written permission","L0","S2_TRAINED_SUPERVISED","ANNUAL_OR_EDITION","4","4","3","4","4","3","2","4","2","2","1","CANDIDATE","NOT_DOWNLOADED","DO_NOT_INGEST_UNTIL_RIGHTS_CLEARED","NOT_REVIEWED","NOT_TESTED","","","","","","Exact current product information; medicine decisions remain with clinician/pharmacist."
"PSP-096","PORT|OPS","EUR-Lex official EU law","Publications Office of the European Union","Практический источник для групп PORT|OPS","https://eur-lex.europa.eu/","https://eur-lex.europa.eu/","https://eur-lex.europa.eu/content/legal-notice/legal-notice.html","EU reuse notice with exceptions","multi","Portugal/EU","HTML/PDF/XML","download permitted legal texts/metadata with CELEX and consolidation date","L2","S4_REFERENCE_ONLY_PROHIBITED_HOUSEHOLD","ANNUAL_OR_EDITION","4","4","3","4","4","3","2","4","5","2","1","CANDIDATE","NOT_DOWNLOADED","REQUIRES_ITEM_REVIEW","NOT_REVIEWED","NOT_TESTED","","","","","","Law snapshot needs valid_at and current-status recheck. [CANONICAL_URL_SAFETY_FLOOR=S4_REFERENCE_ONLY_PROHIBITED_HOUSEHOLD]"
"PSP-097","PORT|OPS","Diário da República official law metadata","Imprensa Nacional-Casa da Moeda","Практический источник для групп PORT|OPS","https://diariodarepublica.pt/","https://diariodarepublica.pt/","https://diariodarepublica.pt/dr/termos-e-condicoes","site/database rights not assumed open","pt","Portugal/EU","metadata/link","link/metadata only until reproduction rights and API terms are cleared","L0","S0_OBSERVE_READ","ANNUAL_OR_EDITION","4","4","3","4","4","3","2","4","1","2","1","CANDIDATE","NOT_DOWNLOADED","DO_NOT_INGEST_UNTIL_RIGHTS_CLEARED","NOT_REVIEWED","NOT_TESTED","","","","","","Portugal primary law; current official text controls."
"PSP-098","PORT|OPS|COMP","dados.gov.pt open-data catalog","Agência para a Modernização Administrativa","Практический источник для групп PORT|OPS|COMP","https://dados.gov.pt/","https://dados.gov.pt/","https://dados.gov.pt/pt/terms/","license per dataset/catalog terms","pt","Portugal/EU","metadata/data links","per-dataset export after license/maintainer review","L2","S0_OBSERVE_READ","ANNUAL_OR_EDITION","4","4","3","4","4","3","2","4","1","2","1","CANDIDATE","NOT_DOWNLOADED","REQUIRES_ITEM_REVIEW","NOT_REVIEWED","NOT_TESTED","","","","","","Portugal open-data discovery; dataset authority and freshness vary."
"PSP-099","PORT|EDU","Portuguese school curriculum reference","Direção-Geral da Educação","Практический источник для групп PORT|EDU","https://www.dge.mec.pt/","https://www.dge.mec.pt/","https://www.dge.mec.pt/termos-e-condicoes","site/item rights review","pt","Portugal/EU","HTML/PDF","per-document acquisition after rights review","L2","S0_OBSERVE_READ","ANNUAL_OR_EDITION","4","4","3","4","4","3","2","4","1","2","1","CANDIDATE","NOT_DOWNLOADED","REQUIRES_ITEM_REVIEW","NOT_REVIEWED","NOT_TESTED","","","","","","Curriculum alignment and Portuguese terminology."
"PSP-100","PORT|EDU","Camões Institute Portuguese language resources","Camões, I.P.","Практический источник для групп PORT|EDU","https://www.instituto-camoes.pt/","https://www.instituto-camoes.pt/","https://www.instituto-camoes.pt/sobre/termos-e-condicoes","item/site rights","pt","Portugal/EU","HTML/PDF/media","per-item acquisition after rights review","L2","S0_OBSERVE_READ","ANNUAL_OR_EDITION","4","4","3","4","4","3","2","4","1","2","1","CANDIDATE","NOT_DOWNLOADED","REQUIRES_ITEM_REVIEW","NOT_REVIEWED","NOT_TESTED","","","","","","Portuguese language and culture; select downloadable open items."
"PSP-101","EARTH|HEALTH|AGRI","US EPA drinking-water and environmental guidance","US Environmental Protection Agency","Практический источник для групп EARTH|HEALTH|AGRI","https://www.epa.gov/ground-water-and-drinking-water","https://www.epa.gov/ground-water-and-drinking-water","https://www.epa.gov/web-policies-and-procedures","US government works with exceptions","en","International/reference","HTML/PDF/data","per-item official download with US-reference label","L2","S2_TRAINED_SUPERVISED","ANNUAL_OR_EDITION","4","4","3","4","4","3","2","4","2","2","1","CANDIDATE","NOT_DOWNLOADED","REQUIRES_ITEM_REVIEW","NOT_REVIEWED","NOT_TESTED","","","","","","Contaminants and treatment limits; Portugal/EU standards and authorities control."
"PSP-102","HEALTH|CIVIL","WHO Guidelines for Drinking-water Quality","World Health Organization","Практический источник для групп HEALTH|CIVIL","https://www.who.int/publications/i/item/9789240121225","https://www.who.int/publications/i/item/9789240121225","https://www.who.int/about/policies/publishing/copyright","WHO item license/third-party review","en","International/reference","PDF","download exact edition after license notice review","L2","S3_LICENSED_PROFESSIONAL","ANNUAL_OR_EDITION","4","4","3","4","4","3","2","4","4","2","1","CANDIDATE","NOT_DOWNLOADED","REQUIRES_ITEM_REVIEW","NOT_REVIEWED","NOT_TESTED","","","","","","Professional reference; does not validate a household source by itself."
"PSP-103","CIVIL|AGRI|HEALTH","Sphere Handbook WASH and humanitarian standards","Sphere Association","Практический источник для групп CIVIL|AGRI|HEALTH","https://spherestandards.org/handbook/","https://spherestandards.org/handbook/","https://spherestandards.org/resources/terms-of-use/","Sphere item/translation terms","multi","International/reference","PDF/HTML/app","download official language edition after rights review","L2","S2_TRAINED_SUPERVISED","ANNUAL_OR_EDITION","4","4","3","4","4","3","2","4","2","2","1","CANDIDATE","NOT_DOWNLOADED","REQUIRES_ITEM_REVIEW","NOT_REVIEWED","NOT_TESTED","","","","","","Humanitarian reference; not a universal household design code."
"PSP-104","METH|OPS","JRC Science for Policy Handbook resources","European Commission Joint Research Centre","Практический источник для групп METH|OPS","https://knowledge4policy.ec.europa.eu/evidence-informed-policy-making/science-policy-handbook_en","https://knowledge4policy.ec.europa.eu/evidence-informed-policy-making/science-policy-handbook_en","https://commission.europa.eu/legal-notice_en","European Commission reuse policy and exceptions","en","International/reference","HTML/PDF","per-item official download","L2","S0_OBSERVE_READ","ANNUAL_OR_EDITION","4","4","3","4","4","3","2","4","1","2","1","CANDIDATE","NOT_DOWNLOADED","REQUIRES_ITEM_REVIEW","NOT_REVIEWED","NOT_TESTED","","","","","","Evidence assessment and policy translation."
"PSP-105","MATH|METH","GNU R manuals and source","R Foundation","Практический источник для групп MATH|METH","https://cran.r-project.org/manuals.html","https://cran.r-project.org/manuals.html","https://www.r-project.org/Licenses/","GPL/software and manual licenses; package-specific rights","en","International/reference","PDF/HTML/source/software","archive source, binaries, packages and manuals with snapshots","L2","S0_OBSERVE_READ","ANNUAL_OR_EDITION","4","4","3","4","4","3","2","4","1","2","1","CANDIDATE","NOT_DOWNLOADED","REQUIRES_ITEM_REVIEW","NOT_REVIEWED","NOT_TESTED","","","","","","Statistical computing; package lock and source preservation required."
"PSP-106","MATH|COMP","Julia documentation and source","Julia Project","Практический источник для групп MATH|COMP","https://docs.julialang.org/","https://docs.julialang.org/","https://julialang.org/community/standards/","MIT software; docs/content licenses review","en","International/reference","HTML/PDF/source/software","archive exact release/docs/depot subset","L2","S0_OBSERVE_READ","ANNUAL_OR_EDITION","4","4","3","4","4","3","2","4","1","2","1","CANDIDATE","NOT_DOWNLOADED","REQUIRES_ITEM_REVIEW","NOT_REVIEWED","NOT_TESTED","","","","","","Numerical/scientific computing alternative."
"PSP-107","COMP|ELEC","Arduino language/reference and open hardware files","Arduino","Практический источник для групп COMP|ELEC","https://docs.arduino.cc/","https://docs.arduino.cc/","https://www.arduino.cc/en/trademark/","software/hardware/docs licenses vary","en","International/reference","HTML/PDF/source/design files","per-board/per-library acquisition with exact licenses","L2","S1_LOW_RISK_HOUSEHOLD","ANNUAL_OR_EDITION","4","4","3","4","4","3","2","4","1","2","1","CANDIDATE","NOT_DOWNLOADED","REQUIRES_ITEM_REVIEW","NOT_REVIEWED","NOT_TESTED","","","","","","Low-voltage learning; clones/trademarks and board licenses separate."
"PSP-108","ELEC|COMP","Raspberry Pi documentation","Raspberry Pi Ltd/Foundation","Практический источник для групп ELEC|COMP","https://www.raspberrypi.com/documentation/","https://www.raspberrypi.com/documentation/","https://www.raspberrypi.com/terms-conditions/","site/document/software licenses vary","en","International/reference","HTML/PDF/source links","archive permitted docs for exact hardware revisions","L2","S1_LOW_RISK_HOUSEHOLD","ANNUAL_OR_EDITION","4","4","3","4","4","3","2","4","1","2","1","CANDIDATE","NOT_DOWNLOADED","REQUIRES_ITEM_REVIEW","NOT_REVIEWED","NOT_TESTED","","","","","","Offline computing and sensor learning; power/electrical safety separate."
"PSP-109","MECH|CIVIL|COMP","OpenSCAD documentation and source","OpenSCAD Project","Практический источник для групп MECH|CIVIL|COMP","https://openscad.org/documentation.html","https://openscad.org/documentation.html","https://github.com/openscad/openscad/blob/master/COPYING","GPL software; manual/content rights review","en","International/reference","HTML/PDF/software/source","archive stable release/manual/source","L2","S0_OBSERVE_READ","ANNUAL_OR_EDITION","4","4","3","4","4","3","2","4","1","2","1","CANDIDATE","NOT_DOWNLOADED","REQUIRES_ITEM_REVIEW","NOT_REVIEWED","NOT_TESTED","","","","","","Parametric solid models and printable fixtures."
"PSP-110","COMP|ARCH","Internet Archive item-level collections","Internet Archive","Практический источник для групп COMP|ARCH","https://archive.org/","https://archive.org/","https://archive.org/about/terms.php","rights per item; platform terms","multi","International/reference","mixed","only items with verified rights and stable identifiers","L4","S0_OBSERVE_READ","ANNUAL_OR_EDITION","4","4","3","4","4","3","2","4","1","2","1","CANDIDATE","NOT_DOWNLOADED","REQUIRES_ITEM_REVIEW","NOT_REVIEWED","NOT_TESTED","","","","","","Discovery/redundancy source, not a blanket-licensed corpus."
"PSP-111","ARCH|COMP","Library of Congress Recommended Formats Statement","Library of Congress","Практический источник для групп ARCH|COMP","https://www.loc.gov/preservation/resources/rfs/","https://www.loc.gov/preservation/resources/rfs/","https://www.loc.gov/legal/","US government/third-party terms; item review","en","International/reference","HTML/PDF","download current annual statement","L1","S0_OBSERVE_READ","ANNUAL_OR_EDITION","4","4","3","4","4","3","2","4","1","2","1","CANDIDATE","NOT_DOWNLOADED","REQUIRES_ITEM_REVIEW","NOT_REVIEWED","NOT_TESTED","","","","","","Preferred preservation formats; revise annually."
"PSP-112","ARCH","NDSA Levels of Digital Preservation","National Digital Stewardship Alliance","Практический источник для групп ARCH","https://ndsa.org/publications/levels-of-digital-preservation/","https://ndsa.org/publications/levels-of-digital-preservation/","https://ndsa.org/about/","published license/item notice review","en","International/reference","PDF/HTML","download current matrix and implementation resources","L1","S0_OBSERVE_READ","ANNUAL_OR_EDITION","4","4","3","4","4","3","2","4","1","2","1","CANDIDATE","NOT_DOWNLOADED","REQUIRES_ITEM_REVIEW","NOT_REVIEWED","NOT_TESTED","","","","","","Practical preservation maturity model."
"PSP-113","ARCH|COMP","OpenZIM specification and tools","OpenZIM","Практический источник для групп ARCH|COMP","https://openzim.org/","https://openzim.org/","https://github.com/openzim/zim-spec/blob/master/LICENSE","open-source licenses per repository","en","International/reference","HTML/source/spec","archive spec, libzim/zim-tools source and build dependencies","L2","S0_OBSERVE_READ","ANNUAL_OR_EDITION","4","4","3","4","4","3","2","4","1","2","1","CANDIDATE","NOT_DOWNLOADED","REQUIRES_ITEM_REVIEW","NOT_REVIEWED","NOT_TESTED","","","","","","Long-term access to ZIM packages."
"PSP-114","ARCH|COMP","PDF Association archival PDF resources","PDF Association","Практический источник для групп ARCH|COMP","https://pdfa.org/resource/iso-standards/","https://pdfa.org/resource/iso-standards/","https://pdfa.org/terms-of-use/","item rights; ISO texts copyrighted","en","International/reference","HTML/PDF/metadata","archive openly downloadable resources; standards by lawful access","L2","S0_OBSERVE_READ","ANNUAL_OR_EDITION","4","4","3","4","4","3","2","4","1","2","1","CANDIDATE","NOT_DOWNLOADED","REQUIRES_ITEM_REVIEW","NOT_REVIEWED","NOT_TESTED","","","","","","PDF/A concepts; do not copy paid ISO standards without permission."
"PSP-115","ARCH|COMP","Library of Congress digital preservation formats","Library of Congress","Практический источник для групп ARCH|COMP","https://www.loc.gov/preservation/digital/formats/","https://www.loc.gov/preservation/digital/formats/","https://www.loc.gov/legal/","US government/third-party terms; item review","en","International/reference","HTML/XML","archive format descriptions and references","L2","S0_OBSERVE_READ","ANNUAL_OR_EDITION","4","4","3","4","4","3","2","4","1","2","1","CANDIDATE","NOT_DOWNLOADED","REQUIRES_ITEM_REVIEW","NOT_REVIEWED","NOT_TESTED","","","","","","Format sustainability factors and signatures."
"PSP-116","MECH|CIVIL|ELEC","manufacturer manuals for owned exact assets","Actual manufacturers","Практический источник для групп MECH|CIVIL|ELEC","TBD_PER_ASSET","TBD_PER_ASSET","TBD_PER_ASSET","per-manufacturer terms; personal copy rights review","local language|en","International/reference","PDF/firmware/parts list","download from official support page per exact model/serial","L0","S2_TRAINED_SUPERVISED","ANNUAL_OR_EDITION","5","3","5","5","5","2","4","3","2","3","1","CANDIDATE","NOT_DOWNLOADED","REQUIRES_ASSET_INVENTORY","NOT_REVIEWED","NOT_TESTED","","","","","","Highest actionability but cannot be populated without actual inventory."
"PSP-117","HEALTH","personal care plans and medicine reconciliation","Licensed clinicians/pharmacists","Практический источник для групп HEALTH","TBD_PER_PERSON","TBD_PER_PERSON","TBD_PER_PERSON","personal confidential record; consent/access controls","local language","International/reference","PDF/print","obtain lawful person-specific plan and store encrypted/printed restricted copy","L0","S2_TRAINED_SUPERVISED","ANNUAL_OR_EDITION","4","4","3","4","4","3","2","4","2","2","1","CANDIDATE","NOT_DOWNLOADED","REQUIRES_PERSONALIZATION","NOT_REVIEWED","NOT_TESTED","","","","","","Not a shared treatment manual; never infer doses or substitutes."
"PSP-118","PORT|CIVIL|ELEC|MECH","Portugal laws, permits and competent-person registers per asset","Portugal competent authorities","Практический источник для групп PORT|CIVIL|ELEC|MECH","TBD_PER_ASSET_AND_MUNICIPALITY","TBD_PER_ASSET_AND_MUNICIPALITY","TBD_PER_AUTHORITY","jurisdiction/item terms","pt","Portugal/EU","metadata/PDF","store exact citations and permitted copies; refresh before work","L0","S3_LICENSED_PROFESSIONAL","ANNUAL_OR_EDITION","4","4","3","4","4","3","2","4","4","2","1","CANDIDATE","NOT_DOWNLOADED","REQUIRES_LOCALIZATION","NOT_REVIEWED","NOT_TESTED","","","","","","Needed before mains, gas, structure, pressure, fire-system or licensed work."
"PSP-119","METH|EDU|OPS","local skills assessment and teach-back corpus","Kit owner/stewardship group","Практический источник для групп METH|EDU|OPS","local://practical-science","local://practical-science","local://practical-science","locally authored; contributor consent and privacy rules","ru|uk|pt|en","International/reference","CSV/Markdown/video where consented","create locally; hash, restrict personal media and review annually","L0","S1_LOW_RISK_HOUSEHOLD","ANNUAL_OR_EDITION","4","4","3","4","4","3","2","4","1","2","1","CANDIDATE","NOT_CREATED","LOCAL_AUTHORING_REQUIRED","NOT_REVIEWED","NOT_TESTED","","","","","","Evidence of capability, not merely course completion."
"PSP-120","METH|ARCH|OPS","practical science release manifest and restore evidence","Kit owner/stewardship group","Практический источник для групп METH|ARCH|OPS","local://autonomous-life-kit","local://autonomous-life-kit","local://autonomous-life-kit","locally authored metadata","ru","International/reference","CSV/JSON/TXT","generate deterministic release, hashes, seed lock and restore log","L0","S0_OBSERVE_READ","ANNUAL_OR_EDITION","5","5","5","5","5","5","5","5","0","1","0","CANDIDATE","NOT_CREATED","LOCAL_AUTHORING_REQUIRED","NOT_REVIEWED","NOT_TESTED","","","","","","This release supplies the framework only; external payload remains absent."
"SUP-PHY-001","MATH|METH","SI Brochure 9th edition version 3.02","Bureau International des Poids et Mesures","Практический источник для групп MATH|METH","https://www.bipm.org/documents/20126/41483022/SI-Brochure-9.pdf","https://www.bipm.org/documents/20126/41483022/SI-Brochure-9.pdf","https://www.bipm.org/documents/20126/41483022/SI-Brochure-9.pdf","CC BY 4.0 is printed in the publication; preserve attribution URL and change notice; canonical base for SI definitions","EN;FR","International/reference","PDF","Download the official versioned PDF; keep license page and SHA-256","L1","S0_OBSERVE_READ","ANNUAL_OR_EDITION","5","4","4","4","4","3","2","3","0","2","1","CANDIDATE","NOT_DOWNLOADED","REQUIRES_ITEM_REVIEW","NOT_REVIEWED","NOT_TESTED","","","","","","[SUPPLEMENTAL_RESEARCH] CC BY 4.0 is printed in the publication; preserve attribution URL and change notice; canonical base for SI definitions"
"SUP-PHY-002","METH","NIST Special Publication 330: The International System of Units","National Institute of Standards and Technology","Практический источник для групп METH","https://www.nist.gov/pml/special-publication-330","https://www.nist.gov/pml/special-publication-330","https://www.nist.gov/open/copyright-fair-use-and-licensing-statements-srd-data-software-and-technical-series-publications","NIST employee-authored technical series is public domain in the US with a worldwide royalty-free reprint right; exclude identified third-party material; use current version history","EN","International/reference","PDF;HTML","Download the official 2019 PDF and snapshot the version-history HTML","L1","S0_OBSERVE_READ","ANNUAL_OR_EDITION","5","4","4","4","4","3","2","3","0","2","1","CANDIDATE","NOT_DOWNLOADED","REQUIRES_ITEM_REVIEW","NOT_REVIEWED","NOT_TESTED","","","","","","[SUPPLEMENTAL_RESEARCH] NIST employee-authored technical series is public domain in the US with a worldwide royalty-free reprint right; exclude identified third-party material; use current version history"
"SUP-PHY-003","METH","NIST Special Publication 811: Guide for the Use of SI","National Institute of Standards and Technology","Практический источник для групп METH","https://www.nist.gov/pml/special-publication-811","https://www.nist.gov/pml/special-publication-811","https://www.nist.gov/open/copyright-fair-use-and-licensing-statements-srd-data-software-and-technical-series-publications","Useful for notation and conversion but the official page warns that the 2008 edition was not updated for the 2019 SI; BIPM SI Brochure and SP 330 override conflicts","EN","International/reference","PDF;HTML","Download official PDF and HTML snapshot","L1","S0_OBSERVE_READ","ANNUAL_OR_EDITION","5","4","4","4","4","3","2","3","0","2","1","CANDIDATE","NOT_DOWNLOADED","REQUIRES_ITEM_REVIEW","NOT_REVIEWED","NOT_TESTED","","","","","","[SUPPLEMENTAL_RESEARCH] Useful for notation and conversion but the official page warns that the 2008 edition was not updated for the 2019 SI; BIPM SI Brochure and SP 330 override conflicts"
"SUP-PHY-004","MATH|METH","NIST Technical Note 1297: Evaluating and Expressing Measurement Uncertainty","National Institute of Standards and Technology","Практический источник для групп MATH|METH","https://www.nist.gov/pml/nist-technical-note-1297","https://www.nist.gov/pml/nist-technical-note-1297","https://www.nist.gov/open/copyright-fair-use-and-licensing-statements-srd-data-software-and-technical-series-publications","Foundational uncertainty guide; 1994 publication and not a substitute for current method-specific or accreditation requirements","EN","International/reference","PDF;HTML","Download official PDF and HTML; record edition and page update date","L1","S1_LOW_RISK_HOUSEHOLD","ANNUAL_OR_EDITION","5","4","4","4","4","3","2","3","0","2","1","CANDIDATE","NOT_DOWNLOADED","REQUIRES_ITEM_REVIEW","NOT_REVIEWED","NOT_TESTED","","","","","","[SUPPLEMENTAL_RESEARCH] Foundational uncertainty guide; 1994 publication and not a substitute for current method-specific or accreditation requirements"
"SUP-PHY-005","METH","NIST Handbook 44 current edition","National Institute of Standards and Technology","Практический источник для групп METH","https://www.nist.gov/pml/owm/nist-handbook-44-current-edition","https://www.nist.gov/pml/owm/nist-handbook-44-current-edition","https://www.nist.gov/open/copyright-fair-use-and-licensing-statements-srd-data-software-and-technical-series-publications","US legal-metrology reference only; not Portuguese law; refresh annually and do not use it to self-certify commercial measuring equipment","EN","International/reference","PDF;DOCX","Download current complete PDF plus official section DOCX files and edition metadata","L3","S3_LICENSED_PROFESSIONAL","ANNUAL_OR_EDITION","3","4","3","4","3","3","2","3","4","2","3","CANDIDATE","NOT_DOWNLOADED","REQUIRES_ITEM_REVIEW","NOT_REVIEWED","NOT_TESTED","","","","","","[SUPPLEMENTAL_RESEARCH] US legal-metrology reference only; not Portuguese law; refresh annually and do not use it to self-certify commercial measuring equipment"
"SUP-PHY-006","METH","NIST/SEMATECH e-Handbook of Statistical Methods","National Institute of Standards and Technology","Практический источник для групп METH","https://www.itl.nist.gov/div898/handbook/","https://www.itl.nist.gov/div898/handbook/","https://www.itl.nist.gov/div898/handbook/cd.htm","Official download page explicitly supports making copies; preserve NIST attribution and third-party notices; verify local links and examples","EN","International/reference","HTML;ZIP;PDF;Dataplot source/examples","Use the official downloadable ZIP and chapter PDFs; archive Dataplot examples and local start page","L1","S0_OBSERVE_READ","ANNUAL_OR_EDITION","5","4","4","4","4","3","2","3","0","2","1","CANDIDATE","NOT_DOWNLOADED","REQUIRES_ITEM_REVIEW","NOT_REVIEWED","NOT_TESTED","","","","","","[SUPPLEMENTAL_RESEARCH] Official download page explicitly supports making copies; preserve NIST attribution and third-party notices; verify local links and examples"
"SUP-PHY-007","MATH|METH","JCGM 100: Evaluation of measurement data - Guide to the expression of uncertainty in measurement","Joint Committee for Guides in Metrology via BIPM","Практический источник для групп MATH|METH","https://www.bipm.org/documents/20126/2071204/JCGM_100_2008_E.pdf","https://www.bipm.org/documents/20126/2071204/JCGM_100_2008_E.pdf","https://www.bipm.org/documents/20126/2071204/JCGM_100_2008_E.pdf","Free official download but JCGM copyright notice restricts reproduction rebranding public issue sale broadcast and online use; redistribution or translation requires BIPM permission","EN","International/reference","PDF","Keep a private license-controlled copy of the official PDF; no repackaging translation or public mirror","L4","S3_LICENSED_PROFESSIONAL","ANNUAL_OR_EDITION","3","4","3","4","2","1","2","3","4","2","5","CANDIDATE","NOT_DOWNLOADED","REFERENCE_ONLY_NO_COPY","NOT_REVIEWED","NOT_TESTED","","","","","","[SUPPLEMENTAL_RESEARCH] Free official download but JCGM copyright notice restricts reproduction rebranding public issue sale broadcast and online use; redistribution or translation requires BIPM permission"
"SUP-PHY-008","MATH|METH","JCGM 200: International vocabulary of metrology","Joint Committee for Guides in Metrology via BIPM","Практический источник для групп MATH|METH","https://www.bipm.org/en/doi/10.59161/jcgm200-2012","https://www.bipm.org/en/doi/10.59161/jcgm200-2012","https://www.bipm.org/documents/20126/2071204/JCGM_200_2012.pdf","Same restrictive JCGM copyright family as GUM; do not translate redistribute or expose through a public corpus without permission","EN;FR","International/reference","PDF","Keep official PDF in a private license-controlled reference vault with DOI metadata","L4","S0_OBSERVE_READ","ANNUAL_OR_EDITION","3","4","3","4","2","1","2","3","0","2","5","CANDIDATE","NOT_DOWNLOADED","REFERENCE_ONLY_NO_COPY","NOT_REVIEWED","NOT_TESTED","","","","","","[SUPPLEMENTAL_RESEARCH] Same restrictive JCGM copyright family as GUM; do not translate redistribute or expose through a public corpus without permission"
"SUP-PHY-009","PORT","Portuguese SI information and official Luso-Brazilian translation shelf","Instituto Português da Qualidade","Практический источник для групп PORT","https://www.ipq.pt/metrologia/sistema-internacional-de-unidades/","https://www.ipq.pt/metrologia/sistema-internacional-de-unidades/","https://www.ipq.pt/normalizacao/normas/direitos-de-propriedade-intelectual/","Portuguese terminology is valuable; the IPQ standards copyright page is restrictive and may not govern every SI translation identically; fail closed on each file's notice","PT","Portugal/EU","HTML;PDF when linked","Archive the official IPQ page and only the exact linked PDF after item-level rights review","L1","S0_OBSERVE_READ","ANNUAL_OR_EDITION","5","4","4","4","4","1","4","3","0","2","1","CANDIDATE","NOT_DOWNLOADED","REFERENCE_ONLY_NO_COPY","NOT_REVIEWED","NOT_TESTED","","","","","","[SUPPLEMENTAL_RESEARCH] Portuguese terminology is valuable; the IPQ standards copyright page is restrictive and may not govern every SI translation identically; fail closed on each file's notice"
"SUP-PHY-010","PHYS|EDU","University Physics Volume 1","OpenStax at Rice University","Практический источник для групп PHYS|EDU","https://openstax.org/details/books/university-physics-volume-1","https://openstax.org/details/books/university-physics-volume-1","https://help.openstax.org/s/article/Licensing-information-of-OpenStax-textbooks","Mechanics fluids waves and measurement; current OpenStax licensing page states CC BY-NC-SA 4.0; freeze title-specific notice and exclude third-party/logo material","EN","International/reference","PDF;HTML","Download the official PDF; preserve per-title license notice attribution and canonical link; optional static HTML capture only if permitted","L1","S1_LOW_RISK_HOUSEHOLD","ANNUAL_OR_EDITION","5","4","4","4","4","3","2","3","0","2","1","CANDIDATE","NOT_DOWNLOADED","REQUIRES_ITEM_REVIEW","NOT_REVIEWED","NOT_TESTED","","","","","","[SUPPLEMENTAL_RESEARCH] Mechanics fluids waves and measurement; current OpenStax licensing page states CC BY-NC-SA 4.0; freeze title-specific notice and exclude third-party/logo material"
"SUP-PHY-011","PHYS|EDU","University Physics Volume 2","OpenStax at Rice University","Практический источник для групп PHYS|EDU","https://openstax.org/details/books/university-physics-volume-2","https://openstax.org/details/books/university-physics-volume-2","https://help.openstax.org/s/article/Licensing-information-of-OpenStax-textbooks","Thermodynamics electricity and magnetism; restrict practical activation to low-voltage current-limited work; title-specific license and any AI-use notice must be preserved","EN","International/reference","PDF;HTML","Download official PDF with license and attribution files","L1","S1_LOW_RISK_HOUSEHOLD","ANNUAL_OR_EDITION","5","4","4","4","4","1","2","3","0","2","1","CANDIDATE","NOT_DOWNLOADED","REFERENCE_ONLY_NO_COPY","NOT_REVIEWED","NOT_TESTED","","","","","","[SUPPLEMENTAL_RESEARCH] Thermodynamics electricity and magnetism; restrict practical activation to low-voltage current-limited work; title-specific license and any AI-use notice must be preserved"
"SUP-PHY-012","CHEM|EDU","Chemistry 2e","OpenStax at Rice University","Практический источник для групп CHEM|EDU","https://openstax.org/details/books/chemistry-2e","https://openstax.org/details/books/chemistry-2e","https://openstax.org/books/chemistry-2e/pages/preface","Current preface identifies CC BY-NC-SA 4.0; archive for theory and hazard literacy only; quarantine reactive synthesis gas pressure energetic and unknown-mixing procedures","EN","International/reference","PDF;HTML","Download official PDF plus preface/license snapshot","L1","S4_REFERENCE_ONLY_PROHIBITED_HOUSEHOLD","ANNUAL_OR_EDITION","5","4","4","4","4","3","2","3","5","2","1","CANDIDATE","NOT_DOWNLOADED","REQUIRES_ITEM_REVIEW","NOT_REVIEWED","NOT_TESTED","","","","","","[SUPPLEMENTAL_RESEARCH] Current preface identifies CC BY-NC-SA 4.0; archive for theory and hazard literacy only; quarantine reactive synthesis gas pressure energetic and unknown-mixing procedures"
"SUP-PHY-013","MATH|METH|EDU","Algebra and Trigonometry 2e","OpenStax at Rice University","Практический источник для групп MATH|METH|EDU","https://openstax.org/details/books/algebra-and-trigonometry-2e","https://openstax.org/details/books/algebra-and-trigonometry-2e","https://help.openstax.org/s/article/Licensing-information-of-OpenStax-textbooks","Foundation for surveying circuits mechanics and dimensional calculation; current global licensing page says CC BY-NC-SA 4.0 but keep the exact title notice","EN","International/reference","PDF;HTML","Download official PDF with title license and attribution manifest","L1","S0_OBSERVE_READ","ANNUAL_OR_EDITION","5","4","4","4","4","3","2","3","0","2","1","CANDIDATE","NOT_DOWNLOADED","REQUIRES_ITEM_REVIEW","NOT_REVIEWED","NOT_TESTED","","","","","","[SUPPLEMENTAL_RESEARCH] Foundation for surveying circuits mechanics and dimensional calculation; current global licensing page says CC BY-NC-SA 4.0 but keep the exact title notice"
"SUP-PHY-014","MATH|METH|EDU","Introductory Statistics 2e","OpenStax at Rice University","Практический источник для групп MATH|METH|EDU","https://openstax.org/details/books/introductory-statistics-2e","https://openstax.org/details/books/introductory-statistics-2e","https://help.openstax.org/s/article/Licensing-information-of-OpenStax-textbooks","Use for experimental records control charts and uncertainty intuition; not a substitute for method-specific metrology guidance","EN","International/reference","PDF;HTML","Download official PDF with title license and attribution manifest","L1","S0_OBSERVE_READ","ANNUAL_OR_EDITION","5","4","4","4","4","3","2","3","0","2","1","CANDIDATE","NOT_DOWNLOADED","REQUIRES_ITEM_REVIEW","NOT_REVIEWED","NOT_TESTED","","","","","","[SUPPLEMENTAL_RESEARCH] Use for experimental records control charts and uncertainty intuition; not a substitute for method-specific metrology guidance"
"SUP-PHY-015","PHYS","8.01SC Classical Mechanics","MIT OpenCourseWare","Практический источник для групп PHYS","https://ocw.mit.edu/courses/8-01sc-classical-mechanics-fall-2016/","https://ocw.mit.edu/courses/8-01sc-classical-mechanics-fall-2016/","https://ocw.mit.edu/pages/privacy-and-terms-of-use/","MIT OCW material is generally CC BY-NC-SA 4.0 but third-party components are excluded; videos increase preservation cost; practicals require low-energy review","EN","International/reference","Course ZIP;HTML;PDF;video;transcripts","Use the official Download Course package; retain license attribution and third-party-exclusion inventory","L2","S1_LOW_RISK_HOUSEHOLD","ANNUAL_OR_EDITION","4","4","3","4","4","3","2","3","0","2","1","CANDIDATE","NOT_DOWNLOADED","REQUIRES_ITEM_REVIEW","NOT_REVIEWED","NOT_TESTED","","","","","","[SUPPLEMENTAL_RESEARCH] MIT OCW material is generally CC BY-NC-SA 4.0 but third-party components are excluded; videos increase preservation cost; practicals require low-energy review"
"SUP-PHY-016","PHYS","8.02 Physics II: Electricity and Magnetism","MIT OpenCourseWare","Практический источник для групп PHYS","https://ocw.mit.edu/courses/8-02-physics-ii-electricity-and-magnetism-spring-2007/","https://ocw.mit.edu/courses/8-02-physics-ii-electricity-and-magnetism-spring-2007/","https://ocw.mit.edu/pages/privacy-and-terms-of-use/","Theory and problems are suitable; enable only extra-low-voltage current-limited demonstrations; mains high voltage and charged high-energy capacitors are denied","EN","International/reference","Course ZIP;HTML;PDF;video","Use official Download Course ZIP and keep third-party audit","L2","S3_LICENSED_PROFESSIONAL","ANNUAL_OR_EDITION","4","4","3","4","4","3","2","3","4","2","1","CANDIDATE","NOT_DOWNLOADED","REQUIRES_ITEM_REVIEW","NOT_REVIEWED","NOT_TESTED","","","","","","[SUPPLEMENTAL_RESEARCH] Theory and problems are suitable; enable only extra-low-voltage current-limited demonstrations; mains high voltage and charged high-energy capacitors are denied"
"SUP-PHY-017","CHEM","5.111SC Principles of Chemical Science","MIT OpenCourseWare","Практический источник для групп CHEM","https://ocw.mit.edu/courses/5-111sc-principles-of-chemical-science-fall-2014/","https://ocw.mit.edu/courses/5-111sc-principles-of-chemical-science-fall-2014/","https://ocw.mit.edu/pages/privacy-and-terms-of-use/","Retain lectures and problem sets; do not activate wet-lab synthesis heating pressure toxic gas energetic or unknown-reagent procedures outside an accredited laboratory","EN","International/reference","Course ZIP;HTML;PDF;video","Use official Download Course ZIP; preserve license exceptions and safety quarantine tags","L2","S4_REFERENCE_ONLY_PROHIBITED_HOUSEHOLD","ANNUAL_OR_EDITION","4","4","3","4","4","3","2","3","5","2","1","CANDIDATE","NOT_DOWNLOADED","REQUIRES_ITEM_REVIEW","NOT_REVIEWED","NOT_TESTED","","","","","","[SUPPLEMENTAL_RESEARCH] Retain lectures and problem sets; do not activate wet-lab synthesis heating pressure toxic gas energetic or unknown-reagent procedures outside an accredited laboratory"
"SUP-PHY-018","CHEM","3.091SC Introduction to Solid-State Chemistry","MIT OpenCourseWare","Практический источник для групп CHEM","https://ocw.mit.edu/courses/3-091sc-introduction-to-solid-state-chemistry-fall-2010/","https://ocw.mit.edu/courses/3-091sc-introduction-to-solid-state-chemistry-fall-2010/","https://ocw.mit.edu/pages/privacy-and-terms-of-use/","Useful for material structure bonding phase behavior and corrosion context; theory package only unless a separate safe practical is approved","EN","International/reference","Course ZIP;HTML;PDF;video","Use official Download Course ZIP with license and third-party inventory","L2","S0_OBSERVE_READ","ANNUAL_OR_EDITION","4","4","3","4","4","3","2","3","0","2","1","CANDIDATE","NOT_DOWNLOADED","REQUIRES_ITEM_REVIEW","NOT_REVIEWED","NOT_TESTED","","","","","","[SUPPLEMENTAL_RESEARCH] Useful for material structure bonding phase behavior and corrosion context; theory package only unless a separate safe practical is approved"
"SUP-PHY-019","PHYS","3.012 Fundamentals of Materials Science","MIT OpenCourseWare","Практический источник для групп PHYS","https://ocw.mit.edu/courses/3-012-fundamentals-of-materials-science-fall-2005/","https://ocw.mit.edu/courses/3-012-fundamentals-of-materials-science-fall-2005/","https://ocw.mit.edu/pages/privacy-and-terms-of-use/","Connects thermodynamics kinetics structure and properties; no unsupervised furnaces metallography chemicals or mechanical failure tests","EN","International/reference","Course ZIP;HTML;PDF","Use official Download Course ZIP; retain attribution and excluded-content list","L2","S0_OBSERVE_READ","ANNUAL_OR_EDITION","4","4","3","4","4","3","2","3","0","2","1","CANDIDATE","NOT_DOWNLOADED","REQUIRES_ITEM_REVIEW","NOT_REVIEWED","NOT_TESTED","","","","","","[SUPPLEMENTAL_RESEARCH] Connects thermodynamics kinetics structure and properties; no unsupervised furnaces metallography chemicals or mechanical failure tests"
"SUP-PHY-020","PHYS","2.001 Mechanics and Materials I","MIT OpenCourseWare","Практический источник для групп PHYS","https://ocw.mit.edu/courses/2-001-mechanics-materials-i-fall-2006/","https://ocw.mit.edu/courses/2-001-mechanics-materials-i-fall-2006/","https://ocw.mit.edu/pages/privacy-and-terms-of-use/","Useful for stress strain beams and failure concepts; never use archived coursework to authorize structural modifications lifting pressure systems or safety-critical parts","EN","International/reference","Course ZIP;HTML;PDF","Use official Download Course ZIP; record course date and rights exceptions","L2","S3_LICENSED_PROFESSIONAL","ANNUAL_OR_EDITION","4","4","3","4","4","3","2","3","4","2","1","CANDIDATE","NOT_DOWNLOADED","REQUIRES_ITEM_REVIEW","NOT_REVIEWED","NOT_TESTED","","","","","","[SUPPLEMENTAL_RESEARCH] Useful for stress strain beams and failure concepts; never use archived coursework to authorize structural modifications lifting pressure systems or safety-critical parts"
"SUP-PHY-021","ELEC","6.002 Circuits and Electronics","MIT OpenCourseWare","Практический источник для групп ELEC","https://ocw.mit.edu/courses/6-002-circuits-and-electronics-spring-2007/","https://ocw.mit.edu/courses/6-002-circuits-and-electronics-spring-2007/","https://ocw.mit.edu/pages/privacy-and-terms-of-use/","Activate only extra-low-voltage current-limited breadboard work; deny mains transformers high-voltage supplies and high-energy storage","EN","International/reference","Course ZIP;HTML;PDF;video","Use official Download Course ZIP; locally preserve diagrams transcripts and rights metadata","L2","S3_LICENSED_PROFESSIONAL","ANNUAL_OR_EDITION","4","4","3","4","4","3","2","3","4","2","1","CANDIDATE","NOT_DOWNLOADED","REQUIRES_ITEM_REVIEW","NOT_REVIEWED","NOT_TESTED","","","","","","[SUPPLEMENTAL_RESEARCH] Activate only extra-low-voltage current-limited breadboard work; deny mains transformers high-voltage supplies and high-energy storage"
"SUP-PHY-022","METH","2.008 Design and Manufacturing II","MIT OpenCourseWare","Практический источник для групп METH","https://ocw.mit.edu/courses/2-008-design-and-manufacturing-ii-spring-2025/","https://ocw.mit.edu/courses/2-008-design-and-manufacturing-ii-spring-2025/","https://ocw.mit.edu/pages/privacy-and-terms-of-use/","Manufacturing theory drawings and process planning are useful; machining joining hot work molding and powered tools require a trained controlled shop","EN","International/reference","Course ZIP;HTML;PDF;video","Use official Download Course package with license-exception manifest","L2","S2_TRAINED_SUPERVISED","ANNUAL_OR_EDITION","4","4","3","4","4","3","2","3","2","2","1","CANDIDATE","NOT_DOWNLOADED","REQUIRES_ITEM_REVIEW","NOT_REVIEWED","NOT_TESTED","","","","","","[SUPPLEMENTAL_RESEARCH] Manufacturing theory drawings and process planning are useful; machining joining hot work molding and powered tools require a trained controlled shop"
"SUP-PHY-023","CHEM","IUPAC Compendium of Chemical Terminology: Gold Book","International Union of Pure and Applied Chemistry","Практический источник для групп CHEM","https://goldbook.iupac.org/","https://goldbook.iupac.org/","https://goldbook.iupac.org/terms/view/S05739/plain","Individual terms state CC BY-SA 4.0; do not infer that an unrestricted bulk mirror is allowed; request permission or archive a curated term set with attribution","EN","International/reference","HTML;JSON;XML;PDF;plain text per term","Use official API/download routes only after clarifying collection-level rights; preserve term IDs versions and license metadata","L2","S0_OBSERVE_READ","ANNUAL_OR_EDITION","4","4","3","4","4","1","2","3","0","2","1","CANDIDATE","NOT_DOWNLOADED","REFERENCE_ONLY_NO_COPY","NOT_REVIEWED","NOT_TESTED","","","","","","[SUPPLEMENTAL_RESEARCH] Individual terms state CC BY-SA 4.0; do not infer that an unrestricted bulk mirror is allowed; request permission or archive a curated term set with attribution"
"SUP-PHY-024","CHEM","PubChem bulk chemical records and documentation","National Center for Biotechnology Information","Практический источник для групп CHEM","https://pubchem.ncbi.nlm.nih.gov/docs/downloads","https://pubchem.ncbi.nlm.nih.gov/docs/downloads","https://pubchem.ncbi.nlm.nih.gov/docs/data-submission-policy","PubChem is free to use but contributor licenses and bulk exceptions vary; filter by source license and never flatten provenance; database facts do not authorize handling or synthesis","EN","International/reference","SDF;ASN.1;XML;JSON;JSONL;CSV;RDF;GZIP","Use official HTTPS bulk directories or API exports; retain source-level provenance and license with every datum","L2","S4_REFERENCE_ONLY_PROHIBITED_HOUSEHOLD","ANNUAL_OR_EDITION","4","4","3","4","4","3","2","3","5","2","1","CANDIDATE","NOT_DOWNLOADED","REQUIRES_ITEM_REVIEW","NOT_REVIEWED","NOT_TESTED","","","","","","[SUPPLEMENTAL_RESEARCH] PubChem is free to use but contributor licenses and bulk exceptions vary; filter by source license and never flatten provenance; database facts do not authorize handling or synthesis"
"SUP-PHY-025","CHEM|HEALTH","NIOSH Pocket Guide to Chemical Hazards","National Institute for Occupational Safety and Health","Практический источник для групп CHEM|HEALTH","https://www.cdc.gov/niosh/npg/default.html","https://www.cdc.gov/niosh/npg/default.html","https://www.cdc.gov/other/copyright.html","Hazard recognition and first-response reference; US occupational limits are not Portuguese legal limits and do not replace SDS local poison-center or professional advice","EN","International/reference","PDF;HTML;mobile web","Download official PDF and archive landing page version date; keep third-party notice audit","L1","S0_OBSERVE_READ","ANNUAL_OR_EDITION","5","4","4","4","4","3","2","3","0","2","1","CANDIDATE","NOT_DOWNLOADED","REQUIRES_ITEM_REVIEW","NOT_REVIEWED","NOT_TESTED","","","","","","[SUPPLEMENTAL_RESEARCH] Hazard recognition and first-response reference; US occupational limits are not Portuguese legal limits and do not replace SDS local poison-center or professional advice"
"SUP-PHY-026","PORT","Globally Harmonized System of Classification and Labelling of Chemicals Revision 10","United Nations Economic Commission for Europe","Практический источник для групп PORT","https://unece.org/transport/dangerous-goods/ghs-rev10-2023","https://unece.org/transport/dangerous-goods/ghs-rev10-2023","https://unece.org/transport/dangerous-goods/ghs-rev10-2023","Free consultation does not equal redistribution rights; the official page reserves rights and requires permission for reproduction republishing mirroring or translation","EN;FR;RU;ES;AR;ZH","Portugal/EU","PDF","Keep an official private reference PDF only if download terms permit; preserve the UN copyright notice; no mirror translation or repackage","L4","S0_OBSERVE_READ","ANNUAL_OR_EDITION","3","4","3","4","2","1","4","3","0","2","5","CANDIDATE","NOT_DOWNLOADED","REFERENCE_ONLY_NO_COPY","NOT_REVIEWED","NOT_TESTED","","","","","","[SUPPLEMENTAL_RESEARCH] Free consultation does not equal redistribution rights; the official page reserves rights and requires permission for reproduction republishing mirroring or translation"
"SUP-PHY-027","METH","PhET regular HTML simulations and offline access package","PhET Interactive Simulations at University of Colorado Boulder","Практический источник для групп METH","https://phet.colorado.edu/en/offline-access","https://phet.colorado.edu/en/offline-access","https://phet.colorado.edu/en/licensing","Current licensing page says regular HTML simulations are CC BY-NC 4.0 with required attribution and visible logo; older pages show different terms; exclude PhET-iO Studio and prototypes unless separately licensed","Many languages including EN;PT;RU;UK availability varies by simulation","International/reference","Single-file HTML5;desktop app;mobile app","Download individual regular HTML simulations or official desktop package; freeze exact version license and runtime","L2","S1_LOW_RISK_HOUSEHOLD","ANNUAL_OR_EDITION","4","4","3","4","4","3","4","3","0","2","1","CANDIDATE","NOT_DOWNLOADED","REQUIRES_ITEM_REVIEW","NOT_REVIEWED","NOT_TESTED","","","","","","[SUPPLEMENTAL_RESEARCH] Current licensing page says regular HTML simulations are CC BY-NC 4.0 with required attribution and visible logo; older pages show different terms; exclude PhET-iO Studio and prototypes unless separately licensed"
"SUP-PHY-028","ELEC|OPS","KiCad program documentation and official libraries","KiCad project","Практический источник для групп ELEC|OPS","https://www.kicad.org/","https://www.kicad.org/","https://www.kicad.org/about/licenses/","Program mainly GPLv3+; documentation dual GPLv3+ or CC BY 3+; libraries CC BY-SA 4.0 with exception; preserve component-level licenses; PCB design does not make fabrication or mains design safe","Many languages including EN","International/reference","Installers;source;PDF;HTML;symbol footprint and 3D libraries","Archive a stable installer release source tarball official libraries PDF manuals checksums and build dependencies","L1","S2_TRAINED_SUPERVISED","ANNUAL_OR_EDITION","5","4","4","4","4","3","2","3","2","2","1","CANDIDATE","NOT_DOWNLOADED","REQUIRES_ITEM_REVIEW","NOT_REVIEWED","NOT_TESTED","","","","","","[SUPPLEMENTAL_RESEARCH] Program mainly GPLv3+; documentation dual GPLv3+ or CC BY 3+; libraries CC BY-SA 4.0 with exception; preserve component-level licenses; PCB design does not make fabrication or mains design safe"
"SUP-PHY-029","ELEC","Official Raspberry Pi documentation source","Raspberry Pi Ltd","Практический источник для групп ELEC","https://github.com/raspberrypi/documentation","https://github.com/raspberrypi/documentation","https://github.com/raspberrypi/documentation/blob/master/LICENSE.md","Documentation directory is CC BY-SA 4.0 and tooling BSD-3; preserve submodule and third-party notices; GPIO work remains low-voltage only","EN","International/reference","AsciiDoc;source assets;HTML build;Git history","Clone an immutable commit or signed release; archive source build toolchain and rendered static copy","L1","S3_LICENSED_PROFESSIONAL","ANNUAL_OR_EDITION","5","4","4","4","4","3","2","3","4","2","1","CANDIDATE","NOT_DOWNLOADED","REQUIRES_ITEM_REVIEW","NOT_REVIEWED","NOT_TESTED","","","","","","[SUPPLEMENTAL_RESEARCH] Documentation directory is CC BY-SA 4.0 and tooling BSD-3; preserve submodule and third-party notices; GPIO work remains low-voltage only"
"SUP-PHY-030","ELEC","Arduino documentation source","Arduino","Практический источник для групп ELEC","https://github.com/arduino/docs-content","https://github.com/arduino/docs-content","https://github.com/arduino/docs-content/blob/main/LICENSE.md","Official repository license file is CC BY-SA 4.0; preserve media exceptions; board tutorials do not authorize mains motors batteries or high-current loads","EN;some localized content","International/reference","Markdown;YAML;images;Git source","Clone and pin a commit; archive license source assets and a locally rendered copy","L1","S3_LICENSED_PROFESSIONAL","ANNUAL_OR_EDITION","5","4","4","4","4","3","2","3","4","2","1","CANDIDATE","NOT_DOWNLOADED","REQUIRES_ITEM_REVIEW","NOT_REVIEWED","NOT_TESTED","","","","","","[SUPPLEMENTAL_RESEARCH] Official repository license file is CC BY-SA 4.0; preserve media exceptions; board tutorials do not authorize mains motors batteries or high-current loads"
"SUP-PHY-031","ELEC","Arduino IDE built-in examples","Arduino","Практический источник для групп ELEC","https://github.com/arduino/arduino-examples","https://github.com/arduino/arduino-examples","https://github.com/arduino/arduino-examples/blob/main/LICENSE.txt","CC0-1.0 examples; safety-filter examples that control heaters motors relays radios or high-current loads; compilation is not hardware safety proof","EN","International/reference","Source sketches;Git repository","Clone and pin a commit; compile representative low-voltage examples with archived board core and toolchain","L1","S1_LOW_RISK_HOUSEHOLD","ANNUAL_OR_EDITION","5","4","4","4","4","3","2","3","0","2","1","CANDIDATE","NOT_DOWNLOADED","REQUIRES_ITEM_REVIEW","NOT_REVIEWED","NOT_TESTED","","","","","","[SUPPLEMENTAL_RESEARCH] CC0-1.0 examples; safety-filter examples that control heaters motors relays radios or high-current loads; compilation is not hardware safety proof"
"SUP-PHY-032","PHYS|CIVIL","EnergyPlus whole-building energy simulation","US Department of Energy and National Laboratory of the Rockies","Практический источник для групп PHYS|CIVIL","https://github.com/NatLabRockies/EnergyPlus/releases","https://github.com/NatLabRockies/EnergyPlus/releases","https://github.com/NatLabRockies/EnergyPlus/blob/develop/LICENSE.txt","Open-source BSD-style terms with third-party notices; the first-party repository warns that production use should choose formal public releases; simulation is not current Portuguese code compliance or construction approval","EN","International/reference","Installers;source;PDF documentation;examples;weather files","Archive a formal stable official release installer source documentation example models weather provenance and supplied checksums; avoid prereleases and test artifacts","L2","S0_OBSERVE_READ","ANNUAL_OR_EDITION","4","4","3","4","4","3","2","3","0","2","1","CANDIDATE","NOT_DOWNLOADED","REQUIRES_ITEM_REVIEW","NOT_REVIEWED","NOT_TESTED","","","","","","[SUPPLEMENTAL_RESEARCH] Open-source BSD-style terms with third-party notices; the first-party repository warns that production use should choose formal public releases; simulation is not current Portuguese code compliance or construction approval"
"SUP-PHY-033","METH","System Advisor Model: SAM","National Renewable Energy Laboratory","Практический источник для групп METH","https://sam.nrel.gov/download.html","https://sam.nrel.gov/download.html","https://sam.nrel.gov/sam-open-source.html","Source uses BSD-3; desktop builds may require email registration key; never rely on a cloud or activation-dependent executable as the sole century copy","EN","International/reference","Windows macOS Linux installers;source;PDF and HTML help;examples","Archive versioned installers source help PDF input libraries and license; test activation and clean-device launch while online","L2","S0_OBSERVE_READ","ANNUAL_OR_EDITION","4","4","3","4","4","3","2","3","0","2","1","CANDIDATE","NOT_DOWNLOADED","REQUIRES_ITEM_REVIEW","NOT_REVIEWED","NOT_TESTED","","","","","","[SUPPLEMENTAL_RESEARCH] Source uses BSD-3; desktop builds may require email registration key; never rely on a cloud or activation-dependent executable as the sole century copy"
"SUP-PHY-034","ELEC|PORT","PVGIS solar radiation and photovoltaic performance data","European Commission Joint Research Centre","Практический источник для групп ELEC|PORT","https://joint-research-centre.ec.europa.eu/photovoltaic-geographical-information-system-pvgis_en","https://joint-research-centre.ec.europa.eu/photovoltaic-geographical-information-system-pvgis_en","https://joint-research-centre.ec.europa.eu/photovoltaic-geographical-information-system-pvgis/general-information/usage-conditions-data-protection_en","PVGIS usage page states information is free with no restrictions and geodata page requires source acknowledgement; still preserve upstream-data provenance and dataset-specific notices","EN;FR;IT;ES;DE interface coverage varies","Portugal/EU","GeoTIFF;CSV;JSON;PDF;PNG;API output;PVMAPS archives","Download official geospatial datasets and model inputs with dataset citation version time span and checksums; save API schemas and example exports","L1","S0_OBSERVE_READ","ANNUAL_OR_EDITION","5","4","4","4","4","1","2","3","0","2","1","CANDIDATE","NOT_DOWNLOADED","REFERENCE_ONLY_NO_COPY","NOT_REVIEWED","NOT_TESTED","","","","","","[SUPPLEMENTAL_RESEARCH] PVGIS usage page states information is free with no restrictions and geodata page requires source acknowledgement; still preserve upstream-data provenance and dataset-specific notices"
"SUP-PHY-035","MECH|OPS","Best Practices for Operation and Maintenance of Photovoltaic and Energy Storage Systems third edition","National Renewable Energy Laboratory","Практический источник для групп MECH|OPS","https://docs.nrel.gov/docs/fy19osti/73822.pdf","https://docs.nrel.gov/docs/fy19osti/73822.pdf","https://docs.nrel.gov/docs/fy19osti/73822.pdf","Useful for records monitoring spares and escalation; not DIY instruction for PV strings inverters grid interconnection arc-flash work or battery packs; item notice review required","EN","International/reference","PDF","Download official report PDF and retain title-page rights notice publication identifier and checksum","L3","S3_LICENSED_PROFESSIONAL","ANNUAL_OR_EDITION","3","4","3","4","3","3","2","3","4","2","3","CANDIDATE","NOT_DOWNLOADED","REQUIRES_ITEM_REVIEW","NOT_REVIEWED","NOT_TESTED","","","","","","[SUPPLEMENTAL_RESEARCH] Useful for records monitoring spares and escalation; not DIY instruction for PV strings inverters grid interconnection arc-flash work or battery packs; item notice review required"
"SUP-PHY-036","HEALTH","HSG85 Electricity at Work: Safe Working Practices","UK Health and Safety Executive","Практический источник для групп HEALTH","https://www.hse.gov.uk/pubns/books/hsg85.htm","https://www.hse.gov.uk/pubns/books/hsg85.htm","https://www.hse.gov.uk/help/copyright.htm","Crown material generally reusable under OGL 3.0; exclude logos and third-party images; UK guidance is not Portuguese law and is a safety reference not a wiring manual","EN","International/reference","PDF;HTML landing page","Download official PDF; retain edition landing page OGL attribution and third-party exclusion list","L3","S3_LICENSED_PROFESSIONAL","ANNUAL_OR_EDITION","3","4","3","4","3","3","2","3","4","2","3","CANDIDATE","NOT_DOWNLOADED","REQUIRES_ITEM_REVIEW","NOT_REVIEWED","NOT_TESTED","","","","","","[SUPPLEMENTAL_RESEARCH] Crown material generally reusable under OGL 3.0; exclude logos and third-party images; UK guidance is not Portuguese law and is a safety reference not a wiring manual"
"SUP-PHY-037","HEALTH|MECH","Maintenance of work equipment guidance","UK Health and Safety Executive","Практический источник для групп HEALTH|MECH","https://www.hse.gov.uk/work-equipment-machinery/maintenance.htm","https://www.hse.gov.uk/work-equipment-machinery/maintenance.htm","https://www.hse.gov.uk/help/copyright.htm","Strong on planning isolation and competent maintenance; current local law OEM instructions and task-specific LOTO remain mandatory","EN","International/reference","HTML;linked PDF","Create an offline static capture of Crown text and approved linked PDFs with OGL attribution; do not scrape excluded third-party assets","L1","S2_TRAINED_SUPERVISED","ANNUAL_OR_EDITION","5","4","4","4","4","3","2","3","2","2","1","CANDIDATE","NOT_DOWNLOADED","REQUIRES_ITEM_REVIEW","NOT_REVIEWED","NOT_TESTED","","","","","","[SUPPLEMENTAL_RESEARCH] Strong on planning isolation and competent maintenance; current local law OEM instructions and task-specific LOTO remain mandatory"
"SUP-PHY-038","HEALTH","Woodworking health and safety guidance shelf","UK Health and Safety Executive","Практический источник для групп HEALTH","https://www.hse.gov.uk/woodworking/","https://www.hse.gov.uk/woodworking/","https://www.hse.gov.uk/help/copyright.htm","Dust noise guarding extraction and kickback awareness; powered woodworking is disabled unless trained supervised guarded and locally lawful","EN","International/reference","HTML;PDF","Curate only official Crown PDFs and HTML; retain OGL attribution and exclude third-party artwork","L3","S2_TRAINED_SUPERVISED","ANNUAL_OR_EDITION","3","4","3","4","3","3","2","3","2","2","3","CANDIDATE","NOT_DOWNLOADED","REQUIRES_ITEM_REVIEW","NOT_REVIEWED","NOT_TESTED","","","","","","[SUPPLEMENTAL_RESEARCH] Dust noise guarding extraction and kickback awareness; powered woodworking is disabled unless trained supervised guarded and locally lawful"
"SUP-PHY-039","HEALTH","Control of Hazardous Energy: Lockout/Tagout OSHA 3120","US Occupational Safety and Health Administration","Практический источник для групп HEALTH","https://www.osha.gov/Publications/osha3120.pdf","https://www.osha.gov/Publications/osha3120.pdf","https://www.dol.gov/general/aboutdol/copyright","US regulatory context only; use to build conservative isolation habits; task-specific OEM and Portuguese requirements override; no live-energy work","EN","International/reference","PDF","Download official PDF with publication number date and federal rights notice","L1","S2_TRAINED_SUPERVISED","ANNUAL_OR_EDITION","5","4","4","4","4","3","2","3","2","2","1","CANDIDATE","NOT_DOWNLOADED","REQUIRES_ITEM_REVIEW","NOT_REVIEWED","NOT_TESTED","","","","","","[SUPPLEMENTAL_RESEARCH] US regulatory context only; use to build conservative isolation habits; task-specific OEM and Portuguese requirements override; no live-energy work"
"SUP-PHY-040","HEALTH","Safeguarding Equipment and Protecting Employees from Amputations OSHA 3170","US Occupational Safety and Health Administration","Практический источник для групп HEALTH","https://www.osha.gov/sites/default/files/publications/osha3170.pdf","https://www.osha.gov/sites/default/files/publications/osha3170.pdf","https://www.dol.gov/general/aboutdol/copyright","Hazard-recognition reference; does not qualify an operator or validate a homemade guard; any missing defeated or damaged guard is a stop condition","EN","International/reference","PDF","Download official PDF and retain publication metadata and rights notice","L3","S2_TRAINED_SUPERVISED","ANNUAL_OR_EDITION","3","4","3","4","3","3","2","3","2","2","3","CANDIDATE","NOT_DOWNLOADED","REQUIRES_ITEM_REVIEW","NOT_REVIEWED","NOT_TESTED","","","","","","[SUPPLEMENTAL_RESEARCH] Hazard-recognition reference; does not qualify an operator or validate a homemade guard; any missing defeated or damaged guard is a stop condition"
"SUP-PHY-041","PHYS","Wood Handbook: Wood as an Engineering Material 2021","USDA Forest Service Forest Products Laboratory","Практический источник для групп PHYS","https://www.fpl.fs.usda.gov/documnts/fplgtr/fplgtr282/fpl_gtr282.pdf","https://www.fpl.fs.usda.gov/documnts/fplgtr/fplgtr282/fpl_gtr282.pdf","https://research.fs.usda.gov/fpl/faq","Authoritative wood properties moisture durability and degradation science; US data and archived properties do not authorize load-bearing design grading or fire-rating decisions","EN","International/reference","PDF","Download full official PDF plus chapter metadata; retain report number rights notices and checksums","L1","S3_LICENSED_PROFESSIONAL","ANNUAL_OR_EDITION","5","4","4","4","4","3","2","3","4","2","1","CANDIDATE","NOT_DOWNLOADED","REQUIRES_ITEM_REVIEW","NOT_REVIEWED","NOT_TESTED","","","","","","[SUPPLEMENTAL_RESEARCH] Authoritative wood properties moisture durability and degradation science; US data and archived properties do not authorize load-bearing design grading or fire-rating decisions"
"SUP-PHY-042","METH","The Rehab Guide volumes 1-9","US Department of Housing and Urban Development","Практический источник для групп METH","https://www.huduser.gov/portal/publications/destech/rehabgds.html","https://www.huduser.gov/portal/publications/destech/rehabgds.html","https://www.huduser.gov/portal/rbc/relevant_publications.html","Covers foundations walls roofs openings floors kitchens electrical HVAC plumbing and site work but dates mainly 1997-2000; use for diagnosis and historical materials only; current Portuguese code and professionals control work","EN","International/reference","PDF set","Download each official volume PDF; store a volume manifest dates titles and item-level rights notices","L2","S3_LICENSED_PROFESSIONAL","ANNUAL_OR_EDITION","4","4","3","4","4","3","2","3","4","2","1","CANDIDATE","NOT_DOWNLOADED","REQUIRES_ITEM_REVIEW","NOT_REVIEWED","NOT_TESTED","","","","","","[SUPPLEMENTAL_RESEARCH] Covers foundations walls roofs openings floors kitchens electrical HVAC plumbing and site work but dates mainly 1997-2000; use for diagnosis and historical materials only; current Portuguese code and professionals control work"
"SUP-PHY-043","METH","Residential Rehabilitation Inspection Guide","US Department of Housing and Urban Development","Практический источник для групп METH","https://www.huduser.gov/portal/publications/destech/inspection.html","https://www.huduser.gov/portal/publications/destech/inspection.html","https://www.huduser.gov/portal/rbc/relevant_publications.html","Useful condition-survey framework but old and US-specific; observation only; structural electrical gas fire hazardous-material and confined-space findings escalate","EN","International/reference","PDF sections","Download official section PDFs with publication date and rights audit","L2","S3_LICENSED_PROFESSIONAL","ANNUAL_OR_EDITION","4","4","3","4","4","3","2","3","4","2","1","CANDIDATE","NOT_DOWNLOADED","REQUIRES_ITEM_REVIEW","NOT_REVIEWED","NOT_TESTED","","","","","","[SUPPLEMENTAL_RESEARCH] Useful condition-survey framework but old and US-specific; observation only; structural electrical gas fire hazardous-material and confined-space findings escalate"
"SUP-PHY-044","CIVIL","Building Science Resource Library selected corpus","US Federal Emergency Management Agency","Практический источник для групп CIVIL","https://www.fema.gov/emergency-managers/risk-management/building-science/publications","https://www.fema.gov/emergency-managers/risk-management/building-science/publications","https://www.fema.gov/about/website-information","Large changing library; curate hazard-resistant observation and planning references; do not bulk assume public-domain rights or use US guidance as Portuguese code","EN;some ES","International/reference","PDF;HTML;CSV catalog when offered","Export the official catalog if available; select item IDs and PDFs individually; preserve item date rights notice and hazard jurisdiction","L3","S3_LICENSED_PROFESSIONAL","ANNUAL_OR_EDITION","3","4","3","4","3","3","2","3","4","2","3","CANDIDATE","NOT_DOWNLOADED","REQUIRES_ITEM_REVIEW","NOT_REVIEWED","NOT_TESTED","","","","","","[SUPPLEMENTAL_RESEARCH] Large changing library; curate hazard-resistant observation and planning references; do not bulk assume public-domain rights or use US guidance as Portuguese code"
"SUP-PHY-045","PORT","Portuguese standards licensed shelf","Instituto Português da Qualidade","Практический источник для групп PORT","https://www.ipq.pt/servicos-ipq/comprar-normas-publicacoes/","https://www.ipq.pt/servicos-ipq/comprar-normas-publicacoes/","https://www.ipq.pt/normalizacao/normas/direitos-de-propriedade-intelectual/","IPQ prohibits reproduction use distribution and public disclosure of standards without prior written permission; standards are periodically reviewed; select only from actual Portuguese tasks and professional advice","PT;language varies by standard","Portugal/EU","Licensed PDF or account-delivered format per purchase","Purchase exact current standards into a separate access-controlled license vault; keep invoice license seat watermark and review dates; never general-index or redistribute unless licensed","L4","S3_LICENSED_PROFESSIONAL","ANNUAL_OR_EDITION","3","4","3","4","2","1","4","3","4","2","5","CANDIDATE","NOT_DOWNLOADED","REFERENCE_ONLY_NO_COPY","NOT_REVIEWED","NOT_TESTED","","","","","","[SUPPLEMENTAL_RESEARCH] IPQ prohibits reproduction use distribution and public disclosure of standards without prior written permission; standards are periodically reviewed; select only from actual Portuguese tasks and professional advice"
"SUP-PHY-046","METH","ISO standards licensed shelf","International Organization for Standardization","Практический источник для групп METH","https://www.iso.org/store.html","https://www.iso.org/store.html","https://www.iso.org/terms-conditions-licence-agreement.html","ISO permits storage and access only according to purchased license type; personal copies are not a group corpus; prefer IPQ adoption where Portuguese applicability is required","EN;FR;language varies","International/reference","Licensed PDF;XML or platform access depending product","Acquire exact standards under a named license; preserve purchase evidence watermark device and user limits; do not migrate share train AI or expose outside license scope","L4","S3_LICENSED_PROFESSIONAL","ANNUAL_OR_EDITION","3","4","3","4","2","1","2","3","4","2","5","CANDIDATE","NOT_DOWNLOADED","REFERENCE_ONLY_NO_COPY","NOT_REVIEWED","NOT_TESTED","","","","","","[SUPPLEMENTAL_RESEARCH] ISO permits storage and access only according to purchased license type; personal copies are not a group corpus; prefer IPQ adoption where Portuguese applicability is required"
"SUP-PHY-047","METH","ASTM standards licensed shelf","ASTM International","Практический источник для групп METH","https://www.astm.org/","https://www.astm.org/","https://www.astm.org/astm-license-agreement-publication","ASTM standards are copyrighted and license terms can restrict storage printing transfer and multi-user access; a freely viewable page is not an archival right","EN","International/reference","Licensed PDF or online subscription","Do not ingest into the general corpus; acquire only exact methods under an access-controlled agreement after confirming whether permanent offline storage backup and indexing are allowed","L4","S3_LICENSED_PROFESSIONAL","ANNUAL_OR_EDITION","3","4","3","4","2","1","2","3","4","2","5","CANDIDATE","NOT_DOWNLOADED","REFERENCE_ONLY_NO_COPY","NOT_REVIEWED","NOT_TESTED","","","","","","[SUPPLEMENTAL_RESEARCH] ASTM standards are copyrighted and license terms can restrict storage printing transfer and multi-user access; a freely viewable page is not an archival right"
"SUP-PHY-048","MECH","Fairphone model-specific repair guides","Fairphone","Практический источник для групп MECH","https://www.fairphone.com/repairs/","https://www.fairphone.com/repairs/","https://www.fairphone.com/repairs/","No open redistribution license confirmed; keep private and model-specific; follow user-replaceable boundary; swollen batteries core modules and damage beyond the manual stop and escalate","EN;some EU languages","International/reference","HTML;PDF;video availability varies by model","After inventorying an owned device save only its exact official manual PDF or permitted HTML for private use; record model revision and terms snapshot","L4","S1_LOW_RISK_HOUSEHOLD","ANNUAL_OR_EDITION","3","4","3","4","2","1","2","3","0","2","5","CANDIDATE","NOT_DOWNLOADED","REFERENCE_ONLY_NO_COPY","NOT_REVIEWED","NOT_TESTED","","","","","","[SUPPLEMENTAL_RESEARCH] No open redistribution license confirmed; keep private and model-specific; follow user-replaceable boundary; swollen batteries core modules and damage beyond the manual stop and escalate"
"SUP-PHY-049","MECH|COMP","Framework Laptop model-specific guides and user manual","Framework Computer","Практический источник для групп MECH|COMP","https://frame.work/support","https://frame.work/support","https://frame.work/support","No broad open-content license confirmed; do not mirror; disconnect power and follow OEM ESD and battery steps; damage liquid heat or unavailable safety test is a stop condition","EN","International/reference","HTML;PDF;video","Save exact model-generation official guide and manual for privately owned hardware only after terms review; retain serial generation revision and parts mapping","L4","S1_LOW_RISK_HOUSEHOLD","ANNUAL_OR_EDITION","3","4","3","4","2","1","2","3","0","2","5","CANDIDATE","NOT_DOWNLOADED","REFERENCE_ONLY_NO_COPY","NOT_REVIEWED","NOT_TESTED","","","","","","[SUPPLEMENTAL_RESEARCH] No broad open-content license confirmed; do not mirror; disconnect power and follow OEM ESD and battery steps; damage liquid heat or unavailable safety test is a stop condition"
"SUP-PHY-050","MECH","Dell model-specific service manuals","Dell Technologies","Практический источник для групп MECH","https://www.dell.com/support/home/en-us?app=manuals","https://www.dell.com/support/home/en-us?app=manuals","https://www.dell.com/learn/us/en/uscorp1/terms-of-use-copyright","No generic scraping or redistribution; only exact owned assets; service-only power battery display hinge thermal or high-voltage assemblies remain professional; require post-repair OEM tests","Many languages by product and region","International/reference","HTML;PDF","Resolve exact service tag and model; download official PDF for private asset use if terms permit; preserve revision date and CRU or FRU classification","L4","S3_LICENSED_PROFESSIONAL","ANNUAL_OR_EDITION","3","4","3","4","2","1","2","3","4","2","5","CANDIDATE","NOT_DOWNLOADED","REFERENCE_ONLY_NO_COPY","NOT_REVIEWED","NOT_TESTED","","","","","","[SUPPLEMENTAL_RESEARCH] No generic scraping or redistribution; only exact owned assets; service-only power battery display hinge thermal or high-voltage assemblies remain professional; require post-repair OEM tests"
"SUP-LEA-001","METH","Catalogue of Life Annual Checklist","Catalogue of Life","Практический источник для групп METH","https://www.catalogueoflife.org/data/download","https://www.catalogueoflife.org/data/download","https://www.catalogueoflife.org/about","COL site/content states CC BY 4.0 unless indicated; preserve each source dataset notice; taxonomy is incomplete and not an edibility guide","EN; scientific names global","International/reference","ColDP ZIP; DwC-A ZIP; TextTree","Download permanent annual release; keep release metadata and contributing-dataset citations","L1","S2_TRAINED_SUPERVISED","ANNUAL_OR_EDITION","5","4","4","4","4","3","2","3","2","2","1","CANDIDATE","NOT_DOWNLOADED","REQUIRES_ITEM_REVIEW","NOT_REVIEWED","NOT_TESTED","","","","","","[SUPPLEMENTAL_RESEARCH] COL site/content states CC BY 4.0 unless indicated; preserve each source dataset notice; taxonomy is incomplete and not an edibility guide"
"SUP-LEA-002","METH","ITIS complete database","Integrated Taxonomic Information System","Практический источник для групп METH","https://www.itis.gov/downloads/index.html","https://www.itis.gov/downloads/index.html","https://itis.gov/privacy.html","ITIS-produced data are offered as CC0/public domain; third-party page elements remain exceptions","EN; scientific names global","International/reference","SQLite; PostgreSQL; MySQL; text; checksums","Download dated complete database and MD5SUMS from official server","L1","S2_TRAINED_SUPERVISED","ANNUAL_OR_EDITION","5","4","4","4","4","3","2","3","2","2","1","CANDIDATE","NOT_DOWNLOADED","REQUIRES_ITEM_REVIEW","NOT_REVIEWED","NOT_TESTED","","","","","","[SUPPLEMENTAL_RESEARCH] ITIS-produced data are offered as CC0/public domain; third-party page elements remain exceptions"
"SUP-LEA-003","LIFE","NCBI Taxonomy taxdump","National Center for Biotechnology Information","Практический источник для групп LIFE","https://www.ncbi.nlm.nih.gov/datasets/docs/v2/data-processing/taxonomy-processing/taxonomy/","https://www.ncbi.nlm.nih.gov/datasets/docs/v2/data-processing/taxonomy-processing/taxonomy/","https://www.ncbi.nlm.nih.gov/home/about/policies/","US government database; preserve NCBI notices; taxonomy follows sequence submissions and is neither full species catalogue nor phylogeny","EN; scientific names global","International/reference","TAR.GZ text taxdump; monthly archive","Mirror current new_taxdump plus one dated monthly archive from official FTP","L1","S2_TRAINED_SUPERVISED","ANNUAL_OR_EDITION","5","4","4","4","4","3","2","3","2","2","1","CANDIDATE","NOT_DOWNLOADED","REQUIRES_ITEM_REVIEW","NOT_REVIEWED","NOT_TESTED","","","","","","[SUPPLEMENTAL_RESEARCH] US government database; preserve NCBI notices; taxonomy follows sequence submissions and is neither full species catalogue nor phylogeny"
"SUP-LEA-004","LIFE|PORT","GBIF occurrence subset for Portugal","Global Biodiversity Information Facility","Практический источник для групп LIFE|PORT","https://techdocs.gbif.org/en/data-use/download-formats","https://techdocs.gbif.org/en/data-use/download-formats","https://www.gbif.org/terms","Records carry dataset-level CC0; CC BY or CC BY-NC; account required; sensitive coordinates and uncertain identifications must remain flagged","Multilingual fields; scientific names global","Portugal/EU","DwC-A ZIP; simple CSV ZIP; DOI metadata","Request a bounded country download through official GBIF API/account; archive rights.txt and citations.txt","L2","S2_TRAINED_SUPERVISED","ANNUAL_OR_EDITION","4","4","3","4","4","3","4","3","2","2","1","CANDIDATE","NOT_DOWNLOADED","REQUIRES_ITEM_REVIEW","NOT_REVIEWED","NOT_TESTED","","","","","","[SUPPLEMENTAL_RESEARCH] Records carry dataset-level CC0; CC BY or CC BY-NC; account required; sensitive coordinates and uncertain identifications must remain flagged"
"SUP-LEA-005","PORT","geoCATALOGO conservation and forest layers","Instituto da Conservação da Natureza e das Florestas Portugal","Практический источник для групп PORT","https://geocatalogo.icnf.pt/catalogo.html","https://geocatalogo.icnf.pt/catalogo.html","https://geocatalogo.icnf.pt/contacte-nos.html","ICNF permits use with specified attribution; operational protected-area or species decisions still require current Portuguese law","PT; geospatial attributes","Portugal/EU","Shapefile; KML; WMS; WFS","Download selected official layers and record layer title; URL and acquisition date","L1","S2_TRAINED_SUPERVISED","ANNUAL_OR_EDITION","5","4","4","4","4","3","4","3","2","2","1","CANDIDATE","NOT_DOWNLOADED","REQUIRES_ITEM_REVIEW","NOT_REVIEWED","NOT_TESTED","","","","","","[SUPPLEMENTAL_RESEARCH] ICNF permits use with specified attribution; operational protected-area or species decisions still require current Portuguese law"
"SUP-LEA-006","LIFE|PORT","EEA Waterbase Biology","European Environment Agency","Практический источник для групп LIFE|PORT","https://www.eea.europa.eu/en/datahub/datahubitem-view/7bd881f0-59ca-4f0a-a43c-7e0cd0c66d6c","https://www.eea.europa.eu/en/datahub/datahubitem-view/7bd881f0-59ca-4f0a-a43c-7e0cd0c66d6c","https://www.eea.europa.eu/en/datahub/eea-data-policy","EEA data commonly ODC-By unless item metadata differs; ecology monitoring data do not certify drinking water","EN; coded European data","Portugal/EU","SQLite; CSV; geospatial metadata","Download dated Datahub release with metadata and quality flags","L1","S2_TRAINED_SUPERVISED","ANNUAL_OR_EDITION","5","4","4","4","4","3","2","3","2","2","1","CANDIDATE","NOT_DOWNLOADED","REQUIRES_ITEM_REVIEW","NOT_REVIEWED","NOT_TESTED","","","","","","[SUPPLEMENTAL_RESEARCH] EEA data commonly ODC-By unless item metadata differs; ecology monitoring data do not certify drinking water"
"SUP-LEA-007","EARTH|PORT","CORINE Land Cover and CLMS Portugal subset","Copernicus Land Monitoring Service","Практический источник для групп EARTH|PORT","https://land.copernicus.eu/en/products/corine-land-cover","https://land.copernicus.eu/en/products/corine-land-cover","https://land.copernicus.eu/en/data-policy","Copernicus land data are free; full and open under stated attribution conditions; map resolution limits site-level decisions","EN; European legend","Portugal/EU","GeoTIFF; vector; metadata; APIs","Download bounded national tiles and legend; retain source attribution and modification statement","L1","S2_TRAINED_SUPERVISED","ANNUAL_OR_EDITION","5","4","4","4","4","3","2","3","2","2","1","CANDIDATE","NOT_DOWNLOADED","REQUIRES_ITEM_REVIEW","NOT_REVIEWED","NOT_TESTED","","","","","","[SUPPLEMENTAL_RESEARCH] Copernicus land data are free; full and open under stated attribution conditions; map resolution limits site-level decisions"
"SUP-LEA-008","LIFE","Selected approved IPBES assessments and data deposits","Intergovernmental Science-Policy Platform on Biodiversity and Ecosystem Services","Практический источник для групп LIFE","https://www.ipbes.net/assessing-knowledge","https://www.ipbes.net/assessing-knowledge","https://files.ipbes.net/ipbes-web-prod-public-files/2021-05/K2101269%20-%20IPBES-8-INF-12_unedited%20advance%20version.pdf","IPBES policy allows CC0 or CC BY for products but borrowed figures; Indigenous knowledge; confidential or restricted components require item review","EN; selected summaries in other UN languages","International/reference","PDF; DOI deposits; CSV and figures per assessment","Resolve each approved assessment to its official DOI deposit; download only files with explicit CC0 or CC BY metadata","L2","S4_REFERENCE_ONLY_PROHIBITED_HOUSEHOLD","ANNUAL_OR_EDITION","4","4","3","4","4","1","2","3","5","2","1","CANDIDATE","NOT_DOWNLOADED","REFERENCE_ONLY_NO_COPY","NOT_REVIEWED","NOT_TESTED","","","","","","[SUPPLEMENTAL_RESEARCH] IPBES policy allows CC0 or CC BY for products but borrowed figures; Indigenous knowledge; confidential or restricted components require item review"
"SUP-LEA-009","EARTH|PORT","SoilGrids bounded Portugal subset","ISRIC World Soil Information","Практический источник для групп EARTH|PORT","https://isric.org/explore/soilgrids/","https://isric.org/explore/soilgrids/","https://docs.isric.org/globaldata/soilgrids/SoilGrids_faqs_02.html","CC BY 4.0; global predictions are not advised as a local or farm-specific decision substitute","EN; global raster values","Portugal/EU","VRT; GeoTIFF tiles; WCS subsets","Use official WebDAV or WCS to acquire bounded layers; preserve quantile and uncertainty maps","L1","S2_TRAINED_SUPERVISED","ANNUAL_OR_EDITION","5","4","4","4","4","3","2","3","2","2","1","CANDIDATE","NOT_DOWNLOADED","REQUIRES_ITEM_REVIEW","NOT_REVIEWED","NOT_TESTED","","","","","","[SUPPLEMENTAL_RESEARCH] CC BY 4.0; global predictions are not advised as a local or farm-specific decision substitute"
"SUP-LEA-010","EARTH","WoSIS static snapshot","ISRIC World Soil Information","Практический источник для групп EARTH","https://docs.isric.org/globaldata/wosis/faq-wosis.html","https://docs.isric.org/globaldata/wosis/faq-wosis.html","https://docs.isric.org/globaldata/wosis/faq-wosis.html","Source profiles can mix CC BY and CC BY-NC; redistribution must retain the rights of each contributing dataset","EN; global profiles","International/reference","TSV snapshot; WFS; GraphQL; DOI","Download a DOI-bound static TSV snapshot and its source/licence metadata","L2","S4_REFERENCE_ONLY_PROHIBITED_HOUSEHOLD","ANNUAL_OR_EDITION","4","4","3","4","4","3","2","3","5","2","1","CANDIDATE","NOT_DOWNLOADED","REQUIRES_ITEM_REVIEW","NOT_REVIEWED","NOT_TESTED","","","","","","[SUPPLEMENTAL_RESEARCH] Source profiles can mix CC BY and CC BY-NC; redistribution must retain the rights of each contributing dataset"
"SUP-LEA-011","EARTH|AGRI","Harmonized World Soil Database v2","FAO and IIASA","Практический источник для групп EARTH|AGRI","https://www.fao.org/land-water/resources/tools/databases/hwsd/en","https://www.fao.org/land-water/resources/tools/databases/hwsd/en","https://www.fao.org/contact-us/terms/en/","Confirm the licence embedded in the exact HWSD release; 1 km global product cannot diagnose a field","EN","International/reference","Raster; Microsoft Access database; viewer; documentation","Download exact official release and documentation; convert only after preserving original","L2","S4_REFERENCE_ONLY_PROHIBITED_HOUSEHOLD","ANNUAL_OR_EDITION","4","4","3","4","4","3","2","3","5","2","1","CANDIDATE","NOT_DOWNLOADED","REQUIRES_ITEM_REVIEW","NOT_REVIEWED","NOT_TESTED","","","","","","[SUPPLEMENTAL_RESEARCH] Confirm the licence embedded in the exact HWSD release; 1 km global product cannot diagnose a field"
"SUP-LEA-012","EARTH","Soil Survey Manual","USDA Natural Resources Conservation Service","Практический источник для групп EARTH","https://www.nrcs.usda.gov/resources/guides-and-instructions/soil-survey-manual","https://www.nrcs.usda.gov/resources/guides-and-instructions/soil-survey-manual","https://www.usda.gov/about-usda/general-information/policies-and-links/digital/copyright-policy","US federal work generally public domain in the US; check third-party material and foreign-jurisdiction treatment","EN","International/reference","PDF by chapter and complete manual","Download official chapter PDFs and publication metadata","L1","S2_TRAINED_SUPERVISED","ANNUAL_OR_EDITION","5","4","4","4","4","3","2","3","2","2","1","CANDIDATE","NOT_DOWNLOADED","REQUIRES_ITEM_REVIEW","NOT_REVIEWED","NOT_TESTED","","","","","","[SUPPLEMENTAL_RESEARCH] US federal work generally public domain in the US; check third-party material and foreign-jurisdiction treatment"
"SUP-LEA-013","METH","Field Book for Describing and Sampling Soils v4.0","USDA Natural Resources Conservation Service","Практический источник для групп METH","https://www.nrcs.usda.gov/sites/default/files/2022-09/field-book.pdf","https://www.nrcs.usda.gov/sites/default/files/2022-09/field-book.pdf","https://www.usda.gov/about-usda/general-information/policies-and-links/digital/copyright-policy","Field description and sampling reference; deep excavation; contaminated soil and laboratory analysis remain professional gates","EN","International/reference","PDF","Download official PDF; record edition and publication date","L1","S2_TRAINED_SUPERVISED","ANNUAL_OR_EDITION","5","4","4","4","4","3","2","3","2","2","1","CANDIDATE","NOT_DOWNLOADED","REQUIRES_ITEM_REVIEW","NOT_REVIEWED","NOT_TESTED","","","","","","[SUPPLEMENTAL_RESEARCH] Field description and sampling reference; deep excavation; contaminated soil and laboratory analysis remain professional gates"
"SUP-LEA-014","HEALTH|EARTH","Soil Health Educators Guide measurement set","USDA Natural Resources Conservation Service","Практический источник для групп HEALTH|EARTH","https://www.nrcs.usda.gov/conservation-basics/soil/soil-health/soil-health-educators-guide","https://www.nrcs.usda.gov/conservation-basics/soil/soil-health/soil-health-educators-guide","https://www.usda.gov/about-usda/general-information/policies-and-links/digital/copyright-policy","No single indicator establishes soil health; nutrient; contaminant or fertilizer decisions require laboratory/agronomic review","EN","International/reference","PDF modules","Download official modules for sampling; infiltration; texture; pH; EC; moisture and related indicators","L1","S2_TRAINED_SUPERVISED","ANNUAL_OR_EDITION","5","4","4","4","4","3","2","3","2","2","1","CANDIDATE","NOT_DOWNLOADED","REQUIRES_ITEM_REVIEW","NOT_REVIEWED","NOT_TESTED","","","","","","[SUPPLEMENTAL_RESEARCH] No single indicator establishes soil health; nutrient; contaminant or fertilizer decisions require laboratory/agronomic review"
"SUP-LEA-015","EARTH|PORT","LUCAS Soil 2018 topsoil data","European Commission Joint Research Centre ESDAC","Практический источник для групп EARTH|PORT","https://esdac.jrc.ec.europa.eu/content/lucas-2018-topsoil-data","https://esdac.jrc.ec.europa.eu/content/lucas-2018-topsoil-data","https://esdac.jrc.ec.europa.eu/content/lucas-2018-topsoil-data","Licence is personal and non-transferable with redistribution limits; observations are not representative of every local field","EN; coded EU data","Portugal/EU","CSV; XLSX; Shapefile; RDATA after registration","Personal account download only after accepting the exact ESDAC licence; never copy to shared kit","L3","S4_REFERENCE_ONLY_PROHIBITED_HOUSEHOLD","ANNUAL_OR_EDITION","3","4","3","4","3","1","2","3","5","2","3","CANDIDATE","NOT_DOWNLOADED","REFERENCE_ONLY_NO_COPY","NOT_REVIEWED","NOT_TESTED","","","","","","[SUPPLEMENTAL_RESEARCH] Licence is personal and non-transferable with redistribution limits; observations are not representative of every local field"
"SUP-LEA-016","EARTH|AGRI","World Reference Base for Soil Resources","FAO Global Soil Partnership and IUSS","Практический источник для групп EARTH|AGRI","https://www.fao.org/soils-portal/data-hub/soil-classification/world-reference-base/en/","https://www.fao.org/soils-portal/data-hub/soil-classification/world-reference-base/en/","https://www.fao.org/contact-us/terms/en/","Classification requires trained description and supporting measurements; translated edition must identify authoritative original","EN; selected translations","International/reference","PDF; classification keys","Download exact official edition and translation after checking its copyright page","L2","S4_REFERENCE_ONLY_PROHIBITED_HOUSEHOLD","ANNUAL_OR_EDITION","4","4","3","4","4","3","2","3","5","2","1","CANDIDATE","NOT_DOWNLOADED","REQUIRES_ITEM_REVIEW","NOT_REVIEWED","NOT_TESTED","","","","","","[SUPPLEMENTAL_RESEARCH] Classification requires trained description and supporting measurements; translated edition must identify authoritative original"
"SUP-LEA-017","HEALTH|AGRI","FAOSTAT agriculture; land; fertilizer and food balance bulk subset","Food and Agriculture Organization of the United Nations","Практический источник для групп HEALTH|AGRI","https://www.fao.org/faostat/en/#data","https://www.fao.org/faostat/en/#data","https://www.fao.org/contact-us/terms/db-terms-of-use/en","FAO statistical databases are generally CC BY 4.0 unless metadata says otherwise; national statistics are not a farm prescription","EN; FR; ES; AR; ZH; RU in portal","International/reference","Bulk CSV ZIP; API; metadata","Download selected official bulk releases plus definitions; flags and release date","L1","S2_TRAINED_SUPERVISED","ANNUAL_OR_EDITION","5","4","4","4","4","3","4","3","2","2","1","CANDIDATE","NOT_DOWNLOADED","REQUIRES_ITEM_REVIEW","NOT_REVIEWED","NOT_TESTED","","","","","","[SUPPLEMENTAL_RESEARCH] FAO statistical databases are generally CC BY 4.0 unless metadata says otherwise; national statistics are not a farm prescription"
"SUP-LEA-018","HEALTH|AGRI|PORT","AQUASTAT Portugal and Europe subset","Food and Agriculture Organization of the United Nations","Практический источник для групп HEALTH|AGRI|PORT","https://www.fao.org/aquastat/en/","https://www.fao.org/aquastat/en/","https://www.fao.org/contact-us/terms/db-terms-of-use/en","Historical national water statistics do not establish current local availability or potability","EN; FR; ES; selected profiles","Portugal/EU","CSV/data download; country profiles; PDF metadata","Download dated indicators and country profile with definitions and provenance","L1","S2_TRAINED_SUPERVISED","ANNUAL_OR_EDITION","5","4","4","4","4","3","2","3","2","2","1","CANDIDATE","NOT_DOWNLOADED","REQUIRES_ITEM_REVIEW","NOT_REVIEWED","NOT_TESTED","","","","","","[SUPPLEMENTAL_RESEARCH] Historical national water statistics do not establish current local availability or potability"
"SUP-LEA-019","HEALTH|AGRI","AGROVOC core concepts","Food and Agriculture Organization of the United Nations","Практический источник для групп HEALTH|AGRI","https://www.fao.org/agrovoc/access","https://www.fao.org/agrovoc/access","https://www.fao.org/agrovoc/access","FAO core languages are stated as CC BY IGO 3.0 on access page; Portuguese and contributed content need separate rights verification","EN; RU; FR; ES; AR; ZH; additional languages with contributor rights","International/reference","RDF N-Triples; N-Quads; SKOS; API","Download versioned RDF dump and exact release notice","L1","S0_OBSERVE_READ","ANNUAL_OR_EDITION","5","4","4","4","4","3","4","3","0","2","1","CANDIDATE","NOT_DOWNLOADED","REQUIRES_ITEM_REVIEW","NOT_REVIEWED","NOT_TESTED","","","","","","[SUPPLEMENTAL_RESEARCH] FAO core languages are stated as CC BY IGO 3.0 on access page; Portuguese and contributed content need separate rights verification"
"SUP-LEA-020","HEALTH|AGRI|COMP","AquaCrop official software; source and manuals","Food and Agriculture Organization of the United Nations","Практический источник для групп HEALTH|AGRI|COMP","https://www.fao.org/aquacrop/en/","https://www.fao.org/aquacrop/en/","https://www.fao.org/aquacrop/en/","Crop-water model requires calibrated inputs and validation; output is scenario evidence and must never directly command irrigation","EN","International/reference","Python or Fortran source; executables; ZIP; PDF manuals; test cases","Download exact release linked by FAO; vendor source archive; executable; manual; licence and reference test output","L2","S4_REFERENCE_ONLY_PROHIBITED_HOUSEHOLD","ANNUAL_OR_EDITION","4","4","3","4","4","3","2","3","5","2","1","CANDIDATE","NOT_DOWNLOADED","REQUIRES_ITEM_REVIEW","NOT_REVIEWED","NOT_TESTED","","","","","","[SUPPLEMENTAL_RESEARCH] Crop-water model requires calibrated inputs and validation; output is scenario evidence and must never directly command irrigation"
"SUP-LEA-021","HEALTH|AGRI","Genebank Standards for Plant Genetic Resources for Food and Agriculture","Food and Agriculture Organization of the United Nations","Практический источник для групп HEALTH|AGRI","https://www.fao.org/cgrfa/policies/global-instruments/codes-standards-and-guidelines/en/","https://www.fao.org/cgrfa/policies/global-instruments/codes-standards-and-guidelines/en/","https://www.fao.org/contact-us/terms/en/","Standards cover professional seed banks; field collections; in-vitro and cryopreservation; species-specific protocols are still required","EN; RU; FR; ES; AR; ZH depending edition","International/reference","PDF","Download exact official language editions and inspect each copyright page","L2","S3_LICENSED_PROFESSIONAL","ANNUAL_OR_EDITION","4","4","3","4","4","3","4","3","4","2","1","CANDIDATE","NOT_DOWNLOADED","REQUIRES_ITEM_REVIEW","NOT_REVIEWED","NOT_TESTED","","","","","","[SUPPLEMENTAL_RESEARCH] Standards cover professional seed banks; field collections; in-vitro and cryopreservation; species-specific protocols are still required"
"SUP-LEA-022","HEALTH|AGRI","WIEWS plant genetic resources data","Food and Agriculture Organization of the United Nations","Практический источник для групп HEALTH|AGRI","https://www.fao.org/wiews/en/","https://www.fao.org/wiews/en/","https://www.fao.org/contact-us/terms/db-terms-of-use/en","Inventory metadata do not determine seed identity; viability; access rights or phytosanitary eligibility","EN; multilingual portal","International/reference","Database exports; CSV; reports","Export bounded official organization and ex-situ data with release metadata","L2","S2_TRAINED_SUPERVISED","ANNUAL_OR_EDITION","4","4","3","4","4","3","4","3","2","2","1","CANDIDATE","NOT_DOWNLOADED","REQUIRES_ITEM_REVIEW","NOT_REVIEWED","NOT_TESTED","","","","","","[SUPPLEMENTAL_RESEARCH] Inventory metadata do not determine seed identity; viability; access rights or phytosanitary eligibility"
"SUP-LEA-023","AGRI","Genesys PGR accession metadata personal cache","Crop Trust and Genesys data providers","Практический источник для групп AGRI","https://www.genesys-pgr.org/documentation/apis","https://www.genesys-pgr.org/documentation/apis","https://www.genesys-pgr.org/content/legal/terms","Terms allow use but prohibit redistribution to others; direct new users to Genesys; germplasm request is professional and legally constrained","EN; scientific names global","International/reference","JSON API; XLSX; DwC-A depending endpoint","If accepted by account terms; make a personal bounded export; do not redistribute","L3","S4_REFERENCE_ONLY_PROHIBITED_HOUSEHOLD","ANNUAL_OR_EDITION","3","4","3","4","3","3","2","3","5","2","3","CANDIDATE","NOT_DOWNLOADED","REQUIRES_ITEM_REVIEW","NOT_REVIEWED","NOT_TESTED","","","","","","[SUPPLEMENTAL_RESEARCH] Terms allow use but prohibit redistribution to others; direct new users to Genesys; germplasm request is professional and legally constrained"
"SUP-LEA-024","LIFE|AGRI","GRIN-Global taxonomy and accession search export","USDA Agricultural Research Service National Plant Germplasm System","Практический источник для групп LIFE|AGRI","https://www.ars-grin.gov/","https://www.ars-grin.gov/","https://www.usda.gov/about-usda/general-information/policies-and-links/digital/copyright-policy","NPGS germplasm is primarily for research and breeding; not a home/community seed supplier; distribution requires policy and phytosanitary checks","EN; scientific names global","International/reference","Search export; reports; taxonomy data","Use official export function only; retain retrieval date and accession provenance","L2","S3_LICENSED_PROFESSIONAL","ANNUAL_OR_EDITION","4","4","3","4","4","3","2","3","4","2","1","CANDIDATE","NOT_DOWNLOADED","REQUIRES_ITEM_REVIEW","NOT_REVIEWED","NOT_TESTED","","","","","","[SUPPLEMENTAL_RESEARCH] NPGS germplasm is primarily for research and breeding; not a home/community seed supplier; distribution requires policy and phytosanitary checks"
"SUP-LEA-025","HEALTH|AGRI|OPS","Quality Declared Seed System","Food and Agriculture Organization of the United Nations","Практический источник для групп HEALTH|AGRI|OPS","https://www.fao.org/4/a0503e/a0503e00.htm","https://www.fao.org/4/a0503e/a0503e00.htm","https://www.fao.org/4/a0503e/a0503e00.htm","Educational/non-commercial reproduction allowed with attribution under the publication notice; laboratory seed tests and certification remain regulated","EN; FR; ES","International/reference","HTML; PDF; ZIP","Download exact official 2006 edition and embedded rights statement","L2","S3_LICENSED_PROFESSIONAL","ANNUAL_OR_EDITION","4","4","3","4","4","3","2","3","4","2","1","CANDIDATE","NOT_DOWNLOADED","REQUIRES_ITEM_REVIEW","NOT_REVIEWED","NOT_TESTED","","","","","","[SUPPLEMENTAL_RESEARCH] Educational/non-commercial reproduction allowed with attribution under the publication notice; laboratory seed tests and certification remain regulated"
"SUP-LEA-026","HEALTH|OPS","Guidelines for drinking-water quality fourth edition with current addenda","World Health Organization","Практический источник для групп HEALTH|OPS","https://www.who.int/publications/i/item/9789240121225","https://www.who.int/publications/i/item/9789240121225","https://www.who.int/copyright","Authority-level guidance; never use a few field indicators to declare water potable; verify exact item licence","EN; companion materials in UN languages","International/reference","PDF","Download exact current official PDF; preserve copyright page; ISBN; addenda and superseded edition links","L2","S3_LICENSED_PROFESSIONAL","ANNUAL_OR_EDITION","4","4","3","4","4","3","2","3","4","2","1","CANDIDATE","NOT_DOWNLOADED","REQUIRES_ITEM_REVIEW","NOT_REVIEWED","NOT_TESTED","","","","","","[SUPPLEMENTAL_RESEARCH] Authority-level guidance; never use a few field indicators to declare water potable; verify exact item licence"
"SUP-LEA-027","HEALTH","Water Safety Plan Manual second edition and toolbox","World Health Organization","Практический источник для групп HEALTH","https://www.who.int/publications/i/item/9789240067691","https://www.who.int/publications/i/item/9789240067691","https://www.who.int/copyright","Designed for suppliers and regulators; household observations may feed a plan but verification and operational controls need competent operators","EN; selected translations","International/reference","PDF; basic templates; toolbox ZIP","Download manual and linked editable tools as one versioned package after per-file rights review","L2","S3_LICENSED_PROFESSIONAL","ANNUAL_OR_EDITION","4","4","3","4","4","3","2","3","4","2","1","CANDIDATE","NOT_DOWNLOADED","REQUIRES_ITEM_REVIEW","NOT_REVIEWED","NOT_TESTED","","","","","","[SUPPLEMENTAL_RESEARCH] Designed for suppliers and regulators; household observations may feed a plan but verification and operational controls need competent operators"
"SUP-LEA-028","HEALTH","Sanitary inspection packages for small water supplies","World Health Organization","Практический источник для групп HEALTH","https://www.who.int/publications/i/item/9789240089006","https://www.who.int/publications/i/item/9789240089006","https://www.who.int/copyright","Visual risk observation is safe from outside; inspection does not replace laboratory testing; authority surveillance or repair expertise","EN; selected translations","International/reference","PDF; editable inspection forms","Download publication and only the linked official form files; record licence for each","L2","S2_TRAINED_SUPERVISED","ANNUAL_OR_EDITION","4","4","3","4","4","3","2","3","2","2","1","CANDIDATE","NOT_DOWNLOADED","REQUIRES_ITEM_REVIEW","NOT_REVIEWED","NOT_TESTED","","","","","","[SUPPLEMENTAL_RESEARCH] Visual risk observation is safe from outside; inspection does not replace laboratory testing; authority surveillance or repair expertise"
"SUP-LEA-029","HEALTH|OPS","Guidelines for drinking-water quality: small water supplies","World Health Organization","Практический источник для групп HEALTH|OPS","https://www.who.int/publications/i/item/9789240088740","https://www.who.int/publications/i/item/9789240088740","https://creativecommons.org/licenses/by-nc-sa/3.0/igo/","Explicit CC BY-NC-SA 3.0 IGO; adaptation/translation requires disclaimer; regulatory and surveillance decisions remain professional","EN; executive summary in RU; FR; ES; AR","International/reference","PDF; summary sheets","Download exact official PDF and available official summaries; preserve licence and binding-language statement","L1","S3_LICENSED_PROFESSIONAL","ANNUAL_OR_EDITION","5","4","4","4","4","3","4","3","4","2","1","CANDIDATE","NOT_DOWNLOADED","REQUIRES_ITEM_REVIEW","NOT_REVIEWED","NOT_TESTED","","","","","","[SUPPLEMENTAL_RESEARCH] Explicit CC BY-NC-SA 3.0 IGO; adaptation/translation requires disclaimer; regulatory and surveillance decisions remain professional"
"SUP-LEA-030","HEALTH","Technical Notes on WASH in Emergencies","World Health Organization and WEDC","Практический источник для групп HEALTH","https://www.who.int/teams/environment-climate-change-and-health/water-sanitation-and-health/environmental-health-in-emergencies/technical-notes-on-wash-in-emergencies","https://www.who.int/teams/environment-climate-change-and-health/water-sanitation-and-health/environmental-health-in-emergencies/technical-notes-on-wash-in-emergencies","https://www.who.int/copyright","Several older notes are all-rights-reserved; free access is not redistribution permission; chemical dosing and infrastructure work need strict context","EN; some translations","International/reference","PDF notes","Download only exact official PDFs whose individual copyright notice permits intended offline use","L3","S4_REFERENCE_ONLY_PROHIBITED_HOUSEHOLD","ANNUAL_OR_EDITION","3","4","3","4","3","3","2","3","5","2","3","CANDIDATE","NOT_DOWNLOADED","REQUIRES_ITEM_REVIEW","NOT_REVIEWED","NOT_TESTED","","","","","","[SUPPLEMENTAL_RESEARCH] Several older notes are all-rights-reserved; free access is not redistribution permission; chemical dosing and infrastructure work need strict context"
"SUP-LEA-031","HEALTH","WHO International Scheme to Evaluate Household Water Treatment Technologies reports","World Health Organization","Практический источник для групп HEALTH","https://www.who.int/tools/international-scheme-to-evaluate-household-water-treatment-technologies","https://www.who.int/tools/international-scheme-to-evaluate-household-water-treatment-technologies","https://www.who.int/copyright","Evaluation performance is not product endorsement; certification; guarantee or replacement for local approval and correct use","EN","International/reference","PDF evaluation reports; performance tables","Download exact official round report and product-specific annexes with item licence","L2","S2_TRAINED_SUPERVISED","ANNUAL_OR_EDITION","4","4","3","4","4","3","2","3","2","2","1","CANDIDATE","NOT_DOWNLOADED","REQUIRES_ITEM_REVIEW","NOT_REVIEWED","NOT_TESTED","","","","","","[SUPPLEMENTAL_RESEARCH] Evaluation performance is not product endorsement; certification; guarantee or replacement for local approval and correct use"
"SUP-LEA-032","HEALTH","Emergency Disinfection of Drinking Water","United States Environmental Protection Agency","Практический источник для групп HEALTH","https://www.epa.gov/ground-water-and-drinking-water/emergency-disinfection-drinking-water-0","https://www.epa.gov/ground-water-and-drinking-water/emergency-disinfection-drinking-water-0","https://www.epa.gov/web-policies-and-procedures/epa-disclaimers","Use only for stated emergency conditions and exact product concentration; never mix disinfectants; local Portuguese alerts and labels control","EN; ES where offered","International/reference","HTML; PDF","Save official printable/PDF version; retain publication date and US jurisdiction note","L2","S3_LICENSED_PROFESSIONAL","ANNUAL_OR_EDITION","4","4","3","4","4","3","2","3","4","2","1","CANDIDATE","NOT_DOWNLOADED","REQUIRES_ITEM_REVIEW","NOT_REVIEWED","NOT_TESTED","","","","","","[SUPPLEMENTAL_RESEARCH] Use only for stated emergency conditions and exact product concentration; never mix disinfectants; local Portuguese alerts and labels control"
"SUP-LEA-033","EARTH|PORT","SNIRH Portugal hydrological information metadata","Agência Portuguesa do Ambiente","Практический источник для групп EARTH|PORT","https://snirh.apambiente.pt/","https://snirh.apambiente.pt/","https://snirh.apambiente.pt/","SNIRH homepage permits use with source attribution; still DO_NOT_INGEST as a bulk package until exact export; version and attribution metadata are proven; observations are time-sensitive and do not certify drinking-water safety","PT","Portugal/EU","Metadata; interactive tables; maps; possible exports","Keep canonical URL and dataset inventory only until an official stable versioned export is proven","L3","S4_REFERENCE_ONLY_PROHIBITED_HOUSEHOLD","ANNUAL_OR_EDITION","3","4","3","4","3","3","4","3","5","2","3","CANDIDATE","NOT_DOWNLOADED","REQUIRES_ITEM_REVIEW","NOT_REVIEWED","NOT_TESTED","","","","","","[SUPPLEMENTAL_RESEARCH] SNIRH homepage permits use with source attribution; still DO_NOT_INGEST as a bulk package until exact export; version and attribution metadata are proven; observations are time-sensitive and do not certify drinking-water safety"
"SUP-LEA-034","HEALTH|AGRI","USDA Complete Guide to Home Canning","United States Department of Agriculture with NCHFP hosting","Практический источник для групп HEALTH|AGRI","https://www.nal.usda.gov/exhibits/ipd/canning/resources","https://www.nal.usda.gov/exhibits/ipd/canning/resources","https://www.usda.gov/about-usda/general-information/policies-and-links/digital/copyright-policy","Only exact tested recipes; jar sizes; altitude corrections; processing times and pressure; no substitutions; suspect jars are discarded without tasting","EN","International/reference","PDF guides by chapter","Download exact USDA editions from official USDA/NCHFP references; preserve revision year and source","L1","S2_TRAINED_SUPERVISED","ANNUAL_OR_EDITION","5","4","4","4","4","3","2","3","2","2","1","CANDIDATE","NOT_DOWNLOADED","REQUIRES_ITEM_REVIEW","NOT_REVIEWED","NOT_TESTED","","","","","","[SUPPLEMENTAL_RESEARCH] Only exact tested recipes; jar sizes; altitude corrections; processing times and pressure; no substitutions; suspect jars are discarded without tasting"
"SUP-LEA-035","HEALTH|ARCH","National Center for Home Food Preservation selected current corpus","National Center for Home Food Preservation University of Georgia","Практический источник для групп HEALTH|ARCH","https://nchfp.uga.edu/","https://nchfp.uga.edu/","https://nchfp.uga.edu/","NCHFP is authoritative for its material but not all wrappers/images are US public domain; preservation procedures are version-sensitive","EN","International/reference","HTML; PDF","Create a dated WARC/PDF selection only after page-level rights confirmation and link validation","L2","S2_TRAINED_SUPERVISED","ANNUAL_OR_EDITION","4","4","3","4","4","3","2","3","2","2","1","CANDIDATE","NOT_DOWNLOADED","REQUIRES_ITEM_REVIEW","NOT_REVIEWED","NOT_TESTED","","","","","","[SUPPLEMENTAL_RESEARCH] NCHFP is authoritative for its material but not all wrappers/images are US public domain; preservation procedures are version-sensitive"
"SUP-LEA-036","AGRI","FoodData Central full download","USDA Agricultural Research Service","Практический источник для групп AGRI","https://fdc.nal.usda.gov/download-datasets/","https://fdc.nal.usda.gov/download-datasets/","https://fdc.nal.usda.gov/api-guide/","Data are CC0/public domain; composition values do not diagnose deficiency; allergy or clinical nutrition needs","EN","International/reference","CSV ZIP; JSON ZIP; API documentation","Download exact dated bulk release and data type documentation","L1","S2_TRAINED_SUPERVISED","ANNUAL_OR_EDITION","5","4","4","4","4","3","2","3","2","2","1","CANDIDATE","NOT_DOWNLOADED","REQUIRES_ITEM_REVIEW","NOT_REVIEWED","NOT_TESTED","","","","","","[SUPPLEMENTAL_RESEARCH] Data are CC0/public domain; composition values do not diagnose deficiency; allergy or clinical nutrition needs"
"SUP-LEA-037","HEALTH","Bad Bug Book second edition","United States Food and Drug Administration","Практический источник для групп HEALTH","https://www.fda.gov/food/foodborne-pathogens/bad-bug-book-second-edition","https://www.fda.gov/food/foodborne-pathogens/bad-bug-book-second-edition","https://www.fda.gov/about-fda/about-website/website-policies","Hazard reference only; symptoms cannot identify an organism; diagnosis; specimen testing and treatment require health professionals","EN","International/reference","PDF","Download official PDF and note edition/currentness; keep consumer and professional sections labelled","L1","S2_TRAINED_SUPERVISED","ANNUAL_OR_EDITION","5","4","4","4","4","3","2","3","2","2","1","CANDIDATE","NOT_DOWNLOADED","REQUIRES_ITEM_REVIEW","NOT_REVIEWED","NOT_TESTED","","","","","","[SUPPLEMENTAL_RESEARCH] Hazard reference only; symptoms cannot identify an organism; diagnosis; specimen testing and treatment require health professionals"
"SUP-LEA-038","HEALTH","FSIS household food safety bundle","USDA Food Safety and Inspection Service","Практический источник для групп HEALTH","https://www.fsis.usda.gov/food-safety/safe-food-handling-and-preparation/food-safety-basics/safe-temperature-chart","https://www.fsis.usda.gov/food-safety/safe-food-handling-and-preparation/food-safety-basics/safe-temperature-chart","https://www.usda.gov/about-usda/general-information/policies-and-links/digital/copyright-policy","US household guidance; apply stricter current Portuguese/EU requirements when relevant; commercial operations need HACCP and competent authority","EN; ES where offered","International/reference","HTML; printable PDF","Save exact printable pages for safe temperatures; thermometers and emergency food safety; record dates","L1","S1_LOW_RISK_HOUSEHOLD","ANNUAL_OR_EDITION","5","4","4","4","4","3","2","3","0","2","1","CANDIDATE","NOT_DOWNLOADED","REQUIRES_ITEM_REVIEW","NOT_REVIEWED","NOT_TESTED","","","","","","[SUPPLEMENTAL_RESEARCH] US household guidance; apply stricter current Portuguese/EU requirements when relevant; commercial operations need HACCP and competent authority"
"SUP-LEA-039","HEALTH|AGRI","FAO INFOODS food composition databases","Food and Agriculture Organization of the United Nations","Практический источник для групп HEALTH|AGRI","https://www.fao.org/infoods/infoods/tables-and-databases/en/","https://www.fao.org/infoods/infoods/tables-and-databases/en/","https://www.fao.org/contact-us/terms/db-terms-of-use/en","Apply FAO database terms where applicable; each linked national table may have different rights; values are analytical references not clinical prescriptions","EN; selected regional languages","International/reference","XLSX; PDF; databases","Download only direct FAO-hosted datasets; exclude linked national tables without separate reuse permission","L2","S2_TRAINED_SUPERVISED","ANNUAL_OR_EDITION","4","4","3","4","4","3","2","3","2","2","1","CANDIDATE","NOT_DOWNLOADED","REQUIRES_ITEM_REVIEW","NOT_REVIEWED","NOT_TESTED","","","","","","[SUPPLEMENTAL_RESEARCH] Apply FAO database terms where applicable; each linked national table may have different rights; values are analytical references not clinical prescriptions"
"SUP-LEA-040","HEALTH|PORT","PortFIR Portuguese Food Composition Table metadata","Instituto Nacional de Saúde Doutor Ricardo Jorge","Практический источник для групп HEALTH|PORT","https://portfir.insa.min-saude.pt/pt/","https://portfir.insa.min-saude.pt/pt/","https://portfir.insa.min-saude.pt/pt/","DO_NOT_INGEST; site indicates all rights reserved and no reusable licence was established; version is time-sensitive","PT","Portugal/EU","XLSX; web portal","Keep metadata and canonical link only; obtain written redistribution permission before copying the workbook","L3","S4_REFERENCE_ONLY_PROHIBITED_HOUSEHOLD","ANNUAL_OR_EDITION","3","4","3","4","3","3","4","3","5","2","3","CANDIDATE","NOT_DOWNLOADED","REQUIRES_ITEM_REVIEW","NOT_REVIEWED","NOT_TESTED","","","","","","[SUPPLEMENTAL_RESEARCH] DO_NOT_INGEST; site indicates all rights reserved and no reusable licence was established; version is time-sensitive"
"SUP-LEA-041","HEALTH|AGRI","Codex Alimentarius food hygiene; contaminants and water-use subset","FAO and World Health Organization Codex Alimentarius Commission","Практический источник для групп HEALTH|AGRI","https://www.fao.org/fao-who-codexalimentarius/codex-texts/standards/en/","https://www.fao.org/fao-who-codexalimentarius/codex-texts/standards/en/","https://www.fao.org/contact-us/terms/en/","Codex is an international reference and not Portuguese law; item licences can differ; commercial food safety implementation requires trained personnel","EN; FR; ES; AR; ZH; RU","International/reference","PDF standards; codes; guidelines","Resolve exact current CXC 1; CXS 193 and CXG 100 files; inspect each PDF rights page before download","L2","S4_REFERENCE_ONLY_PROHIBITED_HOUSEHOLD","ANNUAL_OR_EDITION","4","4","3","4","4","3","4","3","5","2","1","CANDIDATE","NOT_DOWNLOADED","REQUIRES_ITEM_REVIEW","NOT_REVIEWED","NOT_TESTED","","","","","","[SUPPLEMENTAL_RESEARCH] Codex is an international reference and not Portuguese law; item licences can differ; commercial food safety implementation requires trained personnel"
"SUP-LEA-042","CHEM|HEALTH|PORT","OpenFoodTox chemical hazards database","European Food Safety Authority","Практический источник для групп CHEM|HEALTH|PORT","https://www.efsa.europa.eu/en/data-report/chemical-hazards-database-openfoodtox","https://www.efsa.europa.eu/en/data-report/chemical-hazards-database-openfoodtox","https://www.efsa.europa.eu/en/legalnotice","Professional toxicology and risk-assessment data; never use to diagnose poisoning or calculate a household treatment dose","EN","Portugal/EU","XLSX; IUCLID i6z","Download dated official release and technical documentation; retain EFSA acknowledgement and third-party flags","L2","S3_LICENSED_PROFESSIONAL","ANNUAL_OR_EDITION","4","4","3","4","4","3","2","3","4","2","1","CANDIDATE","NOT_DOWNLOADED","REQUIRES_ITEM_REVIEW","NOT_REVIEWED","NOT_TESTED","","","","","","[SUPPLEMENTAL_RESEARCH] Professional toxicology and risk-assessment data; never use to diagnose poisoning or calculate a household treatment dose"
"SUP-LEA-043","LIFE|HEALTH|AGRI|PORT","EUR-Lex bounded food; water; seed; plant and animal health law snapshot","Publications Office of the European Union","Практический источник для групп LIFE|HEALTH|AGRI|PORT","https://eur-lex.europa.eu/","https://eur-lex.europa.eu/","https://eur-lex.europa.eu/content/help/data-reuse/reuse-contents-eurlex-details.html?locale=en","Law changes; consolidated text may not be legally authentic; national implementation and current competent-authority advice must overlay the archive","All official EU languages including PT","Portugal/EU","HTML; PDF; XML; Cellar metadata","Acquire CELEX-identified consolidated and original acts through official EUR-Lex/Cellar; store retrieval date and consolidation status","L3","S4_REFERENCE_ONLY_PROHIBITED_HOUSEHOLD","ANNUAL_OR_EDITION","3","4","3","4","3","3","4","3","5","2","3","CANDIDATE","NOT_DOWNLOADED","REQUIRES_ITEM_REVIEW","NOT_REVIEWED","NOT_TESTED","","","","","","[SUPPLEMENTAL_RESEARCH] Law changes; consolidated text may not be legally authentic; national implementation and current competent-authority advice must overlay the archive"
"SUP-LEA-044","HEALTH","Principles of Epidemiology in Public Health Practice third edition","Centers for Disease Control and Prevention","Практический источник для групп HEALTH","https://stacks.cdc.gov/view/cdc/13178","https://stacks.cdc.gov/view/cdc/13178","https://www.cdc.gov/other/agencymaterials.html","Explicit public-domain training work; descriptive household counts are permissible but outbreak declaration; contact tracing and causal inference need authorities","EN","International/reference","PDF; CDC Stacks metadata; checksum","Download the exact CDC Stacks public-domain object and published checksum","L1","S3_LICENSED_PROFESSIONAL","ANNUAL_OR_EDITION","5","4","4","4","4","3","2","3","4","2","1","CANDIDATE","NOT_DOWNLOADED","REQUIRES_ITEM_REVIEW","NOT_REVIEWED","NOT_TESTED","","","","","","[SUPPLEMENTAL_RESEARCH] Explicit public-domain training work; descriptive household counts are permissible but outbreak declaration; contact tracing and causal inference need authorities"
"SUP-LEA-045","HEALTH|PORT","ECDC preparedness planning and public-health measures guidance set","European Centre for Disease Prevention and Control","Практический источник для групп HEALTH|PORT","https://www.ecdc.europa.eu/en/publications-data/recommendations-preparedness-planning-public-health-threats","https://www.ecdc.europa.eu/en/publications-data/recommendations-preparedness-planning-public-health-threats","https://www.ecdc.europa.eu/en/ecdc-intellectual-property-notices","ECDC-owned public material is generally CC BY 4.0 unless stated; public-health action must follow current Portuguese authority","EN; some EU languages","Portugal/EU","PDF; annexes; templates","Download exact ECDC-owned items marked for reuse; record version; third-party figures and update date","L2","S3_LICENSED_PROFESSIONAL","ANNUAL_OR_EDITION","4","4","3","4","4","3","2","3","4","2","1","CANDIDATE","NOT_DOWNLOADED","REQUIRES_ITEM_REVIEW","NOT_REVIEWED","NOT_TESTED","","","","","","[SUPPLEMENTAL_RESEARCH] ECDC-owned public material is generally CC BY 4.0 unless stated; public-health action must follow current Portuguese authority"
"SUP-LEA-046","LIFE|HEALTH|AGRI","One Health Joint Plan of Action and implementation guide","FAO; UNEP; WHO; WOAH","Практический источник для групп LIFE|HEALTH|AGRI","https://www.fao.org/one-health/resources/publications/joint-plan-of-action/en","https://www.fao.org/one-health/resources/publications/joint-plan-of-action/en","https://www.fao.org/contact-us/terms/en/","Framework for institutions and multisector coordination; not a veterinary or medical treatment manual","EN; RU and other UN languages depending item","International/reference","PDF; implementation guide; tools","Download exact official language editions and verify each copyright page","L2","S3_LICENSED_PROFESSIONAL","ANNUAL_OR_EDITION","4","4","3","4","4","3","4","3","4","2","1","CANDIDATE","NOT_DOWNLOADED","REQUIRES_ITEM_REVIEW","NOT_REVIEWED","NOT_TESTED","","","","","","[SUPPLEMENTAL_RESEARCH] Framework for institutions and multisector coordination; not a veterinary or medical treatment manual"
"SUP-LEA-047","LIFE|HEALTH|AGRI","DAD-IS animal genetic resources export","Food and Agriculture Organization of the United Nations","Практический источник для групп LIFE|HEALTH|AGRI","https://www.fao.org/dad-is/data/data-export/en","https://www.fao.org/dad-is/data/data-export/en","https://www.fao.org/contact-us/terms/db-terms-of-use/en","Breed diversity reference under FAO database terms unless metadata differs; not a health; breeding or import authorization","EN; multilingual portal","International/reference","CSV/data export; reports","Use official custom or bulk export; preserve indicator definitions and date","L1","S2_TRAINED_SUPERVISED","ANNUAL_OR_EDITION","5","4","4","4","4","3","4","3","2","2","1","CANDIDATE","NOT_DOWNLOADED","REQUIRES_ITEM_REVIEW","NOT_REVIEWED","NOT_TESTED","","","","","","[SUPPLEMENTAL_RESEARCH] Breed diversity reference under FAO database terms unless metadata differs; not a health; breeding or import authorization"
"SUP-LEA-048","LIFE|HEALTH|AGRI","EMPRES-i+ animal disease event data","Food and Agriculture Organization of the United Nations","Практический источник для групп LIFE|HEALTH|AGRI","https://data.apps.fao.org/static/sites/empres-i/about.html","https://data.apps.fao.org/static/sites/empres-i/about.html","https://www.fao.org/contact-us/terms/db-terms-of-use/en","Events combine official and partner sources; absence of a record is not absence of disease; reporting and response belong to veterinary authorities","EN; multilingual portal","International/reference","Web map; event export/API if officially offered; metadata","Acquire only an official dated export with event-source attribution and reuse metadata","L2","S4_REFERENCE_ONLY_PROHIBITED_HOUSEHOLD","ANNUAL_OR_EDITION","4","4","3","4","4","3","4","3","5","2","1","CANDIDATE","NOT_DOWNLOADED","REQUIRES_ITEM_REVIEW","NOT_REVIEWED","NOT_TESTED","","","","","","[SUPPLEMENTAL_RESEARCH] Events combine official and partner sources; absence of a record is not absence of disease; reporting and response belong to veterinary authorities"
"SUP-LEA-049","LIFE|HEALTH","WOAH Terrestrial Animal Health Code and diagnostic Manual","World Organisation for Animal Health","Практический источник для групп LIFE|HEALTH","https://www.woah.org/en/what-we-do/standards/codes-and-manuals/","https://www.woah.org/en/what-we-do/standards/codes-and-manuals/","https://www.woah.org/en/what-we-do/publications/","Free to read does not equal redistribution; diagnostic methods are laboratory/veterinary only and editions change","EN; FR; ES","International/reference","PDF; online chapters","Keep metadata and official current/previous-edition links; obtain WOAH reproduction permission before shared offline distribution","L3","S4_REFERENCE_ONLY_PROHIBITED_HOUSEHOLD","ANNUAL_OR_EDITION","3","4","3","4","3","3","2","3","5","2","3","CANDIDATE","NOT_DOWNLOADED","REQUIRES_ITEM_REVIEW","NOT_REVIEWED","NOT_TESTED","","","","","","[SUPPLEMENTAL_RESEARCH] Free to read does not equal redistribution; diagnostic methods are laboratory/veterinary only and editions change"
"SUP-LEA-050","PHYS|LIFE|HEALTH|AGRI","NAHEMS and FAD PReP animal emergency materials","USDA Animal and Plant Health Inspection Service","Практический источник для групп PHYS|LIFE|HEALTH|AGRI","https://www.aphis.usda.gov/animal-emergencies/nahems-educational-training-materials","https://www.aphis.usda.gov/animal-emergencies/nahems-educational-training-materials","https://www.usda.gov/about-usda/general-information/policies-and-links/digital/copyright-policy","Household safe subset is observe; separate contacts; document and notify; quarantine; sampling; vaccination; euthanasia; depopulation and carcass disposal are authority-only","EN","International/reference","PDF guidelines; handouts; presentations; response plans","Download only exact US federal materials after third-party rights review; record edition and hazard role","L2","S3_LICENSED_PROFESSIONAL","ANNUAL_OR_EDITION","4","4","3","4","4","3","2","3","4","2","1","CANDIDATE","NOT_DOWNLOADED","REQUIRES_ITEM_REVIEW","NOT_REVIEWED","NOT_TESTED","","","","","","[SUPPLEMENTAL_RESEARCH] Household safe subset is observe; separate contacts; document and notify; quarantine; sampling; vaccination; euthanasia; depopulation and carcass disposal are authority-only"
"SUP-MDE-001","MATH|METH|EDU","OpenStax textbook set","openstax.org","Практический источник для групп MATH|METH|EDU","https://openstax.org/","https://openstax.org/","https://openstax.org/","Current official FAQ says CC-BY-NC-SA-4.0; exact title/edition; attribution on each physical page or digital equivalent; trademark and ancillary exclusions require item review","primarily EN;ES and other availability is title-specific","International/reference","PDF;HTML web view;book-specific ancillary files","Select exact titles and editions; preserve PDF/HTML where offered, attribution text, accessibility assets and title metadata; serve read-only locally","L2","S0_OBSERVE_READ","ANNUAL_OR_EDITION","4","4","3","4","4","3","2","3","0","2","1","CANDIDATE","NOT_DOWNLOADED","REQUIRES_ITEM_REVIEW","NOT_REVIEWED","NOT_TESTED","","","","","","[SUPPLEMENTAL_RESEARCH] Commercial/noncommercial context; title-level license snapshot; third-party figures; edition date; accessibility; no credential claim"
"SUP-MDE-002","MATH|METH|COMP|ELEC|EDU","MIT OpenCourseWare selected courses","ocw.mit.edu","Практический источник для групп MATH|METH|COMP|ELEC|EDU","https://ocw.mit.edu/","https://ocw.mit.edu/","https://ocw.mit.edu/","Current terms state CC-BY-NC-SA-4.0 for OCW content; third-party material and marks may be excluded; course-by-course review mandatory","mostly EN;translations/course variants are item-specific","International/reference","Course ZIP;HTML;PDF;media where included","Use each course's official Download Course path; freeze course URL, date, manifest and excluded assets; test all local links/media without network","L2","S1_LOW_RISK_HOUSEHOLD","ANNUAL_OR_EDITION","4","4","3","4","4","3","2","3","1","2","1","CANDIDATE","NOT_DOWNLOADED","REQUIRES_ITEM_REVIEW","NOT_REVIEWED","NOT_TESTED","","","","","","[SUPPLEMENTAL_RESEARCH] Per-course rights; NC/SA compatibility; third-party media; large video budget; current terms snapshot [CANONICAL_URL_SAFETY_FLOOR=S1_LOW_RISK_HOUSEHOLD]"
"SUP-MDE-003","MATH|METH|ELEC|EDU","PhET regular HTML simulations","phet.colorado.edu","Практический источник для групп MATH|METH|ELEC|EDU","https://phet.colorado.edu/en/","https://phet.colorado.edu/en/","https://phet.colorado.edu/en/","Regular HTML simulation files are currently CC-BY-NC-4.0 with prescribed attribution and visible brand; PhET-iO/Studio and legacy Java/Flash have separate terms","many translations including pt_BR; verify pt_PT and each simulation translation","International/reference","HTML5 simulation files;desktop offline app;legacy Java only where separately justified","Download only regular HTML sims or official offline app; preserve attribution and embedded credits; run local launch tests; exclude PhET-iO presets","L2","S1_LOW_RISK_HOUSEHOLD","ANNUAL_OR_EDITION","4","4","3","4","4","3","4","3","0","2","1","CANDIDATE","NOT_DOWNLOADED","REQUIRES_ITEM_REVIEW","NOT_REVIEWED","NOT_TESTED","","","","","","[SUPPLEMENTAL_RESEARCH] Noncommercial use gate; exact sim/version; language QA; trademark rules; third-party credits; exclude premium/iO"
"SUP-MDE-004","COMP|METH|EDU","The Carpentries lesson set","carpentries.org","Практический источник для групп COMP|METH|EDU","https://carpentries.org/","https://carpentries.org/","https://carpentries.org/","Lesson materials are generally CC-BY-4.0; software snippets/templates may have repository-specific terms; inspect each selected repo","mostly EN;community translations vary","International/reference","Git;Markdown;HTML;lesson data;instructor notes","Clone immutable tags/commits with submodules; build static lesson locally; preserve AUTHORS/CITATION/LICENSE and datasets","L2","S0_OBSERVE_READ","ANNUAL_OR_EDITION","4","4","3","4","4","3","2","3","0","2","1","CANDIDATE","NOT_DOWNLOADED","REQUIRES_ITEM_REVIEW","NOT_REVIEWED","NOT_TESTED","","","","","","[SUPPLEMENTAL_RESEARCH] Repo-level license; data rights; commit pin; build dependencies; pedagogical review for local audience"
"SUP-MDE-005","MATH|METH|EDU|ARCH","The Turing Way","github.com","Практический источник для групп MATH|METH|EDU|ARCH","https://github.com/the-turing-way/the-turing-way","https://github.com/the-turing-way/the-turing-way","https://github.com/the-turing-way/the-turing-way","Official LICENSE: documentation/process/data CC-BY-4.0; software/infrastructure MIT except where noted; third-party citations/assets still require review","EN with selected community translations including Portuguese; coverage varies","International/reference","Git;MyST/Markdown;images;HTML build;release archive","Preserve release/tag plus source repository, build environment, references and image sources; build and search locally","L2","S0_OBSERVE_READ","ANNUAL_OR_EDITION","4","4","3","4","4","3","2","3","0","2","1","CANDIDATE","NOT_DOWNLOADED","REQUIRES_ITEM_REVIEW","NOT_REVIEWED","NOT_TESTED","","","","","","[SUPPLEMENTAL_RESEARCH] Exact release; external embeds; image/file notices; citation; local build closure"
"SUP-MDE-007","EDU|ARCH|COMP","Kolibri Learning Platform","learningequality.org","Практический источник для групп EDU|ARCH|COMP","https://learningequality.org/kolibri/","https://learningequality.org/kolibri/","https://learningequality.org/kolibri/","Kolibri code is MIT and docs CC-BY-SA-4.0; every content resource/channel retains its own license and attribution","localized UI/docs;content languages depend on selected channel","International/reference","Platform installers/source packages;local database;Kolibri content channels;docs","Acquire exact platform release and supported installer/source; export/import reviewed content through official offline peer/USB mechanism; preserve channel manifest and licenses","L2","S1_LOW_RISK_HOUSEHOLD","ANNUAL_OR_EDITION","4","4","3","4","4","3","2","3","0","2","1","CANDIDATE","NOT_DOWNLOADED","REQUIRES_ITEM_REVIEW","NOT_REVIEWED","NOT_TESTED","","","","","","[SUPPLEMENTAL_RESEARCH] Platform security version; content-level rights; user/learner data privacy; backup/restore; no cloud dependency in test"
"SUP-MDE-008","ARCH|COMP","Kiwix/openZIM runtime","kiwix.org","Практический источник для групп ARCH|COMP","https://kiwix.org/en/","https://kiwix.org/en/","https://kiwix.org/en/","Kiwix/openZIM software licenses are component-specific, commonly GPL-family; ZIM container conveys no rights to contained content","reader localized;content language per ZIM","International/reference","Reader binaries;source;ZIM;OPDS/catalog metadata;Meta4;torrent where offered","Freeze exact reader and source releases for target platforms; ingest only separately cleared ZIMs; local full-text/search smoke test and file-integrity check","L2","S1_LOW_RISK_HOUSEHOLD","ANNUAL_OR_EDITION","4","4","3","4","4","3","2","3","0","2","1","CANDIDATE","NOT_DOWNLOADED","REQUIRES_ITEM_REVIEW","NOT_REVIEWED","NOT_TESTED","","","","","","[SUPPLEMENTAL_RESEARCH] Component SPDX; contained-content rights; signatures/checksums; target architecture; search/index function"
"SUP-MDE-009","ARCH|EDU","Wikimedia offline knowledge subset","dumps.wikimedia.org","Практический источник для групп ARCH|EDU","https://dumps.wikimedia.org/","https://dumps.wikimedia.org/","https://dumps.wikimedia.org/","Text is generally CC-BY-SA and may also carry GFDL terms; media, quotations, structured data and individual projects differ; attribution/history and database terms must be retained","many languages including PT, EN, RU, UK; project and snapshot specific","International/reference","XML dumps;SQL dumps;ZIM;images/media subsets;checksums","Prefer a bounded project/language/date ZIM or official dump; preserve dump metadata, contributor/history mechanism and local reader; do not imply all media are freely reusable","L2","S0_OBSERVE_READ","ANNUAL_OR_EDITION","4","4","3","4","4","3","4","3","0","2","1","CANDIDATE","NOT_DOWNLOADED","REQUIRES_ITEM_REVIEW","NOT_REVIEWED","NOT_TESTED","","","","","","[SUPPLEMENTAL_RESEARCH] Project-specific terms; media exclusions; attribution/history; content date; size; misinformation disclaimer"
"SUP-MDE-010","EDU|COMP|OPS|MATH|METH","Tatoeba language corpus","tatoeba.org","Практический источник для групп EDU|COMP|OPS|MATH|METH","https://tatoeba.org/en/downloads","https://tatoeba.org/en/downloads","https://tatoeba.org/en/downloads","Download page states general files CC-BY-2.0-FR and a subset CC0; audio license is contributor-selected and blank means no reuse outside Tatoeba","hundreds of languages; exact PT/RU/UK/EN counts fluctuate","International/reference","TSV;tar.bz2;custom exports;sentence-pair exports;audio links/metadata","Select text-only exports first; retain sentence IDs, license field, attribution URL and export date; audio only via explicit per-file permit","L2","S1_LOW_RISK_HOUSEHOLD","ANNUAL_OR_EDITION","4","4","3","4","4","3","4","3","0","2","1","CANDIDATE","NOT_DOWNLOADED","REQUIRES_ITEM_REVIEW","NOT_REVIEWED","NOT_TESTED","","","","","","[SUPPLEMENTAL_RESEARCH] User-generated accuracy; per-record license; personal/offensive text screening; audio exclusions; attribution"
"SUP-MDE-011","EDU|COMP","Apertium offline translation stack","github.com","Практический источник для групп EDU|COMP","https://github.com/apertium","https://github.com/apertium","https://github.com/apertium","Core tools currently GPL-2.0; language modules/pairs vary among GPL-2.0, GPL-3.0 and other repo-specific notices; no org-wide blanket license","pair-specific; verify exact PT-EN/PT-ES/PT-UK/PT-RU availability and direction","International/reference","Source repositories;XML linguistic data;compiled language pairs;CLI packages","Resolve core, lttoolbox and exact released pair repos to immutable commits/tags; vendor build closure and run fixed bilingual test set offline","L2","S1_LOW_RISK_HOUSEHOLD","ANNUAL_OR_EDITION","4","4","3","4","4","3","4","3","0","2","1","CANDIDATE","NOT_DOWNLOADED","REQUIRES_ITEM_REVIEW","NOT_REVIEWED","NOT_TESTED","","","","","","[SUPPLEMENTAL_RESEARCH] Pair maturity/direction; repo-level license; submodules; compiler closure; human review for authoritative text"
"SUP-MDE-012","EDU|COMP","LanguageTool standalone","github.com","Практический источник для групп EDU|COMP","https://github.com/languagetool-org/languagetool","https://github.com/languagetool-org/languagetool","https://github.com/languagetool-org/languagetool","Core is LGPL-2.1-or-later; README explicitly says dictionaries/resources and third-party libraries carry separate licenses","Portuguese, English, Spanish, Ukrainian, Russian and others; variant coverage differs","International/reference","Standalone ZIP;JAR;CLI;local HTTP server;source;language resources","Preserve exact standalone release, supported JRE, source and third-party notices; bind only to loopback/LAN as required; run fixed PT-PT and multilingual regression set","L2","S1_LOW_RISK_HOUSEHOLD","ANNUAL_OR_EDITION","4","4","3","4","4","3","4","3","0","2","1","CANDIDATE","NOT_DOWNLOADED","REQUIRES_ITEM_REVIEW","NOT_REVIEWED","NOT_TESTED","","","","","","[SUPPLEMENTAL_RESEARCH] JRE redistribution; resource licenses; pt-PT vs pt-BR; local-server exposure; no claim of perfect grammar"
"SUP-MDE-013","COMP|OPS","CPython and offline documentation","www.python.org","Практический источник для групп COMP|OPS","https://www.python.org/","https://www.python.org/","https://www.python.org/","PSF License Agreement and included third-party notices; exact release source LICENSE/history governs","docs primarily EN with selected translations","International/reference","Source tarball;installers;embeddable archives where offered;HTML/PDF/EPUB docs","Preserve source, target-platform installers, offline docs, configure/build instructions, test suite and bootstrap dependencies; build and run tests without network","L2","S1_LOW_RISK_HOUSEHOLD","ANNUAL_OR_EDITION","4","4","3","4","4","3","2","3","0","2","1","CANDIDATE","NOT_DOWNLOADED","REQUIRES_ITEM_REVIEW","NOT_REVIEWED","NOT_TESTED","","","","","","[SUPPLEMENTAL_RESEARCH] Exact patch/security status; platform/ABI; OpenSSL/Tk/readline notices; compiler bootstrap; tests"
"SUP-MDE-014","COMP|ARCH","pip wheelhouse and PEP 503-style local package set","pip.pypa.io","Практический источник для групп COMP|ARCH","https://pip.pypa.io/","https://pip.pypa.io/","https://pip.pypa.io/","pip itself is MIT; every wheel/sdist and bundled dependency has its own license; PyPI availability is not redistribution clearance","package metadata mostly EN; code languages vary","International/reference","Wheels;sdists;simple-index HTML or flat directory;requirements/constraints;hashes","Use pip download/wheel for explicit target Python/OS/ABI; preserve wheels plus sdists and build dependencies; install with no-index/find-links and require-hashes","L2","S1_LOW_RISK_HOUSEHOLD","ANNUAL_OR_EDITION","4","4","3","4","4","3","2","3","0","2","1","CANDIDATE","NOT_DOWNLOADED","REQUIRES_ITEM_REVIEW","NOT_REVIEWED","NOT_TESTED","","","","","","[SUPPLEMENTAL_RESEARCH] Hashes;licenses/SBOM;platform matrix;sdist reproducibility;dependency confusion prevention;malware scan"
"SUP-MDE-015","COMP|METH","JupyterLab local notebook environment","jupyterlab.readthedocs.io","Практический источник для групп COMP|METH","https://jupyterlab.readthedocs.io/","https://jupyterlab.readthedocs.io/","https://jupyterlab.readthedocs.io/","JupyterLab core is BSD-3-Clause; extensions, kernels and npm/Python dependencies are separate","UI localized;docs mostly EN","International/reference","Python packages/wheels;source;prebuilt web assets;HTML docs;notebooks","Freeze Lab, server, kernel and extension set via lockfiles/wheelhouse; bind locally; export HTML; verify notebook execution from clean environment","L2","S1_LOW_RISK_HOUSEHOLD","ANNUAL_OR_EDITION","4","4","3","4","4","3","2","3","0","2","1","CANDIDATE","NOT_DOWNLOADED","REQUIRES_ITEM_REVIEW","NOT_REVIEWED","NOT_TESTED","","","","","","[SUPPLEMENTAL_RESEARCH] Do not use unmaintained desktop wrapper as default; extension rights/security; token/auth; deterministic kernel; outputs scrubbed"
"SUP-MDE-016","MATH|METH|COMP","Scientific Python stack","numpy.org","Практический источник для групп MATH|METH|COMP","https://numpy.org/|https://scipy.org/|https://pandas.pydata.org/|https://matplotlib.org/|https://www.sympy.org/|https://scikit-learn.org/","https://numpy.org/|https://scipy.org/|https://pandas.pydata.org/|https://matplotlib.org/|https://www.sympy.org/|https://scikit-learn.org/","https://numpy.org/|https://scipy.org/|https://pandas.pydata.org/|https://matplotlib.org/|https://www.sympy.org/|https://scikit-learn.org/","Core projects are permissive BSD/PSF-compatible but exact packages and compiled dependencies differ; family requires component SPDX and notices","docs mostly EN; generated outputs language-neutral","International/reference","NumPy/SciPy/pandas/Matplotlib/SymPy/scikit-learn wheels and sdists;docs/examples","Create bounded, hashed wheelhouse for exact Python/OS/ABI; include sdists, BLAS/LAPACK/runtime notices, docs and known-answer numerical tests","L2","S1_LOW_RISK_HOUSEHOLD","ANNUAL_OR_EDITION","4","4","3","4","4","3","2","3","0","2","1","CANDIDATE","NOT_DOWNLOADED","REQUIRES_ITEM_REVIEW","NOT_REVIEWED","NOT_TESTED","","","","","","[SUPPLEMENTAL_RESEARCH] Per-component licenses; compiled-library ABI; numeric tolerance; CPU architecture; model/data licenses excluded unless explicit"
"SUP-MDE-017","MATH|METH","R plus curated CRAN snapshot","www.r-project.org","Практический источник для групп MATH|METH","https://www.r-project.org/","https://www.r-project.org/","https://www.r-project.org/","R is GPL-2 | GPL-3; CRAN package licenses and external data/system dependencies are package-specific","base/docs primarily EN; translations and packages vary","International/reference","R source and binaries;package tarballs/binaries;PACKAGES indexes;manuals;renv lock/cache","Freeze R version, explicit package list and source snapshot; retain renv.lock or equivalent, PACKAGES indexes, sources and platform binaries; install with network denied","L2","S1_LOW_RISK_HOUSEHOLD","ANNUAL_OR_EDITION","4","4","3","4","4","3","2","3","0","2","1","CANDIDATE","NOT_DOWNLOADED","REQUIRES_ITEM_REVIEW","NOT_REVIEWED","NOT_TESTED","","","","","","[SUPPLEMENTAL_RESEARCH] Package license fields are not sufficient alone; system deps; archived packages; exact repository snapshot; build tests"
"SUP-MDE-018","MATH|COMP","GNU Octave plus selected packages","octave.org","Практический источник для групп MATH|COMP","https://octave.org/","https://octave.org/","https://octave.org/","Octave is GPL-3-or-later; add-on packages and bundled libraries each require review","UI/docs mostly EN","International/reference","Source tarball;official installers where offered;manual HTML/PDF;Octave Forge package sources","Preserve exact source/installers, package archives, manuals, test suite and native numerical libraries; run known-answer suite offline","L2","S1_LOW_RISK_HOUSEHOLD","ANNUAL_OR_EDITION","4","4","3","4","4","3","2","3","0","2","1","CANDIDATE","NOT_DOWNLOADED","REQUIRES_ITEM_REVIEW","NOT_REVIEWED","NOT_TESTED","","","","","","[SUPPLEMENTAL_RESEARCH] Package/component licenses; BLAS/GUI dependencies; numeric compatibility is not MATLAB equivalence; platform test"
"SUP-MDE-019","MATH|COMP","SageMath source distribution","www.sagemath.org","Практический источник для групп MATH|COMP","https://www.sagemath.org/","https://www.sagemath.org/","https://www.sagemath.org/","Sage core GPL-2-or-later; assembled distribution contains many compatible components with their own notices","docs primarily EN","International/reference","Release source tarball;source-with-standard-packages;docs;optional binaries","Preserve official release source distribution including upstream package source archives, not only git clone; include bootstrap compiler/deps and run Sage test suite offline","L2","S1_LOW_RISK_HOUSEHOLD","ANNUAL_OR_EDITION","4","4","3","4","4","3","2","3","0","2","1","CANDIDATE","NOT_DOWNLOADED","REQUIRES_ITEM_REVIEW","NOT_REVIEWED","NOT_TESTED","","","","","","[SUPPLEMENTAL_RESEARCH] Large dependency closure; component licenses; build time/storage; CPU/platform; reproducible test subset"
"SUP-MDE-020","MATH|METH|COMP","Julia and curated package/artifact depot","julialang.org","Практический источник для групп MATH|METH|COMP","https://julialang.org/","https://julialang.org/","https://julialang.org/","Julia core MIT; bundled dependencies and each package/artifact have separate terms; exact signing metadata is release-specific","docs primarily EN","International/reference","Portable binaries;source tarball;source-with-dependencies;Project.toml;Manifest.toml;registry/packages/artifacts","Choose source-with-dependencies plus target binaries; preserve Project/Manifest, pinned registries, package source and artifacts; use Pkg offline mode; execute tests with network denied","L2","S1_LOW_RISK_HOUSEHOLD","ANNUAL_OR_EDITION","4","4","3","4","4","3","2","3","0","2","1","CANDIDATE","NOT_DOWNLOADED","REQUIRES_ITEM_REVIEW","NOT_REVIEWED","NOT_TESTED","","","","","","[SUPPLEMENTAL_RESEARCH] SHA/signature and current key fingerprint; package/artifact licenses; platform triples; no mutable registry refs"
"SUP-MDE-021","COMP|OPS|ARCH","SQLite","sqlite.org","Практический источник для групп COMP|OPS|ARCH","https://sqlite.org/","https://sqlite.org/","https://sqlite.org/","SQLite source is dedicated to the public domain; warranty/license option and bundled shell dependencies still need exact-artifact review","docs EN;data language-neutral","International/reference","Amalgamation;source tree;CLI binaries;HTML docs;single-file databases","Preserve amalgamation and full source, CLI, docs, compile options and test fixtures; use backup API/dump plus integrity_check and restore comparison","L2","S1_LOW_RISK_HOUSEHOLD","ANNUAL_OR_EDITION","4","4","3","4","4","3","2","3","0","2","1","CANDIDATE","NOT_DOWNLOADED","REQUIRES_ITEM_REVIEW","NOT_REVIEWED","NOT_TESTED","","","","","","[SUPPLEMENTAL_RESEARCH] Compile options; extensions; public-domain treatment outside US; database migrations; corruption/restore test"
"SUP-MDE-022","COMP|ARCH","Git and Pro Git reference","git-scm.com","Практический источник для групп COMP|ARCH","https://git-scm.com/|https://git-scm.com/book/en/v2","https://git-scm.com/|https://git-scm.com/book/en/v2","https://git-scm.com/|https://git-scm.com/book/en/v2","Git is GPL-2.0-only with project exceptions/notices; Pro Git book is CC-BY-NC-SA-3.0; bundled platform tools differ","software/docs mostly EN;Pro Git translations available","International/reference","Source tarball;platform installers;manpages/HTML docs;git bundle;Pro Git EPUB/PDF/HTML","Preserve exact Git source and installers, docs and independently licensed book; make full-ref bundles, clone offline, run fsck and compare refs/objects","L2","S1_LOW_RISK_HOUSEHOLD","ANNUAL_OR_EDITION","4","4","3","4","4","3","2","3","0","2","1","CANDIDATE","NOT_DOWNLOADED","REQUIRES_ITEM_REVIEW","NOT_REVIEWED","NOT_TESTED","","","","","","[SUPPLEMENTAL_RESEARCH] All refs/tags included; LFS/submodules not implied by bundle; signatures and keys; installer dependencies; book NC/SA"
"SUP-MDE-023","COMP|ARCH","Native C/C++ build and debug chain","gcc.gnu.org","Практический источник для групп COMP|ARCH","https://gcc.gnu.org/|https://sourceware.org/binutils/|https://sourceware.org/gdb/|https://www.gnu.org/software/make/|https://cmake.org/|https://github.com/ninja-build/ninja","https://gcc.gnu.org/|https://sourceware.org/binutils/|https://sourceware.org/gdb/|https://www.gnu.org/software/make/|https://cmake.org/|https://github.com/ninja-build/ninja","https://gcc.gnu.org/|https://sourceware.org/binutils/|https://sourceware.org/gdb/|https://www.gnu.org/software/make/|https://cmake.org/|https://github.com/ninja-build/ninja","Mixed: GCC GPL-3+ with GCC Runtime Library Exception for specified runtime components; binutils/GDB/make GPL-family; CMake BSD-3-Clause; Ninja Apache-2.0; manuals may be GFDL","docs mostly EN","International/reference","GCC;binutils;GDB;GNU make;CMake;Ninja sources/binaries/docs;sysroot/headers/libraries","Define each component/version as its own manifest record; preserve source, bootstrap binaries, sysroot, libc/headers, build generators and tests for at least two viable architectures","L2","S1_LOW_RISK_HOUSEHOLD","ANNUAL_OR_EDITION","4","4","3","4","4","3","2","3","0","2","1","CANDIDATE","NOT_DOWNLOADED","REQUIRES_ITEM_REVIEW","NOT_REVIEWED","NOT_TESTED","","","","","","[SUPPLEMENTAL_RESEARCH] Compiler bootstrap; runtime exception scope; libc/sysroot rights; target triple; binutils compatibility; no family-level blanket license"
"SUP-MDE-024","COMP|ELEC","LLVM/Clang toolchain","llvm.org","Практический источник для групп COMP|ELEC","https://llvm.org/","https://llvm.org/","https://llvm.org/","Apache-2.0 WITH LLVM-exception for current LLVM project code; bundled/runtime/third-party components require notice review","docs primarily EN","International/reference","Signed source releases;tool binaries where offered;Clang/LLD/LLDB;HTML docs;test suites","Preserve exact release sources, signatures, target binaries, runtimes/sysroot and tests; build compiler from a recorded bootstrap compiler and run offline smoke suite","L2","S1_LOW_RISK_HOUSEHOLD","ANNUAL_OR_EDITION","4","4","3","4","4","3","2","3","0","2","1","CANDIDATE","NOT_DOWNLOADED","REQUIRES_ITEM_REVIEW","NOT_REVIEWED","NOT_TESTED","","","","","","[SUPPLEMENTAL_RESEARCH] Release key; bootstrap chain; runtimes/libc++; target support; third-party notices; reproducible flags"
"SUP-MDE-025","COMP|ARCH","Rust standalone toolchain and vendored crates","www.rust-lang.org","Практический источник для групп COMP|ARCH","https://www.rust-lang.org/","https://www.rust-lang.org/","https://www.rust-lang.org/","Rust project code generally MIT OR Apache-2.0; crates, LLVM and bundled tools have independent licenses","docs primarily EN","International/reference","Standalone installers;source;rustc/cargo/rustdoc/std/docs;Cargo.lock;vendor directory;crates","Preserve official standalone installers and source for exact host/targets; cargo vendor with Cargo.lock; build using locked/offline or frozen mode; retain target std components","L2","S1_LOW_RISK_HOUSEHOLD","ANNUAL_OR_EDITION","4","4","3","4","4","3","2","3","0","2","1","CANDIDATE","NOT_DOWNLOADED","REQUIRES_ITEM_REVIEW","NOT_REVIEWED","NOT_TESTED","","","","","","[SUPPLEMENTAL_RESEARCH] Target triples; rustup channel mutability avoided; crate licenses/SBOM; build scripts; native dependencies; offline tests"
"SUP-MDE-026","COMP|ARCH","Go toolchain and vendored modules","go.dev","Практический источник для групп COMP|ARCH","https://go.dev/","https://go.dev/","https://go.dev/","Go distribution uses BSD-style license; module dependencies and generated/vendor content have independent rights","docs primarily EN","International/reference","Source archive;official binaries;docs;go.mod;go.sum;vendor tree;modules.txt","Preserve source plus binaries for host targets; pin toolchain; go mod vendor and retain go.mod/go.sum/vendor/modules.txt; build with vendor and network denied","L2","S1_LOW_RISK_HOUSEHOLD","ANNUAL_OR_EDITION","4","4","3","4","4","3","2","3","0","2","1","CANDIDATE","NOT_DOWNLOADED","REQUIRES_ITEM_REVIEW","NOT_REVIEWED","NOT_TESTED","","","","","","[SUPPLEMENTAL_RESEARCH] Bootstrap Go version; module replacements; cgo/native libs; module licenses; sum database is not offline availability proof"
"SUP-MDE-027","ELEC|ARCH","KiCad EDA","www.kicad.org","Практический источник для групп ELEC|ARCH","https://www.kicad.org/","https://www.kicad.org/","https://www.kicad.org/","Program mostly GPL-3-or-later; docs GPL-3-or-later or CC-BY-3.0; official libraries CC-BY-SA-4.0 with stated library exception; plugins/third-party libraries differ","UI/docs localized including Portuguese to varying degree","International/reference","Installers;source;schematic/PCB formats;official symbol/footprint/3D libraries;docs","Preserve exact installer/source, official library releases and docs; local ERC/DRC test project; outputs are educational artefacts, not certified safe designs","L2","S2_TRAINED_SUPERVISED","ANNUAL_OR_EDITION","4","4","3","4","4","3","2","3","2","2","1","CANDIDATE","NOT_DOWNLOADED","REQUIRES_ITEM_REVIEW","NOT_REVIEWED","NOT_TESTED","","","","","","[SUPPLEMENTAL_RESEARCH] Library version binding; plugin ban/review; model/component licensing; ERC rules; no mains/RF/high-energy design release"
"SUP-MDE-028","ELEC|COMP|ARCH","Arduino CLI/IDE plus exact board cores","docs.arduino.cc","Практический источник для групп ELEC|COMP|ARCH","https://docs.arduino.cc/arduino-cli/|https://github.com/arduino/arduino-ide","https://docs.arduino.cc/arduino-cli/|https://github.com/arduino/arduino-ide","https://docs.arduino.cc/arduino-cli/|https://github.com/arduino/arduino-ide","Arduino tools, IDE generations, cores, vendor toolchains and libraries are separately licensed; package index availability does not grant redistribution rights","UI/docs and libraries vary; verify PT resources separately","International/reference","CLI/IDE;package indexes;board cores;compiler/uploader tools;libraries;examples;source","Freeze CLI/IDE version, package_index and each referenced archive/checksum; select exact boards/cores/libs; retain toolchains, datasheets and licenses; compile offline before any ELV bench use","L2","S2_TRAINED_SUPERVISED","ANNUAL_OR_EDITION","4","4","3","4","4","3","4","3","2","2","1","CANDIDATE","NOT_DOWNLOADED","REQUIRES_ITEM_REVIEW","NOT_REVIEWED","NOT_TESTED","","","","","","[SUPPLEMENTAL_RESEARCH] Board package rights; toolchain closure; bootloader/uploader; USB drivers; no RF transmit; no mains/battery-pack/actuation"
"SUP-MDE-029","ELEC|COMP","ngspice","ngspice.sourceforge.io","Практический источник для групп ELEC|COMP","https://ngspice.sourceforge.io/","https://ngspice.sourceforge.io/","https://ngspice.sourceforge.io/","Core is BSD-3-Clause; tclspice/numparam and XSPICE portions have other terms; semiconductor models are separately licensed","docs EN","International/reference","Source tarball;platform binaries where offered;manual PDF;SPICE models/netlists","Preserve exact source/binary/manual and only cleared device models; run canonical DC/AC/transient fixture suite offline; simulation does not authorize construction","L2","S1_LOW_RISK_HOUSEHOLD","ANNUAL_OR_EDITION","4","4","3","4","4","3","2","3","0","2","1","CANDIDATE","NOT_DOWNLOADED","REQUIRES_ITEM_REVIEW","NOT_REVIEWED","NOT_TESTED","","","","","","[SUPPLEMENTAL_RESEARCH] Component notices; model redistribution; convergence/validity limits; known-answer tests; no physical safety claim"
"SUP-MDE-030","ELEC|COMP","HDL simulation family: Icarus Verilog, GHDL, Verilator","github.com","Практический источник для групп ELEC|COMP","https://github.com/steveicarus/iverilog|https://github.com/ghdl/ghdl|https://verilator.org/","https://github.com/steveicarus/iverilog|https://github.com/ghdl/ghdl|https://verilator.org/","https://github.com/steveicarus/iverilog|https://github.com/ghdl/ghdl|https://verilator.org/","Mixed: Icarus GPL-2.0; GHDL core GPL-2.0-or-later but bundled library/file notices need specific review; Verilator dual LGPL-3.0 or Artistic-2.0; test IP separate","docs primarily EN","International/reference","Source;release archives;executables;manuals;VPI/VHPI;waveforms","Treat three tools as separate component records; preserve exact releases and source; compile small IEEE-language testbenches; export VCD/FST and compare assertions offline","L2","S1_LOW_RISK_HOUSEHOLD","ANNUAL_OR_EDITION","4","4","3","4","4","3","2","3","0","2","1","CANDIDATE","NOT_DOWNLOADED","REQUIRES_ITEM_REVIEW","NOT_REVIEWED","NOT_TESTED","","","","","","[SUPPLEMENTAL_RESEARCH] FILE_LEVEL_RIGHTS_REVIEW; standard-library/tool dependencies; waveform viewer separate; no third-party HDL IP without license"
"SUP-MDE-031","ELEC|COMP","Yosys and nextpnr open synthesis/place-route","github.com","Практический источник для групп ELEC|COMP","https://github.com/YosysHQ/yosys|https://github.com/YosysHQ/nextpnr","https://github.com/YosysHQ/yosys|https://github.com/YosysHQ/nextpnr","https://github.com/YosysHQ/yosys|https://github.com/YosysHQ/nextpnr","Yosys and nextpnr cores use ISC; submodules, device/chip databases, vendor tools and bundled distributions have separate licenses","docs primarily EN","International/reference","Source;submodules;device databases;constraints;JSON/netlists;reports","Pin commits/releases plus recursive submodules; retain exact device data and constraints; run simulation-before-synthesis and deterministic report comparison where feasible","L2","S1_LOW_RISK_HOUSEHOLD","ANNUAL_OR_EDITION","4","4","3","4","4","3","2","3","0","2","1","CANDIDATE","NOT_DOWNLOADED","REQUIRES_ITEM_REVIEW","NOT_REVIEWED","NOT_TESTED","","","","","","[SUPPLEMENTAL_RESEARCH] Device-db provenance; vendor bitstream/tool terms; submodules; no hardware programming in candidate project; output is not safety proof"
"SUP-MDE-032","ELEC|COMP","Zephyr RTOS resolved west workspace","www.zephyrproject.org","Практический источник для групп ELEC|COMP","https://www.zephyrproject.org/","https://www.zephyrproject.org/","https://www.zephyrproject.org/","Zephyr core Apache-2.0; west modules, HALs, SDKs, blobs and boards each keep their own licenses","docs mostly EN","International/reference","Core source;west manifest/modules;SDK/toolchains;board DTS/HAL;docs;tests","Use a tagged release and resolved west manifest with immutable SHAs, never rolling main; archive every module/source/SDK; build only emulated or benign ELV samples offline","L2","S3_LICENSED_PROFESSIONAL","ANNUAL_OR_EDITION","4","4","3","4","4","3","2","3","4","2","1","CANDIDATE","NOT_DOWNLOADED","REQUIRES_ITEM_REVIEW","NOT_REVIEWED","NOT_TESTED","","","","","","[SUPPLEMENTAL_RESEARCH] Resolved SHAs; module/component rights; blobs; SDK; board errata; no safety certification or actuation claim"
"SUP-MDE-033","ELEC|ARCH","Renode emulation","renode.io","Практический источник для групп ELEC|ARCH","https://renode.io/","https://renode.io/","https://renode.io/","Renode core is MIT; platform descriptions, firmware images, CPU/peripheral models and test payloads may carry separate rights","docs primarily EN","International/reference","Portable releases;source;platform descriptions;Robot tests;docs;traces","Preserve exact emulator/source plus only cleared platform and firmware artefacts; execute fault/timing tests offline; label emulation gaps and never equate them with physical-device proof","L2","S1_LOW_RISK_HOUSEHOLD","ANNUAL_OR_EDITION","4","4","3","4","4","3","2","3","0","2","1","CANDIDATE","NOT_DOWNLOADED","REQUIRES_ITEM_REVIEW","NOT_REVIEWED","NOT_TESTED","","","","","","[SUPPLEMENTAL_RESEARCH] Firmware/ROM rights; model fidelity; time/peripheral limits; host dependencies; physical verification remains separate"
"SUP-MDE-034","EARTH|COMP|ARCH","QGIS LTR/standalone desktop","qgis.org","Практический источник для групп EARTH|COMP|ARCH","https://qgis.org/","https://qgis.org/","https://qgis.org/","QGIS is GPL-2.0-or-later with the stated Qt linking exception; providers, bundled dependencies, plugins and docs require exact package notices","UI and docs multilingual including Portuguese coverage that varies by release","International/reference","Standalone installers;source;projects/styles;GeoPackage/GeoTIFF readers;HTML/PDF docs","Prefer a supported LTR plus source and matching docs; disable unreviewed plugins/network services; package required PROJ grids separately because standalone installer may omit optional grids","L2","S3_LICENSED_PROFESSIONAL","ANNUAL_OR_EDITION","4","4","3","4","4","3","4","3","4","2","1","CANDIDATE","NOT_DOWNLOADED","REQUIRES_ITEM_REVIEW","NOT_REVIEWED","NOT_TESTED","","","","","","[SUPPLEMENTAL_RESEARCH] LTR/security state; Qt/plugins/providers; projection grids; CRS tests; maps dated and not authoritative emergency navigation"
"SUP-MDE-035","EARTH|COMP","GDAL plus PROJ/proj-data","gdal.org","Практический источник для групп EARTH|COMP","https://gdal.org/|https://proj.org/","https://gdal.org/|https://proj.org/","https://gdal.org/|https://proj.org/","GDAL core is MIT/X-style; PROJ uses permissive MIT/X-style terms; optional drivers/dependencies and transformation grids have distinct notices","docs EN;data language-neutral","International/reference","Source releases;CLI/libs;format drivers;proj.db;proj-data grids;docs","Preserve exact GDAL/PROJ sources and binaries, enabled-driver list, proj.db and explicitly licensed proj-data grids; disable network grid fetch; run CRS and format round trips","L2","S3_LICENSED_PROFESSIONAL","ANNUAL_OR_EDITION","4","4","3","4","4","3","2","3","4","2","1","CANDIDATE","NOT_DOWNLOADED","REQUIRES_ITEM_REVIEW","NOT_REVIEWED","NOT_TESTED","","","","","","[SUPPLEMENTAL_RESEARCH] Driver/dependency licenses; grid provenance; EPSG database/version; axis order; lossy format conversion; accuracy metadata"
"SUP-MDE-036","ARCH|METH|COMP","Archivematica preservation pipeline","www.archivematica.org","Практический источник для групп ARCH|METH|COMP","https://www.archivematica.org/|https://github.com/artefactual/archivematica","https://www.archivematica.org/|https://github.com/artefactual/archivematica","https://www.archivematica.org/|https://github.com/artefactual/archivematica","Archivematica code is AGPL-3.0 and official documentation CC-BY-SA-4.0; Storage Service, FPR, external preservation tools and OS dependencies retain separate licences","UI/docs primarily EN with community localisation varying by release","International/reference","Source;deployment roles/packages;SIP/AIP;METS/PREMIS metadata;processing reports","Freeze an exact supported release and full deployment closure for a documented Linux target; retain Storage Service/FPR state and every external tool; ingest and restore a tiny synthetic package with all network access denied","L2","S1_LOW_RISK_HOUSEHOLD","ANNUAL_OR_EDITION","4","4","3","4","4","3","2","3","0","2","1","CANDIDATE","NOT_DOWNLOADED","REQUIRES_ITEM_REVIEW","NOT_REVIEWED","NOT_TESTED","","","","","","[SUPPLEMENTAL_RESEARCH] Heavy multi-service dependency closure; AGPL/source duties; external-tool rights; FPR freshness; secrets; backup/restore; software does not replace multiple independent copies"
"SUP-MDE-037","EARTH|COMP|OPS","OpenStreetMap bounded Portugal extract","www.openstreetmap.org","Практический источник для групп EARTH|COMP|OPS","https://www.openstreetmap.org/copyright","https://www.openstreetmap.org/copyright","https://www.openstreetmap.org/copyright","OpenStreetMap database is ODbL-1.0 with attribution and share-alike obligations for derived databases; extract-provider terms, individual contents and produced works need classification","global multilingual names; completeness varies","International/reference","PBF/XML planet or separately produced regional extract;state/replication metadata;checksums;locally rendered tiles","Use official planet only if capacity permits, otherwise a separately reviewed primary regional extract provider; retain extract date, attribution and change metadata; do not bulk-cache the standard tile service or depend on public API offline","L2","S3_LICENSED_PROFESSIONAL","ANNUAL_OR_EDITION","4","4","3","4","4","3","4","3","4","2","1","CANDIDATE","NOT_DOWNLOADED","REQUIRES_ITEM_REVIEW","NOT_REVIEWED","NOT_TESTED","","","","","","[SUPPLEMENTAL_RESEARCH] ODbL and extract-provider terms; produced/derived classification; attribution; freshness/completeness; no emergency route authority; privacy-sensitive mapping review"
"SUP-MDE-038","METH|ARCH|COMP","ReproZip","www.reprozip.org","Практический источник для групп METH|ARCH|COMP","https://www.reprozip.org/","https://www.reprozip.org/","https://www.reprozip.org/","ReproZip is BSD-3-Clause; captured files, binaries, datasets and container/runtime dependencies retain their own rights","docs EN","International/reference","Source/packages;rpz bundle;YAML config;Docker/Vagrant/other unpacker backends where supported","Trace only a sanitized non-secret run on supported Linux; inspect generated config and payload; unpack on clean isolated host; compare outputs; never assume remote services are captured","L2","S1_LOW_RISK_HOUSEHOLD","ANNUAL_OR_EDITION","4","4","3","4","4","3","2","3","0","2","1","CANDIDATE","NOT_DOWNLOADED","REQUIRES_ITEM_REVIEW","NOT_REVIEWED","NOT_TESTED","","","","","","[SUPPLEMENTAL_RESEARCH] Secret scan; redistribution rights of captured closure; kernel/architecture; external services; backend availability; restore test"
"SUP-MDE-039","COMP|ARCH","Nix plus signed local binary/source cache","nixos.org","Практический источник для групп COMP|ARCH","https://nixos.org/","https://nixos.org/","https://nixos.org/","Current Nix COPYING applies LGPL-2.1-or-later; Nixpkgs recipes, packages and cached binaries have per-package licenses; a cache does not inherit Nix's license","docs mostly EN","International/reference","Nix source/binaries;flake.lock;derivations;store paths;NAR files;narinfo;source closures","Pin Nix and nixpkgs revisions; copy complete build and source closures into local binary cache; sign cache with documented key; rebuild/realise with substituters restricted to local cache","L2","S1_LOW_RISK_HOUSEHOLD","ANNUAL_OR_EDITION","4","4","3","4","4","3","2","3","0","2","1","CANDIDATE","NOT_DOWNLOADED","REQUIRES_ITEM_REVIEW","NOT_REVIEWED","NOT_TESTED","","","","","","[SUPPLEMENTAL_RESEARCH] Exact source LICENSE; package licenses/unfree flags; source closure; cache-key custody; architecture; GC roots; no network proof"
"SUP-MDE-040","COMP|ARCH","Debian installation media and bounded APT source/binary mirror","www.debian.org","Практический источник для групп COMP|ARCH","https://www.debian.org/","https://www.debian.org/","https://www.debian.org/","Debian aggregate contains packages under many licenses; main/non-free-firmware/non-free/contrib classification and each package copyright file matter; mirror metadata has separate notices","installer/docs/packages multilingual","International/reference","Signed ISO;deb;dsc/source tar;Packages/Sources;Release/InRelease;archive keyring;snapshot metadata","Select exact supported release/architectures and bounded packages; retain ISO, binary and corresponding source packages, signed metadata/keyring and mirror tooling; install/upgrade with only local mirror","L2","S1_LOW_RISK_HOUSEHOLD","ANNUAL_OR_EDITION","4","4","3","4","4","3","4","3","0","2","1","CANDIDATE","NOT_DOWNLOADED","REQUIRES_ITEM_REVIEW","NOT_REVIEWED","NOT_TESTED","","","","","","[SUPPLEMENTAL_RESEARCH] Security support dates; signatures/key expiry; complete source correspondence; installer boot test; firmware rights; snapshot is not indefinitely secure"
