"project_id","domain_id","group_code","title_ru","mode","purpose","prerequisites","inputs_tools","protocol_summary","raw_measurements","units","expected_pattern","success_evidence","repetitions","uncertainty_method","hazards","stop_conditions","waste_disposal","safety_class","supervision","duration_hours","seasonal_window","output_artifact","linked_package_ids","source_binding_state","execution_gate","status","successor_demo","release_version"
"PRJ-001","SCI-METH-01","METH","Практическая проверка: Постановка проверяемого вопроса и фальсифицируемость","OBSERVATION_DATA_OR_CALCULATION","Объяснить базовую модель, выполнить допустимую для класса риска проверку и документировать пределы по теме «Постановка проверяемого вопроса и фальсифицируемость».","|право остановить опыт|инструкция оборудования","TBD_NON_EXECUTABLE: точные item/model/material/range/PPE для протокол/неопределённость должны быть утверждены до начала","Сформулировать вопрос; записать метод и единицы; выполнить формулировка вопроса, проверяемого наблюдением; сохранить сырые данные; повторить; оценить неопределённость; сделать ограниченный вывод.","формулировка вопроса, проверяемого наблюдением","SI или явно названный стандарт","TBD_BEFORE_EXECUTION_FROM_EXACT_METHOD: диапазон/критерий фиксируется до результата; post-hoc подгонка запрещена.","сырые данные + фото/скриншот при допустимости + расчёт + uncertainty + подпись reviewer + hash пакета","2","TBD_METHOD_SPECIFIC: range/resolution/bias/repeat spread/operator effects утверждаются до execution","Не переносить вывод за пределы данных; не собирать персональные/чувствительные данные без законного основания и согласия.","STOP при неясных правах, происхождении данных, этическом конфликте или невозможности сохранить исходные данные.","TBD_ITEM_SPECIFIC_AND_LOCAL: пока маршрут отходов не утверждён, физическое выполнение блокировано.","S0_OBSERVE_READ","Самостоятельно после проверки источника; опасное действие из текста не выполняется.","3","ANY_SAFE_PERIOD","records/science/SCI-METH-01/YYYY-MM-DD/","PSP-001","PROVISIONAL_TOPIC_CANDIDATES_NOT_METHOD_REVIEWED","BLOCKED_UNTIL_EXACT_METHOD_SOURCE_SAFETY_AND_LOCAL_REVIEW","DESIGN_ONLY_NOT_EXECUTED","Новый участник находит источник офлайн, объясняет границы, повторяет допустимую процедуру и получает результат в заранее заданном допуске.","0.4"
"PRJ-002","SCI-METH-02","METH","Практическая проверка: Иерархия источников, происхождение и конфликт интересов","OBSERVATION_DATA_OR_CALCULATION","Объяснить базовую модель, выполнить допустимую для класса риска проверку и документировать пределы по теме «Иерархия источников, происхождение и конфликт интересов».","SCI-METH-01|право остановить опыт|инструкция оборудования","TBD_NON_EXECUTABLE: точные item/model/material/range/PPE для протокол/неопределённость должны быть утверждены до начала","Сформулировать вопрос; записать метод и единицы; выполнить карта утверждение → первичный источник → дата → права; сохранить сырые данные; повторить; оценить неопределённость; сделать ограниченный вывод.","карта утверждение → первичный источник → дата → права","SI или явно названный стандарт","TBD_BEFORE_EXECUTION_FROM_EXACT_METHOD: диапазон/критерий фиксируется до результата; post-hoc подгонка запрещена.","сырые данные + фото/скриншот при допустимости + расчёт + uncertainty + подпись reviewer + hash пакета","2","TBD_METHOD_SPECIFIC: range/resolution/bias/repeat spread/operator effects утверждаются до execution","Не переносить вывод за пределы данных; не собирать персональные/чувствительные данные без законного основания и согласия.","STOP при неясных правах, происхождении данных, этическом конфликте или невозможности сохранить исходные данные.","TBD_ITEM_SPECIFIC_AND_LOCAL: пока маршрут отходов не утверждён, физическое выполнение блокировано.","S0_OBSERVE_READ","Самостоятельно после проверки источника; опасное действие из текста не выполняется.","3","ANY_SAFE_PERIOD","records/science/SCI-METH-02/YYYY-MM-DD/","PSP-104|SUP-MDE-005","PROVISIONAL_TOPIC_CANDIDATES_NOT_METHOD_REVIEWED","BLOCKED_UNTIL_EXACT_METHOD_SOURCE_SAFETY_AND_LOCAL_REVIEW","DESIGN_ONLY_NOT_EXECUTED","Новый участник находит источник офлайн, объясняет границы, повторяет допустимую процедуру и получает результат в заранее заданном допуске.","0.4"
"PRJ-003","SCI-METH-03","METH","Практическая проверка: Гипотеза, контроль и альтернативные объяснения","OBSERVATION_DATA_OR_CALCULATION","Объяснить базовую модель, выполнить допустимую для класса риска проверку и документировать пределы по теме «Гипотеза, контроль и альтернативные объяснения».","SCI-METH-02|SCI-METH-01|право остановить опыт|инструкция оборудования","TBD_NON_EXECUTABLE: точные item/model/material/range/PPE для протокол/неопределённость должны быть утверждены до начала","Сформулировать вопрос; записать метод и единицы; выполнить таблица конкурирующих гипотез и различающих наблюдений; сохранить сырые данные; повторить; оценить неопределённость; сделать ограниченный вывод.","таблица конкурирующих гипотез и различающих наблюдений","SI или явно названный стандарт","TBD_BEFORE_EXECUTION_FROM_EXACT_METHOD: диапазон/критерий фиксируется до результата; post-hoc подгонка запрещена.","сырые данные + фото/скриншот при допустимости + расчёт + uncertainty + подпись reviewer + hash пакета","2","TBD_METHOD_SPECIFIC: range/resolution/bias/repeat spread/operator effects утверждаются до execution","Не переносить вывод за пределы данных; не собирать персональные/чувствительные данные без законного основания и согласия.","STOP при неясных правах, происхождении данных, этическом конфликте или невозможности сохранить исходные данные.","TBD_ITEM_SPECIFIC_AND_LOCAL: пока маршрут отходов не утверждён, физическое выполнение блокировано.","S0_OBSERVE_READ","Самостоятельно после проверки источника; опасное действие из текста не выполняется.","3","ANY_SAFE_PERIOD","records/science/SCI-METH-03/YYYY-MM-DD/","PSP-001","PROVISIONAL_TOPIC_CANDIDATES_NOT_METHOD_REVIEWED","BLOCKED_UNTIL_EXACT_METHOD_SOURCE_SAFETY_AND_LOCAL_REVIEW","DESIGN_ONLY_NOT_EXECUTED","Новый участник находит источник офлайн, объясняет границы, повторяет допустимую процедуру и получает результат в заранее заданном допуске.","0.4"
"PRJ-004","SCI-METH-04","METH","Практическая проверка: Планирование эксперимента и предрегистрация","OBSERVATION_DATA_OR_CALCULATION","Объяснить базовую модель, выполнить допустимую для класса риска проверку и документировать пределы по теме «Планирование эксперимента и предрегистрация».","SCI-METH-03|SCI-METH-01|право остановить опыт|инструкция оборудования","TBD_NON_EXECUTABLE: точные item/model/material/range/PPE для протокол/неопределённость должны быть утверждены до начала","Сформулировать вопрос; записать метод и единицы; выполнить заранее записанные переменные, критерий успеха и стоп-условие; сохранить сырые данные; повторить; оценить неопределённость; сделать ограниченный вывод.","заранее записанные переменные, критерий успеха и стоп-условие","SI или явно названный стандарт","TBD_BEFORE_EXECUTION_FROM_EXACT_METHOD: диапазон/критерий фиксируется до результата; post-hoc подгонка запрещена.","сырые данные + фото/скриншот при допустимости + расчёт + uncertainty + подпись reviewer + hash пакета","2","TBD_METHOD_SPECIFIC: range/resolution/bias/repeat spread/operator effects утверждаются до execution","Не переносить вывод за пределы данных; не собирать персональные/чувствительные данные без законного основания и согласия.","STOP при неясных правах, происхождении данных, этическом конфликте или невозможности сохранить исходные данные.","TBD_ITEM_SPECIFIC_AND_LOCAL: пока маршрут отходов не утверждён, физическое выполнение блокировано.","S0_OBSERVE_READ","Самостоятельно после проверки источника; опасное действие из текста не выполняется.","3","ANY_SAFE_PERIOD","records/science/SCI-METH-04/YYYY-MM-DD/","PSP-001","PROVISIONAL_TOPIC_CANDIDATES_NOT_METHOD_REVIEWED","BLOCKED_UNTIL_EXACT_METHOD_SOURCE_SAFETY_AND_LOCAL_REVIEW","DESIGN_ONLY_NOT_EXECUTED","Новый участник находит источник офлайн, объясняет границы, повторяет допустимую процедуру и получает результат в заранее заданном допуске.","0.4"
"PRJ-005","SCI-METH-05","METH","Практическая проверка: Выборка, смещение и репрезентативность","OBSERVATION_DATA_OR_CALCULATION","Объяснить базовую модель, выполнить допустимую для класса риска проверку и документировать пределы по теме «Выборка, смещение и репрезентативность».","SCI-METH-04|SCI-METH-01|право остановить опыт|инструкция оборудования","TBD_NON_EXECUTABLE: точные item/model/material/range/PPE для протокол/неопределённость должны быть утверждены до начала","Сформулировать вопрос; записать метод и единицы; выполнить описание рамки выборки и известных смещений; сохранить сырые данные; повторить; оценить неопределённость; сделать ограниченный вывод.","описание рамки выборки и известных смещений","SI или явно названный стандарт","TBD_BEFORE_EXECUTION_FROM_EXACT_METHOD: диапазон/критерий фиксируется до результата; post-hoc подгонка запрещена.","сырые данные + фото/скриншот при допустимости + расчёт + uncertainty + подпись reviewer + hash пакета","2","TBD_METHOD_SPECIFIC: range/resolution/bias/repeat spread/operator effects утверждаются до execution","Не переносить вывод за пределы данных; не собирать персональные/чувствительные данные без законного основания и согласия.","STOP при неясных правах, происхождении данных, этическом конфликте или невозможности сохранить исходные данные.","TBD_ITEM_SPECIFIC_AND_LOCAL: пока маршрут отходов не утверждён, физическое выполнение блокировано.","S0_OBSERVE_READ","Самостоятельно после проверки источника; опасное действие из текста не выполняется.","3","ANY_SAFE_PERIOD","records/science/SCI-METH-05/YYYY-MM-DD/","PSP-001","PROVISIONAL_TOPIC_CANDIDATES_NOT_METHOD_REVIEWED","BLOCKED_UNTIL_EXACT_METHOD_SOURCE_SAFETY_AND_LOCAL_REVIEW","DESIGN_ONLY_NOT_EXECUTED","Новый участник находит источник офлайн, объясняет границы, повторяет допустимую процедуру и получает результат в заранее заданном допуске.","0.4"
"PRJ-006","SCI-METH-06","METH","Практическая проверка: Словарь данных, типы переменных и единицы","OBSERVATION_DATA_OR_CALCULATION","Объяснить базовую модель, выполнить допустимую для класса риска проверку и документировать пределы по теме «Словарь данных, типы переменных и единицы».","SCI-METH-05|SCI-METH-01|право остановить опыт|инструкция оборудования","TBD_NON_EXECUTABLE: точные item/model/material/range/PPE для протокол/неопределённость должны быть утверждены до начала","Сформулировать вопрос; записать метод и единицы; выполнить машиночитаемый словарь поля → тип → единица → допустимый диапазон; сохранить сырые данные; повторить; оценить неопределённость; сделать ограниченный вывод.","машиночитаемый словарь поля → тип → единица → допустимый диапазон","SI или явно названный стандарт","TBD_BEFORE_EXECUTION_FROM_EXACT_METHOD: диапазон/критерий фиксируется до результата; post-hoc подгонка запрещена.","сырые данные + фото/скриншот при допустимости + расчёт + uncertainty + подпись reviewer + hash пакета","2","TBD_METHOD_SPECIFIC: range/resolution/bias/repeat spread/operator effects утверждаются до execution","Не переносить вывод за пределы данных; не собирать персональные/чувствительные данные без законного основания и согласия.","STOP при неясных правах, происхождении данных, этическом конфликте или невозможности сохранить исходные данные.","TBD_ITEM_SPECIFIC_AND_LOCAL: пока маршрут отходов не утверждён, физическое выполнение блокировано.","S0_OBSERVE_READ","Самостоятельно после проверки источника; опасное действие из текста не выполняется.","3","ANY_SAFE_PERIOD","records/science/SCI-METH-06/YYYY-MM-DD/","PSP-120|SUP-MDE-005","PROVISIONAL_TOPIC_CANDIDATES_NOT_METHOD_REVIEWED","BLOCKED_UNTIL_EXACT_METHOD_SOURCE_SAFETY_AND_LOCAL_REVIEW","DESIGN_ONLY_NOT_EXECUTED","Новый участник находит источник офлайн, объясняет границы, повторяет допустимую процедуру и получает результат в заранее заданном допуске.","0.4"
"PRJ-007","SCI-METH-07","METH","Практическая проверка: SI, размерностный анализ и преобразование единиц","OBSERVATION_DATA_OR_CALCULATION","Объяснить базовую модель, выполнить допустимую для класса риска проверку и документировать пределы по теме «SI, размерностный анализ и преобразование единиц».","SCI-METH-06|SCI-METH-01|право остановить опыт|инструкция оборудования","TBD_NON_EXECUTABLE: точные item/model/material/range/PPE для протокол/неопределённость должны быть утверждены до начала","Сформулировать вопрос; записать метод и единицы; выполнить проверка размерности и независимый пересчёт единиц; сохранить сырые данные; повторить; оценить неопределённость; сделать ограниченный вывод.","проверка размерности и независимый пересчёт единиц","SI или явно названный стандарт","TBD_BEFORE_EXECUTION_FROM_EXACT_METHOD: диапазон/критерий фиксируется до результата; post-hoc подгонка запрещена.","сырые данные + фото/скриншот при допустимости + расчёт + uncertainty + подпись reviewer + hash пакета","2","TBD_METHOD_SPECIFIC: range/resolution/bias/repeat spread/operator effects утверждаются до execution","Не переносить вывод за пределы данных; не собирать персональные/чувствительные данные без законного основания и согласия.","STOP при неясных правах, происхождении данных, этическом конфликте или невозможности сохранить исходные данные.","TBD_ITEM_SPECIFIC_AND_LOCAL: пока маршрут отходов не утверждён, физическое выполнение блокировано.","S0_OBSERVE_READ","Самостоятельно после проверки источника; опасное действие из текста не выполняется.","3","ANY_SAFE_PERIOD","records/science/SCI-METH-07/YYYY-MM-DD/","PSP-002|PSP-003","PROVISIONAL_TOPIC_CANDIDATES_NOT_METHOD_REVIEWED","BLOCKED_UNTIL_EXACT_METHOD_SOURCE_SAFETY_AND_LOCAL_REVIEW","DESIGN_ONLY_NOT_EXECUTED","Новый участник находит источник офлайн, объясняет границы, повторяет допустимую процедуру и получает результат в заранее заданном допуске.","0.4"
"PRJ-008","SCI-METH-08","METH","Практическая проверка: Калибровка и метрологическая прослеживаемость","OBSERVATION_DATA_OR_CALCULATION","Объяснить базовую модель, выполнить допустимую для класса риска проверку и документировать пределы по теме «Калибровка и метрологическая прослеживаемость».","SCI-METH-07|SCI-METH-01|право остановить опыт|инструкция оборудования","TBD_NON_EXECUTABLE: точные item/model/material/range/PPE для протокол/неопределённость должны быть утверждены до начала","Сформулировать вопрос; записать метод и единицы; выполнить запись эталона, диапазона, поправки и срока следующей проверки; сохранить сырые данные; повторить; оценить неопределённость; сделать ограниченный вывод.","запись эталона, диапазона, поправки и срока следующей проверки","SI или явно названный стандарт","TBD_BEFORE_EXECUTION_FROM_EXACT_METHOD: диапазон/критерий фиксируется до результата; post-hoc подгонка запрещена.","сырые данные + фото/скриншот при допустимости + расчёт + uncertainty + подпись reviewer + hash пакета","2","TBD_METHOD_SPECIFIC: range/resolution/bias/repeat spread/operator effects утверждаются до execution","Не переносить вывод за пределы данных; не собирать персональные/чувствительные данные без законного основания и согласия.","STOP при неясных правах, происхождении данных, этическом конфликте или невозможности сохранить исходные данные.","TBD_ITEM_SPECIFIC_AND_LOCAL: пока маршрут отходов не утверждён, физическое выполнение блокировано.","S0_OBSERVE_READ","Самостоятельно после проверки источника; опасное действие из текста не выполняется.","3","ANY_SAFE_PERIOD","records/science/SCI-METH-08/YYYY-MM-DD/","PSP-006|SUP-PHY-004","PROVISIONAL_TOPIC_CANDIDATES_NOT_METHOD_REVIEWED","BLOCKED_UNTIL_EXACT_METHOD_SOURCE_SAFETY_AND_LOCAL_REVIEW","DESIGN_ONLY_NOT_EXECUTED","Новый участник находит источник офлайн, объясняет границы, повторяет допустимую процедуру и получает результат в заранее заданном допуске.","0.4"
"PRJ-009","SCI-METH-09","METH","Практическая проверка: Повторяемость, воспроизводимость и стабильность","OBSERVATION_DATA_OR_CALCULATION","Объяснить базовую модель, выполнить допустимую для класса риска проверку и документировать пределы по теме «Повторяемость, воспроизводимость и стабильность».","SCI-METH-08|SCI-METH-01|право остановить опыт|инструкция оборудования","TBD_NON_EXECUTABLE: точные item/model/material/range/PPE для протокол/неопределённость должны быть утверждены до начала","Сформулировать вопрос; записать метод и единицы; выполнить серия повторов одним и двумя операторами; сохранить сырые данные; повторить; оценить неопределённость; сделать ограниченный вывод.","серия повторов одним и двумя операторами","SI или явно названный стандарт","TBD_BEFORE_EXECUTION_FROM_EXACT_METHOD: диапазон/критерий фиксируется до результата; post-hoc подгонка запрещена.","сырые данные + фото/скриншот при допустимости + расчёт + uncertainty + подпись reviewer + hash пакета","2","TBD_METHOD_SPECIFIC: range/resolution/bias/repeat spread/operator effects утверждаются до execution","Не переносить вывод за пределы данных; не собирать персональные/чувствительные данные без законного основания и согласия.","STOP при неясных правах, происхождении данных, этическом конфликте или невозможности сохранить исходные данные.","TBD_ITEM_SPECIFIC_AND_LOCAL: пока маршрут отходов не утверждён, физическое выполнение блокировано.","S0_OBSERVE_READ","Самостоятельно после проверки источника; опасное действие из текста не выполняется.","3","ANY_SAFE_PERIOD","records/science/SCI-METH-09/YYYY-MM-DD/","PSP-001","PROVISIONAL_TOPIC_CANDIDATES_NOT_METHOD_REVIEWED","BLOCKED_UNTIL_EXACT_METHOD_SOURCE_SAFETY_AND_LOCAL_REVIEW","DESIGN_ONLY_NOT_EXECUTED","Новый участник находит источник офлайн, объясняет границы, повторяет допустимую процедуру и получает результат в заранее заданном допуске.","0.4"
"PRJ-010","SCI-METH-10","METH","Практическая проверка: Неопределённость и распространение ошибок","OBSERVATION_DATA_OR_CALCULATION","Объяснить базовую модель, выполнить допустимую для класса риска проверку и документировать пределы по теме «Неопределённость и распространение ошибок».","SCI-METH-09|SCI-METH-01|право остановить опыт|инструкция оборудования","TBD_NON_EXECUTABLE: точные item/model/material/range/PPE для протокол/неопределённость должны быть утверждены до начала","Сформулировать вопрос; записать метод и единицы; выполнить бюджет неопределённости с допущениями; сохранить сырые данные; повторить; оценить неопределённость; сделать ограниченный вывод.","бюджет неопределённости с допущениями","SI или явно названный стандарт","TBD_BEFORE_EXECUTION_FROM_EXACT_METHOD: диапазон/критерий фиксируется до результата; post-hoc подгонка запрещена.","сырые данные + фото/скриншот при допустимости + расчёт + uncertainty + подпись reviewer + hash пакета","2","TBD_METHOD_SPECIFIC: range/resolution/bias/repeat spread/operator effects утверждаются до execution","Не переносить вывод за пределы данных; не собирать персональные/чувствительные данные без законного основания и согласия.","STOP при неясных правах, происхождении данных, этическом конфликте или невозможности сохранить исходные данные.","TBD_ITEM_SPECIFIC_AND_LOCAL: пока маршрут отходов не утверждён, физическое выполнение блокировано.","S0_OBSERVE_READ","Самостоятельно после проверки источника; опасное действие из текста не выполняется.","3","ANY_SAFE_PERIOD","records/science/SCI-METH-10/YYYY-MM-DD/","PSP-006|SUP-PHY-004","PROVISIONAL_TOPIC_CANDIDATES_NOT_METHOD_REVIEWED","BLOCKED_UNTIL_EXACT_METHOD_SOURCE_SAFETY_AND_LOCAL_REVIEW","DESIGN_ONLY_NOT_EXECUTED","Новый участник находит источник офлайн, объясняет границы, повторяет допустимую процедуру и получает результат в заранее заданном допуске.","0.4"
"PRJ-011","SCI-METH-11","METH","Практическая проверка: Разведочный анализ и визуальная проверка данных","OBSERVATION_DATA_OR_CALCULATION","Объяснить базовую модель, выполнить допустимую для класса риска проверку и документировать пределы по теме «Разведочный анализ и визуальная проверка данных».","SCI-METH-10|SCI-METH-01|право остановить опыт|инструкция оборудования","TBD_NON_EXECUTABLE: точные item/model/material/range/PPE для протокол/неопределённость должны быть утверждены до начала","Сформулировать вопрос; записать метод и единицы; выполнить график, выбросы, пропуски и сохранённые сырые данные; сохранить сырые данные; повторить; оценить неопределённость; сделать ограниченный вывод.","график, выбросы, пропуски и сохранённые сырые данные","SI или явно названный стандарт","TBD_BEFORE_EXECUTION_FROM_EXACT_METHOD: диапазон/критерий фиксируется до результата; post-hoc подгонка запрещена.","сырые данные + фото/скриншот при допустимости + расчёт + uncertainty + подпись reviewer + hash пакета","2","TBD_METHOD_SPECIFIC: range/resolution/bias/repeat spread/operator effects утверждаются до execution","Не переносить вывод за пределы данных; не собирать персональные/чувствительные данные без законного основания и согласия.","STOP при неясных правах, происхождении данных, этическом конфликте или невозможности сохранить исходные данные.","TBD_ITEM_SPECIFIC_AND_LOCAL: пока маршрут отходов не утверждён, физическое выполнение блокировано.","S0_OBSERVE_READ","Самостоятельно после проверки источника; опасное действие из текста не выполняется.","3","ANY_SAFE_PERIOD","records/science/SCI-METH-11/YYYY-MM-DD/","PSP-001","PROVISIONAL_TOPIC_CANDIDATES_NOT_METHOD_REVIEWED","BLOCKED_UNTIL_EXACT_METHOD_SOURCE_SAFETY_AND_LOCAL_REVIEW","DESIGN_ONLY_NOT_EXECUTED","Новый участник находит источник офлайн, объясняет границы, повторяет допустимую процедуру и получает результат в заранее заданном допуске.","0.4"
"PRJ-012","SCI-METH-12","METH","Практическая проверка: Статистический вывод, корреляция и причинность","OBSERVATION_DATA_OR_CALCULATION","Объяснить базовую модель, выполнить допустимую для класса риска проверку и документировать пределы по теме «Статистический вывод, корреляция и причинность».","SCI-METH-11|SCI-METH-01|право остановить опыт|инструкция оборудования","TBD_NON_EXECUTABLE: точные item/model/material/range/PPE для протокол/неопределённость должны быть утверждены до начала","Сформулировать вопрос; записать метод и единицы; выполнить явное разделение ассоциации, механизма и причинного вывода; сохранить сырые данные; повторить; оценить неопределённость; сделать ограниченный вывод.","явное разделение ассоциации, механизма и причинного вывода","SI или явно названный стандарт","TBD_BEFORE_EXECUTION_FROM_EXACT_METHOD: диапазон/критерий фиксируется до результата; post-hoc подгонка запрещена.","сырые данные + фото/скриншот при допустимости + расчёт + uncertainty + подпись reviewer + hash пакета","2","TBD_METHOD_SPECIFIC: range/resolution/bias/repeat spread/operator effects утверждаются до execution","Не переносить вывод за пределы данных; не собирать персональные/чувствительные данные без законного основания и согласия.","STOP при неясных правах, происхождении данных, этическом конфликте или невозможности сохранить исходные данные.","TBD_ITEM_SPECIFIC_AND_LOCAL: пока маршрут отходов не утверждён, физическое выполнение блокировано.","S0_OBSERVE_READ","Самостоятельно после проверки источника; опасное действие из текста не выполняется.","3","ANY_SAFE_PERIOD","records/science/SCI-METH-12/YYYY-MM-DD/","PSP-001","PROVISIONAL_TOPIC_CANDIDATES_NOT_METHOD_REVIEWED","BLOCKED_UNTIL_EXACT_METHOD_SOURCE_SAFETY_AND_LOCAL_REVIEW","DESIGN_ONLY_NOT_EXECUTED","Новый участник находит источник офлайн, объясняет границы, повторяет допустимую процедуру и получает результат в заранее заданном допуске.","0.4"
"PRJ-013","SCI-METH-13","METH","Практическая проверка: Лабораторный журнал, версии и отрицательные результаты","OBSERVATION_DATA_OR_CALCULATION","Объяснить базовую модель, выполнить допустимую для класса риска проверку и документировать пределы по теме «Лабораторный журнал, версии и отрицательные результаты».","SCI-METH-12|SCI-METH-01|право остановить опыт|инструкция оборудования","TBD_NON_EXECUTABLE: точные item/model/material/range/PPE для протокол/неопределённость должны быть утверждены до начала","Сформулировать вопрос; записать метод и единицы; выполнить неизменяемая запись метода, версии, ошибок и исходов; сохранить сырые данные; повторить; оценить неопределённость; сделать ограниченный вывод.","неизменяемая запись метода, версии, ошибок и исходов","SI или явно названный стандарт","TBD_BEFORE_EXECUTION_FROM_EXACT_METHOD: диапазон/критерий фиксируется до результата; post-hoc подгонка запрещена.","сырые данные + фото/скриншот при допустимости + расчёт + uncertainty + подпись reviewer + hash пакета","2","TBD_METHOD_SPECIFIC: range/resolution/bias/repeat spread/operator effects утверждаются до execution","Не переносить вывод за пределы данных; не собирать персональные/чувствительные данные без законного основания и согласия.","STOP при неясных правах, происхождении данных, этическом конфликте или невозможности сохранить исходные данные.","TBD_ITEM_SPECIFIC_AND_LOCAL: пока маршрут отходов не утверждён, физическое выполнение блокировано.","S0_OBSERVE_READ","Самостоятельно после проверки источника; опасное действие из текста не выполняется.","3","ANY_SAFE_PERIOD","records/science/SCI-METH-13/YYYY-MM-DD/","PSP-120|SUP-MDE-005","PROVISIONAL_TOPIC_CANDIDATES_NOT_METHOD_REVIEWED","BLOCKED_UNTIL_EXACT_METHOD_SOURCE_SAFETY_AND_LOCAL_REVIEW","DESIGN_ONLY_NOT_EXECUTED","Новый участник находит источник офлайн, объясняет границы, повторяет допустимую процедуру и получает результат в заранее заданном допуске.","0.4"
"PRJ-014","SCI-METH-14","METH","Практическая проверка: Этика, риск, согласие и право остановить опыт","OBSERVATION_DATA_OR_CALCULATION","Объяснить базовую модель, выполнить допустимую для класса риска проверку и документировать пределы по теме «Этика, риск, согласие и право остановить опыт».","SCI-METH-13|SCI-METH-01|право остановить опыт|инструкция оборудования","TBD_NON_EXECUTABLE: точные item/model/material/range/PPE для протокол/неопределённость должны быть утверждены до начала","Сформулировать вопрос; записать метод и единицы; выполнить предварительный риск-анализ и подписанное стоп-правило; сохранить сырые данные; повторить; оценить неопределённость; сделать ограниченный вывод.","предварительный риск-анализ и подписанное стоп-правило","SI или явно названный стандарт","TBD_BEFORE_EXECUTION_FROM_EXACT_METHOD: диапазон/критерий фиксируется до результата; post-hoc подгонка запрещена.","сырые данные + фото/скриншот при допустимости + расчёт + uncertainty + подпись reviewer + hash пакета","2","TBD_METHOD_SPECIFIC: range/resolution/bias/repeat spread/operator effects утверждаются до execution","Не переносить вывод за пределы данных; не собирать персональные/чувствительные данные без законного основания и согласия.","STOP при неясных правах, происхождении данных, этическом конфликте или невозможности сохранить исходные данные.","TBD_ITEM_SPECIFIC_AND_LOCAL: пока маршрут отходов не утверждён, физическое выполнение блокировано.","S0_OBSERVE_READ","Самостоятельно после проверки источника; опасное действие из текста не выполняется.","3","ANY_SAFE_PERIOD","records/science/SCI-METH-14/YYYY-MM-DD/","PSP-104|PSP-119","PROVISIONAL_TOPIC_CANDIDATES_NOT_METHOD_REVIEWED","BLOCKED_UNTIL_EXACT_METHOD_SOURCE_SAFETY_AND_LOCAL_REVIEW","DESIGN_ONLY_NOT_EXECUTED","Новый участник находит источник офлайн, объясняет границы, повторяет допустимую процедуру и получает результат в заранее заданном допуске.","0.4"
"PRJ-015","SCI-MATH-01","MATH","Практическая проверка: Арифметика, порядок действий и оценка порядка величины","OBSERVATION_DATA_OR_CALCULATION","Объяснить базовую модель, выполнить допустимую для класса риска проверку и документировать пределы по теме «Арифметика, порядок действий и оценка порядка величины».","SCI-METH-01|SCI-METH-07|SCI-METH-14|право остановить опыт|инструкция оборудования","TBD_NON_EXECUTABLE: точные item/model/material/range/PPE для расчёт/невязка должны быть утверждены до начала","Сформулировать вопрос; записать метод и единицы; выполнить ручной и независимый расчёт с оценкой сверху/снизу; сохранить сырые данные; повторить; оценить неопределённость; сделать ограниченный вывод.","ручной и независимый расчёт с оценкой сверху/снизу","SI или явно названный стандарт","TBD_BEFORE_EXECUTION_FROM_EXACT_METHOD: диапазон/критерий фиксируется до результата; post-hoc подгонка запрещена.","сырые данные + фото/скриншот при допустимости + расчёт + uncertainty + подпись reviewer + hash пакета","2","TBD_METHOD_SPECIFIC: range/resolution/bias/repeat spread/operator effects утверждаются до execution","Не переносить вывод за пределы данных; не собирать персональные/чувствительные данные без законного основания и согласия.","STOP при неясных правах, происхождении данных, этическом конфликте или невозможности сохранить исходные данные.","TBD_ITEM_SPECIFIC_AND_LOCAL: пока маршрут отходов не утверждён, физическое выполнение блокировано.","S0_OBSERVE_READ","Самостоятельно после проверки источника; опасное действие из текста не выполняется.","3","ANY_SAFE_PERIOD","records/science/SCI-MATH-01/YYYY-MM-DD/","PSP-011","PROVISIONAL_TOPIC_CANDIDATES_NOT_METHOD_REVIEWED","BLOCKED_UNTIL_EXACT_METHOD_SOURCE_SAFETY_AND_LOCAL_REVIEW","DESIGN_ONLY_NOT_EXECUTED","Новый участник находит источник офлайн, объясняет границы, повторяет допустимую процедуру и получает результат в заранее заданном допуске.","0.4"
"PRJ-016","SCI-MATH-02","MATH","Практическая проверка: Дроби, отношения, проценты и пропорции","OBSERVATION_DATA_OR_CALCULATION","Объяснить базовую модель, выполнить допустимую для класса риска проверку и документировать пределы по теме «Дроби, отношения, проценты и пропорции».","SCI-MATH-01|SCI-METH-13|право остановить опыт|инструкция оборудования","TBD_NON_EXECUTABLE: точные item/model/material/range/PPE для расчёт/невязка должны быть утверждены до начала","Сформулировать вопрос; записать метод и единицы; выполнить масштабирование рецепта или ресурса с проверкой суммы; сохранить сырые данные; повторить; оценить неопределённость; сделать ограниченный вывод.","масштабирование рецепта или ресурса с проверкой суммы","SI или явно названный стандарт","TBD_BEFORE_EXECUTION_FROM_EXACT_METHOD: диапазон/критерий фиксируется до результата; post-hoc подгонка запрещена.","сырые данные + фото/скриншот при допустимости + расчёт + uncertainty + подпись reviewer + hash пакета","2","TBD_METHOD_SPECIFIC: range/resolution/bias/repeat spread/operator effects утверждаются до execution","Не переносить вывод за пределы данных; не собирать персональные/чувствительные данные без законного основания и согласия.","STOP при неясных правах, происхождении данных, этическом конфликте или невозможности сохранить исходные данные.","TBD_ITEM_SPECIFIC_AND_LOCAL: пока маршрут отходов не утверждён, физическое выполнение блокировано.","S0_OBSERVE_READ","Самостоятельно после проверки источника; опасное действие из текста не выполняется.","3","ANY_SAFE_PERIOD","records/science/SCI-MATH-02/YYYY-MM-DD/","PSP-011","PROVISIONAL_TOPIC_CANDIDATES_NOT_METHOD_REVIEWED","BLOCKED_UNTIL_EXACT_METHOD_SOURCE_SAFETY_AND_LOCAL_REVIEW","DESIGN_ONLY_NOT_EXECUTED","Новый участник находит источник офлайн, объясняет границы, повторяет допустимую процедуру и получает результат в заранее заданном допуске.","0.4"
"PRJ-017","SCI-MATH-03","MATH","Практическая проверка: Единицы, приставки и перевод величин","OBSERVATION_DATA_OR_CALCULATION","Объяснить базовую модель, выполнить допустимую для класса риска проверку и документировать пределы по теме «Единицы, приставки и перевод величин».","SCI-MATH-02|SCI-METH-13|право остановить опыт|инструкция оборудования","TBD_NON_EXECUTABLE: точные item/model/material/range/PPE для расчёт/невязка должны быть утверждены до начала","Сформулировать вопрос; записать метод и единицы; выполнить двухмаршрутный перевод единиц без потери размерности; сохранить сырые данные; повторить; оценить неопределённость; сделать ограниченный вывод.","двухмаршрутный перевод единиц без потери размерности","SI или явно названный стандарт","TBD_BEFORE_EXECUTION_FROM_EXACT_METHOD: диапазон/критерий фиксируется до результата; post-hoc подгонка запрещена.","сырые данные + фото/скриншот при допустимости + расчёт + uncertainty + подпись reviewer + hash пакета","2","TBD_METHOD_SPECIFIC: range/resolution/bias/repeat spread/operator effects утверждаются до execution","Не переносить вывод за пределы данных; не собирать персональные/чувствительные данные без законного основания и согласия.","STOP при неясных правах, происхождении данных, этическом конфликте или невозможности сохранить исходные данные.","TBD_ITEM_SPECIFIC_AND_LOCAL: пока маршрут отходов не утверждён, физическое выполнение блокировано.","S0_OBSERVE_READ","Самостоятельно после проверки источника; опасное действие из текста не выполняется.","3","ANY_SAFE_PERIOD","records/science/SCI-MATH-03/YYYY-MM-DD/","PSP-002|PSP-003","PROVISIONAL_TOPIC_CANDIDATES_NOT_METHOD_REVIEWED","BLOCKED_UNTIL_EXACT_METHOD_SOURCE_SAFETY_AND_LOCAL_REVIEW","DESIGN_ONLY_NOT_EXECUTED","Новый участник находит источник офлайн, объясняет границы, повторяет допустимую процедуру и получает результат в заранее заданном допуске.","0.4"
"PRJ-018","SCI-MATH-04","MATH","Практическая проверка: Алгебраические выражения и уравнения","OBSERVATION_DATA_OR_CALCULATION","Объяснить базовую модель, выполнить допустимую для класса риска проверку и документировать пределы по теме «Алгебраические выражения и уравнения».","SCI-MATH-03|SCI-METH-13|право остановить опыт|инструкция оборудования","TBD_NON_EXECUTABLE: точные item/model/material/range/PPE для расчёт/невязка должны быть утверждены до начала","Сформулировать вопрос; записать метод и единицы; выполнить решение и обратная подстановка; сохранить сырые данные; повторить; оценить неопределённость; сделать ограниченный вывод.","решение и обратная подстановка","SI или явно названный стандарт","TBD_BEFORE_EXECUTION_FROM_EXACT_METHOD: диапазон/критерий фиксируется до результата; post-hoc подгонка запрещена.","сырые данные + фото/скриншот при допустимости + расчёт + uncertainty + подпись reviewer + hash пакета","2","TBD_METHOD_SPECIFIC: range/resolution/bias/repeat spread/operator effects утверждаются до execution","Не переносить вывод за пределы данных; не собирать персональные/чувствительные данные без законного основания и согласия.","STOP при неясных правах, происхождении данных, этическом конфликте или невозможности сохранить исходные данные.","TBD_ITEM_SPECIFIC_AND_LOCAL: пока маршрут отходов не утверждён, физическое выполнение блокировано.","S0_OBSERVE_READ","Самостоятельно после проверки источника; опасное действие из текста не выполняется.","3","ANY_SAFE_PERIOD","records/science/SCI-MATH-04/YYYY-MM-DD/","PSP-012","PROVISIONAL_TOPIC_CANDIDATES_NOT_METHOD_REVIEWED","BLOCKED_UNTIL_EXACT_METHOD_SOURCE_SAFETY_AND_LOCAL_REVIEW","DESIGN_ONLY_NOT_EXECUTED","Новый участник находит источник офлайн, объясняет границы, повторяет допустимую процедуру и получает результат в заранее заданном допуске.","0.4"
"PRJ-019","SCI-MATH-05","MATH","Практическая проверка: Функции, таблицы и графики","OBSERVATION_DATA_OR_CALCULATION","Объяснить базовую модель, выполнить допустимую для класса риска проверку и документировать пределы по теме «Функции, таблицы и графики».","SCI-MATH-04|SCI-METH-13|право остановить опыт|инструкция оборудования","TBD_NON_EXECUTABLE: точные item/model/material/range/PPE для расчёт/невязка должны быть утверждены до начала","Сформулировать вопрос; записать метод и единицы; выполнить построение таблицы значений и интерпретация наклона; сохранить сырые данные; повторить; оценить неопределённость; сделать ограниченный вывод.","построение таблицы значений и интерпретация наклона","SI или явно названный стандарт","TBD_BEFORE_EXECUTION_FROM_EXACT_METHOD: диапазон/критерий фиксируется до результата; post-hoc подгонка запрещена.","сырые данные + фото/скриншот при допустимости + расчёт + uncertainty + подпись reviewer + hash пакета","2","TBD_METHOD_SPECIFIC: range/resolution/bias/repeat spread/operator effects утверждаются до execution","Не переносить вывод за пределы данных; не собирать персональные/чувствительные данные без законного основания и согласия.","STOP при неясных правах, происхождении данных, этическом конфликте или невозможности сохранить исходные данные.","TBD_ITEM_SPECIFIC_AND_LOCAL: пока маршрут отходов не утверждён, физическое выполнение блокировано.","S0_OBSERVE_READ","Самостоятельно после проверки источника; опасное действие из текста не выполняется.","3","ANY_SAFE_PERIOD","records/science/SCI-MATH-05/YYYY-MM-DD/","PSP-012","PROVISIONAL_TOPIC_CANDIDATES_NOT_METHOD_REVIEWED","BLOCKED_UNTIL_EXACT_METHOD_SOURCE_SAFETY_AND_LOCAL_REVIEW","DESIGN_ONLY_NOT_EXECUTED","Новый участник находит источник офлайн, объясняет границы, повторяет допустимую процедуру и получает результат в заранее заданном допуске.","0.4"
"PRJ-020","SCI-MATH-06","MATH","Практическая проверка: Евклидова геометрия и площадь/объём","OBSERVATION_DATA_OR_CALCULATION","Объяснить базовую модель, выполнить допустимую для класса риска проверку и документировать пределы по теме «Евклидова геометрия и площадь/объём».","SCI-MATH-05|SCI-METH-13|право остановить опыт|инструкция оборудования","TBD_NON_EXECUTABLE: точные item/model/material/range/PPE для расчёт/невязка должны быть утверждены до начала","Сформулировать вопрос; записать метод и единицы; выполнить измерение формы и проверка вычисленного объёма; сохранить сырые данные; повторить; оценить неопределённость; сделать ограниченный вывод.","измерение формы и проверка вычисленного объёма","SI или явно названный стандарт","TBD_BEFORE_EXECUTION_FROM_EXACT_METHOD: диапазон/критерий фиксируется до результата; post-hoc подгонка запрещена.","сырые данные + фото/скриншот при допустимости + расчёт + uncertainty + подпись reviewer + hash пакета","2","TBD_METHOD_SPECIFIC: range/resolution/bias/repeat spread/operator effects утверждаются до execution","Не переносить вывод за пределы данных; не собирать персональные/чувствительные данные без законного основания и согласия.","STOP при неясных правах, происхождении данных, этическом конфликте или невозможности сохранить исходные данные.","TBD_ITEM_SPECIFIC_AND_LOCAL: пока маршрут отходов не утверждён, физическое выполнение блокировано.","S0_OBSERVE_READ","Самостоятельно после проверки источника; опасное действие из текста не выполняется.","3","ANY_SAFE_PERIOD","records/science/SCI-MATH-06/YYYY-MM-DD/","PSP-012","PROVISIONAL_TOPIC_CANDIDATES_NOT_METHOD_REVIEWED","BLOCKED_UNTIL_EXACT_METHOD_SOURCE_SAFETY_AND_LOCAL_REVIEW","DESIGN_ONLY_NOT_EXECUTED","Новый участник находит источник офлайн, объясняет границы, повторяет допустимую процедуру и получает результат в заранее заданном допуске.","0.4"
"PRJ-021","SCI-MATH-07","MATH","Практическая проверка: Тригонометрия и непрямые измерения","OBSERVATION_DATA_OR_CALCULATION","Объяснить базовую модель, выполнить допустимую для класса риска проверку и документировать пределы по теме «Тригонометрия и непрямые измерения».","SCI-MATH-06|SCI-METH-13|право остановить опыт|инструкция оборудования","TBD_NON_EXECUTABLE: точные item/model/material/range/PPE для расчёт/невязка должны быть утверждены до начала","Сформулировать вопрос; записать метод и единицы; выполнить оценка высоты безопасного объекта по углу и базе; сохранить сырые данные; повторить; оценить неопределённость; сделать ограниченный вывод.","оценка высоты безопасного объекта по углу и базе","SI или явно названный стандарт","TBD_BEFORE_EXECUTION_FROM_EXACT_METHOD: диапазон/критерий фиксируется до результата; post-hoc подгонка запрещена.","сырые данные + фото/скриншот при допустимости + расчёт + uncertainty + подпись reviewer + hash пакета","2","TBD_METHOD_SPECIFIC: range/resolution/bias/repeat spread/operator effects утверждаются до execution","Не переносить вывод за пределы данных; не собирать персональные/чувствительные данные без законного основания и согласия.","STOP при неясных правах, происхождении данных, этическом конфликте или невозможности сохранить исходные данные.","TBD_ITEM_SPECIFIC_AND_LOCAL: пока маршрут отходов не утверждён, физическое выполнение блокировано.","S0_OBSERVE_READ","Самостоятельно после проверки источника; опасное действие из текста не выполняется.","3","ANY_SAFE_PERIOD","records/science/SCI-MATH-07/YYYY-MM-DD/","PSP-012","PROVISIONAL_TOPIC_CANDIDATES_NOT_METHOD_REVIEWED","BLOCKED_UNTIL_EXACT_METHOD_SOURCE_SAFETY_AND_LOCAL_REVIEW","DESIGN_ONLY_NOT_EXECUTED","Новый участник находит источник офлайн, объясняет границы, повторяет допустимую процедуру и получает результат в заранее заданном допуске.","0.4"
"PRJ-022","SCI-MATH-08","MATH","Практическая проверка: Координаты, векторы и аналитическая геометрия","OBSERVATION_DATA_OR_CALCULATION","Объяснить базовую модель, выполнить допустимую для класса риска проверку и документировать пределы по теме «Координаты, векторы и аналитическая геометрия».","SCI-MATH-07|SCI-METH-13|право остановить опыт|инструкция оборудования","TBD_NON_EXECUTABLE: точные item/model/material/range/PPE для расчёт/невязка должны быть утверждены до начала","Сформулировать вопрос; записать метод и единицы; выполнить переход между координатным описанием и вектором; сохранить сырые данные; повторить; оценить неопределённость; сделать ограниченный вывод.","переход между координатным описанием и вектором","SI или явно названный стандарт","TBD_BEFORE_EXECUTION_FROM_EXACT_METHOD: диапазон/критерий фиксируется до результата; post-hoc подгонка запрещена.","сырые данные + фото/скриншот при допустимости + расчёт + uncertainty + подпись reviewer + hash пакета","2","TBD_METHOD_SPECIFIC: range/resolution/bias/repeat spread/operator effects утверждаются до execution","Не переносить вывод за пределы данных; не собирать персональные/чувствительные данные без законного основания и согласия.","STOP при неясных правах, происхождении данных, этическом конфликте или невозможности сохранить исходные данные.","TBD_ITEM_SPECIFIC_AND_LOCAL: пока маршрут отходов не утверждён, физическое выполнение блокировано.","S0_OBSERVE_READ","Самостоятельно после проверки источника; опасное действие из текста не выполняется.","3","ANY_SAFE_PERIOD","records/science/SCI-MATH-08/YYYY-MM-DD/","PSP-012","PROVISIONAL_TOPIC_CANDIDATES_NOT_METHOD_REVIEWED","BLOCKED_UNTIL_EXACT_METHOD_SOURCE_SAFETY_AND_LOCAL_REVIEW","DESIGN_ONLY_NOT_EXECUTED","Новый участник находит источник офлайн, объясняет границы, повторяет допустимую процедуру и получает результат в заранее заданном допуске.","0.4"
"PRJ-023","SCI-MATH-09","MATH","Практическая проверка: Линейная алгебра и системы уравнений","OBSERVATION_DATA_OR_CALCULATION","Объяснить базовую модель, выполнить допустимую для класса риска проверку и документировать пределы по теме «Линейная алгебра и системы уравнений».","SCI-MATH-08|SCI-METH-13|право остановить опыт|инструкция оборудования","TBD_NON_EXECUTABLE: точные item/model/material/range/PPE для расчёт/невязка должны быть утверждены до начала","Сформулировать вопрос; записать метод и единицы; выполнить решение малой системы и проверка невязки; сохранить сырые данные; повторить; оценить неопределённость; сделать ограниченный вывод.","решение малой системы и проверка невязки","SI или явно названный стандарт","TBD_BEFORE_EXECUTION_FROM_EXACT_METHOD: диапазон/критерий фиксируется до результата; post-hoc подгонка запрещена.","сырые данные + фото/скриншот при допустимости + расчёт + uncertainty + подпись reviewer + hash пакета","2","TBD_METHOD_SPECIFIC: range/resolution/bias/repeat spread/operator effects утверждаются до execution","Не переносить вывод за пределы данных; не собирать персональные/чувствительные данные без законного основания и согласия.","STOP при неясных правах, происхождении данных, этическом конфликте или невозможности сохранить исходные данные.","TBD_ITEM_SPECIFIC_AND_LOCAL: пока маршрут отходов не утверждён, физическое выполнение блокировано.","S0_OBSERVE_READ","Самостоятельно после проверки источника; опасное действие из текста не выполняется.","3","ANY_SAFE_PERIOD","records/science/SCI-MATH-09/YYYY-MM-DD/","PSP-012","PROVISIONAL_TOPIC_CANDIDATES_NOT_METHOD_REVIEWED","BLOCKED_UNTIL_EXACT_METHOD_SOURCE_SAFETY_AND_LOCAL_REVIEW","DESIGN_ONLY_NOT_EXECUTED","Новый участник находит источник офлайн, объясняет границы, повторяет допустимую процедуру и получает результат в заранее заданном допуске.","0.4"
"PRJ-024","SCI-MATH-10","MATH","Практическая проверка: Предел, производная и скорость изменения","OBSERVATION_DATA_OR_CALCULATION","Объяснить базовую модель, выполнить допустимую для класса риска проверку и документировать пределы по теме «Предел, производная и скорость изменения».","SCI-MATH-09|SCI-METH-13|право остановить опыт|инструкция оборудования","TBD_NON_EXECUTABLE: точные item/model/material/range/PPE для расчёт/невязка должны быть утверждены до начала","Сформулировать вопрос; записать метод и единицы; выполнить численная оценка производной по измеренному ряду; сохранить сырые данные; повторить; оценить неопределённость; сделать ограниченный вывод.","численная оценка производной по измеренному ряду","SI или явно названный стандарт","TBD_BEFORE_EXECUTION_FROM_EXACT_METHOD: диапазон/критерий фиксируется до результата; post-hoc подгонка запрещена.","сырые данные + фото/скриншот при допустимости + расчёт + uncertainty + подпись reviewer + hash пакета","2","TBD_METHOD_SPECIFIC: range/resolution/bias/repeat spread/operator effects утверждаются до execution","Не переносить вывод за пределы данных; не собирать персональные/чувствительные данные без законного основания и согласия.","STOP при неясных правах, происхождении данных, этическом конфликте или невозможности сохранить исходные данные.","TBD_ITEM_SPECIFIC_AND_LOCAL: пока маршрут отходов не утверждён, физическое выполнение блокировано.","S0_OBSERVE_READ","Самостоятельно после проверки источника; опасное действие из текста не выполняется.","3","ANY_SAFE_PERIOD","records/science/SCI-MATH-10/YYYY-MM-DD/","PSP-013","PROVISIONAL_TOPIC_CANDIDATES_NOT_METHOD_REVIEWED","BLOCKED_UNTIL_EXACT_METHOD_SOURCE_SAFETY_AND_LOCAL_REVIEW","DESIGN_ONLY_NOT_EXECUTED","Новый участник находит источник офлайн, объясняет границы, повторяет допустимую процедуру и получает результат в заранее заданном допуске.","0.4"
"PRJ-025","SCI-MATH-11","MATH","Практическая проверка: Интеграл, накопление и баланс","OBSERVATION_DATA_OR_CALCULATION","Объяснить базовую модель, выполнить допустимую для класса риска проверку и документировать пределы по теме «Интеграл, накопление и баланс».","SCI-MATH-10|SCI-METH-13|право остановить опыт|инструкция оборудования","TBD_NON_EXECUTABLE: точные item/model/material/range/PPE для расчёт/невязка должны быть утверждены до начала","Сформулировать вопрос; записать метод и единицы; выполнить оценка накопленного расхода по временным отсчётам; сохранить сырые данные; повторить; оценить неопределённость; сделать ограниченный вывод.","оценка накопленного расхода по временным отсчётам","SI или явно названный стандарт","TBD_BEFORE_EXECUTION_FROM_EXACT_METHOD: диапазон/критерий фиксируется до результата; post-hoc подгонка запрещена.","сырые данные + фото/скриншот при допустимости + расчёт + uncertainty + подпись reviewer + hash пакета","2","TBD_METHOD_SPECIFIC: range/resolution/bias/repeat spread/operator effects утверждаются до execution","Не переносить вывод за пределы данных; не собирать персональные/чувствительные данные без законного основания и согласия.","STOP при неясных правах, происхождении данных, этическом конфликте или невозможности сохранить исходные данные.","TBD_ITEM_SPECIFIC_AND_LOCAL: пока маршрут отходов не утверждён, физическое выполнение блокировано.","S0_OBSERVE_READ","Самостоятельно после проверки источника; опасное действие из текста не выполняется.","3","ANY_SAFE_PERIOD","records/science/SCI-MATH-11/YYYY-MM-DD/","PSP-013","PROVISIONAL_TOPIC_CANDIDATES_NOT_METHOD_REVIEWED","BLOCKED_UNTIL_EXACT_METHOD_SOURCE_SAFETY_AND_LOCAL_REVIEW","DESIGN_ONLY_NOT_EXECUTED","Новый участник находит источник офлайн, объясняет границы, повторяет допустимую процедуру и получает результат в заранее заданном допуске.","0.4"
"PRJ-026","SCI-MATH-12","MATH","Практическая проверка: Дифференциальные уравнения и динамические модели","OBSERVATION_DATA_OR_CALCULATION","Объяснить базовую модель, выполнить допустимую для класса риска проверку и документировать пределы по теме «Дифференциальные уравнения и динамические модели».","SCI-MATH-11|SCI-METH-13|право остановить опыт|инструкция оборудования","TBD_NON_EXECUTABLE: точные item/model/material/range/PPE для расчёт/невязка должны быть утверждены до начала","Сформулировать вопрос; записать метод и единицы; выполнить сравнение простой модели с наблюдаемой траекторией; сохранить сырые данные; повторить; оценить неопределённость; сделать ограниченный вывод.","сравнение простой модели с наблюдаемой траекторией","SI или явно названный стандарт","TBD_BEFORE_EXECUTION_FROM_EXACT_METHOD: диапазон/критерий фиксируется до результата; post-hoc подгонка запрещена.","сырые данные + фото/скриншот при допустимости + расчёт + uncertainty + подпись reviewer + hash пакета","2","TBD_METHOD_SPECIFIC: range/resolution/bias/repeat spread/operator effects утверждаются до execution","Не переносить вывод за пределы данных; не собирать персональные/чувствительные данные без законного основания и согласия.","STOP при неясных правах, происхождении данных, этическом конфликте или невозможности сохранить исходные данные.","TBD_ITEM_SPECIFIC_AND_LOCAL: пока маршрут отходов не утверждён, физическое выполнение блокировано.","S0_OBSERVE_READ","Самостоятельно после проверки источника; опасное действие из текста не выполняется.","3","ANY_SAFE_PERIOD","records/science/SCI-MATH-12/YYYY-MM-DD/","PSP-013","PROVISIONAL_TOPIC_CANDIDATES_NOT_METHOD_REVIEWED","BLOCKED_UNTIL_EXACT_METHOD_SOURCE_SAFETY_AND_LOCAL_REVIEW","DESIGN_ONLY_NOT_EXECUTED","Новый участник находит источник офлайн, объясняет границы, повторяет допустимую процедуру и получает результат в заранее заданном допуске.","0.4"
"PRJ-027","SCI-MATH-13","MATH","Практическая проверка: Логика, множества, графы и дискретные структуры","OBSERVATION_DATA_OR_CALCULATION","Объяснить базовую модель, выполнить допустимую для класса риска проверку и документировать пределы по теме «Логика, множества, графы и дискретные структуры».","SCI-MATH-12|SCI-METH-13|право остановить опыт|инструкция оборудования","TBD_NON_EXECUTABLE: точные item/model/material/range/PPE для расчёт/невязка должны быть утверждены до начала","Сформулировать вопрос; записать метод и единицы; выполнить таблица истинности или граф зависимостей; сохранить сырые данные; повторить; оценить неопределённость; сделать ограниченный вывод.","таблица истинности или граф зависимостей","SI или явно названный стандарт","TBD_BEFORE_EXECUTION_FROM_EXACT_METHOD: диапазон/критерий фиксируется до результата; post-hoc подгонка запрещена.","сырые данные + фото/скриншот при допустимости + расчёт + uncertainty + подпись reviewer + hash пакета","2","TBD_METHOD_SPECIFIC: range/resolution/bias/repeat spread/operator effects утверждаются до execution","Не переносить вывод за пределы данных; не собирать персональные/чувствительные данные без законного основания и согласия.","STOP при неясных правах, происхождении данных, этическом конфликте или невозможности сохранить исходные данные.","TBD_ITEM_SPECIFIC_AND_LOCAL: пока маршрут отходов не утверждён, физическое выполнение блокировано.","S0_OBSERVE_READ","Самостоятельно после проверки источника; опасное действие из текста не выполняется.","3","ANY_SAFE_PERIOD","records/science/SCI-MATH-13/YYYY-MM-DD/","PSP-020|PSP-012","PROVISIONAL_TOPIC_CANDIDATES_NOT_METHOD_REVIEWED","BLOCKED_UNTIL_EXACT_METHOD_SOURCE_SAFETY_AND_LOCAL_REVIEW","DESIGN_ONLY_NOT_EXECUTED","Новый участник находит источник офлайн, объясняет границы, повторяет допустимую процедуру и получает результат в заранее заданном допуске.","0.4"
"PRJ-028","SCI-MATH-14","MATH","Практическая проверка: Вероятность и условная вероятность","OBSERVATION_DATA_OR_CALCULATION","Объяснить базовую модель, выполнить допустимую для класса риска проверку и документировать пределы по теме «Вероятность и условная вероятность».","SCI-MATH-13|SCI-METH-13|право остановить опыт|инструкция оборудования","TBD_NON_EXECUTABLE: точные item/model/material/range/PPE для расчёт/невязка должны быть утверждены до начала","Сформулировать вопрос; записать метод и единицы; выполнить дерево событий и проверка суммы вероятностей; сохранить сырые данные; повторить; оценить неопределённость; сделать ограниченный вывод.","дерево событий и проверка суммы вероятностей","SI или явно названный стандарт","TBD_BEFORE_EXECUTION_FROM_EXACT_METHOD: диапазон/критерий фиксируется до результата; post-hoc подгонка запрещена.","сырые данные + фото/скриншот при допустимости + расчёт + uncertainty + подпись reviewer + hash пакета","2","TBD_METHOD_SPECIFIC: range/resolution/bias/repeat spread/operator effects утверждаются до execution","Не переносить вывод за пределы данных; не собирать персональные/чувствительные данные без законного основания и согласия.","STOP при неясных правах, происхождении данных, этическом конфликте или невозможности сохранить исходные данные.","TBD_ITEM_SPECIFIC_AND_LOCAL: пока маршрут отходов не утверждён, физическое выполнение блокировано.","S0_OBSERVE_READ","Самостоятельно после проверки источника; опасное действие из текста не выполняется.","3","ANY_SAFE_PERIOD","records/science/SCI-MATH-14/YYYY-MM-DD/","PSP-014|PSP-001","PROVISIONAL_TOPIC_CANDIDATES_NOT_METHOD_REVIEWED","BLOCKED_UNTIL_EXACT_METHOD_SOURCE_SAFETY_AND_LOCAL_REVIEW","DESIGN_ONLY_NOT_EXECUTED","Новый участник находит источник офлайн, объясняет границы, повторяет допустимую процедуру и получает результат в заранее заданном допуске.","0.4"
"PRJ-029","SCI-MATH-15","MATH","Практическая проверка: Описательная статистика и устойчивые меры","OBSERVATION_DATA_OR_CALCULATION","Объяснить базовую модель, выполнить допустимую для класса риска проверку и документировать пределы по теме «Описательная статистика и устойчивые меры».","SCI-MATH-14|SCI-METH-13|право остановить опыт|инструкция оборудования","TBD_NON_EXECUTABLE: точные item/model/material/range/PPE для расчёт/невязка должны быть утверждены до начала","Сформулировать вопрос; записать метод и единицы; выполнить среднее, медиана, разброс и квартильный размах; сохранить сырые данные; повторить; оценить неопределённость; сделать ограниченный вывод.","среднее, медиана, разброс и квартильный размах","SI или явно названный стандарт","TBD_BEFORE_EXECUTION_FROM_EXACT_METHOD: диапазон/критерий фиксируется до результата; post-hoc подгонка запрещена.","сырые данные + фото/скриншот при допустимости + расчёт + uncertainty + подпись reviewer + hash пакета","2","TBD_METHOD_SPECIFIC: range/resolution/bias/repeat spread/operator effects утверждаются до execution","Не переносить вывод за пределы данных; не собирать персональные/чувствительные данные без законного основания и согласия.","STOP при неясных правах, происхождении данных, этическом конфликте или невозможности сохранить исходные данные.","TBD_ITEM_SPECIFIC_AND_LOCAL: пока маршрут отходов не утверждён, физическое выполнение блокировано.","S0_OBSERVE_READ","Самостоятельно после проверки источника; опасное действие из текста не выполняется.","3","ANY_SAFE_PERIOD","records/science/SCI-MATH-15/YYYY-MM-DD/","PSP-014|PSP-001","PROVISIONAL_TOPIC_CANDIDATES_NOT_METHOD_REVIEWED","BLOCKED_UNTIL_EXACT_METHOD_SOURCE_SAFETY_AND_LOCAL_REVIEW","DESIGN_ONLY_NOT_EXECUTED","Новый участник находит источник офлайн, объясняет границы, повторяет допустимую процедуру и получает результат в заранее заданном допуске.","0.4"
"PRJ-030","SCI-MATH-16","MATH","Практическая проверка: Доверительные интервалы и проверка гипотез","OBSERVATION_DATA_OR_CALCULATION","Объяснить базовую модель, выполнить допустимую для класса риска проверку и документировать пределы по теме «Доверительные интервалы и проверка гипотез».","SCI-MATH-15|SCI-METH-13|право остановить опыт|инструкция оборудования","TBD_NON_EXECUTABLE: точные item/model/material/range/PPE для расчёт/невязка должны быть утверждены до начала","Сформулировать вопрос; записать метод и единицы; выполнить интервал с явно указанными предпосылками; сохранить сырые данные; повторить; оценить неопределённость; сделать ограниченный вывод.","интервал с явно указанными предпосылками","SI или явно названный стандарт","TBD_BEFORE_EXECUTION_FROM_EXACT_METHOD: диапазон/критерий фиксируется до результата; post-hoc подгонка запрещена.","сырые данные + фото/скриншот при допустимости + расчёт + uncertainty + подпись reviewer + hash пакета","2","TBD_METHOD_SPECIFIC: range/resolution/bias/repeat spread/operator effects утверждаются до execution","Не переносить вывод за пределы данных; не собирать персональные/чувствительные данные без законного основания и согласия.","STOP при неясных правах, происхождении данных, этическом конфликте или невозможности сохранить исходные данные.","TBD_ITEM_SPECIFIC_AND_LOCAL: пока маршрут отходов не утверждён, физическое выполнение блокировано.","S0_OBSERVE_READ","Самостоятельно после проверки источника; опасное действие из текста не выполняется.","3","ANY_SAFE_PERIOD","records/science/SCI-MATH-16/YYYY-MM-DD/","PSP-014|PSP-001","PROVISIONAL_TOPIC_CANDIDATES_NOT_METHOD_REVIEWED","BLOCKED_UNTIL_EXACT_METHOD_SOURCE_SAFETY_AND_LOCAL_REVIEW","DESIGN_ONLY_NOT_EXECUTED","Новый участник находит источник офлайн, объясняет границы, повторяет допустимую процедуру и получает результат в заранее заданном допуске.","0.4"
"PRJ-031","SCI-MATH-17","MATH","Практическая проверка: Временные ряды, сезонность и контрольные карты","OBSERVATION_DATA_OR_CALCULATION","Объяснить базовую модель, выполнить допустимую для класса риска проверку и документировать пределы по теме «Временные ряды, сезонность и контрольные карты».","SCI-MATH-16|SCI-METH-13|право остановить опыт|инструкция оборудования","TBD_NON_EXECUTABLE: точные item/model/material/range/PPE для расчёт/невязка должны быть утверждены до начала","Сформулировать вопрос; записать метод и единицы; выполнить график тренда, сезонности и контрольных границ; сохранить сырые данные; повторить; оценить неопределённость; сделать ограниченный вывод.","график тренда, сезонности и контрольных границ","SI или явно названный стандарт","TBD_BEFORE_EXECUTION_FROM_EXACT_METHOD: диапазон/критерий фиксируется до результата; post-hoc подгонка запрещена.","сырые данные + фото/скриншот при допустимости + расчёт + uncertainty + подпись reviewer + hash пакета","2","TBD_METHOD_SPECIFIC: range/resolution/bias/repeat spread/operator effects утверждаются до execution","Не переносить вывод за пределы данных; не собирать персональные/чувствительные данные без законного основания и согласия.","STOP при неясных правах, происхождении данных, этическом конфликте или невозможности сохранить исходные данные.","TBD_ITEM_SPECIFIC_AND_LOCAL: пока маршрут отходов не утверждён, физическое выполнение блокировано.","S0_OBSERVE_READ","Самостоятельно после проверки источника; опасное действие из текста не выполняется.","3","ANY_SAFE_PERIOD","records/science/SCI-MATH-17/YYYY-MM-DD/","PSP-014|PSP-001","PROVISIONAL_TOPIC_CANDIDATES_NOT_METHOD_REVIEWED","BLOCKED_UNTIL_EXACT_METHOD_SOURCE_SAFETY_AND_LOCAL_REVIEW","DESIGN_ONLY_NOT_EXECUTED","Новый участник находит источник офлайн, объясняет границы, повторяет допустимую процедуру и получает результат в заранее заданном допуске.","0.4"
"PRJ-032","SCI-MATH-18","MATH","Практическая проверка: Численные методы, оптимизация и исследование операций","OBSERVATION_DATA_OR_CALCULATION","Объяснить базовую модель, выполнить допустимую для класса риска проверку и документировать пределы по теме «Численные методы, оптимизация и исследование операций».","SCI-MATH-17|SCI-METH-13|право остановить опыт|инструкция оборудования","TBD_NON_EXECUTABLE: точные item/model/material/range/PPE для расчёт/невязка должны быть утверждены до начала","Сформулировать вопрос; записать метод и единицы; выполнить решение, проверка ограничения и анализ чувствительности; сохранить сырые данные; повторить; оценить неопределённость; сделать ограниченный вывод.","решение, проверка ограничения и анализ чувствительности","SI или явно названный стандарт","TBD_BEFORE_EXECUTION_FROM_EXACT_METHOD: диапазон/критерий фиксируется до результата; post-hoc подгонка запрещена.","сырые данные + фото/скриншот при допустимости + расчёт + uncertainty + подпись reviewer + hash пакета","2","TBD_METHOD_SPECIFIC: range/resolution/bias/repeat spread/operator effects утверждаются до execution","Не переносить вывод за пределы данных; не собирать персональные/чувствительные данные без законного основания и согласия.","STOP при неясных правах, происхождении данных, этическом конфликте или невозможности сохранить исходные данные.","TBD_ITEM_SPECIFIC_AND_LOCAL: пока маршрут отходов не утверждён, физическое выполнение блокировано.","S0_OBSERVE_READ","Самостоятельно после проверки источника; опасное действие из текста не выполняется.","3","ANY_SAFE_PERIOD","records/science/SCI-MATH-18/YYYY-MM-DD/","SUP-MDE-016|PSP-073","PROVISIONAL_TOPIC_CANDIDATES_NOT_METHOD_REVIEWED","BLOCKED_UNTIL_EXACT_METHOD_SOURCE_SAFETY_AND_LOCAL_REVIEW","DESIGN_ONLY_NOT_EXECUTED","Новый участник находит источник офлайн, объясняет границы, повторяет допустимую процедуру и получает результат в заранее заданном допуске.","0.4"
"PRJ-033","SCI-PHYS-01","PHYS","Практическая проверка: Физические величины, модели и масштаб","LOW_RISK_BENCH_OR_FIELD","Объяснить базовую модель, выполнить допустимую для класса риска проверку и документировать пределы по теме «Физические величины, модели и масштаб».","SCI-METH-01|SCI-METH-07|SCI-METH-14|право остановить опыт|инструкция оборудования","TBD_NON_EXECUTABLE: точные item/model/material/range/PPE для SI-измерение должны быть утверждены до начала","Сформулировать вопрос; записать метод и единицы; выполнить сравнение модели с измерением и указание области применимости; сохранить сырые данные; повторить; оценить неопределённость; сделать ограниченный вывод.","сравнение модели с измерением и указание области применимости","SI или явно названный стандарт","TBD_BEFORE_EXECUTION_FROM_EXACT_METHOD: диапазон/критерий фиксируется до результата; post-hoc подгонка запрещена.","сырые данные + фото/скриншот при допустимости + расчёт + uncertainty + подпись reviewer + hash пакета","3","TBD_METHOD_SPECIFIC: range/resolution/bias/repeat spread/operator effects утверждаются до execution","DESIGN_PLACEHOLDER_NOT_EXECUTABLE: item-specific hazard analysis, материалы, энергия, концентрация, СИЗ и отходы ещё не утверждены.","BLOCKED_BEFORE_START: до точного method/source review запрещено начинать; после review нужны наблюдаемые численные/событийные stop conditions.","TBD_ITEM_SPECIFIC_AND_LOCAL: пока маршрут отходов не утверждён, физическое выполнение блокировано.","S1_LOW_RISK_HOUSEHOLD","S1 допускается только после замены всех DESIGN/TBD полей точным low-risk методом и независимой safety-проверки.","3","ANY_SAFE_PERIOD","records/science/SCI-PHYS-01/YYYY-MM-DD/","PSP-015|PSP-024","PROVISIONAL_TOPIC_CANDIDATES_NOT_METHOD_REVIEWED","BLOCKED_UNTIL_EXACT_METHOD_SOURCE_SAFETY_AND_LOCAL_REVIEW","DESIGN_ONLY_NOT_EXECUTED","Новый участник находит источник офлайн, объясняет границы, повторяет допустимую процедуру и получает результат в заранее заданном допуске.","0.4"
"PRJ-034","SCI-PHYS-02","PHYS","Практическая проверка: Кинематика: положение, скорость и ускорение","LOW_RISK_BENCH_OR_FIELD","Объяснить базовую модель, выполнить допустимую для класса риска проверку и документировать пределы по теме «Кинематика: положение, скорость и ускорение».","SCI-PHYS-01|SCI-METH-13|право остановить опыт|инструкция оборудования","TBD_NON_EXECUTABLE: точные item/model/material/range/PPE для SI-измерение должны быть утверждены до начала","Сформулировать вопрос; записать метод и единицы; выполнить видеоряд или секундомерный ряд движения безопасного объекта; сохранить сырые данные; повторить; оценить неопределённость; сделать ограниченный вывод.","видеоряд или секундомерный ряд движения безопасного объекта","SI или явно названный стандарт","TBD_BEFORE_EXECUTION_FROM_EXACT_METHOD: диапазон/критерий фиксируется до результата; post-hoc подгонка запрещена.","сырые данные + фото/скриншот при допустимости + расчёт + uncertainty + подпись reviewer + hash пакета","3","TBD_METHOD_SPECIFIC: range/resolution/bias/repeat spread/operator effects утверждаются до execution","DESIGN_PLACEHOLDER_NOT_EXECUTABLE: item-specific hazard analysis, материалы, энергия, концентрация, СИЗ и отходы ещё не утверждены.","BLOCKED_BEFORE_START: до точного method/source review запрещено начинать; после review нужны наблюдаемые численные/событийные stop conditions.","TBD_ITEM_SPECIFIC_AND_LOCAL: пока маршрут отходов не утверждён, физическое выполнение блокировано.","S1_LOW_RISK_HOUSEHOLD","S1 допускается только после замены всех DESIGN/TBD полей точным low-risk методом и независимой safety-проверки.","3","ANY_SAFE_PERIOD","records/science/SCI-PHYS-02/YYYY-MM-DD/","PSP-015|PSP-024","PROVISIONAL_TOPIC_CANDIDATES_NOT_METHOD_REVIEWED","BLOCKED_UNTIL_EXACT_METHOD_SOURCE_SAFETY_AND_LOCAL_REVIEW","DESIGN_ONLY_NOT_EXECUTED","Новый участник находит источник офлайн, объясняет границы, повторяет допустимую процедуру и получает результат в заранее заданном допуске.","0.4"
"PRJ-035","SCI-PHYS-03","PHYS","Практическая проверка: Силы, масса и законы Ньютона","LOW_RISK_BENCH_OR_FIELD","Объяснить базовую модель, выполнить допустимую для класса риска проверку и документировать пределы по теме «Силы, масса и законы Ньютона».","SCI-PHYS-02|SCI-METH-13|право остановить опыт|инструкция оборудования","TBD_NON_EXECUTABLE: точные item/model/material/range/PPE для SI-измерение должны быть утверждены до начала","Сформулировать вопрос; записать метод и единицы; выполнить диаграмма сил и измерение малых сил безопасным динамометром; сохранить сырые данные; повторить; оценить неопределённость; сделать ограниченный вывод.","диаграмма сил и измерение малых сил безопасным динамометром","SI или явно названный стандарт","TBD_BEFORE_EXECUTION_FROM_EXACT_METHOD: диапазон/критерий фиксируется до результата; post-hoc подгонка запрещена.","сырые данные + фото/скриншот при допустимости + расчёт + uncertainty + подпись reviewer + hash пакета","3","TBD_METHOD_SPECIFIC: range/resolution/bias/repeat spread/operator effects утверждаются до execution","DESIGN_PLACEHOLDER_NOT_EXECUTABLE: item-specific hazard analysis, материалы, энергия, концентрация, СИЗ и отходы ещё не утверждены.","BLOCKED_BEFORE_START: до точного method/source review запрещено начинать; после review нужны наблюдаемые численные/событийные stop conditions.","TBD_ITEM_SPECIFIC_AND_LOCAL: пока маршрут отходов не утверждён, физическое выполнение блокировано.","S1_LOW_RISK_HOUSEHOLD","S1 допускается только после замены всех DESIGN/TBD полей точным low-risk методом и независимой safety-проверки.","3","ANY_SAFE_PERIOD","records/science/SCI-PHYS-03/YYYY-MM-DD/","PSP-015|PSP-024","PROVISIONAL_TOPIC_CANDIDATES_NOT_METHOD_REVIEWED","BLOCKED_UNTIL_EXACT_METHOD_SOURCE_SAFETY_AND_LOCAL_REVIEW","DESIGN_ONLY_NOT_EXECUTED","Новый участник находит источник офлайн, объясняет границы, повторяет допустимую процедуру и получает результат в заранее заданном допуске.","0.4"
"PRJ-036","SCI-PHYS-04","PHYS","Практическая проверка: Статика, равновесие и центр масс","LOW_RISK_BENCH_OR_FIELD","Объяснить базовую модель, выполнить допустимую для класса риска проверку и документировать пределы по теме «Статика, равновесие и центр масс».","SCI-PHYS-03|SCI-METH-13|право остановить опыт|инструкция оборудования","TBD_NON_EXECUTABLE: точные item/model/material/range/PPE для SI-измерение должны быть утверждены до начала","Сформулировать вопрос; записать метод и единицы; выполнить безопасная настольная модель равновесия; сохранить сырые данные; повторить; оценить неопределённость; сделать ограниченный вывод.","безопасная настольная модель равновесия","SI или явно названный стандарт","TBD_BEFORE_EXECUTION_FROM_EXACT_METHOD: диапазон/критерий фиксируется до результата; post-hoc подгонка запрещена.","сырые данные + фото/скриншот при допустимости + расчёт + uncertainty + подпись reviewer + hash пакета","3","TBD_METHOD_SPECIFIC: range/resolution/bias/repeat spread/operator effects утверждаются до execution","DESIGN_PLACEHOLDER_NOT_EXECUTABLE: item-specific hazard analysis, материалы, энергия, концентрация, СИЗ и отходы ещё не утверждены.","BLOCKED_BEFORE_START: до точного method/source review запрещено начинать; после review нужны наблюдаемые численные/событийные stop conditions.","TBD_ITEM_SPECIFIC_AND_LOCAL: пока маршрут отходов не утверждён, физическое выполнение блокировано.","S1_LOW_RISK_HOUSEHOLD","S1 допускается только после замены всех DESIGN/TBD полей точным low-risk методом и независимой safety-проверки.","3","ANY_SAFE_PERIOD","records/science/SCI-PHYS-04/YYYY-MM-DD/","PSP-015|PSP-024","PROVISIONAL_TOPIC_CANDIDATES_NOT_METHOD_REVIEWED","BLOCKED_UNTIL_EXACT_METHOD_SOURCE_SAFETY_AND_LOCAL_REVIEW","DESIGN_ONLY_NOT_EXECUTED","Новый участник находит источник офлайн, объясняет границы, повторяет допустимую процедуру и получает результат в заранее заданном допуске.","0.4"
"PRJ-037","SCI-PHYS-05","PHYS","Практическая проверка: Работа, энергия, мощность и КПД","LOW_RISK_BENCH_OR_FIELD","Объяснить базовую модель, выполнить допустимую для класса риска проверку и документировать пределы по теме «Работа, энергия, мощность и КПД».","SCI-PHYS-04|SCI-METH-13|право остановить опыт|инструкция оборудования","TBD_NON_EXECUTABLE: точные item/model/material/range/PPE для SI-измерение должны быть утверждены до начала","Сформулировать вопрос; записать метод и единицы; выполнить энергетический баланс маломощной системы; сохранить сырые данные; повторить; оценить неопределённость; сделать ограниченный вывод.","энергетический баланс маломощной системы","SI или явно названный стандарт","TBD_BEFORE_EXECUTION_FROM_EXACT_METHOD: диапазон/критерий фиксируется до результата; post-hoc подгонка запрещена.","сырые данные + фото/скриншот при допустимости + расчёт + uncertainty + подпись reviewer + hash пакета","3","TBD_METHOD_SPECIFIC: range/resolution/bias/repeat spread/operator effects утверждаются до execution","DESIGN_PLACEHOLDER_NOT_EXECUTABLE: item-specific hazard analysis, материалы, энергия, концентрация, СИЗ и отходы ещё не утверждены.","BLOCKED_BEFORE_START: до точного method/source review запрещено начинать; после review нужны наблюдаемые численные/событийные stop conditions.","TBD_ITEM_SPECIFIC_AND_LOCAL: пока маршрут отходов не утверждён, физическое выполнение блокировано.","S1_LOW_RISK_HOUSEHOLD","S1 допускается только после замены всех DESIGN/TBD полей точным low-risk методом и независимой safety-проверки.","3","ANY_SAFE_PERIOD","records/science/SCI-PHYS-05/YYYY-MM-DD/","PSP-015|PSP-024","PROVISIONAL_TOPIC_CANDIDATES_NOT_METHOD_REVIEWED","BLOCKED_UNTIL_EXACT_METHOD_SOURCE_SAFETY_AND_LOCAL_REVIEW","DESIGN_ONLY_NOT_EXECUTED","Новый участник находит источник офлайн, объясняет границы, повторяет допустимую процедуру и получает результат в заранее заданном допуске.","0.4"
"PRJ-038","SCI-PHYS-06","PHYS","Практическая проверка: Импульс и столкновения","LOW_RISK_BENCH_OR_FIELD","Объяснить базовую модель, выполнить допустимую для класса риска проверку и документировать пределы по теме «Импульс и столкновения».","SCI-PHYS-05|SCI-METH-13|право остановить опыт|инструкция оборудования","TBD_NON_EXECUTABLE: точные item/model/material/range/PPE для SI-измерение должны быть утверждены до начала","Сформулировать вопрос; записать метод и единицы; выполнить видеоанализ малых тел без людей и хрупких предметов; сохранить сырые данные; повторить; оценить неопределённость; сделать ограниченный вывод.","видеоанализ малых тел без людей и хрупких предметов","SI или явно названный стандарт","TBD_BEFORE_EXECUTION_FROM_EXACT_METHOD: диапазон/критерий фиксируется до результата; post-hoc подгонка запрещена.","сырые данные + фото/скриншот при допустимости + расчёт + uncertainty + подпись reviewer + hash пакета","3","TBD_METHOD_SPECIFIC: range/resolution/bias/repeat spread/operator effects утверждаются до execution","DESIGN_PLACEHOLDER_NOT_EXECUTABLE: item-specific hazard analysis, материалы, энергия, концентрация, СИЗ и отходы ещё не утверждены.","BLOCKED_BEFORE_START: до точного method/source review запрещено начинать; после review нужны наблюдаемые численные/событийные stop conditions.","TBD_ITEM_SPECIFIC_AND_LOCAL: пока маршрут отходов не утверждён, физическое выполнение блокировано.","S1_LOW_RISK_HOUSEHOLD","S1 допускается только после замены всех DESIGN/TBD полей точным low-risk методом и независимой safety-проверки.","3","ANY_SAFE_PERIOD","records/science/SCI-PHYS-06/YYYY-MM-DD/","PSP-015|PSP-024","PROVISIONAL_TOPIC_CANDIDATES_NOT_METHOD_REVIEWED","BLOCKED_UNTIL_EXACT_METHOD_SOURCE_SAFETY_AND_LOCAL_REVIEW","DESIGN_ONLY_NOT_EXECUTED","Новый участник находит источник офлайн, объясняет границы, повторяет допустимую процедуру и получает результат в заранее заданном допуске.","0.4"
"PRJ-039","SCI-PHYS-07","PHYS","Практическая проверка: Давление, плавучесть и гидростатика","LOW_RISK_BENCH_OR_FIELD","Объяснить базовую модель, выполнить допустимую для класса риска проверку и документировать пределы по теме «Давление, плавучесть и гидростатика».","SCI-PHYS-06|SCI-METH-13|право остановить опыт|инструкция оборудования","TBD_NON_EXECUTABLE: точные item/model/material/range/PPE для SI-измерение должны быть утверждены до начала","Сформулировать вопрос; записать метод и единицы; выполнить зависимость давления/плавучести на безопасной водной модели; сохранить сырые данные; повторить; оценить неопределённость; сделать ограниченный вывод.","зависимость давления/плавучести на безопасной водной модели","SI или явно названный стандарт","TBD_BEFORE_EXECUTION_FROM_EXACT_METHOD: диапазон/критерий фиксируется до результата; post-hoc подгонка запрещена.","сырые данные + фото/скриншот при допустимости + расчёт + uncertainty + подпись reviewer + hash пакета","3","TBD_METHOD_SPECIFIC: range/resolution/bias/repeat spread/operator effects утверждаются до execution","DESIGN_PLACEHOLDER_NOT_EXECUTABLE: item-specific hazard analysis, материалы, энергия, концентрация, СИЗ и отходы ещё не утверждены.","BLOCKED_BEFORE_START: до точного method/source review запрещено начинать; после review нужны наблюдаемые численные/событийные stop conditions.","TBD_ITEM_SPECIFIC_AND_LOCAL: пока маршрут отходов не утверждён, физическое выполнение блокировано.","S1_LOW_RISK_HOUSEHOLD","S1 допускается только после замены всех DESIGN/TBD полей точным low-risk методом и независимой safety-проверки.","3","ANY_SAFE_PERIOD","records/science/SCI-PHYS-07/YYYY-MM-DD/","PSP-015|PSP-024","PROVISIONAL_TOPIC_CANDIDATES_NOT_METHOD_REVIEWED","BLOCKED_UNTIL_EXACT_METHOD_SOURCE_SAFETY_AND_LOCAL_REVIEW","DESIGN_ONLY_NOT_EXECUTED","Новый участник находит источник офлайн, объясняет границы, повторяет допустимую процедуру и получает результат в заранее заданном допуске.","0.4"
"PRJ-040","SCI-PHYS-08","PHYS","Практическая проверка: Поток, расход, сопротивление и насосы","LOW_RISK_BENCH_OR_FIELD","Объяснить базовую модель, выполнить допустимую для класса риска проверку и документировать пределы по теме «Поток, расход, сопротивление и насосы».","SCI-PHYS-07|SCI-METH-13|право остановить опыт|инструкция оборудования","TBD_NON_EXECUTABLE: точные item/model/material/range/PPE для SI-измерение должны быть утверждены до начала","Сформулировать вопрос; записать метод и единицы; выполнить измерение расхода воды при безопасном низком давлении; сохранить сырые данные; повторить; оценить неопределённость; сделать ограниченный вывод.","измерение расхода воды при безопасном низком давлении","SI или явно названный стандарт","TBD_BEFORE_EXECUTION_FROM_EXACT_METHOD: диапазон/критерий фиксируется до результата; post-hoc подгонка запрещена.","сырые данные + фото/скриншот при допустимости + расчёт + uncertainty + подпись reviewer + hash пакета","3","TBD_METHOD_SPECIFIC: range/resolution/bias/repeat spread/operator effects утверждаются до execution","DESIGN_PLACEHOLDER_NOT_EXECUTABLE: item-specific hazard analysis, материалы, энергия, концентрация, СИЗ и отходы ещё не утверждены.","BLOCKED_BEFORE_START: до точного method/source review запрещено начинать; после review нужны наблюдаемые численные/событийные stop conditions.","TBD_ITEM_SPECIFIC_AND_LOCAL: пока маршрут отходов не утверждён, физическое выполнение блокировано.","S1_LOW_RISK_HOUSEHOLD","S1 допускается только после замены всех DESIGN/TBD полей точным low-risk методом и независимой safety-проверки.","3","ANY_SAFE_PERIOD","records/science/SCI-PHYS-08/YYYY-MM-DD/","PSP-015|PSP-024","PROVISIONAL_TOPIC_CANDIDATES_NOT_METHOD_REVIEWED","BLOCKED_UNTIL_EXACT_METHOD_SOURCE_SAFETY_AND_LOCAL_REVIEW","DESIGN_ONLY_NOT_EXECUTED","Новый участник находит источник офлайн, объясняет границы, повторяет допустимую процедуру и получает результат в заранее заданном допуске.","0.4"
"PRJ-041","SCI-PHYS-09","PHYS","Практическая проверка: Температура, теплоёмкость и фазовые переходы","LOW_RISK_BENCH_OR_FIELD","Объяснить базовую модель, выполнить допустимую для класса риска проверку и документировать пределы по теме «Температура, теплоёмкость и фазовые переходы».","SCI-PHYS-08|SCI-METH-13|право остановить опыт|инструкция оборудования","TBD_NON_EXECUTABLE: точные item/model/material/range/PPE для SI-измерение должны быть утверждены до начала","Сформулировать вопрос; записать метод и единицы; выполнить температурно-временной ряд без открытого огня; сохранить сырые данные; повторить; оценить неопределённость; сделать ограниченный вывод.","температурно-временной ряд без открытого огня","SI или явно названный стандарт","TBD_BEFORE_EXECUTION_FROM_EXACT_METHOD: диапазон/критерий фиксируется до результата; post-hoc подгонка запрещена.","сырые данные + фото/скриншот при допустимости + расчёт + uncertainty + подпись reviewer + hash пакета","3","TBD_METHOD_SPECIFIC: range/resolution/bias/repeat spread/operator effects утверждаются до execution","DESIGN_PLACEHOLDER_NOT_EXECUTABLE: item-specific hazard analysis, материалы, энергия, концентрация, СИЗ и отходы ещё не утверждены.","BLOCKED_BEFORE_START: до точного method/source review запрещено начинать; после review нужны наблюдаемые численные/событийные stop conditions.","TBD_ITEM_SPECIFIC_AND_LOCAL: пока маршрут отходов не утверждён, физическое выполнение блокировано.","S1_LOW_RISK_HOUSEHOLD","S1 допускается только после замены всех DESIGN/TBD полей точным low-risk методом и независимой safety-проверки.","3","ANY_SAFE_PERIOD","records/science/SCI-PHYS-09/YYYY-MM-DD/","PSP-015|PSP-024","PROVISIONAL_TOPIC_CANDIDATES_NOT_METHOD_REVIEWED","BLOCKED_UNTIL_EXACT_METHOD_SOURCE_SAFETY_AND_LOCAL_REVIEW","DESIGN_ONLY_NOT_EXECUTED","Новый участник находит источник офлайн, объясняет границы, повторяет допустимую процедуру и получает результат в заранее заданном допуске.","0.4"
"PRJ-042","SCI-PHYS-10","PHYS","Практическая проверка: Теплопередача, изоляция и тепловой баланс","LOW_RISK_BENCH_OR_FIELD","Объяснить базовую модель, выполнить допустимую для класса риска проверку и документировать пределы по теме «Теплопередача, изоляция и тепловой баланс».","SCI-PHYS-09|SCI-METH-13|право остановить опыт|инструкция оборудования","TBD_NON_EXECUTABLE: точные item/model/material/range/PPE для SI-измерение должны быть утверждены до начала","Сформулировать вопрос; записать метод и единицы; выполнить сравнение охлаждения двух одинаковых ёмкостей; сохранить сырые данные; повторить; оценить неопределённость; сделать ограниченный вывод.","сравнение охлаждения двух одинаковых ёмкостей","SI или явно названный стандарт","TBD_BEFORE_EXECUTION_FROM_EXACT_METHOD: диапазон/критерий фиксируется до результата; post-hoc подгонка запрещена.","сырые данные + фото/скриншот при допустимости + расчёт + uncertainty + подпись reviewer + hash пакета","3","TBD_METHOD_SPECIFIC: range/resolution/bias/repeat spread/operator effects утверждаются до execution","DESIGN_PLACEHOLDER_NOT_EXECUTABLE: item-specific hazard analysis, материалы, энергия, концентрация, СИЗ и отходы ещё не утверждены.","BLOCKED_BEFORE_START: до точного method/source review запрещено начинать; после review нужны наблюдаемые численные/событийные stop conditions.","TBD_ITEM_SPECIFIC_AND_LOCAL: пока маршрут отходов не утверждён, физическое выполнение блокировано.","S1_LOW_RISK_HOUSEHOLD","S1 допускается только после замены всех DESIGN/TBD полей точным low-risk методом и независимой safety-проверки.","3","ANY_SAFE_PERIOD","records/science/SCI-PHYS-10/YYYY-MM-DD/","PSP-015|PSP-024","PROVISIONAL_TOPIC_CANDIDATES_NOT_METHOD_REVIEWED","BLOCKED_UNTIL_EXACT_METHOD_SOURCE_SAFETY_AND_LOCAL_REVIEW","DESIGN_ONLY_NOT_EXECUTED","Новый участник находит источник офлайн, объясняет границы, повторяет допустимую процедуру и получает результат в заранее заданном допуске.","0.4"
"PRJ-043","SCI-PHYS-11","PHYS","Практическая проверка: Колебания, волны и резонанс","LOW_RISK_BENCH_OR_FIELD","Объяснить базовую модель, выполнить допустимую для класса риска проверку и документировать пределы по теме «Колебания, волны и резонанс».","SCI-PHYS-10|SCI-METH-13|право остановить опыт|инструкция оборудования","TBD_NON_EXECUTABLE: точные item/model/material/range/PPE для SI-измерение должны быть утверждены до начала","Сформулировать вопрос; записать метод и единицы; выполнить период и амплитуда безопасного маятника; сохранить сырые данные; повторить; оценить неопределённость; сделать ограниченный вывод.","период и амплитуда безопасного маятника","SI или явно названный стандарт","TBD_BEFORE_EXECUTION_FROM_EXACT_METHOD: диапазон/критерий фиксируется до результата; post-hoc подгонка запрещена.","сырые данные + фото/скриншот при допустимости + расчёт + uncertainty + подпись reviewer + hash пакета","3","TBD_METHOD_SPECIFIC: range/resolution/bias/repeat spread/operator effects утверждаются до execution","DESIGN_PLACEHOLDER_NOT_EXECUTABLE: item-specific hazard analysis, материалы, энергия, концентрация, СИЗ и отходы ещё не утверждены.","BLOCKED_BEFORE_START: до точного method/source review запрещено начинать; после review нужны наблюдаемые численные/событийные stop conditions.","TBD_ITEM_SPECIFIC_AND_LOCAL: пока маршрут отходов не утверждён, физическое выполнение блокировано.","S1_LOW_RISK_HOUSEHOLD","S1 допускается только после замены всех DESIGN/TBD полей точным low-risk методом и независимой safety-проверки.","3","ANY_SAFE_PERIOD","records/science/SCI-PHYS-11/YYYY-MM-DD/","PSP-015|PSP-024","PROVISIONAL_TOPIC_CANDIDATES_NOT_METHOD_REVIEWED","BLOCKED_UNTIL_EXACT_METHOD_SOURCE_SAFETY_AND_LOCAL_REVIEW","DESIGN_ONLY_NOT_EXECUTED","Новый участник находит источник офлайн, объясняет границы, повторяет допустимую процедуру и получает результат в заранее заданном допуске.","0.4"
"PRJ-044","SCI-PHYS-12","PHYS","Практическая проверка: Акустика, шум и вибрация","LOW_RISK_BENCH_OR_FIELD","Объяснить базовую модель, выполнить допустимую для класса риска проверку и документировать пределы по теме «Акустика, шум и вибрация».","SCI-PHYS-11|SCI-METH-13|право остановить опыт|инструкция оборудования","TBD_NON_EXECUTABLE: точные item/model/material/range/PPE для SI-измерение должны быть утверждены до начала","Сформулировать вопрос; записать метод и единицы; выполнить уровень/спектр относительного сигнала с оговоркой о некалиброванности; сохранить сырые данные; повторить; оценить неопределённость; сделать ограниченный вывод.","уровень/спектр относительного сигнала с оговоркой о некалиброванности","SI или явно названный стандарт","TBD_BEFORE_EXECUTION_FROM_EXACT_METHOD: диапазон/критерий фиксируется до результата; post-hoc подгонка запрещена.","сырые данные + фото/скриншот при допустимости + расчёт + uncertainty + подпись reviewer + hash пакета","3","TBD_METHOD_SPECIFIC: range/resolution/bias/repeat spread/operator effects утверждаются до execution","DESIGN_PLACEHOLDER_NOT_EXECUTABLE: item-specific hazard analysis, материалы, энергия, концентрация, СИЗ и отходы ещё не утверждены.","BLOCKED_BEFORE_START: до точного method/source review запрещено начинать; после review нужны наблюдаемые численные/событийные stop conditions.","TBD_ITEM_SPECIFIC_AND_LOCAL: пока маршрут отходов не утверждён, физическое выполнение блокировано.","S1_LOW_RISK_HOUSEHOLD","S1 допускается только после замены всех DESIGN/TBD полей точным low-risk методом и независимой safety-проверки.","3","ANY_SAFE_PERIOD","records/science/SCI-PHYS-12/YYYY-MM-DD/","PSP-015|PSP-024","PROVISIONAL_TOPIC_CANDIDATES_NOT_METHOD_REVIEWED","BLOCKED_UNTIL_EXACT_METHOD_SOURCE_SAFETY_AND_LOCAL_REVIEW","DESIGN_ONLY_NOT_EXECUTED","Новый участник находит источник офлайн, объясняет границы, повторяет допустимую процедуру и получает результат в заранее заданном допуске.","0.4"
"PRJ-045","SCI-PHYS-13","PHYS","Практическая проверка: Геометрическая оптика и освещённость","LOW_RISK_BENCH_OR_FIELD","Объяснить базовую модель, выполнить допустимую для класса риска проверку и документировать пределы по теме «Геометрическая оптика и освещённость».","SCI-PHYS-12|SCI-METH-13|право остановить опыт|инструкция оборудования","TBD_NON_EXECUTABLE: точные item/model/material/range/PPE для SI-измерение должны быть утверждены до начала","Сформулировать вопрос; записать метод и единицы; выполнить фокусное расстояние безопасной линзы без наблюдения Солнца; сохранить сырые данные; повторить; оценить неопределённость; сделать ограниченный вывод.","фокусное расстояние безопасной линзы без наблюдения Солнца","SI или явно названный стандарт","TBD_BEFORE_EXECUTION_FROM_EXACT_METHOD: диапазон/критерий фиксируется до результата; post-hoc подгонка запрещена.","сырые данные + фото/скриншот при допустимости + расчёт + uncertainty + подпись reviewer + hash пакета","3","TBD_METHOD_SPECIFIC: range/resolution/bias/repeat spread/operator effects утверждаются до execution","DESIGN_PLACEHOLDER_NOT_EXECUTABLE: item-specific hazard analysis, материалы, энергия, концентрация, СИЗ и отходы ещё не утверждены.","BLOCKED_BEFORE_START: до точного method/source review запрещено начинать; после review нужны наблюдаемые численные/событийные stop conditions.","TBD_ITEM_SPECIFIC_AND_LOCAL: пока маршрут отходов не утверждён, физическое выполнение блокировано.","S1_LOW_RISK_HOUSEHOLD","S1 допускается только после замены всех DESIGN/TBD полей точным low-risk методом и независимой safety-проверки.","3","ANY_SAFE_PERIOD","records/science/SCI-PHYS-13/YYYY-MM-DD/","PSP-015|PSP-024","PROVISIONAL_TOPIC_CANDIDATES_NOT_METHOD_REVIEWED","BLOCKED_UNTIL_EXACT_METHOD_SOURCE_SAFETY_AND_LOCAL_REVIEW","DESIGN_ONLY_NOT_EXECUTED","Новый участник находит источник офлайн, объясняет границы, повторяет допустимую процедуру и получает результат в заранее заданном допуске.","0.4"
"PRJ-046","SCI-PHYS-14","PHYS","Практическая проверка: Электрический заряд, поле и потенциал","LOW_RISK_BENCH_OR_FIELD","Объяснить базовую модель, выполнить допустимую для класса риска проверку и документировать пределы по теме «Электрический заряд, поле и потенциал».","SCI-PHYS-13|SCI-METH-13|право остановить опыт|инструкция оборудования","TBD_NON_EXECUTABLE: точные item/model/material/range/PPE для SI-измерение должны быть утверждены до начала","Сформулировать вопрос; записать метод и единицы; выполнить электростатическое наблюдение на безопасной малой энергии; сохранить сырые данные; повторить; оценить неопределённость; сделать ограниченный вывод.","электростатическое наблюдение на безопасной малой энергии","SI или явно названный стандарт","TBD_BEFORE_EXECUTION_FROM_EXACT_METHOD: диапазон/критерий фиксируется до результата; post-hoc подгонка запрещена.","сырые данные + фото/скриншот при допустимости + расчёт + uncertainty + подпись reviewer + hash пакета","3","TBD_METHOD_SPECIFIC: range/resolution/bias/repeat spread/operator effects утверждаются до execution","DESIGN_PLACEHOLDER_NOT_EXECUTABLE: item-specific hazard analysis, материалы, энергия, концентрация, СИЗ и отходы ещё не утверждены.","BLOCKED_BEFORE_START: до точного method/source review запрещено начинать; после review нужны наблюдаемые численные/событийные stop conditions.","TBD_ITEM_SPECIFIC_AND_LOCAL: пока маршрут отходов не утверждён, физическое выполнение блокировано.","S1_LOW_RISK_HOUSEHOLD","S1 допускается только после замены всех DESIGN/TBD полей точным low-risk методом и независимой safety-проверки.","3","ANY_SAFE_PERIOD","records/science/SCI-PHYS-14/YYYY-MM-DD/","PSP-015|SUP-PHY-011","PROVISIONAL_TOPIC_CANDIDATES_NOT_METHOD_REVIEWED","BLOCKED_UNTIL_EXACT_METHOD_SOURCE_SAFETY_AND_LOCAL_REVIEW","DESIGN_ONLY_NOT_EXECUTED","Новый участник находит источник офлайн, объясняет границы, повторяет допустимую процедуру и получает результат в заранее заданном допуске.","0.4"
"PRJ-047","SCI-PHYS-15","PHYS","Практическая проверка: Постоянный ток, напряжение и сопротивление","LOW_RISK_BENCH_OR_FIELD","Объяснить базовую модель, выполнить допустимую для класса риска проверку и документировать пределы по теме «Постоянный ток, напряжение и сопротивление».","SCI-PHYS-14|SCI-METH-13|право остановить опыт|инструкция оборудования","TBD_NON_EXECUTABLE: точные item/model/material/range/PPE для SI-измерение должны быть утверждены до начала","Сформулировать вопрос; записать метод и единицы; выполнить только учебная цепь от сертифицированного USB-источника 5 V с аппаратным ограничением тока ≤100 mA; автомобильные, тяговые, свинцовые и литиевые батареи исключены; сохранить сырые данные; повторить; оценить неопределённость; сделать ограниченный вывод.","только учебная цепь от сертифицированного USB-источника 5 V с аппаратным ограничением тока ≤100 mA; автомобильные, тяговые, свинцовые и литиевые батареи исключены","SI или явно названный стандарт","TBD_BEFORE_EXECUTION_FROM_EXACT_METHOD: диапазон/критерий фиксируется до результата; post-hoc подгонка запрещена.","сырые данные + фото/скриншот при допустимости + расчёт + uncertainty + подпись reviewer + hash пакета","3","TBD_METHOD_SPECIFIC: range/resolution/bias/repeat spread/operator effects утверждаются до execution","DESIGN_PLACEHOLDER_NOT_EXECUTABLE: item-specific hazard analysis, материалы, энергия, концентрация, СИЗ и отходы ещё не утверждены.","BLOCKED_BEFORE_START: до точного method/source review запрещено начинать; после review нужны наблюдаемые численные/событийные stop conditions.","TBD_ITEM_SPECIFIC_AND_LOCAL: пока маршрут отходов не утверждён, физическое выполнение блокировано.","S1_LOW_RISK_HOUSEHOLD","S1 допускается только после замены всех DESIGN/TBD полей точным low-risk методом и независимой safety-проверки.","3","ANY_SAFE_PERIOD","records/science/SCI-PHYS-15/YYYY-MM-DD/","PSP-015|SUP-PHY-011","PROVISIONAL_TOPIC_CANDIDATES_NOT_METHOD_REVIEWED","BLOCKED_UNTIL_EXACT_METHOD_SOURCE_SAFETY_AND_LOCAL_REVIEW","DESIGN_ONLY_NOT_EXECUTED","Новый участник находит источник офлайн, объясняет границы, повторяет допустимую процедуру и получает результат в заранее заданном допуске.","0.4"
"PRJ-048","SCI-PHYS-16","PHYS","Практическая проверка: Магнетизм и электромагнитная индукция","LOW_RISK_BENCH_OR_FIELD","Объяснить базовую модель, выполнить допустимую для класса риска проверку и документировать пределы по теме «Магнетизм и электромагнитная индукция».","SCI-PHYS-15|SCI-METH-13|право остановить опыт|инструкция оборудования","TBD_NON_EXECUTABLE: точные item/model/material/range/PPE для SI-измерение должны быть утверждены до начала","Сформулировать вопрос; записать метод и единицы; выполнить катушка только от сертифицированного USB-источника 5 V с аппаратным ограничением тока ≤100 mA; STOP при любом нагреве; мощные магниты и батарейные packs исключены; сохранить сырые данные; повторить; оценить неопределённость; сделать ограниченный вывод.","катушка только от сертифицированного USB-источника 5 V с аппаратным ограничением тока ≤100 mA; STOP при любом нагреве; мощные магниты и батарейные packs исключены","SI или явно названный стандарт","TBD_BEFORE_EXECUTION_FROM_EXACT_METHOD: диапазон/критерий фиксируется до результата; post-hoc подгонка запрещена.","сырые данные + фото/скриншот при допустимости + расчёт + uncertainty + подпись reviewer + hash пакета","3","TBD_METHOD_SPECIFIC: range/resolution/bias/repeat spread/operator effects утверждаются до execution","DESIGN_PLACEHOLDER_NOT_EXECUTABLE: item-specific hazard analysis, материалы, энергия, концентрация, СИЗ и отходы ещё не утверждены.","BLOCKED_BEFORE_START: до точного method/source review запрещено начинать; после review нужны наблюдаемые численные/событийные stop conditions.","TBD_ITEM_SPECIFIC_AND_LOCAL: пока маршрут отходов не утверждён, физическое выполнение блокировано.","S1_LOW_RISK_HOUSEHOLD","S1 допускается только после замены всех DESIGN/TBD полей точным low-risk методом и независимой safety-проверки.","3","ANY_SAFE_PERIOD","records/science/SCI-PHYS-16/YYYY-MM-DD/","PSP-015|SUP-PHY-011","PROVISIONAL_TOPIC_CANDIDATES_NOT_METHOD_REVIEWED","BLOCKED_UNTIL_EXACT_METHOD_SOURCE_SAFETY_AND_LOCAL_REVIEW","DESIGN_ONLY_NOT_EXECUTED","Новый участник находит источник офлайн, объясняет границы, повторяет допустимую процедуру и получает результат в заранее заданном допуске.","0.4"
"PRJ-049","SCI-PHYS-17","PHYS","Практическая проверка: Свойства материалов, упругость и разрушение","LOW_RISK_BENCH_OR_FIELD","Объяснить базовую модель, выполнить допустимую для класса риска проверку и документировать пределы по теме «Свойства материалов, упругость и разрушение».","SCI-PHYS-16|SCI-METH-13|право остановить опыт|инструкция оборудования","TBD_NON_EXECUTABLE: точные item/model/material/range/PPE для SI-измерение должны быть утверждены до начала","Сформулировать вопрос; записать метод и единицы; выполнить неразрушающее сравнение деформации малых образцов; сохранить сырые данные; повторить; оценить неопределённость; сделать ограниченный вывод.","неразрушающее сравнение деформации малых образцов","SI или явно названный стандарт","TBD_BEFORE_EXECUTION_FROM_EXACT_METHOD: диапазон/критерий фиксируется до результата; post-hoc подгонка запрещена.","сырые данные + фото/скриншот при допустимости + расчёт + uncertainty + подпись reviewer + hash пакета","3","TBD_METHOD_SPECIFIC: range/resolution/bias/repeat spread/operator effects утверждаются до execution","DESIGN_PLACEHOLDER_NOT_EXECUTABLE: item-specific hazard analysis, материалы, энергия, концентрация, СИЗ и отходы ещё не утверждены.","BLOCKED_BEFORE_START: до точного method/source review запрещено начинать; после review нужны наблюдаемые численные/событийные stop conditions.","TBD_ITEM_SPECIFIC_AND_LOCAL: пока маршрут отходов не утверждён, физическое выполнение блокировано.","S1_LOW_RISK_HOUSEHOLD","S1 допускается только после замены всех DESIGN/TBD полей точным low-risk методом и независимой safety-проверки.","3","ANY_SAFE_PERIOD","records/science/SCI-PHYS-17/YYYY-MM-DD/","PSP-015|SUP-PHY-019","PROVISIONAL_TOPIC_CANDIDATES_NOT_METHOD_REVIEWED","BLOCKED_UNTIL_EXACT_METHOD_SOURCE_SAFETY_AND_LOCAL_REVIEW","DESIGN_ONLY_NOT_EXECUTED","Новый участник находит источник офлайн, объясняет границы, повторяет допустимую процедуру и получает результат в заранее заданном допуске.","0.4"
"PRJ-050","SCI-CHEM-01","CHEM","Практическая проверка: Строение вещества и периодические закономерности","LOW_RISK_BENCH_OR_FIELD","Объяснить базовую модель, выполнить допустимую для класса риска проверку и документировать пределы по теме «Строение вещества и периодические закономерности».","SCI-METH-01|SCI-METH-07|SCI-METH-14|право остановить опыт|инструкция оборудования","TBD_NON_EXECUTABLE: точные item/model/material/range/PPE для состав/концентрация должны быть утверждены до начала","Сформулировать вопрос; записать метод и единицы; выполнить объяснение свойства через состав и структуру; сохранить сырые данные; повторить; оценить неопределённость; сделать ограниченный вывод.","объяснение свойства через состав и структуру","SI или явно названный стандарт","TBD_BEFORE_EXECUTION_FROM_EXACT_METHOD: диапазон/критерий фиксируется до результата; post-hoc подгонка запрещена.","сырые данные + фото/скриншот при допустимости + расчёт + uncertainty + подпись reviewer + hash пакета","3","TBD_METHOD_SPECIFIC: range/resolution/bias/repeat spread/operator effects утверждаются до execution","DESIGN_PLACEHOLDER_NOT_EXECUTABLE: item-specific hazard analysis, материалы, энергия, концентрация, СИЗ и отходы ещё не утверждены.","BLOCKED_BEFORE_START: до точного method/source review запрещено начинать; после review нужны наблюдаемые численные/событийные stop conditions.","TBD_ITEM_SPECIFIC_AND_LOCAL: пока маршрут отходов не утверждён, физическое выполнение блокировано.","S1_LOW_RISK_HOUSEHOLD","S1 допускается только после замены всех DESIGN/TBD полей точным low-risk методом и независимой safety-проверки.","3","ANY_SAFE_PERIOD","records/science/SCI-CHEM-01/YYYY-MM-DD/","PSP-016|SUP-PHY-025","PROVISIONAL_TOPIC_CANDIDATES_NOT_METHOD_REVIEWED","BLOCKED_UNTIL_EXACT_METHOD_SOURCE_SAFETY_AND_LOCAL_REVIEW","DESIGN_ONLY_NOT_EXECUTED","Новый участник находит источник офлайн, объясняет границы, повторяет допустимую процедуру и получает результат в заранее заданном допуске.","0.4"
"PRJ-051","SCI-CHEM-02","CHEM","Практическая проверка: Количество вещества, формулы и стехиометрия","LOW_RISK_BENCH_OR_FIELD","Объяснить базовую модель, выполнить допустимую для класса риска проверку и документировать пределы по теме «Количество вещества, формулы и стехиометрия».","SCI-CHEM-01|SCI-METH-13|право остановить опыт|инструкция оборудования","TBD_NON_EXECUTABLE: точные item/model/material/range/PPE для состав/концентрация должны быть утверждены до начала","Сформулировать вопрос; записать метод и единицы; выполнить массовый баланс на безопасной учебной задаче; сохранить сырые данные; повторить; оценить неопределённость; сделать ограниченный вывод.","массовый баланс на безопасной учебной задаче","SI или явно названный стандарт","TBD_BEFORE_EXECUTION_FROM_EXACT_METHOD: диапазон/критерий фиксируется до результата; post-hoc подгонка запрещена.","сырые данные + фото/скриншот при допустимости + расчёт + uncertainty + подпись reviewer + hash пакета","3","TBD_METHOD_SPECIFIC: range/resolution/bias/repeat spread/operator effects утверждаются до execution","DESIGN_PLACEHOLDER_NOT_EXECUTABLE: item-specific hazard analysis, материалы, энергия, концентрация, СИЗ и отходы ещё не утверждены.","BLOCKED_BEFORE_START: до точного method/source review запрещено начинать; после review нужны наблюдаемые численные/событийные stop conditions.","TBD_ITEM_SPECIFIC_AND_LOCAL: пока маршрут отходов не утверждён, физическое выполнение блокировано.","S1_LOW_RISK_HOUSEHOLD","S1 допускается только после замены всех DESIGN/TBD полей точным low-risk методом и независимой safety-проверки.","3","ANY_SAFE_PERIOD","records/science/SCI-CHEM-02/YYYY-MM-DD/","PSP-016|SUP-PHY-025","PROVISIONAL_TOPIC_CANDIDATES_NOT_METHOD_REVIEWED","BLOCKED_UNTIL_EXACT_METHOD_SOURCE_SAFETY_AND_LOCAL_REVIEW","DESIGN_ONLY_NOT_EXECUTED","Новый участник находит источник офлайн, объясняет границы, повторяет допустимую процедуру и получает результат в заранее заданном допуске.","0.4"
"PRJ-052","SCI-CHEM-03","CHEM","Практическая проверка: Растворы, концентрации и безопасное разбавление","LOW_RISK_BENCH_OR_FIELD","Объяснить базовую модель, выполнить допустимую для класса риска проверку и документировать пределы по теме «Растворы, концентрации и безопасное разбавление».","SCI-CHEM-02|SCI-METH-13|право остановить опыт|инструкция оборудования","TBD_NON_EXECUTABLE: точные item/model/material/range/PPE для состав/концентрация должны быть утверждены до начала","Сформулировать вопрос; записать метод и единицы; выполнить расчёт концентрации без реактивных/токсичных веществ; сохранить сырые данные; повторить; оценить неопределённость; сделать ограниченный вывод.","расчёт концентрации без реактивных/токсичных веществ","SI или явно названный стандарт","TBD_BEFORE_EXECUTION_FROM_EXACT_METHOD: диапазон/критерий фиксируется до результата; post-hoc подгонка запрещена.","сырые данные + фото/скриншот при допустимости + расчёт + uncertainty + подпись reviewer + hash пакета","3","TBD_METHOD_SPECIFIC: range/resolution/bias/repeat spread/operator effects утверждаются до execution","DESIGN_PLACEHOLDER_NOT_EXECUTABLE: item-specific hazard analysis, материалы, энергия, концентрация, СИЗ и отходы ещё не утверждены.","BLOCKED_BEFORE_START: до точного method/source review запрещено начинать; после review нужны наблюдаемые численные/событийные stop conditions.","TBD_ITEM_SPECIFIC_AND_LOCAL: пока маршрут отходов не утверждён, физическое выполнение блокировано.","S1_LOW_RISK_HOUSEHOLD","S1 допускается только после замены всех DESIGN/TBD полей точным low-risk методом и независимой safety-проверки.","3","ANY_SAFE_PERIOD","records/science/SCI-CHEM-03/YYYY-MM-DD/","PSP-016|SUP-PHY-025","PROVISIONAL_TOPIC_CANDIDATES_NOT_METHOD_REVIEWED","BLOCKED_UNTIL_EXACT_METHOD_SOURCE_SAFETY_AND_LOCAL_REVIEW","DESIGN_ONLY_NOT_EXECUTED","Новый участник находит источник офлайн, объясняет границы, повторяет допустимую процедуру и получает результат в заранее заданном допуске.","0.4"
"PRJ-053","SCI-CHEM-04","CHEM","Практическая проверка: Кислотность, pH и буферные системы","LOW_RISK_BENCH_OR_FIELD","Объяснить базовую модель, выполнить допустимую для класса риска проверку и документировать пределы по теме «Кислотность, pH и буферные системы».","SCI-CHEM-03|SCI-METH-13|право остановить опыт|инструкция оборудования","TBD_NON_EXECUTABLE: точные item/model/material/range/PPE для состав/концентрация должны быть утверждены до начала","Сформулировать вопрос; записать метод и единицы; выполнить готовая тест-полоска только для питьевой воды, столового уксуса или пищевого сока в отдельной одноразовой ёмкости; cleaners, неизвестные жидкости, смешивание и tasting запрещены; сохранить сырые данные; повторить; оценить неопределённость; сделать ограниченный вывод.","готовая тест-полоска только для питьевой воды, столового уксуса или пищевого сока в отдельной одноразовой ёмкости; cleaners, неизвестные жидкости, смешивание и tasting запрещены","SI или явно названный стандарт","TBD_BEFORE_EXECUTION_FROM_EXACT_METHOD: диапазон/критерий фиксируется до результата; post-hoc подгонка запрещена.","сырые данные + фото/скриншот при допустимости + расчёт + uncertainty + подпись reviewer + hash пакета","3","TBD_METHOD_SPECIFIC: range/resolution/bias/repeat spread/operator effects утверждаются до execution","DESIGN_PLACEHOLDER_NOT_EXECUTABLE: item-specific hazard analysis, материалы, энергия, концентрация, СИЗ и отходы ещё не утверждены.","BLOCKED_BEFORE_START: до точного method/source review запрещено начинать; после review нужны наблюдаемые численные/событийные stop conditions.","TBD_ITEM_SPECIFIC_AND_LOCAL: пока маршрут отходов не утверждён, физическое выполнение блокировано.","S1_LOW_RISK_HOUSEHOLD","S1 допускается только после замены всех DESIGN/TBD полей точным low-risk методом и независимой safety-проверки.","3","ANY_SAFE_PERIOD","records/science/SCI-CHEM-04/YYYY-MM-DD/","PSP-016|SUP-PHY-025","PROVISIONAL_TOPIC_CANDIDATES_NOT_METHOD_REVIEWED","BLOCKED_UNTIL_EXACT_METHOD_SOURCE_SAFETY_AND_LOCAL_REVIEW","DESIGN_ONLY_NOT_EXECUTED","Новый участник находит источник офлайн, объясняет границы, повторяет допустимую процедуру и получает результат в заранее заданном допуске.","0.4"
"PRJ-054","SCI-CHEM-05","CHEM","Практическая проверка: Газы, давление и температурные зависимости","REFERENCE_ONLY_NO_EXECUTION","Объяснить базовую модель, выполнить допустимую для класса риска проверку и документировать пределы по теме «Газы, давление и температурные зависимости».","SCI-CHEM-04|SCI-METH-13|право остановить опыт|инструкция оборудования","TBD_NON_EXECUTABLE: точные item/model/material/range/PPE для состав/концентрация должны быть утверждены до начала","Только чтение, распознавание опасности и анализ опубликованных данных: анализ опубликованных данных; герметичные нагреваемые сосуды запрещены. Никаких бытовых экспериментов, культивирования, давления, огня или опасных веществ.","анализ опубликованных данных; герметичные нагреваемые сосуды запрещены","SI или явно названный стандарт","TBD_BEFORE_EXECUTION_FROM_EXACT_METHOD: диапазон/критерий фиксируется до результата; post-hoc подгонка запрещена.","сырые данные + фото/скриншот при допустимости + расчёт + uncertainty + подпись reviewer + hash пакета","1","TBD_METHOD_SPECIFIC: range/resolution/bias/repeat spread/operator effects утверждаются до execution","Высокий риск тяжёлой травмы, инфекции, отравления, пожара, взрыва или загрязнения.","NO-GO для household execution; изолировать ситуацию и обратиться к компетентной службе/специалисту.","TBD_ITEM_SPECIFIC_AND_LOCAL: пока маршрут отходов не утверждён, физическое выполнение блокировано.","S4_REFERENCE_ONLY_PROHIBITED_HOUSEHOLD","Профессиональная площадка и разрешение обязательны для любого физического исполнения.","2","ANY_SAFE_PERIOD","records/science/SCI-CHEM-05/YYYY-MM-DD/","SUP-PHY-025|SUP-PHY-026","PROVISIONAL_TOPIC_CANDIDATES_NOT_METHOD_REVIEWED","BLOCKED_UNTIL_EXACT_METHOD_SOURCE_SAFETY_AND_LOCAL_REVIEW","DESIGN_ONLY_NOT_EXECUTED","Новый участник находит источник офлайн, объясняет границы, повторяет допустимую процедуру и получает результат в заранее заданном допуске.","0.4"
"PRJ-055","SCI-CHEM-06","CHEM","Практическая проверка: Химическая термодинамика и фазовые равновесия","LOW_RISK_BENCH_OR_FIELD","Объяснить базовую модель, выполнить допустимую для класса риска проверку и документировать пределы по теме «Химическая термодинамика и фазовые равновесия».","SCI-CHEM-05|SCI-METH-13|право остановить опыт|инструкция оборудования","TBD_NON_EXECUTABLE: точные item/model/material/range/PPE для состав/концентрация должны быть утверждены до начала","Сформулировать вопрос; записать метод и единицы; выполнить диаграмма состояния и энергетический баланс по данным; сохранить сырые данные; повторить; оценить неопределённость; сделать ограниченный вывод.","диаграмма состояния и энергетический баланс по данным","SI или явно названный стандарт","TBD_BEFORE_EXECUTION_FROM_EXACT_METHOD: диапазон/критерий фиксируется до результата; post-hoc подгонка запрещена.","сырые данные + фото/скриншот при допустимости + расчёт + uncertainty + подпись reviewer + hash пакета","3","TBD_METHOD_SPECIFIC: range/resolution/bias/repeat spread/operator effects утверждаются до execution","DESIGN_PLACEHOLDER_NOT_EXECUTABLE: item-specific hazard analysis, материалы, энергия, концентрация, СИЗ и отходы ещё не утверждены.","BLOCKED_BEFORE_START: до точного method/source review запрещено начинать; после review нужны наблюдаемые численные/событийные stop conditions.","TBD_ITEM_SPECIFIC_AND_LOCAL: пока маршрут отходов не утверждён, физическое выполнение блокировано.","S1_LOW_RISK_HOUSEHOLD","S1 допускается только после замены всех DESIGN/TBD полей точным low-risk методом и независимой safety-проверки.","3","ANY_SAFE_PERIOD","records/science/SCI-CHEM-06/YYYY-MM-DD/","PSP-016|SUP-PHY-025","PROVISIONAL_TOPIC_CANDIDATES_NOT_METHOD_REVIEWED","BLOCKED_UNTIL_EXACT_METHOD_SOURCE_SAFETY_AND_LOCAL_REVIEW","DESIGN_ONLY_NOT_EXECUTED","Новый участник находит источник офлайн, объясняет границы, повторяет допустимую процедуру и получает результат в заранее заданном допуске.","0.4"
"PRJ-056","SCI-CHEM-07","CHEM","Практическая проверка: Равновесие, растворимость и кристаллизация","LOW_RISK_BENCH_OR_FIELD","Объяснить базовую модель, выполнить допустимую для класса риска проверку и документировать пределы по теме «Равновесие, растворимость и кристаллизация».","SCI-CHEM-06|SCI-METH-13|право остановить опыт|инструкция оборудования","TBD_NON_EXECUTABLE: точные item/model/material/range/PPE для состав/концентрация должны быть утверждены до начала","Сформулировать вопрос; записать метод и единицы; выполнить безопасное наблюдение кристаллизации пищевой соли; сохранить сырые данные; повторить; оценить неопределённость; сделать ограниченный вывод.","безопасное наблюдение кристаллизации пищевой соли","SI или явно названный стандарт","TBD_BEFORE_EXECUTION_FROM_EXACT_METHOD: диапазон/критерий фиксируется до результата; post-hoc подгонка запрещена.","сырые данные + фото/скриншот при допустимости + расчёт + uncertainty + подпись reviewer + hash пакета","3","TBD_METHOD_SPECIFIC: range/resolution/bias/repeat spread/operator effects утверждаются до execution","DESIGN_PLACEHOLDER_NOT_EXECUTABLE: item-specific hazard analysis, материалы, энергия, концентрация, СИЗ и отходы ещё не утверждены.","BLOCKED_BEFORE_START: до точного method/source review запрещено начинать; после review нужны наблюдаемые численные/событийные stop conditions.","TBD_ITEM_SPECIFIC_AND_LOCAL: пока маршрут отходов не утверждён, физическое выполнение блокировано.","S1_LOW_RISK_HOUSEHOLD","S1 допускается только после замены всех DESIGN/TBD полей точным low-risk методом и независимой safety-проверки.","3","ANY_SAFE_PERIOD","records/science/SCI-CHEM-07/YYYY-MM-DD/","PSP-016|SUP-PHY-025","PROVISIONAL_TOPIC_CANDIDATES_NOT_METHOD_REVIEWED","BLOCKED_UNTIL_EXACT_METHOD_SOURCE_SAFETY_AND_LOCAL_REVIEW","DESIGN_ONLY_NOT_EXECUTED","Новый участник находит источник офлайн, объясняет границы, повторяет допустимую процедуру и получает результат в заранее заданном допуске.","0.4"
"PRJ-057","SCI-CHEM-08","CHEM","Практическая проверка: Скорость реакции и влияние условий","LOW_RISK_BENCH_OR_FIELD","Объяснить базовую модель, выполнить допустимую для класса риска проверку и документировать пределы по теме «Скорость реакции и влияние условий».","SCI-CHEM-07|SCI-METH-13|право остановить опыт|инструкция оборудования","TBD_NON_EXECUTABLE: точные item/model/material/range/PPE для состав/концентрация должны быть утверждены до начала","Сформулировать вопрос; записать метод и единицы; выполнить наблюдение безопасного пищевого/ферментного процесса без герметизации; сохранить сырые данные; повторить; оценить неопределённость; сделать ограниченный вывод.","наблюдение безопасного пищевого/ферментного процесса без герметизации","SI или явно названный стандарт","TBD_BEFORE_EXECUTION_FROM_EXACT_METHOD: диапазон/критерий фиксируется до результата; post-hoc подгонка запрещена.","сырые данные + фото/скриншот при допустимости + расчёт + uncertainty + подпись reviewer + hash пакета","3","TBD_METHOD_SPECIFIC: range/resolution/bias/repeat spread/operator effects утверждаются до execution","DESIGN_PLACEHOLDER_NOT_EXECUTABLE: item-specific hazard analysis, материалы, энергия, концентрация, СИЗ и отходы ещё не утверждены.","BLOCKED_BEFORE_START: до точного method/source review запрещено начинать; после review нужны наблюдаемые численные/событийные stop conditions.","TBD_ITEM_SPECIFIC_AND_LOCAL: пока маршрут отходов не утверждён, физическое выполнение блокировано.","S1_LOW_RISK_HOUSEHOLD","S1 допускается только после замены всех DESIGN/TBD полей точным low-risk методом и независимой safety-проверки.","3","ANY_SAFE_PERIOD","records/science/SCI-CHEM-08/YYYY-MM-DD/","PSP-016|SUP-PHY-025","PROVISIONAL_TOPIC_CANDIDATES_NOT_METHOD_REVIEWED","BLOCKED_UNTIL_EXACT_METHOD_SOURCE_SAFETY_AND_LOCAL_REVIEW","DESIGN_ONLY_NOT_EXECUTED","Новый участник находит источник офлайн, объясняет границы, повторяет допустимую процедуру и получает результат в заранее заданном допуске.","0.4"
"PRJ-058","SCI-CHEM-09","CHEM","Практическая проверка: Электрохимия, батареи и коррозия","LOW_RISK_BENCH_OR_FIELD","Объяснить базовую модель, выполнить допустимую для класса риска проверку и документировать пределы по теме «Электрохимия, батареи и коррозия».","SCI-CHEM-08|SCI-METH-13|право остановить опыт|инструкция оборудования","TBD_NON_EXECUTABLE: точные item/model/material/range/PPE для состав/концентрация должны быть утверждены до начала","Сформулировать вопрос; записать метод и единицы; выполнить визуальная/массовая оценка коррозии безопасных образцов; сохранить сырые данные; повторить; оценить неопределённость; сделать ограниченный вывод.","визуальная/массовая оценка коррозии безопасных образцов","SI или явно названный стандарт","TBD_BEFORE_EXECUTION_FROM_EXACT_METHOD: диапазон/критерий фиксируется до результата; post-hoc подгонка запрещена.","сырые данные + фото/скриншот при допустимости + расчёт + uncertainty + подпись reviewer + hash пакета","3","TBD_METHOD_SPECIFIC: range/resolution/bias/repeat spread/operator effects утверждаются до execution","DESIGN_PLACEHOLDER_NOT_EXECUTABLE: item-specific hazard analysis, материалы, энергия, концентрация, СИЗ и отходы ещё не утверждены.","BLOCKED_BEFORE_START: до точного method/source review запрещено начинать; после review нужны наблюдаемые численные/событийные stop conditions.","TBD_ITEM_SPECIFIC_AND_LOCAL: пока маршрут отходов не утверждён, физическое выполнение блокировано.","S1_LOW_RISK_HOUSEHOLD","S1 допускается только после замены всех DESIGN/TBD полей точным low-risk методом и независимой safety-проверки.","3","ANY_SAFE_PERIOD","records/science/SCI-CHEM-09/YYYY-MM-DD/","PSP-016|PSP-067","PROVISIONAL_TOPIC_CANDIDATES_NOT_METHOD_REVIEWED","BLOCKED_UNTIL_EXACT_METHOD_SOURCE_SAFETY_AND_LOCAL_REVIEW","DESIGN_ONLY_NOT_EXECUTED","Новый участник находит источник офлайн, объясняет границы, повторяет допустимую процедуру и получает результат в заранее заданном допуске.","0.4"
"PRJ-059","SCI-CHEM-10","CHEM","Практическая проверка: Аналитическая химия и контроль качества","SUPERVISED_DEMONSTRATION_ONLY","Объяснить базовую модель, выполнить допустимую для класса риска проверку и документировать пределы по теме «Аналитическая химия и контроль качества».","SCI-CHEM-09|SCI-METH-13|право остановить опыт|инструкция оборудования","TBD_NON_EXECUTABLE: точные item/model/material/range/PPE для состав/концентрация должны быть утверждены до начала","До допуска: обучение и checklist. Затем только под компетентным надзором выполнить безопасную часть: только после item-level SDS review: заводской водный учебный стандарт известного состава/концентрации и утверждённый путь отходов. Результат и отклонения подписывает supervisor.","только после item-level SDS review: заводской водный учебный стандарт известного состава/концентрации и утверждённый путь отходов","SI или явно названный стандарт","TBD_BEFORE_EXECUTION_FROM_EXACT_METHOD: диапазон/критерий фиксируется до результата; post-hoc подгонка запрещена.","сырые данные + фото/скриншот при допустимости + расчёт + uncertainty + подпись reviewer + hash пакета","1","TBD_METHOD_SPECIFIC: range/resolution/bias/repeat spread/operator effects утверждаются до execution","DESIGN_PLACEHOLDER_NOT_EXECUTABLE: item-specific hazard analysis, материалы, энергия, концентрация, СИЗ и отходы ещё не утверждены.","BLOCKED_BEFORE_START: до точного method/source review запрещено начинать; после review нужны наблюдаемые численные/событийные stop conditions.","TBD_ITEM_SPECIFIC_AND_LOCAL: пока маршрут отходов не утверждён, физическое выполнение блокировано.","S2_TRAINED_SUPERVISED","Компетентный инструктор/ответственный специалист присутствует и может немедленно остановить работу.","3","ANY_SAFE_PERIOD","records/science/SCI-CHEM-10/YYYY-MM-DD/","PSP-016|PSP-001","PROVISIONAL_TOPIC_CANDIDATES_NOT_METHOD_REVIEWED","BLOCKED_UNTIL_EXACT_METHOD_SOURCE_SAFETY_AND_LOCAL_REVIEW","DESIGN_ONLY_NOT_EXECUTED","Новый участник находит источник офлайн, объясняет границы, повторяет допустимую процедуру и получает результат в заранее заданном допуске.","0.4"
"PRJ-060","SCI-CHEM-11","CHEM","Практическая проверка: Металлы, сплавы, полимеры, стекло и керамика","LOW_RISK_BENCH_OR_FIELD","Объяснить базовую модель, выполнить допустимую для класса риска проверку и документировать пределы по теме «Металлы, сплавы, полимеры, стекло и керамика».","SCI-CHEM-10|SCI-METH-13|право остановить опыт|инструкция оборудования","TBD_NON_EXECUTABLE: точные item/model/material/range/PPE для состав/концентрация должны быть утверждены до начала","Сформулировать вопрос; записать метод и единицы; выполнить идентификация материала по неразрушаемым признакам; сохранить сырые данные; повторить; оценить неопределённость; сделать ограниченный вывод.","идентификация материала по неразрушаемым признакам","SI или явно названный стандарт","TBD_BEFORE_EXECUTION_FROM_EXACT_METHOD: диапазон/критерий фиксируется до результата; post-hoc подгонка запрещена.","сырые данные + фото/скриншот при допустимости + расчёт + uncertainty + подпись reviewer + hash пакета","3","TBD_METHOD_SPECIFIC: range/resolution/bias/repeat spread/operator effects утверждаются до execution","DESIGN_PLACEHOLDER_NOT_EXECUTABLE: item-specific hazard analysis, материалы, энергия, концентрация, СИЗ и отходы ещё не утверждены.","BLOCKED_BEFORE_START: до точного method/source review запрещено начинать; после review нужны наблюдаемые численные/событийные stop conditions.","TBD_ITEM_SPECIFIC_AND_LOCAL: пока маршрут отходов не утверждён, физическое выполнение блокировано.","S1_LOW_RISK_HOUSEHOLD","S1 допускается только после замены всех DESIGN/TBD полей точным low-risk методом и независимой safety-проверки.","3","ANY_SAFE_PERIOD","records/science/SCI-CHEM-11/YYYY-MM-DD/","SUP-PHY-018|SUP-PHY-019","PROVISIONAL_TOPIC_CANDIDATES_NOT_METHOD_REVIEWED","BLOCKED_UNTIL_EXACT_METHOD_SOURCE_SAFETY_AND_LOCAL_REVIEW","DESIGN_ONLY_NOT_EXECUTED","Новый участник находит источник офлайн, объясняет границы, повторяет допустимую процедуру и получает результат в заранее заданном допуске.","0.4"
"PRJ-061","SCI-CHEM-12","CHEM","Практическая проверка: Клеи, покрытия и совместимость материалов","SUPERVISED_DEMONSTRATION_ONLY","Объяснить базовую модель, выполнить допустимую для класса риска проверку и документировать пределы по теме «Клеи, покрытия и совместимость материалов».","SCI-CHEM-11|SCI-METH-13|право остановить опыт|инструкция оборудования","TBD_NON_EXECUTABLE: точные item/model/material/range/PPE для состав/концентрация должны быть утверждены до начала","До допуска: обучение и checklist. Затем только под компетентным надзором выполнить безопасную часть: только после item-level review конкретного consumer product, SDS, hazard statements, перчаток, вентиляции, количества и утилизации; двухкомпонентные, растворные и изоцианатные системы исключены. Результат и отклонения подписывает supervisor.","только после item-level review конкретного consumer product, SDS, hazard statements, перчаток, вентиляции, количества и утилизации; двухкомпонентные, растворные и изоцианатные системы исключены","SI или явно названный стандарт","TBD_BEFORE_EXECUTION_FROM_EXACT_METHOD: диапазон/критерий фиксируется до результата; post-hoc подгонка запрещена.","сырые данные + фото/скриншот при допустимости + расчёт + uncertainty + подпись reviewer + hash пакета","1","TBD_METHOD_SPECIFIC: range/resolution/bias/repeat spread/operator effects утверждаются до execution","DESIGN_PLACEHOLDER_NOT_EXECUTABLE: item-specific hazard analysis, материалы, энергия, концентрация, СИЗ и отходы ещё не утверждены.","BLOCKED_BEFORE_START: до точного method/source review запрещено начинать; после review нужны наблюдаемые численные/событийные stop conditions.","TBD_ITEM_SPECIFIC_AND_LOCAL: пока маршрут отходов не утверждён, физическое выполнение блокировано.","S2_TRAINED_SUPERVISED","Компетентный инструктор/ответственный специалист присутствует и может немедленно остановить работу.","3","ANY_SAFE_PERIOD","records/science/SCI-CHEM-12/YYYY-MM-DD/","SUP-PHY-018|SUP-PHY-019","PROVISIONAL_TOPIC_CANDIDATES_NOT_METHOD_REVIEWED","BLOCKED_UNTIL_EXACT_METHOD_SOURCE_SAFETY_AND_LOCAL_REVIEW","DESIGN_ONLY_NOT_EXECUTED","Новый участник находит источник офлайн, объясняет границы, повторяет допустимую процедуру и получает результат в заранее заданном допуске.","0.4"
"PRJ-062","SCI-CHEM-13","CHEM","Практическая проверка: Топливо, горение и продукты сгорания","REFERENCE_ONLY_NO_EXECUTION","Объяснить базовую модель, выполнить допустимую для класса риска проверку и документировать пределы по теме «Топливо, горение и продукты сгорания».","SCI-CHEM-12|SCI-METH-13|право остановить опыт|инструкция оборудования","TBD_NON_EXECUTABLE: точные item/model/material/range/PPE для состав/концентрация должны быть утверждены до начала","Только чтение, распознавание опасности и анализ опубликованных данных: только распознавание рисков CO/пожара; бытовые опыты запрещены. Никаких бытовых экспериментов, культивирования, давления, огня или опасных веществ.","только распознавание рисков CO/пожара; бытовые опыты запрещены","SI или явно названный стандарт","TBD_BEFORE_EXECUTION_FROM_EXACT_METHOD: диапазон/критерий фиксируется до результата; post-hoc подгонка запрещена.","сырые данные + фото/скриншот при допустимости + расчёт + uncertainty + подпись reviewer + hash пакета","1","TBD_METHOD_SPECIFIC: range/resolution/bias/repeat spread/operator effects утверждаются до execution","Высокий риск тяжёлой травмы, инфекции, отравления, пожара, взрыва или загрязнения.","NO-GO для household execution; изолировать ситуацию и обратиться к компетентной службе/специалисту.","TBD_ITEM_SPECIFIC_AND_LOCAL: пока маршрут отходов не утверждён, физическое выполнение блокировано.","S4_REFERENCE_ONLY_PROHIBITED_HOUSEHOLD","Профессиональная площадка и разрешение обязательны для любого физического исполнения.","2","ANY_SAFE_PERIOD","records/science/SCI-CHEM-13/YYYY-MM-DD/","SUP-PHY-025|SUP-PHY-026","PROVISIONAL_TOPIC_CANDIDATES_NOT_METHOD_REVIEWED","BLOCKED_UNTIL_EXACT_METHOD_SOURCE_SAFETY_AND_LOCAL_REVIEW","DESIGN_ONLY_NOT_EXECUTED","Новый участник находит источник офлайн, объясняет границы, повторяет допустимую процедуру и получает результат в заранее заданном допуске.","0.4"
"PRJ-063","SCI-CHEM-14","CHEM","Практическая проверка: Химия воды и ограничения бытовой обработки","LOW_RISK_BENCH_OR_FIELD","Объяснить базовую модель, выполнить допустимую для класса риска проверку и документировать пределы по теме «Химия воды и ограничения бытовой обработки».","SCI-CHEM-13|SCI-METH-13|право остановить опыт|инструкция оборудования","TBD_NON_EXECUTABLE: точные item/model/material/range/PPE для состав/концентрация должны быть утверждены до начала","Сформулировать вопрос; записать метод и единицы; выполнить чтение лабораторного отчёта и разделение биологических/химических рисков; сохранить сырые данные; повторить; оценить неопределённость; сделать ограниченный вывод.","чтение лабораторного отчёта и разделение биологических/химических рисков","SI или явно названный стандарт","TBD_BEFORE_EXECUTION_FROM_EXACT_METHOD: диапазон/критерий фиксируется до результата; post-hoc подгонка запрещена.","сырые данные + фото/скриншот при допустимости + расчёт + uncertainty + подпись reviewer + hash пакета","3","TBD_METHOD_SPECIFIC: range/resolution/bias/repeat spread/operator effects утверждаются до execution","DESIGN_PLACEHOLDER_NOT_EXECUTABLE: item-specific hazard analysis, материалы, энергия, концентрация, СИЗ и отходы ещё не утверждены.","BLOCKED_BEFORE_START: до точного method/source review запрещено начинать; после review нужны наблюдаемые численные/событийные stop conditions.","TBD_ITEM_SPECIFIC_AND_LOCAL: пока маршрут отходов не утверждён, физическое выполнение блокировано.","S1_LOW_RISK_HOUSEHOLD","S1 допускается только после замены всех DESIGN/TBD полей точным low-risk методом и независимой safety-проверки.","3","ANY_SAFE_PERIOD","records/science/SCI-CHEM-14/YYYY-MM-DD/","PSP-101|PSP-102","PROVISIONAL_TOPIC_CANDIDATES_NOT_METHOD_REVIEWED","BLOCKED_UNTIL_EXACT_METHOD_SOURCE_SAFETY_AND_LOCAL_REVIEW","DESIGN_ONLY_NOT_EXECUTED","Новый участник находит источник офлайн, объясняет границы, повторяет допустимую процедуру и получает результат в заранее заданном допуске.","0.4"
"PRJ-064","SCI-CHEM-15","CHEM","Практическая проверка: Химия пищи и изменения при хранении","LOW_RISK_BENCH_OR_FIELD","Объяснить базовую модель, выполнить допустимую для класса риска проверку и документировать пределы по теме «Химия пищи и изменения при хранении».","SCI-CHEM-14|SCI-METH-13|право остановить опыт|инструкция оборудования","TBD_NON_EXECUTABLE: точные item/model/material/range/PPE для состав/концентрация должны быть утверждены до начала","Сформулировать вопрос; записать метод и единицы; выполнить масса, температура и наблюдение без употребления сомнительных образцов; сохранить сырые данные; повторить; оценить неопределённость; сделать ограниченный вывод.","масса, температура и наблюдение без употребления сомнительных образцов","SI или явно названный стандарт","TBD_BEFORE_EXECUTION_FROM_EXACT_METHOD: диапазон/критерий фиксируется до результата; post-hoc подгонка запрещена.","сырые данные + фото/скриншот при допустимости + расчёт + uncertainty + подпись reviewer + hash пакета","3","TBD_METHOD_SPECIFIC: range/resolution/bias/repeat spread/operator effects утверждаются до execution","DESIGN_PLACEHOLDER_NOT_EXECUTABLE: item-specific hazard analysis, материалы, энергия, концентрация, СИЗ и отходы ещё не утверждены.","BLOCKED_BEFORE_START: до точного method/source review запрещено начинать; после review нужны наблюдаемые численные/событийные stop conditions.","TBD_ITEM_SPECIFIC_AND_LOCAL: пока маршрут отходов не утверждён, физическое выполнение блокировано.","S1_LOW_RISK_HOUSEHOLD","S1 допускается только после замены всех DESIGN/TBD полей точным low-risk методом и независимой safety-проверки.","3","ANY_SAFE_PERIOD","records/science/SCI-CHEM-15/YYYY-MM-DD/","PSP-016|SUP-LEA-037","PROVISIONAL_TOPIC_CANDIDATES_NOT_METHOD_REVIEWED","BLOCKED_UNTIL_EXACT_METHOD_SOURCE_SAFETY_AND_LOCAL_REVIEW","DESIGN_ONLY_NOT_EXECUTED","Новый участник находит источник офлайн, объясняет границы, повторяет допустимую процедуру и получает результат в заранее заданном допуске.","0.4"
"PRJ-065","SCI-CHEM-16","CHEM","Практическая проверка: SDS, маркировка, совместное хранение и отходы","LOW_RISK_BENCH_OR_FIELD","Объяснить базовую модель, выполнить допустимую для класса риска проверку и документировать пределы по теме «SDS, маркировка, совместное хранение и отходы».","SCI-CHEM-15|SCI-METH-13|право остановить опыт|инструкция оборудования","TBD_NON_EXECUTABLE: точные item/model/material/range/PPE для состав/концентрация должны быть утверждены до начала","Сформулировать вопрос; записать метод и единицы; выполнить поиск опасностей, СИЗ, несовместимостей и пути утилизации; сохранить сырые данные; повторить; оценить неопределённость; сделать ограниченный вывод.","поиск опасностей, СИЗ, несовместимостей и пути утилизации","SI или явно названный стандарт","TBD_BEFORE_EXECUTION_FROM_EXACT_METHOD: диапазон/критерий фиксируется до результата; post-hoc подгонка запрещена.","сырые данные + фото/скриншот при допустимости + расчёт + uncertainty + подпись reviewer + hash пакета","3","TBD_METHOD_SPECIFIC: range/resolution/bias/repeat spread/operator effects утверждаются до execution","DESIGN_PLACEHOLDER_NOT_EXECUTABLE: item-specific hazard analysis, материалы, энергия, концентрация, СИЗ и отходы ещё не утверждены.","BLOCKED_BEFORE_START: до точного method/source review запрещено начинать; после review нужны наблюдаемые численные/событийные stop conditions.","TBD_ITEM_SPECIFIC_AND_LOCAL: пока маршрут отходов не утверждён, физическое выполнение блокировано.","S1_LOW_RISK_HOUSEHOLD","S1 допускается только после замены всех DESIGN/TBD полей точным low-risk методом и независимой safety-проверки.","3","ANY_SAFE_PERIOD","records/science/SCI-CHEM-16/YYYY-MM-DD/","SUP-PHY-025|SUP-PHY-026","PROVISIONAL_TOPIC_CANDIDATES_NOT_METHOD_REVIEWED","BLOCKED_UNTIL_EXACT_METHOD_SOURCE_SAFETY_AND_LOCAL_REVIEW","DESIGN_ONLY_NOT_EXECUTED","Новый участник находит источник офлайн, объясняет границы, повторяет допустимую процедуру и получает результат в заранее заданном допуске.","0.4"
"PRJ-066","SCI-LIFE-01","LIFE","Практическая проверка: Клетка, мембраны и обмен веществ","OBSERVATION_DATA_OR_CALCULATION","Объяснить базовую модель, выполнить допустимую для класса риска проверку и документировать пределы по теме «Клетка, мембраны и обмен веществ».","SCI-METH-01|SCI-METH-07|SCI-METH-14|право остановить опыт|инструкция оборудования","TBD_NON_EXECUTABLE: точные item/model/material/range/PPE для наблюдение/счёт должны быть утверждены до начала","Сформулировать вопрос; записать метод и единицы; выполнить аннотированная схема и анализ готового микроснимка; сохранить сырые данные; повторить; оценить неопределённость; сделать ограниченный вывод.","аннотированная схема и анализ готового микроснимка","SI или явно названный стандарт","TBD_BEFORE_EXECUTION_FROM_EXACT_METHOD: диапазон/критерий фиксируется до результата; post-hoc подгонка запрещена.","сырые данные + фото/скриншот при допустимости + расчёт + uncertainty + подпись reviewer + hash пакета","2","TBD_METHOD_SPECIFIC: range/resolution/bias/repeat spread/operator effects утверждаются до execution","Не переносить вывод за пределы данных; не собирать персональные/чувствительные данные без законного основания и согласия.","STOP при неясных правах, происхождении данных, этическом конфликте или невозможности сохранить исходные данные.","TBD_ITEM_SPECIFIC_AND_LOCAL: пока маршрут отходов не утверждён, физическое выполнение блокировано.","S0_OBSERVE_READ","Самостоятельно после проверки источника; опасное действие из текста не выполняется.","3","ANY_SAFE_PERIOD","records/science/SCI-LIFE-01/YYYY-MM-DD/","PSP-017","PROVISIONAL_TOPIC_CANDIDATES_NOT_METHOD_REVIEWED","BLOCKED_UNTIL_EXACT_METHOD_SOURCE_SAFETY_AND_LOCAL_REVIEW","DESIGN_ONLY_NOT_EXECUTED","Новый участник находит источник офлайн, объясняет границы, повторяет допустимую процедуру и получает результат в заранее заданном допуске.","0.4"
"PRJ-067","SCI-LIFE-02","LIFE","Практическая проверка: ДНК, наследование и вариация","OBSERVATION_DATA_OR_CALCULATION","Объяснить базовую модель, выполнить допустимую для класса риска проверку и документировать пределы по теме «ДНК, наследование и вариация».","SCI-LIFE-01|SCI-METH-13|право остановить опыт|инструкция оборудования","TBD_NON_EXECUTABLE: точные item/model/material/range/PPE для наблюдение/счёт должны быть утверждены до начала","Сформулировать вопрос; записать метод и единицы; выполнить родословная учебного признака без медицинской интерпретации; сохранить сырые данные; повторить; оценить неопределённость; сделать ограниченный вывод.","родословная учебного признака без медицинской интерпретации","SI или явно названный стандарт","TBD_BEFORE_EXECUTION_FROM_EXACT_METHOD: диапазон/критерий фиксируется до результата; post-hoc подгонка запрещена.","сырые данные + фото/скриншот при допустимости + расчёт + uncertainty + подпись reviewer + hash пакета","2","TBD_METHOD_SPECIFIC: range/resolution/bias/repeat spread/operator effects утверждаются до execution","Не переносить вывод за пределы данных; не собирать персональные/чувствительные данные без законного основания и согласия.","STOP при неясных правах, происхождении данных, этическом конфликте или невозможности сохранить исходные данные.","TBD_ITEM_SPECIFIC_AND_LOCAL: пока маршрут отходов не утверждён, физическое выполнение блокировано.","S0_OBSERVE_READ","Самостоятельно после проверки источника; опасное действие из текста не выполняется.","3","ANY_SAFE_PERIOD","records/science/SCI-LIFE-02/YYYY-MM-DD/","PSP-017","PROVISIONAL_TOPIC_CANDIDATES_NOT_METHOD_REVIEWED","BLOCKED_UNTIL_EXACT_METHOD_SOURCE_SAFETY_AND_LOCAL_REVIEW","DESIGN_ONLY_NOT_EXECUTED","Новый участник находит источник офлайн, объясняет границы, повторяет допустимую процедуру и получает результат в заранее заданном допуске.","0.4"
"PRJ-068","SCI-LIFE-03","LIFE","Практическая проверка: Эволюция, отбор и филогенетика","OBSERVATION_DATA_OR_CALCULATION","Объяснить базовую модель, выполнить допустимую для класса риска проверку и документировать пределы по теме «Эволюция, отбор и филогенетика».","SCI-LIFE-02|SCI-METH-13|право остановить опыт|инструкция оборудования","TBD_NON_EXECUTABLE: точные item/model/material/range/PPE для наблюдение/счёт должны быть утверждены до начала","Сформулировать вопрос; записать метод и единицы; выполнить дерево признаков с указанием неопределённости; сохранить сырые данные; повторить; оценить неопределённость; сделать ограниченный вывод.","дерево признаков с указанием неопределённости","SI или явно названный стандарт","TBD_BEFORE_EXECUTION_FROM_EXACT_METHOD: диапазон/критерий фиксируется до результата; post-hoc подгонка запрещена.","сырые данные + фото/скриншот при допустимости + расчёт + uncertainty + подпись reviewer + hash пакета","2","TBD_METHOD_SPECIFIC: range/resolution/bias/repeat spread/operator effects утверждаются до execution","Не переносить вывод за пределы данных; не собирать персональные/чувствительные данные без законного основания и согласия.","STOP при неясных правах, происхождении данных, этическом конфликте или невозможности сохранить исходные данные.","TBD_ITEM_SPECIFIC_AND_LOCAL: пока маршрут отходов не утверждён, физическое выполнение блокировано.","S0_OBSERVE_READ","Самостоятельно после проверки источника; опасное действие из текста не выполняется.","3","ANY_SAFE_PERIOD","records/science/SCI-LIFE-03/YYYY-MM-DD/","PSP-017","PROVISIONAL_TOPIC_CANDIDATES_NOT_METHOD_REVIEWED","BLOCKED_UNTIL_EXACT_METHOD_SOURCE_SAFETY_AND_LOCAL_REVIEW","DESIGN_ONLY_NOT_EXECUTED","Новый участник находит источник офлайн, объясняет границы, повторяет допустимую процедуру и получает результат в заранее заданном допуске.","0.4"
"PRJ-069","SCI-LIFE-04","LIFE","Практическая проверка: Ботаника и морфология растений","OBSERVATION_DATA_OR_CALCULATION","Объяснить базовую модель, выполнить допустимую для класса риска проверку и документировать пределы по теме «Ботаника и морфология растений».","SCI-LIFE-03|SCI-METH-13|право остановить опыт|инструкция оборудования","TBD_NON_EXECUTABLE: точные item/model/material/range/PPE для наблюдение/счёт должны быть утверждены до начала","Сформулировать вопрос; записать метод и единицы; выполнить фотопротокол безопасного известного растения; сохранить сырые данные; повторить; оценить неопределённость; сделать ограниченный вывод.","фотопротокол безопасного известного растения","SI или явно названный стандарт","TBD_BEFORE_EXECUTION_FROM_EXACT_METHOD: диапазон/критерий фиксируется до результата; post-hoc подгонка запрещена.","сырые данные + фото/скриншот при допустимости + расчёт + uncertainty + подпись reviewer + hash пакета","2","TBD_METHOD_SPECIFIC: range/resolution/bias/repeat spread/operator effects утверждаются до execution","Не переносить вывод за пределы данных; не собирать персональные/чувствительные данные без законного основания и согласия.","STOP при неясных правах, происхождении данных, этическом конфликте или невозможности сохранить исходные данные.","TBD_ITEM_SPECIFIC_AND_LOCAL: пока маршрут отходов не утверждён, физическое выполнение блокировано.","S0_OBSERVE_READ","Самостоятельно после проверки источника; опасное действие из текста не выполняется.","3","ANY_SAFE_PERIOD","records/science/SCI-LIFE-04/YYYY-MM-DD/","PSP-017|SUP-LEA-001","PROVISIONAL_TOPIC_CANDIDATES_NOT_METHOD_REVIEWED","BLOCKED_UNTIL_EXACT_METHOD_SOURCE_SAFETY_AND_LOCAL_REVIEW","DESIGN_ONLY_NOT_EXECUTED","Новый участник находит источник офлайн, объясняет границы, повторяет допустимую процедуру и получает результат в заранее заданном допуске.","0.4"
"PRJ-070","SCI-LIFE-05","LIFE","Практическая проверка: Физиология растений и фотосинтез","OBSERVATION_DATA_OR_CALCULATION","Объяснить базовую модель, выполнить допустимую для класса риска проверку и документировать пределы по теме «Физиология растений и фотосинтез».","SCI-LIFE-04|SCI-METH-13|право остановить опыт|инструкция оборудования","TBD_NON_EXECUTABLE: точные item/model/material/range/PPE для наблюдение/счёт должны быть утверждены до начала","Сформулировать вопрос; записать метод и единицы; выполнить неразрушающий ростовой/световой ряд; сохранить сырые данные; повторить; оценить неопределённость; сделать ограниченный вывод.","неразрушающий ростовой/световой ряд","SI или явно названный стандарт","TBD_BEFORE_EXECUTION_FROM_EXACT_METHOD: диапазон/критерий фиксируется до результата; post-hoc подгонка запрещена.","сырые данные + фото/скриншот при допустимости + расчёт + uncertainty + подпись reviewer + hash пакета","2","TBD_METHOD_SPECIFIC: range/resolution/bias/repeat spread/operator effects утверждаются до execution","Не переносить вывод за пределы данных; не собирать персональные/чувствительные данные без законного основания и согласия.","STOP при неясных правах, происхождении данных, этическом конфликте или невозможности сохранить исходные данные.","TBD_ITEM_SPECIFIC_AND_LOCAL: пока маршрут отходов не утверждён, физическое выполнение блокировано.","S0_OBSERVE_READ","Самостоятельно после проверки источника; опасное действие из текста не выполняется.","3","ANY_SAFE_PERIOD","records/science/SCI-LIFE-05/YYYY-MM-DD/","PSP-017","PROVISIONAL_TOPIC_CANDIDATES_NOT_METHOD_REVIEWED","BLOCKED_UNTIL_EXACT_METHOD_SOURCE_SAFETY_AND_LOCAL_REVIEW","DESIGN_ONLY_NOT_EXECUTED","Новый участник находит источник офлайн, объясняет границы, повторяет допустимую процедуру и получает результат в заранее заданном допуске.","0.4"
"PRJ-071","SCI-LIFE-06","LIFE","Практическая проверка: Зоология, поведение и благополучие","OBSERVATION_DATA_OR_CALCULATION","Объяснить базовую модель, выполнить допустимую для класса риска проверку и документировать пределы по теме «Зоология, поведение и благополучие».","SCI-LIFE-05|SCI-METH-13|право остановить опыт|инструкция оборудования","TBD_NON_EXECUTABLE: точные item/model/material/range/PPE для наблюдение/счёт должны быть утверждены до начала","Сформулировать вопрос; записать метод и единицы; выполнить неинвазивное наблюдение без кормления дикой фауны; сохранить сырые данные; повторить; оценить неопределённость; сделать ограниченный вывод.","неинвазивное наблюдение без кормления дикой фауны","SI или явно названный стандарт","TBD_BEFORE_EXECUTION_FROM_EXACT_METHOD: диапазон/критерий фиксируется до результата; post-hoc подгонка запрещена.","сырые данные + фото/скриншот при допустимости + расчёт + uncertainty + подпись reviewer + hash пакета","2","TBD_METHOD_SPECIFIC: range/resolution/bias/repeat spread/operator effects утверждаются до execution","Не переносить вывод за пределы данных; не собирать персональные/чувствительные данные без законного основания и согласия.","STOP при неясных правах, происхождении данных, этическом конфликте или невозможности сохранить исходные данные.","TBD_ITEM_SPECIFIC_AND_LOCAL: пока маршрут отходов не утверждён, физическое выполнение блокировано.","S0_OBSERVE_READ","Самостоятельно после проверки источника; опасное действие из текста не выполняется.","3","ANY_SAFE_PERIOD","records/science/SCI-LIFE-06/YYYY-MM-DD/","PSP-017|SUP-LEA-049","PROVISIONAL_TOPIC_CANDIDATES_NOT_METHOD_REVIEWED","BLOCKED_UNTIL_EXACT_METHOD_SOURCE_SAFETY_AND_LOCAL_REVIEW","DESIGN_ONLY_NOT_EXECUTED","Новый участник находит источник офлайн, объясняет границы, повторяет допустимую процедуру и получает результат в заранее заданном допуске.","0.4"
"PRJ-072","SCI-LIFE-07","LIFE","Практическая проверка: Микробиология и биобезопасность","REFERENCE_ONLY_NO_EXECUTION","Объяснить базовую модель, выполнить допустимую для класса риска проверку и документировать пределы по теме «Микробиология и биобезопасность».","SCI-LIFE-06|SCI-METH-13|право остановить опыт|инструкция оборудования","TBD_NON_EXECUTABLE: точные item/model/material/range/PPE для наблюдение/счёт должны быть утверждены до начала","Только чтение, распознавание опасности и анализ опубликованных данных: работа только с опубликованными данными; культивирование неизвестных организмов запрещено. Никаких бытовых экспериментов, культивирования, давления, огня или опасных веществ.","работа только с опубликованными данными; культивирование неизвестных организмов запрещено","SI или явно названный стандарт","TBD_BEFORE_EXECUTION_FROM_EXACT_METHOD: диапазон/критерий фиксируется до результата; post-hoc подгонка запрещена.","сырые данные + фото/скриншот при допустимости + расчёт + uncertainty + подпись reviewer + hash пакета","1","TBD_METHOD_SPECIFIC: range/resolution/bias/repeat spread/operator effects утверждаются до execution","Высокий риск тяжёлой травмы, инфекции, отравления, пожара, взрыва или загрязнения.","NO-GO для household execution; изолировать ситуацию и обратиться к компетентной службе/специалисту.","TBD_ITEM_SPECIFIC_AND_LOCAL: пока маршрут отходов не утверждён, физическое выполнение блокировано.","S4_REFERENCE_ONLY_PROHIBITED_HOUSEHOLD","Профессиональная площадка и разрешение обязательны для любого физического исполнения.","2","ANY_SAFE_PERIOD","records/science/SCI-LIFE-07/YYYY-MM-DD/","PSP-019|SUP-PHY-025","PROVISIONAL_TOPIC_CANDIDATES_NOT_METHOD_REVIEWED","BLOCKED_UNTIL_EXACT_METHOD_SOURCE_SAFETY_AND_LOCAL_REVIEW","DESIGN_ONLY_NOT_EXECUTED","Новый участник находит источник офлайн, объясняет границы, повторяет допустимую процедуру и получает результат в заранее заданном допуске.","0.4"
"PRJ-073","SCI-LIFE-08","LIFE","Практическая проверка: Микроскопия готовых безопасных препаратов","LOW_RISK_BENCH_OR_FIELD","Объяснить базовую модель, выполнить допустимую для класса риска проверку и документировать пределы по теме «Микроскопия готовых безопасных препаратов».","SCI-LIFE-07|SCI-METH-13|право остановить опыт|инструкция оборудования","TBD_NON_EXECUTABLE: точные item/model/material/range/PPE для наблюдение/счёт должны быть утверждены до начала","Сформулировать вопрос; записать метод и единицы; выполнить фокус, масштаб и рисунок готового слайда; сохранить сырые данные; повторить; оценить неопределённость; сделать ограниченный вывод.","фокус, масштаб и рисунок готового слайда","SI или явно названный стандарт","TBD_BEFORE_EXECUTION_FROM_EXACT_METHOD: диапазон/критерий фиксируется до результата; post-hoc подгонка запрещена.","сырые данные + фото/скриншот при допустимости + расчёт + uncertainty + подпись reviewer + hash пакета","3","TBD_METHOD_SPECIFIC: range/resolution/bias/repeat spread/operator effects утверждаются до execution","DESIGN_PLACEHOLDER_NOT_EXECUTABLE: item-specific hazard analysis, материалы, энергия, концентрация, СИЗ и отходы ещё не утверждены.","BLOCKED_BEFORE_START: до точного method/source review запрещено начинать; после review нужны наблюдаемые численные/событийные stop conditions.","TBD_ITEM_SPECIFIC_AND_LOCAL: пока маршрут отходов не утверждён, физическое выполнение блокировано.","S1_LOW_RISK_HOUSEHOLD","S1 допускается только после замены всех DESIGN/TBD полей точным low-risk методом и независимой safety-проверки.","3","ANY_SAFE_PERIOD","records/science/SCI-LIFE-08/YYYY-MM-DD/","PSP-017","PROVISIONAL_TOPIC_CANDIDATES_NOT_METHOD_REVIEWED","BLOCKED_UNTIL_EXACT_METHOD_SOURCE_SAFETY_AND_LOCAL_REVIEW","DESIGN_ONLY_NOT_EXECUTED","Новый участник находит источник офлайн, объясняет границы, повторяет допустимую процедуру и получает результат в заранее заданном допуске.","0.4"
"PRJ-074","SCI-LIFE-09","LIFE","Практическая проверка: Систематика и определение видов","OBSERVATION_DATA_OR_CALCULATION","Объяснить базовую модель, выполнить допустимую для класса риска проверку и документировать пределы по теме «Систематика и определение видов».","SCI-LIFE-08|SCI-METH-13|право остановить опыт|инструкция оборудования","TBD_NON_EXECUTABLE: точные item/model/material/range/PPE для наблюдение/счёт должны быть утверждены до начала","Сформулировать вопрос; записать метод и единицы; выполнить определение по нескольким признакам с фото и географией; сохранить сырые данные; повторить; оценить неопределённость; сделать ограниченный вывод.","определение по нескольким признакам с фото и географией","SI или явно названный стандарт","TBD_BEFORE_EXECUTION_FROM_EXACT_METHOD: диапазон/критерий фиксируется до результата; post-hoc подгонка запрещена.","сырые данные + фото/скриншот при допустимости + расчёт + uncertainty + подпись reviewer + hash пакета","2","TBD_METHOD_SPECIFIC: range/resolution/bias/repeat spread/operator effects утверждаются до execution","Не переносить вывод за пределы данных; не собирать персональные/чувствительные данные без законного основания и согласия.","STOP при неясных правах, происхождении данных, этическом конфликте или невозможности сохранить исходные данные.","TBD_ITEM_SPECIFIC_AND_LOCAL: пока маршрут отходов не утверждён, физическое выполнение блокировано.","S0_OBSERVE_READ","Самостоятельно после проверки источника; опасное действие из текста не выполняется.","3","ANY_SAFE_PERIOD","records/science/SCI-LIFE-09/YYYY-MM-DD/","PSP-017|SUP-LEA-001","PROVISIONAL_TOPIC_CANDIDATES_NOT_METHOD_REVIEWED","BLOCKED_UNTIL_EXACT_METHOD_SOURCE_SAFETY_AND_LOCAL_REVIEW","DESIGN_ONLY_NOT_EXECUTED","Новый участник находит источник офлайн, объясняет границы, повторяет допустимую процедуру и получает результат в заранее заданном допуске.","0.4"
"PRJ-075","SCI-LIFE-10","LIFE","Практическая проверка: Популяции, пищевые сети и экосистемные связи","OBSERVATION_DATA_OR_CALCULATION","Объяснить базовую модель, выполнить допустимую для класса риска проверку и документировать пределы по теме «Популяции, пищевые сети и экосистемные связи».","SCI-LIFE-09|SCI-METH-13|право остановить опыт|инструкция оборудования","TBD_NON_EXECUTABLE: точные item/model/material/range/PPE для наблюдение/счёт должны быть утверждены до начала","Сформулировать вопрос; записать метод и единицы; выполнить наблюдательный маршрут с повторяемыми точками; сохранить сырые данные; повторить; оценить неопределённость; сделать ограниченный вывод.","наблюдательный маршрут с повторяемыми точками","SI или явно названный стандарт","TBD_BEFORE_EXECUTION_FROM_EXACT_METHOD: диапазон/критерий фиксируется до результата; post-hoc подгонка запрещена.","сырые данные + фото/скриншот при допустимости + расчёт + uncertainty + подпись reviewer + hash пакета","2","TBD_METHOD_SPECIFIC: range/resolution/bias/repeat spread/operator effects утверждаются до execution","Не переносить вывод за пределы данных; не собирать персональные/чувствительные данные без законного основания и согласия.","STOP при неясных правах, происхождении данных, этическом конфликте или невозможности сохранить исходные данные.","TBD_ITEM_SPECIFIC_AND_LOCAL: пока маршрут отходов не утверждён, физическое выполнение блокировано.","S0_OBSERVE_READ","Самостоятельно после проверки источника; опасное действие из текста не выполняется.","3","ANY_SAFE_PERIOD","records/science/SCI-LIFE-10/YYYY-MM-DD/","PSP-017|PSP-048","PROVISIONAL_TOPIC_CANDIDATES_NOT_METHOD_REVIEWED","BLOCKED_UNTIL_EXACT_METHOD_SOURCE_SAFETY_AND_LOCAL_REVIEW","DESIGN_ONLY_NOT_EXECUTED","Новый участник находит источник офлайн, объясняет границы, повторяет допустимую процедуру и получает результат в заранее заданном допуске.","0.4"
"PRJ-076","SCI-LIFE-11","LIFE","Практическая проверка: Опыление и взаимодействия растение–животное","OBSERVATION_DATA_OR_CALCULATION","Объяснить базовую модель, выполнить допустимую для класса риска проверку и документировать пределы по теме «Опыление и взаимодействия растение–животное».","SCI-LIFE-10|SCI-METH-13|право остановить опыт|инструкция оборудования","TBD_NON_EXECUTABLE: точные item/model/material/range/PPE для наблюдение/счёт должны быть утверждены до начала","Сформулировать вопрос; записать метод и единицы; выполнить счёт посещений без вмешательства в гнёзда; сохранить сырые данные; повторить; оценить неопределённость; сделать ограниченный вывод.","счёт посещений без вмешательства в гнёзда","SI или явно названный стандарт","TBD_BEFORE_EXECUTION_FROM_EXACT_METHOD: диапазон/критерий фиксируется до результата; post-hoc подгонка запрещена.","сырые данные + фото/скриншот при допустимости + расчёт + uncertainty + подпись reviewer + hash пакета","2","TBD_METHOD_SPECIFIC: range/resolution/bias/repeat spread/operator effects утверждаются до execution","Не переносить вывод за пределы данных; не собирать персональные/чувствительные данные без законного основания и согласия.","STOP при неясных правах, происхождении данных, этическом конфликте или невозможности сохранить исходные данные.","TBD_ITEM_SPECIFIC_AND_LOCAL: пока маршрут отходов не утверждён, физическое выполнение блокировано.","S0_OBSERVE_READ","Самостоятельно после проверки источника; опасное действие из текста не выполняется.","3","ANY_SAFE_PERIOD","records/science/SCI-LIFE-11/YYYY-MM-DD/","PSP-017|PSP-048","PROVISIONAL_TOPIC_CANDIDATES_NOT_METHOD_REVIEWED","BLOCKED_UNTIL_EXACT_METHOD_SOURCE_SAFETY_AND_LOCAL_REVIEW","DESIGN_ONLY_NOT_EXECUTED","Новый участник находит источник офлайн, объясняет границы, повторяет допустимую процедуру и получает результат в заранее заданном допуске.","0.4"
"PRJ-077","SCI-LIFE-12","LIFE","Практическая проверка: Разложение, почвенная биота и круговороты","OBSERVATION_DATA_OR_CALCULATION","Объяснить базовую модель, выполнить допустимую для класса риска проверку и документировать пределы по теме «Разложение, почвенная биота и круговороты».","SCI-LIFE-11|SCI-METH-13|право остановить опыт|инструкция оборудования","TBD_NON_EXECUTABLE: точные item/model/material/range/PPE для наблюдение/счёт должны быть утверждены до начала","Сформулировать вопрос; записать метод и единицы; выполнить закрытый наблюдательный журнал без выращивания неизвестных культур; сохранить сырые данные; повторить; оценить неопределённость; сделать ограниченный вывод.","закрытый наблюдательный журнал без выращивания неизвестных культур","SI или явно названный стандарт","TBD_BEFORE_EXECUTION_FROM_EXACT_METHOD: диапазон/критерий фиксируется до результата; post-hoc подгонка запрещена.","сырые данные + фото/скриншот при допустимости + расчёт + uncertainty + подпись reviewer + hash пакета","2","TBD_METHOD_SPECIFIC: range/resolution/bias/repeat spread/operator effects утверждаются до execution","Не переносить вывод за пределы данных; не собирать персональные/чувствительные данные без законного основания и согласия.","STOP при неясных правах, происхождении данных, этическом конфликте или невозможности сохранить исходные данные.","TBD_ITEM_SPECIFIC_AND_LOCAL: пока маршрут отходов не утверждён, физическое выполнение блокировано.","S0_OBSERVE_READ","Самостоятельно после проверки источника; опасное действие из текста не выполняется.","3","ANY_SAFE_PERIOD","records/science/SCI-LIFE-12/YYYY-MM-DD/","PSP-017|PSP-048","PROVISIONAL_TOPIC_CANDIDATES_NOT_METHOD_REVIEWED","BLOCKED_UNTIL_EXACT_METHOD_SOURCE_SAFETY_AND_LOCAL_REVIEW","DESIGN_ONLY_NOT_EXECUTED","Новый участник находит источник офлайн, объясняет границы, повторяет допустимую процедуру и получает результат в заранее заданном допуске.","0.4"
"PRJ-078","SCI-LIFE-13","LIFE","Практическая проверка: Биоразнообразие и мониторинг участка","OBSERVATION_DATA_OR_CALCULATION","Объяснить базовую модель, выполнить допустимую для класса риска проверку и документировать пределы по теме «Биоразнообразие и мониторинг участка».","SCI-LIFE-12|SCI-METH-13|право остановить опыт|инструкция оборудования","TBD_NON_EXECUTABLE: точные item/model/material/range/PPE для наблюдение/счёт должны быть утверждены до начала","Сформулировать вопрос; записать метод и единицы; выполнить фиксированный маршрут, фото-точки и список видов; сохранить сырые данные; повторить; оценить неопределённость; сделать ограниченный вывод.","фиксированный маршрут, фото-точки и список видов","SI или явно названный стандарт","TBD_BEFORE_EXECUTION_FROM_EXACT_METHOD: диапазон/критерий фиксируется до результата; post-hoc подгонка запрещена.","сырые данные + фото/скриншот при допустимости + расчёт + uncertainty + подпись reviewer + hash пакета","2","TBD_METHOD_SPECIFIC: range/resolution/bias/repeat spread/operator effects утверждаются до execution","Не переносить вывод за пределы данных; не собирать персональные/чувствительные данные без законного основания и согласия.","STOP при неясных правах, происхождении данных, этическом конфликте или невозможности сохранить исходные данные.","TBD_ITEM_SPECIFIC_AND_LOCAL: пока маршрут отходов не утверждён, физическое выполнение блокировано.","S0_OBSERVE_READ","Самостоятельно после проверки источника; опасное действие из текста не выполняется.","3","ANY_SAFE_PERIOD","records/science/SCI-LIFE-13/YYYY-MM-DD/","PSP-017|PSP-048","PROVISIONAL_TOPIC_CANDIDATES_NOT_METHOD_REVIEWED","BLOCKED_UNTIL_EXACT_METHOD_SOURCE_SAFETY_AND_LOCAL_REVIEW","DESIGN_ONLY_NOT_EXECUTED","Новый участник находит источник офлайн, объясняет границы, повторяет допустимую процедуру и получает результат в заранее заданном допуске.","0.4"
"PRJ-079","SCI-LIFE-14","LIFE","Практическая проверка: Биостатистика и экологическое моделирование","OBSERVATION_DATA_OR_CALCULATION","Объяснить базовую модель, выполнить допустимую для класса риска проверку и документировать пределы по теме «Биостатистика и экологическое моделирование».","SCI-LIFE-13|SCI-METH-13|право остановить опыт|инструкция оборудования","TBD_NON_EXECUTABLE: точные item/model/material/range/PPE для наблюдение/счёт должны быть утверждены до начала","Сформулировать вопрос; записать метод и единицы; выполнить повторный анализ открытого набора данных; сохранить сырые данные; повторить; оценить неопределённость; сделать ограниченный вывод.","повторный анализ открытого набора данных","SI или явно названный стандарт","TBD_BEFORE_EXECUTION_FROM_EXACT_METHOD: диапазон/критерий фиксируется до результата; post-hoc подгонка запрещена.","сырые данные + фото/скриншот при допустимости + расчёт + uncertainty + подпись reviewer + hash пакета","2","TBD_METHOD_SPECIFIC: range/resolution/bias/repeat spread/operator effects утверждаются до execution","Не переносить вывод за пределы данных; не собирать персональные/чувствительные данные без законного основания и согласия.","STOP при неясных правах, происхождении данных, этическом конфликте или невозможности сохранить исходные данные.","TBD_ITEM_SPECIFIC_AND_LOCAL: пока маршрут отходов не утверждён, физическое выполнение блокировано.","S0_OBSERVE_READ","Самостоятельно после проверки источника; опасное действие из текста не выполняется.","3","ANY_SAFE_PERIOD","records/science/SCI-LIFE-14/YYYY-MM-DD/","PSP-017|PSP-048","PROVISIONAL_TOPIC_CANDIDATES_NOT_METHOD_REVIEWED","BLOCKED_UNTIL_EXACT_METHOD_SOURCE_SAFETY_AND_LOCAL_REVIEW","DESIGN_ONLY_NOT_EXECUTED","Новый участник находит источник офлайн, объясняет границы, повторяет допустимую процедуру и получает результат в заранее заданном допуске.","0.4"
"PRJ-080","SCI-LIFE-15","LIFE","Практическая проверка: Биоинформатика и работа с открытыми последовательностями","OBSERVATION_DATA_OR_CALCULATION","Объяснить базовую модель, выполнить допустимую для класса риска проверку и документировать пределы по теме «Биоинформатика и работа с открытыми последовательностями».","SCI-LIFE-14|SCI-METH-13|право остановить опыт|инструкция оборудования","TBD_NON_EXECUTABLE: точные item/model/material/range/PPE для наблюдение/счёт должны быть утверждены до начала","Сформулировать вопрос; записать метод и единицы; выполнить воспроизводимый поиск по публичной базе без персональных данных; сохранить сырые данные; повторить; оценить неопределённость; сделать ограниченный вывод.","воспроизводимый поиск по публичной базе без персональных данных","SI или явно названный стандарт","TBD_BEFORE_EXECUTION_FROM_EXACT_METHOD: диапазон/критерий фиксируется до результата; post-hoc подгонка запрещена.","сырые данные + фото/скриншот при допустимости + расчёт + uncertainty + подпись reviewer + hash пакета","2","TBD_METHOD_SPECIFIC: range/resolution/bias/repeat spread/operator effects утверждаются до execution","Не переносить вывод за пределы данных; не собирать персональные/чувствительные данные без законного основания и согласия.","STOP при неясных правах, происхождении данных, этическом конфликте или невозможности сохранить исходные данные.","TBD_ITEM_SPECIFIC_AND_LOCAL: пока маршрут отходов не утверждён, физическое выполнение блокировано.","S0_OBSERVE_READ","Самостоятельно после проверки источника; опасное действие из текста не выполняется.","3","ANY_SAFE_PERIOD","records/science/SCI-LIFE-15/YYYY-MM-DD/","PSP-060|SUP-LEA-003","PROVISIONAL_TOPIC_CANDIDATES_NOT_METHOD_REVIEWED","BLOCKED_UNTIL_EXACT_METHOD_SOURCE_SAFETY_AND_LOCAL_REVIEW","DESIGN_ONLY_NOT_EXECUTED","Новый участник находит источник офлайн, объясняет границы, повторяет допустимую процедуру и получает результат в заранее заданном допуске.","0.4"
"PRJ-081","SCI-LIFE-16","LIFE","Практическая проверка: Охрана природы, инвазивные виды и правовые границы","OBSERVATION_DATA_OR_CALCULATION","Объяснить базовую модель, выполнить допустимую для класса риска проверку и документировать пределы по теме «Охрана природы, инвазивные виды и правовые границы».","SCI-LIFE-15|SCI-METH-13|право остановить опыт|инструкция оборудования","TBD_NON_EXECUTABLE: точные item/model/material/range/PPE для наблюдение/счёт должны быть утверждены до начала","Сформулировать вопрос; записать метод и единицы; выполнить карта наблюдений и передача компетентному органу; сохранить сырые данные; повторить; оценить неопределённость; сделать ограниченный вывод.","карта наблюдений и передача компетентному органу","SI или явно названный стандарт","TBD_BEFORE_EXECUTION_FROM_EXACT_METHOD: диапазон/критерий фиксируется до результата; post-hoc подгонка запрещена.","сырые данные + фото/скриншот при допустимости + расчёт + uncertainty + подпись reviewer + hash пакета","2","TBD_METHOD_SPECIFIC: range/resolution/bias/repeat spread/operator effects утверждаются до execution","Не переносить вывод за пределы данных; не собирать персональные/чувствительные данные без законного основания и согласия.","STOP при неясных правах, происхождении данных, этическом конфликте или невозможности сохранить исходные данные.","TBD_ITEM_SPECIFIC_AND_LOCAL: пока маршрут отходов не утверждён, физическое выполнение блокировано.","S0_OBSERVE_READ","Самостоятельно после проверки источника; опасное действие из текста не выполняется.","3","ANY_SAFE_PERIOD","records/science/SCI-LIFE-16/YYYY-MM-DD/","PSP-048|SUP-LEA-005","PROVISIONAL_TOPIC_CANDIDATES_NOT_METHOD_REVIEWED","BLOCKED_UNTIL_EXACT_METHOD_SOURCE_SAFETY_AND_LOCAL_REVIEW","DESIGN_ONLY_NOT_EXECUTED","Новый участник находит источник офлайн, объясняет границы, повторяет допустимую процедуру и получает результат в заранее заданном допуске.","0.4"
"PRJ-082","SCI-HEALTH-01","HEALTH","Практическая проверка: Анатомия, физиология и медицинская терминология","OBSERVATION_DATA_OR_CALCULATION","Объяснить базовую модель, выполнить допустимую для класса риска проверку и документировать пределы по теме «Анатомия, физиология и медицинская терминология».","SCI-METH-01|SCI-METH-07|SCI-METH-14|право остановить опыт|инструкция оборудования","TBD_NON_EXECUTABLE: точные item/model/material/range/PPE для официальный маршрут/неинвазивное наблюдение должны быть утверждены до начала","Сформулировать вопрос; записать метод и единицы; выполнить объяснение нормальной функции без постановки диагноза; сохранить сырые данные; повторить; оценить неопределённость; сделать ограниченный вывод.","объяснение нормальной функции без постановки диагноза","SI или явно названный стандарт","TBD_BEFORE_EXECUTION_FROM_EXACT_METHOD: диапазон/критерий фиксируется до результата; post-hoc подгонка запрещена.","сырые данные + фото/скриншот при допустимости + расчёт + uncertainty + подпись reviewer + hash пакета","2","TBD_METHOD_SPECIFIC: range/resolution/bias/repeat spread/operator effects утверждаются до execution","Не переносить вывод за пределы данных; не собирать персональные/чувствительные данные без законного основания и согласия.","STOP при неясных правах, происхождении данных, этическом конфликте или невозможности сохранить исходные данные.","TBD_ITEM_SPECIFIC_AND_LOCAL: пока маршрут отходов не утверждён, физическое выполнение блокировано.","S0_OBSERVE_READ","Самостоятельно после проверки источника; опасное действие из текста не выполняется.","3","ANY_SAFE_PERIOD","records/science/SCI-HEALTH-01/YYYY-MM-DD/","PSP-018","PROVISIONAL_TOPIC_CANDIDATES_NOT_METHOD_REVIEWED","BLOCKED_UNTIL_EXACT_METHOD_SOURCE_SAFETY_AND_LOCAL_REVIEW","DESIGN_ONLY_NOT_EXECUTED","Новый участник находит источник офлайн, объясняет границы, повторяет допустимую процедуру и получает результат в заранее заданном допуске.","0.4"
"PRJ-083","SCI-HEALTH-02","HEALTH","Практическая проверка: Навигация по системе здравоохранения и красные флаги","OBSERVATION_DATA_OR_CALCULATION","Объяснить базовую модель, выполнить допустимую для класса риска проверку и документировать пределы по теме «Навигация по системе здравоохранения и красные флаги».","SCI-HEALTH-01|SCI-METH-13|право остановить опыт|инструкция оборудования","TBD_NON_EXECUTABLE: точные item/model/material/range/PPE для официальный маршрут/неинвазивное наблюдение должны быть утверждены до начала","Сформулировать вопрос; записать метод и единицы; выполнить правильный маршрут 112/SNS24/профильная служба по учебному сценарию; сохранить сырые данные; повторить; оценить неопределённость; сделать ограниченный вывод.","правильный маршрут 112/SNS24/профильная служба по учебному сценарию","SI или явно названный стандарт","TBD_BEFORE_EXECUTION_FROM_EXACT_METHOD: диапазон/критерий фиксируется до результата; post-hoc подгонка запрещена.","сырые данные + фото/скриншот при допустимости + расчёт + uncertainty + подпись reviewer + hash пакета","2","TBD_METHOD_SPECIFIC: range/resolution/bias/repeat spread/operator effects утверждаются до execution","Не переносить вывод за пределы данных; не собирать персональные/чувствительные данные без законного основания и согласия.","STOP при неясных правах, происхождении данных, этическом конфликте или невозможности сохранить исходные данные.","TBD_ITEM_SPECIFIC_AND_LOCAL: пока маршрут отходов не утверждён, физическое выполнение блокировано.","S0_OBSERVE_READ","Самостоятельно после проверки источника; опасное действие из текста не выполняется.","3","ANY_SAFE_PERIOD","records/science/SCI-HEALTH-02/YYYY-MM-DD/","PSP-094|PSP-051","PROVISIONAL_TOPIC_CANDIDATES_NOT_METHOD_REVIEWED","BLOCKED_UNTIL_EXACT_METHOD_SOURCE_SAFETY_AND_LOCAL_REVIEW","DESIGN_ONLY_NOT_EXECUTED","Новый участник находит источник офлайн, объясняет границы, повторяет допустимую процедуру и получает результат в заранее заданном допуске.","0.4"
"PRJ-084","SCI-HEALTH-03","HEALTH","Практическая проверка: Безопасное измерение температуры, пульса и частоты дыхания","LOW_RISK_BENCH_OR_FIELD","Объяснить базовую модель, выполнить допустимую для класса риска проверку и документировать пределы по теме «Безопасное измерение температуры, пульса и частоты дыхания».","SCI-HEALTH-02|SCI-METH-13|право остановить опыт|инструкция оборудования","TBD_NON_EXECUTABLE: точные item/model/material/range/PPE для официальный маршрут/неинвазивное наблюдение должны быть утверждены до начала","Сформулировать вопрос; записать метод и единицы; выполнить повтор измерения согласно инструкции прибора без диагностики; сохранить сырые данные; повторить; оценить неопределённость; сделать ограниченный вывод.","повтор измерения согласно инструкции прибора без диагностики","SI или явно названный стандарт","TBD_BEFORE_EXECUTION_FROM_EXACT_METHOD: диапазон/критерий фиксируется до результата; post-hoc подгонка запрещена.","сырые данные + фото/скриншот при допустимости + расчёт + uncertainty + подпись reviewer + hash пакета","3","TBD_METHOD_SPECIFIC: range/resolution/bias/repeat spread/operator effects утверждаются до execution","DESIGN_PLACEHOLDER_NOT_EXECUTABLE: item-specific hazard analysis, материалы, энергия, концентрация, СИЗ и отходы ещё не утверждены.","BLOCKED_BEFORE_START: до точного method/source review запрещено начинать; после review нужны наблюдаемые численные/событийные stop conditions.","TBD_ITEM_SPECIFIC_AND_LOCAL: пока маршрут отходов не утверждён, физическое выполнение блокировано.","S1_LOW_RISK_HOUSEHOLD","S1 допускается только после замены всех DESIGN/TBD полей точным low-risk методом и независимой safety-проверки.","3","ANY_SAFE_PERIOD","records/science/SCI-HEALTH-03/YYYY-MM-DD/","PSP-018|PSP-051","PROVISIONAL_TOPIC_CANDIDATES_NOT_METHOD_REVIEWED","BLOCKED_UNTIL_EXACT_METHOD_SOURCE_SAFETY_AND_LOCAL_REVIEW","DESIGN_ONLY_NOT_EXECUTED","Новый участник находит источник офлайн, объясняет границы, повторяет допустимую процедуру и получает результат в заранее заданном допуске.","0.4"
"PRJ-085","SCI-HEALTH-04","HEALTH","Практическая проверка: Первая помощь, BLS/AED и удушье","SUPERVISED_DEMONSTRATION_ONLY","Объяснить базовую модель, выполнить допустимую для класса риска проверку и документировать пределы по теме «Первая помощь, BLS/AED и удушье».","SCI-HEALTH-03|SCI-METH-13|право остановить опыт|инструкция оборудования","TBD_NON_EXECUTABLE: точные item/model/material/range/PPE для официальный маршрут/неинвазивное наблюдение должны быть утверждены до начала","До допуска: обучение и checklist. Затем только под компетентным надзором выполнить безопасную часть: только сертифицированное обучение и манекен. Результат и отклонения подписывает supervisor.","только сертифицированное обучение и манекен","SI или явно названный стандарт","TBD_BEFORE_EXECUTION_FROM_EXACT_METHOD: диапазон/критерий фиксируется до результата; post-hoc подгонка запрещена.","сырые данные + фото/скриншот при допустимости + расчёт + uncertainty + подпись reviewer + hash пакета","1","TBD_METHOD_SPECIFIC: range/resolution/bias/repeat spread/operator effects утверждаются до execution","DESIGN_PLACEHOLDER_NOT_EXECUTABLE: item-specific hazard analysis, материалы, энергия, концентрация, СИЗ и отходы ещё не утверждены.","BLOCKED_BEFORE_START: до точного method/source review запрещено начинать; после review нужны наблюдаемые численные/событийные stop conditions.","TBD_ITEM_SPECIFIC_AND_LOCAL: пока маршрут отходов не утверждён, физическое выполнение блокировано.","S2_TRAINED_SUPERVISED","Компетентный инструктор/ответственный специалист присутствует и может немедленно остановить работу.","3","ANY_SAFE_PERIOD","records/science/SCI-HEALTH-04/YYYY-MM-DD/","PSP-055|PSP-056","PROVISIONAL_TOPIC_CANDIDATES_NOT_METHOD_REVIEWED","BLOCKED_UNTIL_EXACT_METHOD_SOURCE_SAFETY_AND_LOCAL_REVIEW","DESIGN_ONLY_NOT_EXECUTED","Новый участник находит источник офлайн, объясняет границы, повторяет допустимую процедуру и получает результат в заранее заданном допуске.","0.4"
"PRJ-086","SCI-HEALTH-05","HEALTH","Практическая проверка: Инфекционный контроль, руки, поверхности и вентиляция","LOW_RISK_BENCH_OR_FIELD","Объяснить базовую модель, выполнить допустимую для класса риска проверку и документировать пределы по теме «Инфекционный контроль, руки, поверхности и вентиляция».","SCI-HEALTH-04|SCI-METH-13|право остановить опыт|инструкция оборудования","TBD_NON_EXECUTABLE: точные item/model/material/range/PPE для официальный маршрут/неинвазивное наблюдение должны быть утверждены до начала","Сформулировать вопрос; записать метод и единицы; выполнить аудит процесса без культивирования микроорганизмов; сохранить сырые данные; повторить; оценить неопределённость; сделать ограниченный вывод.","аудит процесса без культивирования микроорганизмов","SI или явно названный стандарт","TBD_BEFORE_EXECUTION_FROM_EXACT_METHOD: диапазон/критерий фиксируется до результата; post-hoc подгонка запрещена.","сырые данные + фото/скриншот при допустимости + расчёт + uncertainty + подпись reviewer + hash пакета","3","TBD_METHOD_SPECIFIC: range/resolution/bias/repeat spread/operator effects утверждаются до execution","DESIGN_PLACEHOLDER_NOT_EXECUTABLE: item-specific hazard analysis, материалы, энергия, концентрация, СИЗ и отходы ещё не утверждены.","BLOCKED_BEFORE_START: до точного method/source review запрещено начинать; после review нужны наблюдаемые численные/событийные stop conditions.","TBD_ITEM_SPECIFIC_AND_LOCAL: пока маршрут отходов не утверждён, физическое выполнение блокировано.","S1_LOW_RISK_HOUSEHOLD","S1 допускается только после замены всех DESIGN/TBD полей точным low-risk методом и независимой safety-проверки.","3","ANY_SAFE_PERIOD","records/science/SCI-HEALTH-05/YYYY-MM-DD/","PSP-051|PSP-053","PROVISIONAL_TOPIC_CANDIDATES_NOT_METHOD_REVIEWED","BLOCKED_UNTIL_EXACT_METHOD_SOURCE_SAFETY_AND_LOCAL_REVIEW","DESIGN_ONLY_NOT_EXECUTED","Новый участник находит источник офлайн, объясняет границы, повторяет допустимую процедуру и получает результат в заранее заданном допуске.","0.4"
"PRJ-087","SCI-HEALTH-06","HEALTH","Практическая проверка: Эпидемиология и интерпретация риска","OBSERVATION_DATA_OR_CALCULATION","Объяснить базовую модель, выполнить допустимую для класса риска проверку и документировать пределы по теме «Эпидемиология и интерпретация риска».","SCI-HEALTH-05|SCI-METH-13|право остановить опыт|инструкция оборудования","TBD_NON_EXECUTABLE: точные item/model/material/range/PPE для официальный маршрут/неинвазивное наблюдение должны быть утверждены до начала","Сформулировать вопрос; записать метод и единицы; выполнить расчёт показателей по обезличенным опубликованным данным; сохранить сырые данные; повторить; оценить неопределённость; сделать ограниченный вывод.","расчёт показателей по обезличенным опубликованным данным","SI или явно названный стандарт","TBD_BEFORE_EXECUTION_FROM_EXACT_METHOD: диапазон/критерий фиксируется до результата; post-hoc подгонка запрещена.","сырые данные + фото/скриншот при допустимости + расчёт + uncertainty + подпись reviewer + hash пакета","2","TBD_METHOD_SPECIFIC: range/resolution/bias/repeat spread/operator effects утверждаются до execution","Не переносить вывод за пределы данных; не собирать персональные/чувствительные данные без законного основания и согласия.","STOP при неясных правах, происхождении данных, этическом конфликте или невозможности сохранить исходные данные.","TBD_ITEM_SPECIFIC_AND_LOCAL: пока маршрут отходов не утверждён, физическое выполнение блокировано.","S0_OBSERVE_READ","Самостоятельно после проверки источника; опасное действие из текста не выполняется.","3","ANY_SAFE_PERIOD","records/science/SCI-HEALTH-06/YYYY-MM-DD/","PSP-053|SUP-LEA-044","PROVISIONAL_TOPIC_CANDIDATES_NOT_METHOD_REVIEWED","BLOCKED_UNTIL_EXACT_METHOD_SOURCE_SAFETY_AND_LOCAL_REVIEW","DESIGN_ONLY_NOT_EXECUTED","Новый участник находит источник офлайн, объясняет границы, повторяет допустимую процедуру и получает результат в заранее заданном допуске.","0.4"
"PRJ-088","SCI-HEALTH-07","HEALTH","Практическая проверка: Питание, пищевой дневник и дефициты","OBSERVATION_DATA_OR_CALCULATION","Объяснить базовую модель, выполнить допустимую для класса риска проверку и документировать пределы по теме «Питание, пищевой дневник и дефициты».","SCI-HEALTH-06|SCI-METH-13|право остановить опыт|инструкция оборудования","TBD_NON_EXECUTABLE: точные item/model/material/range/PPE для официальный маршрут/неинвазивное наблюдение должны быть утверждены до начала","Сформулировать вопрос; записать метод и единицы; выполнить сбалансированный рацион по официальным рекомендациям без лечебной диеты; сохранить сырые данные; повторить; оценить неопределённость; сделать ограниченный вывод.","сбалансированный рацион по официальным рекомендациям без лечебной диеты","SI или явно названный стандарт","TBD_BEFORE_EXECUTION_FROM_EXACT_METHOD: диапазон/критерий фиксируется до результата; post-hoc подгонка запрещена.","сырые данные + фото/скриншот при допустимости + расчёт + uncertainty + подпись reviewer + hash пакета","2","TBD_METHOD_SPECIFIC: range/resolution/bias/repeat spread/operator effects утверждаются до execution","Не переносить вывод за пределы данных; не собирать персональные/чувствительные данные без законного основания и согласия.","STOP при неясных правах, происхождении данных, этическом конфликте или невозможности сохранить исходные данные.","TBD_ITEM_SPECIFIC_AND_LOCAL: пока маршрут отходов не утверждён, физическое выполнение блокировано.","S0_OBSERVE_READ","Самостоятельно после проверки источника; опасное действие из текста не выполняется.","3","ANY_SAFE_PERIOD","records/science/SCI-HEALTH-07/YYYY-MM-DD/","PSP-060|SUP-LEA-036","PROVISIONAL_TOPIC_CANDIDATES_NOT_METHOD_REVIEWED","BLOCKED_UNTIL_EXACT_METHOD_SOURCE_SAFETY_AND_LOCAL_REVIEW","DESIGN_ONLY_NOT_EXECUTED","Новый участник находит источник офлайн, объясняет границы, повторяет допустимую процедуру и получает результат в заранее заданном допуске.","0.4"
"PRJ-089","SCI-HEALTH-08","HEALTH","Практическая проверка: Психологическая первая помощь и поддерживающее общение","LOW_RISK_BENCH_OR_FIELD","Объяснить базовую модель, выполнить допустимую для класса риска проверку и документировать пределы по теме «Психологическая первая помощь и поддерживающее общение».","SCI-HEALTH-07|SCI-METH-13|право остановить опыт|инструкция оборудования","TBD_NON_EXECUTABLE: точные item/model/material/range/PPE для официальный маршрут/неинвазивное наблюдение должны быть утверждены до начала","Сформулировать вопрос; записать метод и единицы; выполнить сценарий слушания, безопасности и направления за помощью; сохранить сырые данные; повторить; оценить неопределённость; сделать ограниченный вывод.","сценарий слушания, безопасности и направления за помощью","SI или явно названный стандарт","TBD_BEFORE_EXECUTION_FROM_EXACT_METHOD: диапазон/критерий фиксируется до результата; post-hoc подгонка запрещена.","сырые данные + фото/скриншот при допустимости + расчёт + uncertainty + подпись reviewer + hash пакета","3","TBD_METHOD_SPECIFIC: range/resolution/bias/repeat spread/operator effects утверждаются до execution","DESIGN_PLACEHOLDER_NOT_EXECUTABLE: item-specific hazard analysis, материалы, энергия, концентрация, СИЗ и отходы ещё не утверждены.","BLOCKED_BEFORE_START: до точного method/source review запрещено начинать; после review нужны наблюдаемые численные/событийные stop conditions.","TBD_ITEM_SPECIFIC_AND_LOCAL: пока маршрут отходов не утверждён, физическое выполнение блокировано.","S1_LOW_RISK_HOUSEHOLD","S1 допускается только после замены всех DESIGN/TBD полей точным low-risk методом и независимой safety-проверки.","3","ANY_SAFE_PERIOD","records/science/SCI-HEALTH-08/YYYY-MM-DD/","PSP-051","PROVISIONAL_TOPIC_CANDIDATES_NOT_METHOD_REVIEWED","BLOCKED_UNTIL_EXACT_METHOD_SOURCE_SAFETY_AND_LOCAL_REVIEW","DESIGN_ONLY_NOT_EXECUTED","Новый участник находит источник офлайн, объясняет границы, повторяет допустимую процедуру и получает результат в заранее заданном допуске.","0.4"
"PRJ-090","SCI-HEALTH-09","HEALTH","Практическая проверка: Непрерывность хронического лечения","SUPERVISED_DEMONSTRATION_ONLY","Объяснить базовую модель, выполнить допустимую для класса риска проверку и документировать пределы по теме «Непрерывность хронического лечения».","SCI-HEALTH-08|SCI-METH-13|право остановить опыт|инструкция оборудования","TBD_NON_EXECUTABLE: точные item/model/material/range/PPE для официальный маршрут/неинвазивное наблюдение должны быть утверждены до начала","До допуска: обучение и checklist. Затем только под компетентным надзором выполнить безопасную часть: сверенный с врачом/фармацевтом личный план без изменения доз. Результат и отклонения подписывает supervisor.","сверенный с врачом/фармацевтом личный план без изменения доз","SI или явно названный стандарт","TBD_BEFORE_EXECUTION_FROM_EXACT_METHOD: диапазон/критерий фиксируется до результата; post-hoc подгонка запрещена.","сырые данные + фото/скриншот при допустимости + расчёт + uncertainty + подпись reviewer + hash пакета","1","TBD_METHOD_SPECIFIC: range/resolution/bias/repeat spread/operator effects утверждаются до execution","DESIGN_PLACEHOLDER_NOT_EXECUTABLE: item-specific hazard analysis, материалы, энергия, концентрация, СИЗ и отходы ещё не утверждены.","BLOCKED_BEFORE_START: до точного method/source review запрещено начинать; после review нужны наблюдаемые численные/событийные stop conditions.","TBD_ITEM_SPECIFIC_AND_LOCAL: пока маршрут отходов не утверждён, физическое выполнение блокировано.","S2_TRAINED_SUPERVISED","Компетентный инструктор/ответственный специалист присутствует и может немедленно остановить работу.","3","ANY_SAFE_PERIOD","records/science/SCI-HEALTH-09/YYYY-MM-DD/","PSP-117|PSP-095","PROVISIONAL_TOPIC_CANDIDATES_NOT_METHOD_REVIEWED","BLOCKED_UNTIL_EXACT_METHOD_SOURCE_SAFETY_AND_LOCAL_REVIEW","DESIGN_ONLY_NOT_EXECUTED","Новый участник находит источник офлайн, объясняет границы, повторяет допустимую процедуру и получает результат в заранее заданном допуске.","0.4"
"PRJ-091","SCI-HEALTH-10","HEALTH","Практическая проверка: Материнство, ребёнок и развитие","SUPERVISED_DEMONSTRATION_ONLY","Объяснить базовую модель, выполнить допустимую для класса риска проверку и документировать пределы по теме «Материнство, ребёнок и развитие».","SCI-HEALTH-09|SCI-METH-13|право остановить опыт|инструкция оборудования","TBD_NON_EXECUTABLE: точные item/model/material/range/PPE для официальный маршрут/неинвазивное наблюдение должны быть утверждены до начала","До допуска: обучение и checklist. Затем только под компетентным надзором выполнить безопасную часть: распознавание повода для профессиональной помощи. Результат и отклонения подписывает supervisor.","распознавание повода для профессиональной помощи","SI или явно названный стандарт","TBD_BEFORE_EXECUTION_FROM_EXACT_METHOD: диапазон/критерий фиксируется до результата; post-hoc подгонка запрещена.","сырые данные + фото/скриншот при допустимости + расчёт + uncertainty + подпись reviewer + hash пакета","1","TBD_METHOD_SPECIFIC: range/resolution/bias/repeat spread/operator effects утверждаются до execution","DESIGN_PLACEHOLDER_NOT_EXECUTABLE: item-specific hazard analysis, материалы, энергия, концентрация, СИЗ и отходы ещё не утверждены.","BLOCKED_BEFORE_START: до точного method/source review запрещено начинать; после review нужны наблюдаемые численные/событийные stop conditions.","TBD_ITEM_SPECIFIC_AND_LOCAL: пока маршрут отходов не утверждён, физическое выполнение блокировано.","S2_TRAINED_SUPERVISED","Компетентный инструктор/ответственный специалист присутствует и может немедленно остановить работу.","3","ANY_SAFE_PERIOD","records/science/SCI-HEALTH-10/YYYY-MM-DD/","PSP-051|PSP-094","PROVISIONAL_TOPIC_CANDIDATES_NOT_METHOD_REVIEWED","BLOCKED_UNTIL_EXACT_METHOD_SOURCE_SAFETY_AND_LOCAL_REVIEW","DESIGN_ONLY_NOT_EXECUTED","Новый участник находит источник офлайн, объясняет границы, повторяет допустимую процедуру и получает результат в заранее заданном допуске.","0.4"
"PRJ-092","SCI-HEALTH-11","HEALTH","Практическая проверка: Старение, инвалидность и доступность","LOW_RISK_BENCH_OR_FIELD","Объяснить базовую модель, выполнить допустимую для класса риска проверку и документировать пределы по теме «Старение, инвалидность и доступность».","SCI-HEALTH-10|SCI-METH-13|право остановить опыт|инструкция оборудования","TBD_NON_EXECUTABLE: точные item/model/material/range/PPE для официальный маршрут/неинвазивное наблюдение должны быть утверждены до начала","Сформулировать вопрос; записать метод и единицы; выполнить аудит барьеров и безопасной поддержки без подъёма человека в одиночку; сохранить сырые данные; повторить; оценить неопределённость; сделать ограниченный вывод.","аудит барьеров и безопасной поддержки без подъёма человека в одиночку","SI или явно названный стандарт","TBD_BEFORE_EXECUTION_FROM_EXACT_METHOD: диапазон/критерий фиксируется до результата; post-hoc подгонка запрещена.","сырые данные + фото/скриншот при допустимости + расчёт + uncertainty + подпись reviewer + hash пакета","3","TBD_METHOD_SPECIFIC: range/resolution/bias/repeat spread/operator effects утверждаются до execution","DESIGN_PLACEHOLDER_NOT_EXECUTABLE: item-specific hazard analysis, материалы, энергия, концентрация, СИЗ и отходы ещё не утверждены.","BLOCKED_BEFORE_START: до точного method/source review запрещено начинать; после review нужны наблюдаемые численные/событийные stop conditions.","TBD_ITEM_SPECIFIC_AND_LOCAL: пока маршрут отходов не утверждён, физическое выполнение блокировано.","S1_LOW_RISK_HOUSEHOLD","S1 допускается только после замены всех DESIGN/TBD полей точным low-risk методом и независимой safety-проверки.","3","ANY_SAFE_PERIOD","records/science/SCI-HEALTH-11/YYYY-MM-DD/","PSP-051|PSP-094","PROVISIONAL_TOPIC_CANDIDATES_NOT_METHOD_REVIEWED","BLOCKED_UNTIL_EXACT_METHOD_SOURCE_SAFETY_AND_LOCAL_REVIEW","DESIGN_ONLY_NOT_EXECUTED","Новый участник находит источник офлайн, объясняет границы, повторяет допустимую процедуру и получает результат в заранее заданном допуске.","0.4"
"PRJ-093","SCI-HEALTH-12","HEALTH","Практическая проверка: Профилактическая стоматология","LOW_RISK_BENCH_OR_FIELD","Объяснить базовую модель, выполнить допустимую для класса риска проверку и документировать пределы по теме «Профилактическая стоматология».","SCI-HEALTH-11|SCI-METH-13|право остановить опыт|инструкция оборудования","TBD_NON_EXECUTABLE: точные item/model/material/range/PPE для официальный маршрут/неинвазивное наблюдение должны быть утверждены до начала","Сформулировать вопрос; записать метод и единицы; выполнить гигиена и распознавание срочности; процедуры запрещены; сохранить сырые данные; повторить; оценить неопределённость; сделать ограниченный вывод.","гигиена и распознавание срочности; процедуры запрещены","SI или явно названный стандарт","TBD_BEFORE_EXECUTION_FROM_EXACT_METHOD: диапазон/критерий фиксируется до результата; post-hoc подгонка запрещена.","сырые данные + фото/скриншот при допустимости + расчёт + uncertainty + подпись reviewer + hash пакета","3","TBD_METHOD_SPECIFIC: range/resolution/bias/repeat spread/operator effects утверждаются до execution","DESIGN_PLACEHOLDER_NOT_EXECUTABLE: item-specific hazard analysis, материалы, энергия, концентрация, СИЗ и отходы ещё не утверждены.","BLOCKED_BEFORE_START: до точного method/source review запрещено начинать; после review нужны наблюдаемые численные/событийные stop conditions.","TBD_ITEM_SPECIFIC_AND_LOCAL: пока маршрут отходов не утверждён, физическое выполнение блокировано.","S1_LOW_RISK_HOUSEHOLD","S1 допускается только после замены всех DESIGN/TBD полей точным low-risk методом и независимой safety-проверки.","3","ANY_SAFE_PERIOD","records/science/SCI-HEALTH-12/YYYY-MM-DD/","PSP-051|PSP-094","PROVISIONAL_TOPIC_CANDIDATES_NOT_METHOD_REVIEWED","BLOCKED_UNTIL_EXACT_METHOD_SOURCE_SAFETY_AND_LOCAL_REVIEW","DESIGN_ONLY_NOT_EXECUTED","Новый участник находит источник офлайн, объясняет границы, повторяет допустимую процедуру и получает результат в заранее заданном допуске.","0.4"
"PRJ-094","SCI-HEALTH-13","HEALTH","Практическая проверка: Эргономика, усталость и профессиональные риски","OBSERVATION_DATA_OR_CALCULATION","Объяснить базовую модель, выполнить допустимую для класса риска проверку и документировать пределы по теме «Эргономика, усталость и профессиональные риски».","SCI-HEALTH-12|SCI-METH-13|право остановить опыт|инструкция оборудования","TBD_NON_EXECUTABLE: точные item/model/material/range/PPE для официальный маршрут/неинвазивное наблюдение должны быть утверждены до начала","Сформулировать вопрос; записать метод и единицы; выполнить наблюдение рабочей позы, нагрузки и отдыха; сохранить сырые данные; повторить; оценить неопределённость; сделать ограниченный вывод.","наблюдение рабочей позы, нагрузки и отдыха","SI или явно названный стандарт","TBD_BEFORE_EXECUTION_FROM_EXACT_METHOD: диапазон/критерий фиксируется до результата; post-hoc подгонка запрещена.","сырые данные + фото/скриншот при допустимости + расчёт + uncertainty + подпись reviewer + hash пакета","2","TBD_METHOD_SPECIFIC: range/resolution/bias/repeat spread/operator effects утверждаются до execution","Не переносить вывод за пределы данных; не собирать персональные/чувствительные данные без законного основания и согласия.","STOP при неясных правах, происхождении данных, этическом конфликте или невозможности сохранить исходные данные.","TBD_ITEM_SPECIFIC_AND_LOCAL: пока маршрут отходов не утверждён, физическое выполнение блокировано.","S0_OBSERVE_READ","Самостоятельно после проверки источника; опасное действие из текста не выполняется.","3","ANY_SAFE_PERIOD","records/science/SCI-HEALTH-13/YYYY-MM-DD/","PSP-066","PROVISIONAL_TOPIC_CANDIDATES_NOT_METHOD_REVIEWED","BLOCKED_UNTIL_EXACT_METHOD_SOURCE_SAFETY_AND_LOCAL_REVIEW","DESIGN_ONLY_NOT_EXECUTED","Новый участник находит источник офлайн, объясняет границы, повторяет допустимую процедуру и получает результат в заранее заданном допуске.","0.4"
"PRJ-095","SCI-HEALTH-14","HEALTH","Практическая проверка: Токсикологическая информация и обращение в CIAV","OBSERVATION_DATA_OR_CALCULATION","Объяснить базовую модель, выполнить допустимую для класса риска проверку и документировать пределы по теме «Токсикологическая информация и обращение в CIAV».","SCI-HEALTH-13|SCI-METH-13|право остановить опыт|инструкция оборудования","TBD_NON_EXECUTABLE: точные item/model/material/range/PPE для официальный маршрут/неинвазивное наблюдение должны быть утверждены до начала","Сформулировать вопрос; записать метод и единицы; выполнить идентификация продукта и подготовка точных данных; лечение не импровизируется; сохранить сырые данные; повторить; оценить неопределённость; сделать ограниченный вывод.","идентификация продукта и подготовка точных данных; лечение не импровизируется","SI или явно названный стандарт","TBD_BEFORE_EXECUTION_FROM_EXACT_METHOD: диапазон/критерий фиксируется до результата; post-hoc подгонка запрещена.","сырые данные + фото/скриншот при допустимости + расчёт + uncertainty + подпись reviewer + hash пакета","2","TBD_METHOD_SPECIFIC: range/resolution/bias/repeat spread/operator effects утверждаются до execution","Не переносить вывод за пределы данных; не собирать персональные/чувствительные данные без законного основания и согласия.","STOP при неясных правах, происхождении данных, этическом конфликте или невозможности сохранить исходные данные.","TBD_ITEM_SPECIFIC_AND_LOCAL: пока маршрут отходов не утверждён, физическое выполнение блокировано.","S0_OBSERVE_READ","Самостоятельно после проверки источника; опасное действие из текста не выполняется.","3","ANY_SAFE_PERIOD","records/science/SCI-HEALTH-14/YYYY-MM-DD/","PSP-095|SUP-PHY-025","PROVISIONAL_TOPIC_CANDIDATES_NOT_METHOD_REVIEWED","BLOCKED_UNTIL_EXACT_METHOD_SOURCE_SAFETY_AND_LOCAL_REVIEW","DESIGN_ONLY_NOT_EXECUTED","Новый участник находит источник офлайн, объясняет границы, повторяет допустимую процедуру и получает результат в заранее заданном допуске.","0.4"
"PRJ-096","SCI-HEALTH-15","HEALTH","Практическая проверка: Ветеринарное общественное здоровье и благополучие животных","SUPERVISED_DEMONSTRATION_ONLY","Объяснить базовую модель, выполнить допустимую для класса риска проверку и документировать пределы по теме «Ветеринарное общественное здоровье и благополучие животных».","SCI-HEALTH-14|SCI-METH-13|право остановить опыт|инструкция оборудования","TBD_NON_EXECUTABLE: точные item/model/material/range/PPE для официальный маршрут/неинвазивное наблюдение должны быть утверждены до начала","До допуска: обучение и checklist. Затем только под компетентным надзором выполнить безопасную часть: маршрут к ветеринару и наблюдательный журнал без процедур. Результат и отклонения подписывает supervisor.","маршрут к ветеринару и наблюдательный журнал без процедур","SI или явно названный стандарт","TBD_BEFORE_EXECUTION_FROM_EXACT_METHOD: диапазон/критерий фиксируется до результата; post-hoc подгонка запрещена.","сырые данные + фото/скриншот при допустимости + расчёт + uncertainty + подпись reviewer + hash пакета","1","TBD_METHOD_SPECIFIC: range/resolution/bias/repeat spread/operator effects утверждаются до execution","DESIGN_PLACEHOLDER_NOT_EXECUTABLE: item-specific hazard analysis, материалы, энергия, концентрация, СИЗ и отходы ещё не утверждены.","BLOCKED_BEFORE_START: до точного method/source review запрещено начинать; после review нужны наблюдаемые численные/событийные stop conditions.","TBD_ITEM_SPECIFIC_AND_LOCAL: пока маршрут отходов не утверждён, физическое выполнение блокировано.","S2_TRAINED_SUPERVISED","Компетентный инструктор/ответственный специалист присутствует и может немедленно остановить работу.","3","ANY_SAFE_PERIOD","records/science/SCI-HEALTH-15/YYYY-MM-DD/","SUP-LEA-049|PSP-091","PROVISIONAL_TOPIC_CANDIDATES_NOT_METHOD_REVIEWED","BLOCKED_UNTIL_EXACT_METHOD_SOURCE_SAFETY_AND_LOCAL_REVIEW","DESIGN_ONLY_NOT_EXECUTED","Новый участник находит источник офлайн, объясняет границы, повторяет допустимую процедуру и получает результат в заранее заданном допуске.","0.4"
"PRJ-097","SCI-HEALTH-16","HEALTH","Практическая проверка: Медицинские записи, приватность и передача информации","OBSERVATION_DATA_OR_CALCULATION","Объяснить базовую модель, выполнить допустимую для класса риска проверку и документировать пределы по теме «Медицинские записи, приватность и передача информации».","SCI-HEALTH-15|SCI-METH-13|право остановить опыт|инструкция оборудования","TBD_NON_EXECUTABLE: точные item/model/material/range/PPE для официальный маршрут/неинвазивное наблюдение должны быть утверждены до начала","Сформулировать вопрос; записать метод и единицы; выполнить структурированный список лекарств/аллергий с контролем доступа; сохранить сырые данные; повторить; оценить неопределённость; сделать ограниченный вывод.","структурированный список лекарств/аллергий с контролем доступа","SI или явно названный стандарт","TBD_BEFORE_EXECUTION_FROM_EXACT_METHOD: диапазон/критерий фиксируется до результата; post-hoc подгонка запрещена.","сырые данные + фото/скриншот при допустимости + расчёт + uncertainty + подпись reviewer + hash пакета","2","TBD_METHOD_SPECIFIC: range/resolution/bias/repeat spread/operator effects утверждаются до execution","Не переносить вывод за пределы данных; не собирать персональные/чувствительные данные без законного основания и согласия.","STOP при неясных правах, происхождении данных, этическом конфликте или невозможности сохранить исходные данные.","TBD_ITEM_SPECIFIC_AND_LOCAL: пока маршрут отходов не утверждён, физическое выполнение блокировано.","S0_OBSERVE_READ","Самостоятельно после проверки источника; опасное действие из текста не выполняется.","3","ANY_SAFE_PERIOD","records/science/SCI-HEALTH-16/YYYY-MM-DD/","PSP-117|PSP-094","PROVISIONAL_TOPIC_CANDIDATES_NOT_METHOD_REVIEWED","BLOCKED_UNTIL_EXACT_METHOD_SOURCE_SAFETY_AND_LOCAL_REVIEW","DESIGN_ONLY_NOT_EXECUTED","Новый участник находит источник офлайн, объясняет границы, повторяет допустимую процедуру и получает результат в заранее заданном допуске.","0.4"
"PRJ-098","SCI-EARTH-01","EARTH","Практическая проверка: Минералы, горные породы и геологические процессы","LOW_RISK_BENCH_OR_FIELD","Объяснить базовую модель, выполнить допустимую для класса риска проверку и документировать пределы по теме «Минералы, горные породы и геологические процессы».","SCI-METH-01|SCI-METH-07|SCI-METH-14|право остановить опыт|инструкция оборудования","TBD_NON_EXECUTABLE: точные item/model/material/range/PPE для пространственно-временной ряд должны быть утверждены до начала","Сформулировать вопрос; записать метод и единицы; выполнить неразрушающее описание образца без шахт/обрывов; сохранить сырые данные; повторить; оценить неопределённость; сделать ограниченный вывод.","неразрушающее описание образца без шахт/обрывов","SI или явно названный стандарт","TBD_BEFORE_EXECUTION_FROM_EXACT_METHOD: диапазон/критерий фиксируется до результата; post-hoc подгонка запрещена.","сырые данные + фото/скриншот при допустимости + расчёт + uncertainty + подпись reviewer + hash пакета","3","TBD_METHOD_SPECIFIC: range/resolution/bias/repeat spread/operator effects утверждаются до execution","DESIGN_PLACEHOLDER_NOT_EXECUTABLE: item-specific hazard analysis, материалы, энергия, концентрация, СИЗ и отходы ещё не утверждены.","BLOCKED_BEFORE_START: до точного method/source review запрещено начинать; после review нужны наблюдаемые численные/событийные stop conditions.","TBD_ITEM_SPECIFIC_AND_LOCAL: пока маршрут отходов не утверждён, физическое выполнение блокировано.","S1_LOW_RISK_HOUSEHOLD","S1 допускается только после замены всех DESIGN/TBD полей точным low-risk методом и независимой safety-проверки.","3","TBD_LOCAL_SEASON","records/science/SCI-EARTH-01/YYYY-MM-DD/","PSP-033|PSP-088","PROVISIONAL_TOPIC_CANDIDATES_NOT_METHOD_REVIEWED","BLOCKED_UNTIL_EXACT_METHOD_SOURCE_SAFETY_AND_LOCAL_REVIEW","DESIGN_ONLY_NOT_EXECUTED","Новый участник находит источник офлайн, объясняет границы, повторяет допустимую процедуру и получает результат в заранее заданном допуске.","0.4"
"PRJ-099","SCI-EARTH-02","EARTH","Практическая проверка: Рельеф, эрозия и геоморфология","LOW_RISK_BENCH_OR_FIELD","Объяснить базовую модель, выполнить допустимую для класса риска проверку и документировать пределы по теме «Рельеф, эрозия и геоморфология».","SCI-EARTH-01|SCI-METH-13|право остановить опыт|инструкция оборудования","TBD_NON_EXECUTABLE: точные item/model/material/range/PPE для пространственно-временной ряд должны быть утверждены до начала","Сформулировать вопрос; записать метод и единицы; выполнить повторная фото-точка безопасного склона/берега; сохранить сырые данные; повторить; оценить неопределённость; сделать ограниченный вывод.","повторная фото-точка безопасного склона/берега","SI или явно названный стандарт","TBD_BEFORE_EXECUTION_FROM_EXACT_METHOD: диапазон/критерий фиксируется до результата; post-hoc подгонка запрещена.","сырые данные + фото/скриншот при допустимости + расчёт + uncertainty + подпись reviewer + hash пакета","3","TBD_METHOD_SPECIFIC: range/resolution/bias/repeat spread/operator effects утверждаются до execution","DESIGN_PLACEHOLDER_NOT_EXECUTABLE: item-specific hazard analysis, материалы, энергия, концентрация, СИЗ и отходы ещё не утверждены.","BLOCKED_BEFORE_START: до точного method/source review запрещено начинать; после review нужны наблюдаемые численные/событийные stop conditions.","TBD_ITEM_SPECIFIC_AND_LOCAL: пока маршрут отходов не утверждён, физическое выполнение блокировано.","S1_LOW_RISK_HOUSEHOLD","S1 допускается только после замены всех DESIGN/TBD полей точным low-risk методом и независимой safety-проверки.","3","TBD_LOCAL_SEASON","records/science/SCI-EARTH-02/YYYY-MM-DD/","PSP-033|PSP-088","PROVISIONAL_TOPIC_CANDIDATES_NOT_METHOD_REVIEWED","BLOCKED_UNTIL_EXACT_METHOD_SOURCE_SAFETY_AND_LOCAL_REVIEW","DESIGN_ONLY_NOT_EXECUTED","Новый участник находит источник офлайн, объясняет границы, повторяет допустимую процедуру и получает результат в заранее заданном допуске.","0.4"
"PRJ-100","SCI-EARTH-03","EARTH","Практическая проверка: Почва: горизонты, текстура и структура","LOW_RISK_BENCH_OR_FIELD","Объяснить базовую модель, выполнить допустимую для класса риска проверку и документировать пределы по теме «Почва: горизонты, текстура и структура».","SCI-EARTH-02|SCI-METH-13|право остановить опыт|инструкция оборудования","TBD_NON_EXECUTABLE: точные item/model/material/range/PPE для пространственно-временной ряд должны быть утверждены до начала","Сформулировать вопрос; записать метод и единицы; выполнить полевое описание неглубокой безопасной пробы; сохранить сырые данные; повторить; оценить неопределённость; сделать ограниченный вывод.","полевое описание неглубокой безопасной пробы","SI или явно названный стандарт","TBD_BEFORE_EXECUTION_FROM_EXACT_METHOD: диапазон/критерий фиксируется до результата; post-hoc подгонка запрещена.","сырые данные + фото/скриншот при допустимости + расчёт + uncertainty + подпись reviewer + hash пакета","3","TBD_METHOD_SPECIFIC: range/resolution/bias/repeat spread/operator effects утверждаются до execution","DESIGN_PLACEHOLDER_NOT_EXECUTABLE: item-specific hazard analysis, материалы, энергия, концентрация, СИЗ и отходы ещё не утверждены.","BLOCKED_BEFORE_START: до точного method/source review запрещено начинать; после review нужны наблюдаемые численные/событийные stop conditions.","TBD_ITEM_SPECIFIC_AND_LOCAL: пока маршрут отходов не утверждён, физическое выполнение блокировано.","S1_LOW_RISK_HOUSEHOLD","S1 допускается только после замены всех DESIGN/TBD полей точным low-risk методом и независимой safety-проверки.","3","TBD_LOCAL_SEASON","records/science/SCI-EARTH-03/YYYY-MM-DD/","PSP-045|SUP-LEA-012","PROVISIONAL_TOPIC_CANDIDATES_NOT_METHOD_REVIEWED","BLOCKED_UNTIL_EXACT_METHOD_SOURCE_SAFETY_AND_LOCAL_REVIEW","DESIGN_ONLY_NOT_EXECUTED","Новый участник находит источник офлайн, объясняет границы, повторяет допустимую процедуру и получает результат в заранее заданном допуске.","0.4"
"PRJ-101","SCI-EARTH-04","EARTH","Практическая проверка: Поверхностная вода, водосбор и сток","LOW_RISK_BENCH_OR_FIELD","Объяснить базовую модель, выполнить допустимую для класса риска проверку и документировать пределы по теме «Поверхностная вода, водосбор и сток».","SCI-EARTH-03|SCI-METH-13|право остановить опыт|инструкция оборудования","TBD_NON_EXECUTABLE: точные item/model/material/range/PPE для пространственно-временной ряд должны быть утверждены до начала","Сформулировать вопрос; записать метод и единицы; выполнить карта водосбора и наблюдение потока без входа в паводковую воду; сохранить сырые данные; повторить; оценить неопределённость; сделать ограниченный вывод.","карта водосбора и наблюдение потока без входа в паводковую воду","SI или явно названный стандарт","TBD_BEFORE_EXECUTION_FROM_EXACT_METHOD: диапазон/критерий фиксируется до результата; post-hoc подгонка запрещена.","сырые данные + фото/скриншот при допустимости + расчёт + uncertainty + подпись reviewer + hash пакета","3","TBD_METHOD_SPECIFIC: range/resolution/bias/repeat spread/operator effects утверждаются до execution","DESIGN_PLACEHOLDER_NOT_EXECUTABLE: item-specific hazard analysis, материалы, энергия, концентрация, СИЗ и отходы ещё не утверждены.","BLOCKED_BEFORE_START: до точного method/source review запрещено начинать; после review нужны наблюдаемые численные/событийные stop conditions.","TBD_ITEM_SPECIFIC_AND_LOCAL: пока маршрут отходов не утверждён, физическое выполнение блокировано.","S1_LOW_RISK_HOUSEHOLD","S1 допускается только после замены всех DESIGN/TBD полей точным low-risk методом и независимой safety-проверки.","3","TBD_LOCAL_SEASON","records/science/SCI-EARTH-04/YYYY-MM-DD/","PSP-032|PSP-089","PROVISIONAL_TOPIC_CANDIDATES_NOT_METHOD_REVIEWED","BLOCKED_UNTIL_EXACT_METHOD_SOURCE_SAFETY_AND_LOCAL_REVIEW","DESIGN_ONLY_NOT_EXECUTED","Новый участник находит источник офлайн, объясняет границы, повторяет допустимую процедуру и получает результат в заранее заданном допуске.","0.4"
"PRJ-102","SCI-EARTH-05","EARTH","Практическая проверка: Грунтовые воды и уязвимость источников","OBSERVATION_DATA_OR_CALCULATION","Объяснить базовую модель, выполнить допустимую для класса риска проверку и документировать пределы по теме «Грунтовые воды и уязвимость источников».","SCI-EARTH-04|SCI-METH-13|право остановить опыт|инструкция оборудования","TBD_NON_EXECUTABLE: точные item/model/material/range/PPE для пространственно-временной ряд должны быть утверждены до начала","Сформулировать вопрос; записать метод и единицы; выполнить интерпретация официальной гидрогеологической карты; сохранить сырые данные; повторить; оценить неопределённость; сделать ограниченный вывод.","интерпретация официальной гидрогеологической карты","SI или явно названный стандарт","TBD_BEFORE_EXECUTION_FROM_EXACT_METHOD: диапазон/критерий фиксируется до результата; post-hoc подгонка запрещена.","сырые данные + фото/скриншот при допустимости + расчёт + uncertainty + подпись reviewer + hash пакета","2","TBD_METHOD_SPECIFIC: range/resolution/bias/repeat spread/operator effects утверждаются до execution","Не переносить вывод за пределы данных; не собирать персональные/чувствительные данные без законного основания и согласия.","STOP при неясных правах, происхождении данных, этическом конфликте или невозможности сохранить исходные данные.","TBD_ITEM_SPECIFIC_AND_LOCAL: пока маршрут отходов не утверждён, физическое выполнение блокировано.","S0_OBSERVE_READ","Самостоятельно после проверки источника; опасное действие из текста не выполняется.","3","TBD_LOCAL_SEASON","records/science/SCI-EARTH-05/YYYY-MM-DD/","PSP-032|PSP-089","PROVISIONAL_TOPIC_CANDIDATES_NOT_METHOD_REVIEWED","BLOCKED_UNTIL_EXACT_METHOD_SOURCE_SAFETY_AND_LOCAL_REVIEW","DESIGN_ONLY_NOT_EXECUTED","Новый участник находит источник офлайн, объясняет границы, повторяет допустимую процедуру и получает результат в заранее заданном допуске.","0.4"
"PRJ-103","SCI-EARTH-06","EARTH","Практическая проверка: Погода, наблюдения и прогноз","LOW_RISK_BENCH_OR_FIELD","Объяснить базовую модель, выполнить допустимую для класса риска проверку и документировать пределы по теме «Погода, наблюдения и прогноз».","SCI-EARTH-05|SCI-METH-13|право остановить опыт|инструкция оборудования","TBD_NON_EXECUTABLE: точные item/model/material/range/PPE для пространственно-временной ряд должны быть утверждены до начала","Сформулировать вопрос; записать метод и единицы; выполнить ежедневный ряд температуры, давления и осадков; сохранить сырые данные; повторить; оценить неопределённость; сделать ограниченный вывод.","ежедневный ряд температуры, давления и осадков","SI или явно названный стандарт","TBD_BEFORE_EXECUTION_FROM_EXACT_METHOD: диапазон/критерий фиксируется до результата; post-hoc подгонка запрещена.","сырые данные + фото/скриншот при допустимости + расчёт + uncertainty + подпись reviewer + hash пакета","3","TBD_METHOD_SPECIFIC: range/resolution/bias/repeat spread/operator effects утверждаются до execution","DESIGN_PLACEHOLDER_NOT_EXECUTABLE: item-specific hazard analysis, материалы, энергия, концентрация, СИЗ и отходы ещё не утверждены.","BLOCKED_BEFORE_START: до точного method/source review запрещено начинать; после review нужны наблюдаемые численные/событийные stop conditions.","TBD_ITEM_SPECIFIC_AND_LOCAL: пока маршрут отходов не утверждён, физическое выполнение блокировано.","S1_LOW_RISK_HOUSEHOLD","S1 допускается только после замены всех DESIGN/TBD полей точным low-risk методом и независимой safety-проверки.","3","TBD_LOCAL_SEASON","records/science/SCI-EARTH-06/YYYY-MM-DD/","PSP-090|PSP-035","PROVISIONAL_TOPIC_CANDIDATES_NOT_METHOD_REVIEWED","BLOCKED_UNTIL_EXACT_METHOD_SOURCE_SAFETY_AND_LOCAL_REVIEW","DESIGN_ONLY_NOT_EXECUTED","Новый участник находит источник офлайн, объясняет границы, повторяет допустимую процедуру и получает результат в заранее заданном допуске.","0.4"
"PRJ-104","SCI-EARTH-07","EARTH","Практическая проверка: Климат, нормы и экстремумы","LOW_RISK_BENCH_OR_FIELD","Объяснить базовую модель, выполнить допустимую для класса риска проверку и документировать пределы по теме «Климат, нормы и экстремумы».","SCI-EARTH-06|SCI-METH-13|право остановить опыт|инструкция оборудования","TBD_NON_EXECUTABLE: точные item/model/material/range/PPE для пространственно-временной ряд должны быть утверждены до начала","Сформулировать вопрос; записать метод и единицы; выполнить сравнение локального ряда с официальной климатической нормой; сохранить сырые данные; повторить; оценить неопределённость; сделать ограниченный вывод.","сравнение локального ряда с официальной климатической нормой","SI или явно названный стандарт","TBD_BEFORE_EXECUTION_FROM_EXACT_METHOD: диапазон/критерий фиксируется до результата; post-hoc подгонка запрещена.","сырые данные + фото/скриншот при допустимости + расчёт + uncertainty + подпись reviewer + hash пакета","3","TBD_METHOD_SPECIFIC: range/resolution/bias/repeat spread/operator effects утверждаются до execution","DESIGN_PLACEHOLDER_NOT_EXECUTABLE: item-specific hazard analysis, материалы, энергия, концентрация, СИЗ и отходы ещё не утверждены.","BLOCKED_BEFORE_START: до точного method/source review запрещено начинать; после review нужны наблюдаемые численные/событийные stop conditions.","TBD_ITEM_SPECIFIC_AND_LOCAL: пока маршрут отходов не утверждён, физическое выполнение блокировано.","S1_LOW_RISK_HOUSEHOLD","S1 допускается только после замены всех DESIGN/TBD полей точным low-risk методом и независимой safety-проверки.","3","TBD_LOCAL_SEASON","records/science/SCI-EARTH-07/YYYY-MM-DD/","PSP-090|PSP-035","PROVISIONAL_TOPIC_CANDIDATES_NOT_METHOD_REVIEWED","BLOCKED_UNTIL_EXACT_METHOD_SOURCE_SAFETY_AND_LOCAL_REVIEW","DESIGN_ONLY_NOT_EXECUTED","Новый участник находит источник офлайн, объясняет границы, повторяет допустимую процедуру и получает результат в заранее заданном допуске.","0.4"
"PRJ-105","SCI-EARTH-08","EARTH","Практическая проверка: Океан, приливы, волны и побережье","OBSERVATION_DATA_OR_CALCULATION","Объяснить базовую модель, выполнить допустимую для класса риска проверку и документировать пределы по теме «Океан, приливы, волны и побережье».","SCI-EARTH-07|SCI-METH-13|право остановить опыт|инструкция оборудования","TBD_NON_EXECUTABLE: точные item/model/material/range/PPE для пространственно-временной ряд должны быть утверждены до начала","Сформулировать вопрос; записать метод и единицы; выполнить работа с официальными данными; наблюдение только из безопасной зоны; сохранить сырые данные; повторить; оценить неопределённость; сделать ограниченный вывод.","работа с официальными данными; наблюдение только из безопасной зоны","SI или явно названный стандарт","TBD_BEFORE_EXECUTION_FROM_EXACT_METHOD: диапазон/критерий фиксируется до результата; post-hoc подгонка запрещена.","сырые данные + фото/скриншот при допустимости + расчёт + uncertainty + подпись reviewer + hash пакета","2","TBD_METHOD_SPECIFIC: range/resolution/bias/repeat spread/operator effects утверждаются до execution","Не переносить вывод за пределы данных; не собирать персональные/чувствительные данные без законного основания и согласия.","STOP при неясных правах, происхождении данных, этическом конфликте или невозможности сохранить исходные данные.","TBD_ITEM_SPECIFIC_AND_LOCAL: пока маршрут отходов не утверждён, физическое выполнение блокировано.","S0_OBSERVE_READ","Самостоятельно после проверки источника; опасное действие из текста не выполняется.","3","TBD_LOCAL_SEASON","records/science/SCI-EARTH-08/YYYY-MM-DD/","PSP-090|PSP-035","PROVISIONAL_TOPIC_CANDIDATES_NOT_METHOD_REVIEWED","BLOCKED_UNTIL_EXACT_METHOD_SOURCE_SAFETY_AND_LOCAL_REVIEW","DESIGN_ONLY_NOT_EXECUTED","Новый участник находит источник офлайн, объясняет границы, повторяет допустимую процедуру и получает результат в заранее заданном допуске.","0.4"
"PRJ-106","SCI-EARTH-09","EARTH","Практическая проверка: Землетрясения, оползни, вулканы и цунами","OBSERVATION_DATA_OR_CALCULATION","Объяснить базовую модель, выполнить допустимую для класса риска проверку и документировать пределы по теме «Землетрясения, оползни, вулканы и цунами».","SCI-EARTH-08|SCI-METH-13|право остановить опыт|инструкция оборудования","TBD_NON_EXECUTABLE: точные item/model/material/range/PPE для пространственно-временной ряд должны быть утверждены до начала","Сформулировать вопрос; записать метод и единицы; выполнить сценарная карта и официальные признаки; физическое приближение запрещено; сохранить сырые данные; повторить; оценить неопределённость; сделать ограниченный вывод.","сценарная карта и официальные признаки; физическое приближение запрещено","SI или явно названный стандарт","TBD_BEFORE_EXECUTION_FROM_EXACT_METHOD: диапазон/критерий фиксируется до результата; post-hoc подгонка запрещена.","сырые данные + фото/скриншот при допустимости + расчёт + uncertainty + подпись reviewer + hash пакета","2","TBD_METHOD_SPECIFIC: range/resolution/bias/repeat spread/operator effects утверждаются до execution","Не переносить вывод за пределы данных; не собирать персональные/чувствительные данные без законного основания и согласия.","STOP при неясных правах, происхождении данных, этическом конфликте или невозможности сохранить исходные данные.","TBD_ITEM_SPECIFIC_AND_LOCAL: пока маршрут отходов не утверждён, физическое выполнение блокировано.","S0_OBSERVE_READ","Самостоятельно после проверки источника; опасное действие из текста не выполняется.","3","TBD_LOCAL_SEASON","records/science/SCI-EARTH-09/YYYY-MM-DD/","PSP-090|PSP-035","PROVISIONAL_TOPIC_CANDIDATES_NOT_METHOD_REVIEWED","BLOCKED_UNTIL_EXACT_METHOD_SOURCE_SAFETY_AND_LOCAL_REVIEW","DESIGN_ONLY_NOT_EXECUTED","Новый участник находит источник офлайн, объясняет границы, повторяет допустимую процедуру и получает результат в заранее заданном допуске.","0.4"
"PRJ-107","SCI-EARTH-10","EARTH","Практическая проверка: Дистанционное зондирование и спутниковые данные","LOW_RISK_BENCH_OR_FIELD","Объяснить базовую модель, выполнить допустимую для класса риска проверку и документировать пределы по теме «Дистанционное зондирование и спутниковые данные».","SCI-EARTH-09|SCI-METH-13|право остановить опыт|инструкция оборудования","TBD_NON_EXECUTABLE: точные item/model/material/range/PPE для пространственно-временной ряд должны быть утверждены до начала","Сформулировать вопрос; записать метод и единицы; выполнить сравнение двух дат открытого снимка; сохранить сырые данные; повторить; оценить неопределённость; сделать ограниченный вывод.","сравнение двух дат открытого снимка","SI или явно названный стандарт","TBD_BEFORE_EXECUTION_FROM_EXACT_METHOD: диапазон/критерий фиксируется до результата; post-hoc подгонка запрещена.","сырые данные + фото/скриншот при допустимости + расчёт + uncertainty + подпись reviewer + hash пакета","3","TBD_METHOD_SPECIFIC: range/resolution/bias/repeat spread/operator effects утверждаются до execution","DESIGN_PLACEHOLDER_NOT_EXECUTABLE: item-specific hazard analysis, материалы, энергия, концентрация, СИЗ и отходы ещё не утверждены.","BLOCKED_BEFORE_START: до точного method/source review запрещено начинать; после review нужны наблюдаемые численные/событийные stop conditions.","TBD_ITEM_SPECIFIC_AND_LOCAL: пока маршрут отходов не утверждён, физическое выполнение блокировано.","S1_LOW_RISK_HOUSEHOLD","S1 допускается только после замены всех DESIGN/TBD полей точным low-risk методом и независимой safety-проверки.","3","TBD_LOCAL_SEASON","records/science/SCI-EARTH-10/YYYY-MM-DD/","PSP-034|PSP-039","PROVISIONAL_TOPIC_CANDIDATES_NOT_METHOD_REVIEWED","BLOCKED_UNTIL_EXACT_METHOD_SOURCE_SAFETY_AND_LOCAL_REVIEW","DESIGN_ONLY_NOT_EXECUTED","Новый участник находит источник офлайн, объясняет границы, повторяет допустимую процедуру и получает результат в заранее заданном допуске.","0.4"
"PRJ-108","SCI-EARTH-11","EARTH","Практическая проверка: Картография, GIS, CRS и погрешность положения","LOW_RISK_BENCH_OR_FIELD","Объяснить базовую модель, выполнить допустимую для класса риска проверку и документировать пределы по теме «Картография, GIS, CRS и погрешность положения».","SCI-EARTH-10|SCI-METH-13|право остановить опыт|инструкция оборудования","TBD_NON_EXECUTABLE: точные item/model/material/range/PPE для пространственно-временной ряд должны быть утверждены до начала","Сформулировать вопрос; записать метод и единицы; выполнить репроекция слоя и контроль известной точки; сохранить сырые данные; повторить; оценить неопределённость; сделать ограниченный вывод.","репроекция слоя и контроль известной точки","SI или явно названный стандарт","TBD_BEFORE_EXECUTION_FROM_EXACT_METHOD: диапазон/критерий фиксируется до результата; post-hoc подгонка запрещена.","сырые данные + фото/скриншот при допустимости + расчёт + uncertainty + подпись reviewer + hash пакета","3","TBD_METHOD_SPECIFIC: range/resolution/bias/repeat spread/operator effects утверждаются до execution","DESIGN_PLACEHOLDER_NOT_EXECUTABLE: item-specific hazard analysis, материалы, энергия, концентрация, СИЗ и отходы ещё не утверждены.","BLOCKED_BEFORE_START: до точного method/source review запрещено начинать; после review нужны наблюдаемые численные/событийные stop conditions.","TBD_ITEM_SPECIFIC_AND_LOCAL: пока маршрут отходов не утверждён, физическое выполнение блокировано.","S1_LOW_RISK_HOUSEHOLD","S1 допускается только после замены всех DESIGN/TBD полей точным low-risk методом и независимой safety-проверки.","3","TBD_LOCAL_SEASON","records/science/SCI-EARTH-11/YYYY-MM-DD/","PSP-079|PSP-086","PROVISIONAL_TOPIC_CANDIDATES_NOT_METHOD_REVIEWED","BLOCKED_UNTIL_EXACT_METHOD_SOURCE_SAFETY_AND_LOCAL_REVIEW","DESIGN_ONLY_NOT_EXECUTED","Новый участник находит источник офлайн, объясняет границы, повторяет допустимую процедуру и получает результат в заранее заданном допуске.","0.4"
"PRJ-109","SCI-EARTH-12","EARTH","Практическая проверка: Мониторинг воздуха, воды, шума и света","LOW_RISK_BENCH_OR_FIELD","Объяснить базовую модель, выполнить допустимую для класса риска проверку и документировать пределы по теме «Мониторинг воздуха, воды, шума и света».","SCI-EARTH-11|SCI-METH-13|право остановить опыт|инструкция оборудования","TBD_NON_EXECUTABLE: точные item/model/material/range/PPE для пространственно-временной ряд должны быть утверждены до начала","Сформулировать вопрос; записать метод и единицы; выполнить протокол с оговоркой о классе и калибровке датчика; сохранить сырые данные; повторить; оценить неопределённость; сделать ограниченный вывод.","протокол с оговоркой о классе и калибровке датчика","SI или явно названный стандарт","TBD_BEFORE_EXECUTION_FROM_EXACT_METHOD: диапазон/критерий фиксируется до результата; post-hoc подгонка запрещена.","сырые данные + фото/скриншот при допустимости + расчёт + uncertainty + подпись reviewer + hash пакета","3","TBD_METHOD_SPECIFIC: range/resolution/bias/repeat spread/operator effects утверждаются до execution","DESIGN_PLACEHOLDER_NOT_EXECUTABLE: item-specific hazard analysis, материалы, энергия, концентрация, СИЗ и отходы ещё не утверждены.","BLOCKED_BEFORE_START: до точного method/source review запрещено начинать; после review нужны наблюдаемые численные/событийные stop conditions.","TBD_ITEM_SPECIFIC_AND_LOCAL: пока маршрут отходов не утверждён, физическое выполнение блокировано.","S1_LOW_RISK_HOUSEHOLD","S1 допускается только после замены всех DESIGN/TBD полей точным low-risk методом и независимой safety-проверки.","3","TBD_LOCAL_SEASON","records/science/SCI-EARTH-12/YYYY-MM-DD/","PSP-038|PSP-089","PROVISIONAL_TOPIC_CANDIDATES_NOT_METHOD_REVIEWED","BLOCKED_UNTIL_EXACT_METHOD_SOURCE_SAFETY_AND_LOCAL_REVIEW","DESIGN_ONLY_NOT_EXECUTED","Новый участник находит источник офлайн, объясняет границы, повторяет допустимую процедуру и получает результат в заранее заданном допуске.","0.4"
"PRJ-110","SCI-EARTH-13","EARTH","Практическая проверка: Отходы, загрязнение и материальные потоки","LOW_RISK_BENCH_OR_FIELD","Объяснить базовую модель, выполнить допустимую для класса риска проверку и документировать пределы по теме «Отходы, загрязнение и материальные потоки».","SCI-EARTH-12|SCI-METH-13|право остановить опыт|инструкция оборудования","TBD_NON_EXECUTABLE: точные item/model/material/range/PPE для пространственно-временной ряд должны быть утверждены до начала","Сформулировать вопрос; записать метод и единицы; выполнить аудит входов/выходов без контакта с опасными отходами; сохранить сырые данные; повторить; оценить неопределённость; сделать ограниченный вывод.","аудит входов/выходов без контакта с опасными отходами","SI или явно названный стандарт","TBD_BEFORE_EXECUTION_FROM_EXACT_METHOD: диапазон/критерий фиксируется до результата; post-hoc подгонка запрещена.","сырые данные + фото/скриншот при допустимости + расчёт + uncertainty + подпись reviewer + hash пакета","3","TBD_METHOD_SPECIFIC: range/resolution/bias/repeat spread/operator effects утверждаются до execution","DESIGN_PLACEHOLDER_NOT_EXECUTABLE: item-specific hazard analysis, материалы, энергия, концентрация, СИЗ и отходы ещё не утверждены.","BLOCKED_BEFORE_START: до точного method/source review запрещено начинать; после review нужны наблюдаемые численные/событийные stop conditions.","TBD_ITEM_SPECIFIC_AND_LOCAL: пока маршрут отходов не утверждён, физическое выполнение блокировано.","S1_LOW_RISK_HOUSEHOLD","S1 допускается только после замены всех DESIGN/TBD полей точным low-risk методом и независимой safety-проверки.","3","TBD_LOCAL_SEASON","records/science/SCI-EARTH-13/YYYY-MM-DD/","PSP-038|PSP-089","PROVISIONAL_TOPIC_CANDIDATES_NOT_METHOD_REVIEWED","BLOCKED_UNTIL_EXACT_METHOD_SOURCE_SAFETY_AND_LOCAL_REVIEW","DESIGN_ONLY_NOT_EXECUTED","Новый участник находит источник офлайн, объясняет границы, повторяет допустимую процедуру и получает результат в заранее заданном допуске.","0.4"
"PRJ-111","SCI-EARTH-14","EARTH","Практическая проверка: Экологическое право и сообщение о наблюдении","OBSERVATION_DATA_OR_CALCULATION","Объяснить базовую модель, выполнить допустимую для класса риска проверку и документировать пределы по теме «Экологическое право и сообщение о наблюдении».","SCI-EARTH-13|SCI-METH-13|право остановить опыт|инструкция оборудования","TBD_NON_EXECUTABLE: точные item/model/material/range/PPE для пространственно-временной ряд должны быть утверждены до начала","Сформулировать вопрос; записать метод и единицы; выполнить пакет дата–место–фото–метод без обвинительного вывода; сохранить сырые данные; повторить; оценить неопределённость; сделать ограниченный вывод.","пакет дата–место–фото–метод без обвинительного вывода","SI или явно названный стандарт","TBD_BEFORE_EXECUTION_FROM_EXACT_METHOD: диапазон/критерий фиксируется до результата; post-hoc подгонка запрещена.","сырые данные + фото/скриншот при допустимости + расчёт + uncertainty + подпись reviewer + hash пакета","2","TBD_METHOD_SPECIFIC: range/resolution/bias/repeat spread/operator effects утверждаются до execution","Не переносить вывод за пределы данных; не собирать персональные/чувствительные данные без законного основания и согласия.","STOP при неясных правах, происхождении данных, этическом конфликте или невозможности сохранить исходные данные.","TBD_ITEM_SPECIFIC_AND_LOCAL: пока маршрут отходов не утверждён, физическое выполнение блокировано.","S0_OBSERVE_READ","Самостоятельно после проверки источника; опасное действие из текста не выполняется.","3","TBD_LOCAL_SEASON","records/science/SCI-EARTH-14/YYYY-MM-DD/","PSP-096|PSP-097","PROVISIONAL_TOPIC_CANDIDATES_NOT_METHOD_REVIEWED","BLOCKED_UNTIL_EXACT_METHOD_SOURCE_SAFETY_AND_LOCAL_REVIEW","DESIGN_ONLY_NOT_EXECUTED","Новый участник находит источник офлайн, объясняет границы, повторяет допустимую процедуру и получает результат в заранее заданном допуске.","0.4"
"PRJ-112","SCI-AGRI-01","AGRI","Практическая проверка: Полевое обследование и безопасный отбор почвы","LOW_RISK_BENCH_OR_FIELD","Объяснить базовую модель, выполнить допустимую для класса риска проверку и документировать пределы по теме «Полевое обследование и безопасный отбор почвы».","SCI-METH-01|SCI-METH-07|SCI-METH-14|право остановить опыт|инструкция оборудования","TBD_NON_EXECUTABLE: точные item/model/material/range/PPE для урожай/вода/почва должны быть утверждены до начала","Сформулировать вопрос; записать метод и единицы; выполнить составная проба с картой точек и чистым инструментом; сохранить сырые данные; повторить; оценить неопределённость; сделать ограниченный вывод.","составная проба с картой точек и чистым инструментом","SI или явно названный стандарт","TBD_BEFORE_EXECUTION_FROM_EXACT_METHOD: диапазон/критерий фиксируется до результата; post-hoc подгонка запрещена.","сырые данные + фото/скриншот при допустимости + расчёт + uncertainty + подпись reviewer + hash пакета","3","TBD_METHOD_SPECIFIC: range/resolution/bias/repeat spread/operator effects утверждаются до execution","DESIGN_PLACEHOLDER_NOT_EXECUTABLE: item-specific hazard analysis, материалы, энергия, концентрация, СИЗ и отходы ещё не утверждены.","BLOCKED_BEFORE_START: до точного method/source review запрещено начинать; после review нужны наблюдаемые численные/событийные stop conditions.","TBD_ITEM_SPECIFIC_AND_LOCAL: пока маршрут отходов не утверждён, физическое выполнение блокировано.","S1_LOW_RISK_HOUSEHOLD","S1 допускается только после замены всех DESIGN/TBD полей точным low-risk методом и независимой safety-проверки.","3","TBD_LOCAL_SEASON","records/science/SCI-AGRI-01/YYYY-MM-DD/","PSP-045|SUP-LEA-013","PROVISIONAL_TOPIC_CANDIDATES_NOT_METHOD_REVIEWED","BLOCKED_UNTIL_EXACT_METHOD_SOURCE_SAFETY_AND_LOCAL_REVIEW","DESIGN_ONLY_NOT_EXECUTED","Новый участник находит источник офлайн, объясняет границы, повторяет допустимую процедуру и получает результат в заранее заданном допуске.","0.4"
"PRJ-113","SCI-AGRI-02","AGRI","Практическая проверка: Семенная партия, происхождение и доступ","LOW_RISK_BENCH_OR_FIELD","Объяснить базовую модель, выполнить допустимую для класса риска проверку и документировать пределы по теме «Семенная партия, происхождение и доступ».","SCI-AGRI-01|SCI-METH-13|право остановить опыт|инструкция оборудования","TBD_NON_EXECUTABLE: точные item/model/material/range/PPE для урожай/вода/почва должны быть утверждены до начала","Сформулировать вопрос; записать метод и единицы; выполнить паспорт accession, условия хранения и правовой статус; сохранить сырые данные; повторить; оценить неопределённость; сделать ограниченный вывод.","паспорт accession, условия хранения и правовой статус","SI или явно названный стандарт","TBD_BEFORE_EXECUTION_FROM_EXACT_METHOD: диапазон/критерий фиксируется до результата; post-hoc подгонка запрещена.","сырые данные + фото/скриншот при допустимости + расчёт + uncertainty + подпись reviewer + hash пакета","3","TBD_METHOD_SPECIFIC: range/resolution/bias/repeat spread/operator effects утверждаются до execution","DESIGN_PLACEHOLDER_NOT_EXECUTABLE: item-specific hazard analysis, материалы, энергия, концентрация, СИЗ и отходы ещё не утверждены.","BLOCKED_BEFORE_START: до точного method/source review запрещено начинать; после review нужны наблюдаемые численные/событийные stop conditions.","TBD_ITEM_SPECIFIC_AND_LOCAL: пока маршрут отходов не утверждён, физическое выполнение блокировано.","S1_LOW_RISK_HOUSEHOLD","S1 допускается только после замены всех DESIGN/TBD полей точным low-risk методом и независимой safety-проверки.","3","TBD_LOCAL_SEASON","records/science/SCI-AGRI-02/YYYY-MM-DD/","SUP-LEA-021|SUP-LEA-025","PROVISIONAL_TOPIC_CANDIDATES_NOT_METHOD_REVIEWED","BLOCKED_UNTIL_EXACT_METHOD_SOURCE_SAFETY_AND_LOCAL_REVIEW","DESIGN_ONLY_NOT_EXECUTED","Новый участник находит источник офлайн, объясняет границы, повторяет допустимую процедуру и получает результат в заранее заданном допуске.","0.4"
"PRJ-114","SCI-AGRI-03","AGRI","Практическая проверка: Тест всхожести и жизнеспособности","LOW_RISK_BENCH_OR_FIELD","Объяснить базовую модель, выполнить допустимую для класса риска проверку и документировать пределы по теме «Тест всхожести и жизнеспособности».","SCI-AGRI-02|SCI-METH-13|право остановить опыт|инструкция оборудования","TBD_NON_EXECUTABLE: точные item/model/material/range/PPE для урожай/вода/почва должны быть утверждены до начала","Сформулировать вопрос; записать метод и единицы; выполнить контролируемый тест разрешённых семян с долей всходов; сохранить сырые данные; повторить; оценить неопределённость; сделать ограниченный вывод.","контролируемый тест разрешённых семян с долей всходов","SI или явно названный стандарт","TBD_BEFORE_EXECUTION_FROM_EXACT_METHOD: диапазон/критерий фиксируется до результата; post-hoc подгонка запрещена.","сырые данные + фото/скриншот при допустимости + расчёт + uncertainty + подпись reviewer + hash пакета","3","TBD_METHOD_SPECIFIC: range/resolution/bias/repeat spread/operator effects утверждаются до execution","DESIGN_PLACEHOLDER_NOT_EXECUTABLE: item-specific hazard analysis, материалы, энергия, концентрация, СИЗ и отходы ещё не утверждены.","BLOCKED_BEFORE_START: до точного method/source review запрещено начинать; после review нужны наблюдаемые численные/событийные stop conditions.","TBD_ITEM_SPECIFIC_AND_LOCAL: пока маршрут отходов не утверждён, физическое выполнение блокировано.","S1_LOW_RISK_HOUSEHOLD","S1 допускается только после замены всех DESIGN/TBD полей точным low-risk методом и независимой safety-проверки.","3","TBD_LOCAL_SEASON","records/science/SCI-AGRI-03/YYYY-MM-DD/","SUP-LEA-021|SUP-LEA-025","PROVISIONAL_TOPIC_CANDIDATES_NOT_METHOD_REVIEWED","BLOCKED_UNTIL_EXACT_METHOD_SOURCE_SAFETY_AND_LOCAL_REVIEW","DESIGN_ONLY_NOT_EXECUTED","Новый участник находит источник офлайн, объясняет границы, повторяет допустимую процедуру и получает результат в заранее заданном допуске.","0.4"
"PRJ-115","SCI-AGRI-04","AGRI","Практическая проверка: Севооборот, календарь и планирование площади","LOW_RISK_BENCH_OR_FIELD","Объяснить базовую модель, выполнить допустимую для класса риска проверку и документировать пределы по теме «Севооборот, календарь и планирование площади».","SCI-AGRI-03|SCI-METH-13|право остановить опыт|инструкция оборудования","TBD_NON_EXECUTABLE: точные item/model/material/range/PPE для урожай/вода/почва должны быть утверждены до начала","Сформулировать вопрос; записать метод и единицы; выполнить план культуры по воде, сезону и рискам; сохранить сырые данные; повторить; оценить неопределённость; сделать ограниченный вывод.","план культуры по воде, сезону и рискам","SI или явно названный стандарт","TBD_BEFORE_EXECUTION_FROM_EXACT_METHOD: диапазон/критерий фиксируется до результата; post-hoc подгонка запрещена.","сырые данные + фото/скриншот при допустимости + расчёт + uncertainty + подпись reviewer + hash пакета","3","TBD_METHOD_SPECIFIC: range/resolution/bias/repeat spread/operator effects утверждаются до execution","DESIGN_PLACEHOLDER_NOT_EXECUTABLE: item-specific hazard analysis, материалы, энергия, концентрация, СИЗ и отходы ещё не утверждены.","BLOCKED_BEFORE_START: до точного method/source review запрещено начинать; после review нужны наблюдаемые численные/событийные stop conditions.","TBD_ITEM_SPECIFIC_AND_LOCAL: пока маршрут отходов не утверждён, физическое выполнение блокировано.","S1_LOW_RISK_HOUSEHOLD","S1 допускается только после замены всех DESIGN/TBD полей точным low-risk методом и независимой safety-проверки.","3","TBD_LOCAL_SEASON","records/science/SCI-AGRI-04/YYYY-MM-DD/","PSP-041|PSP-045","PROVISIONAL_TOPIC_CANDIDATES_NOT_METHOD_REVIEWED","BLOCKED_UNTIL_EXACT_METHOD_SOURCE_SAFETY_AND_LOCAL_REVIEW","DESIGN_ONLY_NOT_EXECUTED","Новый участник находит источник офлайн, объясняет границы, повторяет допустимую процедуру и получает результат в заранее заданном допуске.","0.4"
"PRJ-116","SCI-AGRI-05","AGRI","Практическая проверка: Овощеводство и питомник","LOW_RISK_BENCH_OR_FIELD","Объяснить базовую модель, выполнить допустимую для класса риска проверку и документировать пределы по теме «Овощеводство и питомник».","SCI-AGRI-04|SCI-METH-13|право остановить опыт|инструкция оборудования","TBD_NON_EXECUTABLE: точные item/model/material/range/PPE для урожай/вода/почва должны быть утверждены до начала","Сформулировать вопрос; записать метод и единицы; выполнить журнал посева, пересадки, роста и потерь; сохранить сырые данные; повторить; оценить неопределённость; сделать ограниченный вывод.","журнал посева, пересадки, роста и потерь","SI или явно названный стандарт","TBD_BEFORE_EXECUTION_FROM_EXACT_METHOD: диапазон/критерий фиксируется до результата; post-hoc подгонка запрещена.","сырые данные + фото/скриншот при допустимости + расчёт + uncertainty + подпись reviewer + hash пакета","3","TBD_METHOD_SPECIFIC: range/resolution/bias/repeat spread/operator effects утверждаются до execution","DESIGN_PLACEHOLDER_NOT_EXECUTABLE: item-specific hazard analysis, материалы, энергия, концентрация, СИЗ и отходы ещё не утверждены.","BLOCKED_BEFORE_START: до точного method/source review запрещено начинать; после review нужны наблюдаемые численные/событийные stop conditions.","TBD_ITEM_SPECIFIC_AND_LOCAL: пока маршрут отходов не утверждён, физическое выполнение блокировано.","S1_LOW_RISK_HOUSEHOLD","S1 допускается только после замены всех DESIGN/TBD полей точным low-risk методом и независимой safety-проверки.","3","TBD_LOCAL_SEASON","records/science/SCI-AGRI-05/YYYY-MM-DD/","PSP-041|PSP-045","PROVISIONAL_TOPIC_CANDIDATES_NOT_METHOD_REVIEWED","BLOCKED_UNTIL_EXACT_METHOD_SOURCE_SAFETY_AND_LOCAL_REVIEW","DESIGN_ONLY_NOT_EXECUTED","Новый участник находит источник офлайн, объясняет границы, повторяет допустимую процедуру и получает результат в заранее заданном допуске.","0.4"
"PRJ-117","SCI-AGRI-06","AGRI","Практическая проверка: Ирригация, влажность и водный баланс","LOW_RISK_BENCH_OR_FIELD","Объяснить базовую модель, выполнить допустимую для класса риска проверку и документировать пределы по теме «Ирригация, влажность и водный баланс».","SCI-AGRI-05|SCI-METH-13|право остановить опыт|инструкция оборудования","TBD_NON_EXECUTABLE: точные item/model/material/range/PPE для урожай/вода/почва должны быть утверждены до начала","Сформулировать вопрос; записать метод и единицы; выполнить объём воды, площадь, погода и состояние растения; сохранить сырые данные; повторить; оценить неопределённость; сделать ограниченный вывод.","объём воды, площадь, погода и состояние растения","SI или явно названный стандарт","TBD_BEFORE_EXECUTION_FROM_EXACT_METHOD: диапазон/критерий фиксируется до результата; post-hoc подгонка запрещена.","сырые данные + фото/скриншот при допустимости + расчёт + uncertainty + подпись reviewer + hash пакета","3","TBD_METHOD_SPECIFIC: range/resolution/bias/repeat spread/operator effects утверждаются до execution","DESIGN_PLACEHOLDER_NOT_EXECUTABLE: item-specific hazard analysis, материалы, энергия, концентрация, СИЗ и отходы ещё не утверждены.","BLOCKED_BEFORE_START: до точного method/source review запрещено начинать; после review нужны наблюдаемые численные/событийные stop conditions.","TBD_ITEM_SPECIFIC_AND_LOCAL: пока маршрут отходов не утверждён, физическое выполнение блокировано.","S1_LOW_RISK_HOUSEHOLD","S1 допускается только после замены всех DESIGN/TBD полей точным low-risk методом и независимой safety-проверки.","3","TBD_LOCAL_SEASON","records/science/SCI-AGRI-06/YYYY-MM-DD/","PSP-041|PSP-045","PROVISIONAL_TOPIC_CANDIDATES_NOT_METHOD_REVIEWED","BLOCKED_UNTIL_EXACT_METHOD_SOURCE_SAFETY_AND_LOCAL_REVIEW","DESIGN_ONLY_NOT_EXECUTED","Новый участник находит источник офлайн, объясняет границы, повторяет допустимую процедуру и получает результат в заранее заданном допуске.","0.4"
"PRJ-118","SCI-AGRI-07","AGRI","Практическая проверка: Компостирование и санитарные границы","LOW_RISK_BENCH_OR_FIELD","Объяснить базовую модель, выполнить допустимую для класса риска проверку и документировать пределы по теме «Компостирование и санитарные границы».","SCI-AGRI-06|SCI-METH-13|право остановить опыт|инструкция оборудования","TBD_NON_EXECUTABLE: точные item/model/material/range/PPE для урожай/вода/почва должны быть утверждены до начала","Сформулировать вопрос; записать метод и единицы; выполнить температурный журнал растительного компоста; животные/медицинские отходы исключены; сохранить сырые данные; повторить; оценить неопределённость; сделать ограниченный вывод.","температурный журнал растительного компоста; животные/медицинские отходы исключены","SI или явно названный стандарт","TBD_BEFORE_EXECUTION_FROM_EXACT_METHOD: диапазон/критерий фиксируется до результата; post-hoc подгонка запрещена.","сырые данные + фото/скриншот при допустимости + расчёт + uncertainty + подпись reviewer + hash пакета","3","TBD_METHOD_SPECIFIC: range/resolution/bias/repeat spread/operator effects утверждаются до execution","DESIGN_PLACEHOLDER_NOT_EXECUTABLE: item-specific hazard analysis, материалы, энергия, концентрация, СИЗ и отходы ещё не утверждены.","BLOCKED_BEFORE_START: до точного method/source review запрещено начинать; после review нужны наблюдаемые численные/событийные stop conditions.","TBD_ITEM_SPECIFIC_AND_LOCAL: пока маршрут отходов не утверждён, физическое выполнение блокировано.","S1_LOW_RISK_HOUSEHOLD","S1 допускается только после замены всех DESIGN/TBD полей точным low-risk методом и независимой safety-проверки.","3","TBD_LOCAL_SEASON","records/science/SCI-AGRI-07/YYYY-MM-DD/","PSP-041|PSP-045","PROVISIONAL_TOPIC_CANDIDATES_NOT_METHOD_REVIEWED","BLOCKED_UNTIL_EXACT_METHOD_SOURCE_SAFETY_AND_LOCAL_REVIEW","DESIGN_ONLY_NOT_EXECUTED","Новый участник находит источник офлайн, объясняет границы, повторяет допустимую процедуру и получает результат в заранее заданном допуске.","0.4"
"PRJ-119","SCI-AGRI-08","AGRI","Практическая проверка: Питательность почвы и безопасное внесение","SUPERVISED_DEMONSTRATION_ONLY","Объяснить базовую модель, выполнить допустимую для класса риска проверку и документировать пределы по теме «Питательность почвы и безопасное внесение».","SCI-AGRI-07|SCI-METH-13|право остановить опыт|инструкция оборудования","TBD_NON_EXECUTABLE: точные item/model/material/range/PPE для урожай/вода/почва должны быть утверждены до начала","До допуска: обучение и checklist. Затем только под компетентным надзором выполнить безопасную часть: решение по лабораторному анализу и этикетке; без самодельной химии. Результат и отклонения подписывает supervisor.","решение по лабораторному анализу и этикетке; без самодельной химии","SI или явно названный стандарт","TBD_BEFORE_EXECUTION_FROM_EXACT_METHOD: диапазон/критерий фиксируется до результата; post-hoc подгонка запрещена.","сырые данные + фото/скриншот при допустимости + расчёт + uncertainty + подпись reviewer + hash пакета","1","TBD_METHOD_SPECIFIC: range/resolution/bias/repeat spread/operator effects утверждаются до execution","DESIGN_PLACEHOLDER_NOT_EXECUTABLE: item-specific hazard analysis, материалы, энергия, концентрация, СИЗ и отходы ещё не утверждены.","BLOCKED_BEFORE_START: до точного method/source review запрещено начинать; после review нужны наблюдаемые численные/событийные stop conditions.","TBD_ITEM_SPECIFIC_AND_LOCAL: пока маршрут отходов не утверждён, физическое выполнение блокировано.","S2_TRAINED_SUPERVISED","Компетентный инструктор/ответственный специалист присутствует и может немедленно остановить работу.","3","TBD_LOCAL_SEASON","records/science/SCI-AGRI-08/YYYY-MM-DD/","PSP-041|PSP-045","PROVISIONAL_TOPIC_CANDIDATES_NOT_METHOD_REVIEWED","BLOCKED_UNTIL_EXACT_METHOD_SOURCE_SAFETY_AND_LOCAL_REVIEW","DESIGN_ONLY_NOT_EXECUTED","Новый участник находит источник офлайн, объясняет границы, повторяет допустимую процедуру и получает результат в заранее заданном допуске.","0.4"
"PRJ-120","SCI-AGRI-09","AGRI","Практическая проверка: Интегрированная защита растений","SUPERVISED_DEMONSTRATION_ONLY","Объяснить базовую модель, выполнить допустимую для класса риска проверку и документировать пределы по теме «Интегрированная защита растений».","SCI-AGRI-08|SCI-METH-13|право остановить опыт|инструкция оборудования","TBD_NON_EXECUTABLE: точные item/model/material/range/PPE для урожай/вода/почва должны быть утверждены до начала","До допуска: обучение и checklist. Затем только под компетентным надзором выполнить безопасную часть: порог наблюдения, идентификация и минимальное законное вмешательство. Результат и отклонения подписывает supervisor.","порог наблюдения, идентификация и минимальное законное вмешательство","SI или явно названный стандарт","TBD_BEFORE_EXECUTION_FROM_EXACT_METHOD: диапазон/критерий фиксируется до результата; post-hoc подгонка запрещена.","сырые данные + фото/скриншот при допустимости + расчёт + uncertainty + подпись reviewer + hash пакета","1","TBD_METHOD_SPECIFIC: range/resolution/bias/repeat spread/operator effects утверждаются до execution","DESIGN_PLACEHOLDER_NOT_EXECUTABLE: item-specific hazard analysis, материалы, энергия, концентрация, СИЗ и отходы ещё не утверждены.","BLOCKED_BEFORE_START: до точного method/source review запрещено начинать; после review нужны наблюдаемые численные/событийные stop conditions.","TBD_ITEM_SPECIFIC_AND_LOCAL: пока маршрут отходов не утверждён, физическое выполнение блокировано.","S2_TRAINED_SUPERVISED","Компетентный инструктор/ответственный специалист присутствует и может немедленно остановить работу.","3","TBD_LOCAL_SEASON","records/science/SCI-AGRI-09/YYYY-MM-DD/","PSP-091|PSP-050","PROVISIONAL_TOPIC_CANDIDATES_NOT_METHOD_REVIEWED","BLOCKED_UNTIL_EXACT_METHOD_SOURCE_SAFETY_AND_LOCAL_REVIEW","DESIGN_ONLY_NOT_EXECUTED","Новый участник находит источник офлайн, объясняет границы, повторяет допустимую процедуру и получает результат в заранее заданном допуске.","0.4"
"PRJ-121","SCI-AGRI-10","AGRI","Практическая проверка: Болезни растений и карантин","SUPERVISED_DEMONSTRATION_ONLY","Объяснить базовую модель, выполнить допустимую для класса риска проверку и документировать пределы по теме «Болезни растений и карантин».","SCI-AGRI-09|SCI-METH-13|право остановить опыт|инструкция оборудования","TBD_NON_EXECUTABLE: точные item/model/material/range/PPE для урожай/вода/почва должны быть утверждены до начала","До допуска: обучение и checklist. Затем только под компетентным надзором выполнить безопасную часть: фото, изоляция, очистка инструмента и обращение к официальной службе. Результат и отклонения подписывает supervisor.","фото, изоляция, очистка инструмента и обращение к официальной службе","SI или явно названный стандарт","TBD_BEFORE_EXECUTION_FROM_EXACT_METHOD: диапазон/критерий фиксируется до результата; post-hoc подгонка запрещена.","сырые данные + фото/скриншот при допустимости + расчёт + uncertainty + подпись reviewer + hash пакета","1","TBD_METHOD_SPECIFIC: range/resolution/bias/repeat spread/operator effects утверждаются до execution","DESIGN_PLACEHOLDER_NOT_EXECUTABLE: item-specific hazard analysis, материалы, энергия, концентрация, СИЗ и отходы ещё не утверждены.","BLOCKED_BEFORE_START: до точного method/source review запрещено начинать; после review нужны наблюдаемые численные/событийные stop conditions.","TBD_ITEM_SPECIFIC_AND_LOCAL: пока маршрут отходов не утверждён, физическое выполнение блокировано.","S2_TRAINED_SUPERVISED","Компетентный инструктор/ответственный специалист присутствует и может немедленно остановить работу.","3","TBD_LOCAL_SEASON","records/science/SCI-AGRI-10/YYYY-MM-DD/","PSP-091|PSP-050","PROVISIONAL_TOPIC_CANDIDATES_NOT_METHOD_REVIEWED","BLOCKED_UNTIL_EXACT_METHOD_SOURCE_SAFETY_AND_LOCAL_REVIEW","DESIGN_ONLY_NOT_EXECUTED","Новый участник находит источник офлайн, объясняет границы, повторяет допустимую процедуру и получает результат в заранее заданном допуске.","0.4"
"PRJ-122","SCI-AGRI-11","AGRI","Практическая проверка: Теплица, вентиляция и микроклимат","LOW_RISK_BENCH_OR_FIELD","Объяснить базовую модель, выполнить допустимую для класса риска проверку и документировать пределы по теме «Теплица, вентиляция и микроклимат».","SCI-AGRI-10|SCI-METH-13|право остановить опыт|инструкция оборудования","TBD_NON_EXECUTABLE: точные item/model/material/range/PPE для урожай/вода/почва должны быть утверждены до начала","Сформулировать вопрос; записать метод и единицы; выполнить температура/влажность и безопасный режим вентиляции; сохранить сырые данные; повторить; оценить неопределённость; сделать ограниченный вывод.","температура/влажность и безопасный режим вентиляции","SI или явно названный стандарт","TBD_BEFORE_EXECUTION_FROM_EXACT_METHOD: диапазон/критерий фиксируется до результата; post-hoc подгонка запрещена.","сырые данные + фото/скриншот при допустимости + расчёт + uncertainty + подпись reviewer + hash пакета","3","TBD_METHOD_SPECIFIC: range/resolution/bias/repeat spread/operator effects утверждаются до execution","DESIGN_PLACEHOLDER_NOT_EXECUTABLE: item-specific hazard analysis, материалы, энергия, концентрация, СИЗ и отходы ещё не утверждены.","BLOCKED_BEFORE_START: до точного method/source review запрещено начинать; после review нужны наблюдаемые численные/событийные stop conditions.","TBD_ITEM_SPECIFIC_AND_LOCAL: пока маршрут отходов не утверждён, физическое выполнение блокировано.","S1_LOW_RISK_HOUSEHOLD","S1 допускается только после замены всех DESIGN/TBD полей точным low-risk методом и независимой safety-проверки.","3","TBD_LOCAL_SEASON","records/science/SCI-AGRI-11/YYYY-MM-DD/","PSP-041|PSP-045","PROVISIONAL_TOPIC_CANDIDATES_NOT_METHOD_REVIEWED","BLOCKED_UNTIL_EXACT_METHOD_SOURCE_SAFETY_AND_LOCAL_REVIEW","DESIGN_ONLY_NOT_EXECUTED","Новый участник находит источник офлайн, объясняет границы, повторяет допустимую процедуру и получает результат в заранее заданном допуске.","0.4"
"PRJ-123","SCI-AGRI-12","AGRI","Практическая проверка: Лес, агролесоводство и пожарный интерфейс","SUPERVISED_DEMONSTRATION_ONLY","Объяснить базовую модель, выполнить допустимую для класса риска проверку и документировать пределы по теме «Лес, агролесоводство и пожарный интерфейс».","SCI-AGRI-11|SCI-METH-13|право остановить опыт|инструкция оборудования","TBD_NON_EXECUTABLE: точные item/model/material/range/PPE для урожай/вода/почва должны быть утверждены до начала","До допуска: обучение и checklist. Затем только под компетентным надзором выполнить безопасную часть: карта топлива и легальная профилактика без самостоятельного огня. Результат и отклонения подписывает supervisor.","карта топлива и легальная профилактика без самостоятельного огня","SI или явно названный стандарт","TBD_BEFORE_EXECUTION_FROM_EXACT_METHOD: диапазон/критерий фиксируется до результата; post-hoc подгонка запрещена.","сырые данные + фото/скриншот при допустимости + расчёт + uncertainty + подпись reviewer + hash пакета","1","TBD_METHOD_SPECIFIC: range/resolution/bias/repeat spread/operator effects утверждаются до execution","DESIGN_PLACEHOLDER_NOT_EXECUTABLE: item-specific hazard analysis, материалы, энергия, концентрация, СИЗ и отходы ещё не утверждены.","BLOCKED_BEFORE_START: до точного method/source review запрещено начинать; после review нужны наблюдаемые численные/событийные stop conditions.","TBD_ITEM_SPECIFIC_AND_LOCAL: пока маршрут отходов не утверждён, физическое выполнение блокировано.","S2_TRAINED_SUPERVISED","Компетентный инструктор/ответственный специалист присутствует и может немедленно остановить работу.","3","TBD_LOCAL_SEASON","records/science/SCI-AGRI-12/YYYY-MM-DD/","PSP-041|PSP-045","PROVISIONAL_TOPIC_CANDIDATES_NOT_METHOD_REVIEWED","BLOCKED_UNTIL_EXACT_METHOD_SOURCE_SAFETY_AND_LOCAL_REVIEW","DESIGN_ONLY_NOT_EXECUTED","Новый участник находит источник офлайн, объясняет границы, повторяет допустимую процедуру и получает результат в заранее заданном допуске.","0.4"
"PRJ-124","SCI-AGRI-13","AGRI","Практическая проверка: Содержание животных и welfare","SUPERVISED_DEMONSTRATION_ONLY","Объяснить базовую модель, выполнить допустимую для класса риска проверку и документировать пределы по теме «Содержание животных и welfare».","SCI-AGRI-12|SCI-METH-13|право остановить опыт|инструкция оборудования","TBD_NON_EXECUTABLE: точные item/model/material/range/PPE для урожай/вода/почва должны быть утверждены до начала","До допуска: обучение и checklist. Затем только под компетентным надзором выполнить безопасную часть: вода, корм, поведение, укрытие и вызов ветеринара. Результат и отклонения подписывает supervisor.","вода, корм, поведение, укрытие и вызов ветеринара","SI или явно названный стандарт","TBD_BEFORE_EXECUTION_FROM_EXACT_METHOD: диапазон/критерий фиксируется до результата; post-hoc подгонка запрещена.","сырые данные + фото/скриншот при допустимости + расчёт + uncertainty + подпись reviewer + hash пакета","1","TBD_METHOD_SPECIFIC: range/resolution/bias/repeat spread/operator effects утверждаются до execution","DESIGN_PLACEHOLDER_NOT_EXECUTABLE: item-specific hazard analysis, материалы, энергия, концентрация, СИЗ и отходы ещё не утверждены.","BLOCKED_BEFORE_START: до точного method/source review запрещено начинать; после review нужны наблюдаемые численные/событийные stop conditions.","TBD_ITEM_SPECIFIC_AND_LOCAL: пока маршрут отходов не утверждён, физическое выполнение блокировано.","S2_TRAINED_SUPERVISED","Компетентный инструктор/ответственный специалист присутствует и может немедленно остановить работу.","3","TBD_LOCAL_SEASON","records/science/SCI-AGRI-13/YYYY-MM-DD/","SUP-LEA-047|SUP-LEA-049","PROVISIONAL_TOPIC_CANDIDATES_NOT_METHOD_REVIEWED","BLOCKED_UNTIL_EXACT_METHOD_SOURCE_SAFETY_AND_LOCAL_REVIEW","DESIGN_ONLY_NOT_EXECUTED","Новый участник находит источник офлайн, объясняет границы, повторяет допустимую процедуру и получает результат в заранее заданном допуске.","0.4"
"PRJ-125","SCI-AGRI-14","AGRI","Практическая проверка: Пастбище, корм и хранение","LOW_RISK_BENCH_OR_FIELD","Объяснить базовую модель, выполнить допустимую для класса риска проверку и документировать пределы по теме «Пастбище, корм и хранение».","SCI-AGRI-13|SCI-METH-13|право остановить опыт|инструкция оборудования","TBD_NON_EXECUTABLE: точные item/model/material/range/PPE для урожай/вода/почва должны быть утверждены до начала","Сформулировать вопрос; записать метод и единицы; выполнить инвентарный баланс и признаки порчи без кормления сомнительным материалом; сохранить сырые данные; повторить; оценить неопределённость; сделать ограниченный вывод.","инвентарный баланс и признаки порчи без кормления сомнительным материалом","SI или явно названный стандарт","TBD_BEFORE_EXECUTION_FROM_EXACT_METHOD: диапазон/критерий фиксируется до результата; post-hoc подгонка запрещена.","сырые данные + фото/скриншот при допустимости + расчёт + uncertainty + подпись reviewer + hash пакета","3","TBD_METHOD_SPECIFIC: range/resolution/bias/repeat spread/operator effects утверждаются до execution","DESIGN_PLACEHOLDER_NOT_EXECUTABLE: item-specific hazard analysis, материалы, энергия, концентрация, СИЗ и отходы ещё не утверждены.","BLOCKED_BEFORE_START: до точного method/source review запрещено начинать; после review нужны наблюдаемые численные/событийные stop conditions.","TBD_ITEM_SPECIFIC_AND_LOCAL: пока маршрут отходов не утверждён, физическое выполнение блокировано.","S1_LOW_RISK_HOUSEHOLD","S1 допускается только после замены всех DESIGN/TBD полей точным low-risk методом и независимой safety-проверки.","3","TBD_LOCAL_SEASON","records/science/SCI-AGRI-14/YYYY-MM-DD/","SUP-LEA-047|SUP-LEA-049","PROVISIONAL_TOPIC_CANDIDATES_NOT_METHOD_REVIEWED","BLOCKED_UNTIL_EXACT_METHOD_SOURCE_SAFETY_AND_LOCAL_REVIEW","DESIGN_ONLY_NOT_EXECUTED","Новый участник находит источник офлайн, объясняет границы, повторяет допустимую процедуру и получает результат в заранее заданном допуске.","0.4"
"PRJ-126","SCI-AGRI-15","AGRI","Практическая проверка: Гигиена пищи, холодовая цепь и прослеживаемость","LOW_RISK_BENCH_OR_FIELD","Объяснить базовую модель, выполнить допустимую для класса риска проверку и документировать пределы по теме «Гигиена пищи, холодовая цепь и прослеживаемость».","SCI-AGRI-14|SCI-METH-13|право остановить опыт|инструкция оборудования","TBD_NON_EXECUTABLE: точные item/model/material/range/PPE для урожай/вода/почва должны быть утверждены до начала","Сформулировать вопрос; записать метод и единицы; выполнить температурный журнал и lot trace; сохранить сырые данные; повторить; оценить неопределённость; сделать ограниченный вывод.","температурный журнал и lot trace","SI или явно названный стандарт","TBD_BEFORE_EXECUTION_FROM_EXACT_METHOD: диапазон/критерий фиксируется до результата; post-hoc подгонка запрещена.","сырые данные + фото/скриншот при допустимости + расчёт + uncertainty + подпись reviewer + hash пакета","3","TBD_METHOD_SPECIFIC: range/resolution/bias/repeat spread/operator effects утверждаются до execution","DESIGN_PLACEHOLDER_NOT_EXECUTABLE: item-specific hazard analysis, материалы, энергия, концентрация, СИЗ и отходы ещё не утверждены.","BLOCKED_BEFORE_START: до точного method/source review запрещено начинать; после review нужны наблюдаемые численные/событийные stop conditions.","TBD_ITEM_SPECIFIC_AND_LOCAL: пока маршрут отходов не утверждён, физическое выполнение блокировано.","S1_LOW_RISK_HOUSEHOLD","S1 допускается только после замены всех DESIGN/TBD полей точным low-risk методом и независимой safety-проверки.","3","TBD_LOCAL_SEASON","records/science/SCI-AGRI-15/YYYY-MM-DD/","SUP-LEA-037|SUP-LEA-038","PROVISIONAL_TOPIC_CANDIDATES_NOT_METHOD_REVIEWED","BLOCKED_UNTIL_EXACT_METHOD_SOURCE_SAFETY_AND_LOCAL_REVIEW","DESIGN_ONLY_NOT_EXECUTED","Новый участник находит источник офлайн, объясняет границы, повторяет допустимую процедуру и получает результат в заранее заданном допуске.","0.4"
"PRJ-127","SCI-AGRI-16","AGRI","Практическая проверка: Консервирование только по валидированному процессу","SUPERVISED_DEMONSTRATION_ONLY","Объяснить базовую модель, выполнить допустимую для класса риска проверку и документировать пределы по теме «Консервирование только по валидированному процессу».","SCI-AGRI-15|SCI-METH-13|право остановить опыт|инструкция оборудования","TBD_NON_EXECUTABLE: точные item/model/material/range/PPE для урожай/вода/почва должны быть утверждены до начала","До допуска: обучение и checklist. Затем только под компетентным надзором выполнить безопасную часть: следование официальному рецепту; низкокислотные продукты без валидированного pressure-canning запрещены. Результат и отклонения подписывает supervisor.","следование официальному рецепту; низкокислотные продукты без валидированного pressure-canning запрещены","SI или явно названный стандарт","TBD_BEFORE_EXECUTION_FROM_EXACT_METHOD: диапазон/критерий фиксируется до результата; post-hoc подгонка запрещена.","сырые данные + фото/скриншот при допустимости + расчёт + uncertainty + подпись reviewer + hash пакета","1","TBD_METHOD_SPECIFIC: range/resolution/bias/repeat spread/operator effects утверждаются до execution","DESIGN_PLACEHOLDER_NOT_EXECUTABLE: item-specific hazard analysis, материалы, энергия, концентрация, СИЗ и отходы ещё не утверждены.","BLOCKED_BEFORE_START: до точного method/source review запрещено начинать; после review нужны наблюдаемые численные/событийные stop conditions.","TBD_ITEM_SPECIFIC_AND_LOCAL: пока маршрут отходов не утверждён, физическое выполнение блокировано.","S2_TRAINED_SUPERVISED","Компетентный инструктор/ответственный специалист присутствует и может немедленно остановить работу.","3","TBD_LOCAL_SEASON","records/science/SCI-AGRI-16/YYYY-MM-DD/","PSP-046","PROVISIONAL_TOPIC_CANDIDATES_NOT_METHOD_REVIEWED","BLOCKED_UNTIL_EXACT_METHOD_SOURCE_SAFETY_AND_LOCAL_REVIEW","DESIGN_ONLY_NOT_EXECUTED","Новый участник находит источник офлайн, объясняет границы, повторяет допустимую процедуру и получает результат в заранее заданном допуске.","0.4"
"PRJ-128","SCI-CIVIL-01","CIVIL","Практическая проверка: Съёмка, уровни, координаты и исполнительная схема","LOW_RISK_BENCH_OR_FIELD","Объяснить базовую модель, выполнить допустимую для класса риска проверку и документировать пределы по теме «Съёмка, уровни, координаты и исполнительная схема».","SCI-METH-01|SCI-METH-07|SCI-METH-14|право остановить опыт|инструкция оборудования","TBD_NON_EXECUTABLE: точные item/model/material/range/PPE для размер/состояние/поток должны быть утверждены до начала","Сформулировать вопрос; записать метод и единицы; выполнить замкнутый безопасный ход на участке; сохранить сырые данные; повторить; оценить неопределённость; сделать ограниченный вывод.","замкнутый безопасный ход на участке","SI или явно названный стандарт","TBD_BEFORE_EXECUTION_FROM_EXACT_METHOD: диапазон/критерий фиксируется до результата; post-hoc подгонка запрещена.","сырые данные + фото/скриншот при допустимости + расчёт + uncertainty + подпись reviewer + hash пакета","3","TBD_METHOD_SPECIFIC: range/resolution/bias/repeat spread/operator effects утверждаются до execution","DESIGN_PLACEHOLDER_NOT_EXECUTABLE: item-specific hazard analysis, материалы, энергия, концентрация, СИЗ и отходы ещё не утверждены.","BLOCKED_BEFORE_START: до точного method/source review запрещено начинать; после review нужны наблюдаемые численные/событийные stop conditions.","TBD_ITEM_SPECIFIC_AND_LOCAL: пока маршрут отходов не утверждён, физическое выполнение блокировано.","S1_LOW_RISK_HOUSEHOLD","S1 допускается только после замены всех DESIGN/TBD полей точным low-risk методом и независимой safety-проверки.","3","ANY_SAFE_PERIOD","records/science/SCI-CIVIL-01/YYYY-MM-DD/","PSP-079|PSP-086","PROVISIONAL_TOPIC_CANDIDATES_NOT_METHOD_REVIEWED","BLOCKED_UNTIL_EXACT_METHOD_SOURCE_SAFETY_AND_LOCAL_REVIEW","DESIGN_ONLY_NOT_EXECUTED","Новый участник находит источник офлайн, объясняет границы, повторяет допустимую процедуру и получает результат в заранее заданном допуске.","0.4"
"PRJ-129","SCI-CIVIL-02","CIVIL","Практическая проверка: Технический чертёж, размеры и допуски","LOW_RISK_BENCH_OR_FIELD","Объяснить базовую модель, выполнить допустимую для класса риска проверку и документировать пределы по теме «Технический чертёж, размеры и допуски».","SCI-CIVIL-01|SCI-METH-13|право остановить опыт|инструкция оборудования","TBD_NON_EXECUTABLE: точные item/model/material/range/PPE для размер/состояние/поток должны быть утверждены до начала","Сформулировать вопрос; записать метод и единицы; выполнить чертёж существующей безопасной детали; сохранить сырые данные; повторить; оценить неопределённость; сделать ограниченный вывод.","чертёж существующей безопасной детали","SI или явно названный стандарт","TBD_BEFORE_EXECUTION_FROM_EXACT_METHOD: диапазон/критерий фиксируется до результата; post-hoc подгонка запрещена.","сырые данные + фото/скриншот при допустимости + расчёт + uncertainty + подпись reviewer + hash пакета","3","TBD_METHOD_SPECIFIC: range/resolution/bias/repeat spread/operator effects утверждаются до execution","DESIGN_PLACEHOLDER_NOT_EXECUTABLE: item-specific hazard analysis, материалы, энергия, концентрация, СИЗ и отходы ещё не утверждены.","BLOCKED_BEFORE_START: до точного method/source review запрещено начинать; после review нужны наблюдаемые численные/событийные stop conditions.","TBD_ITEM_SPECIFIC_AND_LOCAL: пока маршрут отходов не утверждён, физическое выполнение блокировано.","S1_LOW_RISK_HOUSEHOLD","S1 допускается только после замены всех DESIGN/TBD полей точным low-risk методом и независимой safety-проверки.","3","ANY_SAFE_PERIOD","records/science/SCI-CIVIL-02/YYYY-MM-DD/","PSP-080|PSP-092","PROVISIONAL_TOPIC_CANDIDATES_NOT_METHOD_REVIEWED","BLOCKED_UNTIL_EXACT_METHOD_SOURCE_SAFETY_AND_LOCAL_REVIEW","DESIGN_ONLY_NOT_EXECUTED","Новый участник находит источник офлайн, объясняет границы, повторяет допустимую процедуру и получает результат в заранее заданном допуске.","0.4"
"PRJ-130","SCI-CIVIL-03","CIVIL","Практическая проверка: Строительная физика: тепло, воздух и влага","LOW_RISK_BENCH_OR_FIELD","Объяснить базовую модель, выполнить допустимую для класса риска проверку и документировать пределы по теме «Строительная физика: тепло, воздух и влага».","SCI-CIVIL-02|SCI-METH-13|право остановить опыт|инструкция оборудования","TBD_NON_EXECUTABLE: точные item/model/material/range/PPE для размер/состояние/поток должны быть утверждены до начала","Сформулировать вопрос; записать метод и единицы; выполнить наблюдательный температурно-влажностный профиль; сохранить сырые данные; повторить; оценить неопределённость; сделать ограниченный вывод.","наблюдательный температурно-влажностный профиль","SI или явно названный стандарт","TBD_BEFORE_EXECUTION_FROM_EXACT_METHOD: диапазон/критерий фиксируется до результата; post-hoc подгонка запрещена.","сырые данные + фото/скриншот при допустимости + расчёт + uncertainty + подпись reviewer + hash пакета","3","TBD_METHOD_SPECIFIC: range/resolution/bias/repeat spread/operator effects утверждаются до execution","DESIGN_PLACEHOLDER_NOT_EXECUTABLE: item-specific hazard analysis, материалы, энергия, концентрация, СИЗ и отходы ещё не утверждены.","BLOCKED_BEFORE_START: до точного method/source review запрещено начинать; после review нужны наблюдаемые численные/событийные stop conditions.","TBD_ITEM_SPECIFIC_AND_LOCAL: пока маршрут отходов не утверждён, физическое выполнение блокировано.","S1_LOW_RISK_HOUSEHOLD","S1 допускается только после замены всех DESIGN/TBD полей точным low-risk методом и независимой safety-проверки.","3","ANY_SAFE_PERIOD","records/science/SCI-CIVIL-03/YYYY-MM-DD/","SUP-PHY-044|PSP-062","PROVISIONAL_TOPIC_CANDIDATES_NOT_METHOD_REVIEWED","BLOCKED_UNTIL_EXACT_METHOD_SOURCE_SAFETY_AND_LOCAL_REVIEW","DESIGN_ONLY_NOT_EXECUTED","Новый участник находит источник офлайн, объясняет границы, повторяет допустимую процедуру и получает результат в заранее заданном допуске.","0.4"
"PRJ-131","SCI-CIVIL-04","CIVIL","Практическая проверка: Конденсация, сырость и плесень","LOW_RISK_BENCH_OR_FIELD","Объяснить базовую модель, выполнить допустимую для класса риска проверку и документировать пределы по теме «Конденсация, сырость и плесень».","SCI-CIVIL-03|SCI-METH-13|право остановить опыт|инструкция оборудования","TBD_NON_EXECUTABLE: точные item/model/material/range/PPE для размер/состояние/поток должны быть утверждены до начала","Сформулировать вопрос; записать метод и единицы; выполнить неинвазивная карта условий; опасное/обширное поражение — специалист; сохранить сырые данные; повторить; оценить неопределённость; сделать ограниченный вывод.","неинвазивная карта условий; опасное/обширное поражение — специалист","SI или явно названный стандарт","TBD_BEFORE_EXECUTION_FROM_EXACT_METHOD: диапазон/критерий фиксируется до результата; post-hoc подгонка запрещена.","сырые данные + фото/скриншот при допустимости + расчёт + uncertainty + подпись reviewer + hash пакета","3","TBD_METHOD_SPECIFIC: range/resolution/bias/repeat spread/operator effects утверждаются до execution","DESIGN_PLACEHOLDER_NOT_EXECUTABLE: item-specific hazard analysis, материалы, энергия, концентрация, СИЗ и отходы ещё не утверждены.","BLOCKED_BEFORE_START: до точного method/source review запрещено начинать; после review нужны наблюдаемые численные/событийные stop conditions.","TBD_ITEM_SPECIFIC_AND_LOCAL: пока маршрут отходов не утверждён, физическое выполнение блокировано.","S1_LOW_RISK_HOUSEHOLD","S1 допускается только после замены всех DESIGN/TBD полей точным low-risk методом и независимой safety-проверки.","3","ANY_SAFE_PERIOD","records/science/SCI-CIVIL-04/YYYY-MM-DD/","SUP-PHY-044|PSP-062","PROVISIONAL_TOPIC_CANDIDATES_NOT_METHOD_REVIEWED","BLOCKED_UNTIL_EXACT_METHOD_SOURCE_SAFETY_AND_LOCAL_REVIEW","DESIGN_ONLY_NOT_EXECUTED","Новый участник находит источник офлайн, объясняет границы, повторяет допустимую процедуру и получает результат в заранее заданном допуске.","0.4"
"PRJ-132","SCI-CIVIL-05","CIVIL","Практическая проверка: Нагрузки, путь передачи сил и устойчивость","DATASET_SIMULATION_OR_PRO_OBSERVATION_ONLY","Объяснить базовую модель, выполнить допустимую для класса риска проверку и документировать пределы по теме «Нагрузки, путь передачи сил и устойчивость».","SCI-CIVIL-04|SCI-METH-13|право остановить опыт|инструкция оборудования","TBD_NON_EXECUTABLE: точные item/model/material/range/PPE для размер/состояние/поток должны быть утверждены до начала","Не выполнять реальную работу. Разобрать утверждённый отчёт, схему, симуляцию или обезличенный набор данных по теме: анализ схемы; изменение несущих конструкций запрещено. Зафиксировать, когда нужен лицензированный специалист.","анализ схемы; изменение несущих конструкций запрещено","SI или явно названный стандарт","TBD_BEFORE_EXECUTION_FROM_EXACT_METHOD: диапазон/критерий фиксируется до результата; post-hoc подгонка запрещена.","сырые данные + фото/скриншот при допустимости + расчёт + uncertainty + подпись reviewer + hash пакета","1","TBD_METHOD_SPECIFIC: range/resolution/bias/repeat spread/operator effects утверждаются до execution","Самовольная работа может привести к пожару, поражению током, обрушению, утечке, травме или нарушению закона.","STOP до любого физического вмешательства; только лицензированный специалист с действующим scope и площадкой.","TBD_ITEM_SPECIFIC_AND_LOCAL: пока маршрут отходов не утверждён, физическое выполнение блокировано.","S3_LICENSED_PROFESSIONAL","Лицензированный специалист для любой реальной работы; учебный анализ может быть самостоятельным.","2","ANY_SAFE_PERIOD","records/science/SCI-CIVIL-05/YYYY-MM-DD/","PSP-092|PSP-118","PROVISIONAL_TOPIC_CANDIDATES_NOT_METHOD_REVIEWED","BLOCKED_UNTIL_EXACT_METHOD_SOURCE_SAFETY_AND_LOCAL_REVIEW","DESIGN_ONLY_NOT_EXECUTED","Новый участник находит источник офлайн, объясняет границы, повторяет допустимую процедуру и получает результат в заранее заданном допуске.","0.4"
"PRJ-133","SCI-CIVIL-06","CIVIL","Практическая проверка: Грунты, фундаменты и склоновые риски","DATASET_SIMULATION_OR_PRO_OBSERVATION_ONLY","Объяснить базовую модель, выполнить допустимую для класса риска проверку и документировать пределы по теме «Грунты, фундаменты и склоновые риски».","SCI-CIVIL-05|SCI-METH-13|право остановить опыт|инструкция оборудования","TBD_NON_EXECUTABLE: точные item/model/material/range/PPE для размер/состояние/поток должны быть утверждены до начала","Не выполнять реальную работу. Разобрать утверждённый отчёт, схему, симуляцию или обезличенный набор данных по теме: чтение инженерного отчёта; раскопки/укрепления — специалист. Зафиксировать, когда нужен лицензированный специалист.","чтение инженерного отчёта; раскопки/укрепления — специалист","SI или явно названный стандарт","TBD_BEFORE_EXECUTION_FROM_EXACT_METHOD: диапазон/критерий фиксируется до результата; post-hoc подгонка запрещена.","сырые данные + фото/скриншот при допустимости + расчёт + uncertainty + подпись reviewer + hash пакета","1","TBD_METHOD_SPECIFIC: range/resolution/bias/repeat spread/operator effects утверждаются до execution","Самовольная работа может привести к пожару, поражению током, обрушению, утечке, травме или нарушению закона.","STOP до любого физического вмешательства; только лицензированный специалист с действующим scope и площадкой.","TBD_ITEM_SPECIFIC_AND_LOCAL: пока маршрут отходов не утверждён, физическое выполнение блокировано.","S3_LICENSED_PROFESSIONAL","Лицензированный специалист для любой реальной работы; учебный анализ может быть самостоятельным.","2","ANY_SAFE_PERIOD","records/science/SCI-CIVIL-06/YYYY-MM-DD/","PSP-092|PSP-118","PROVISIONAL_TOPIC_CANDIDATES_NOT_METHOD_REVIEWED","BLOCKED_UNTIL_EXACT_METHOD_SOURCE_SAFETY_AND_LOCAL_REVIEW","DESIGN_ONLY_NOT_EXECUTED","Новый участник находит источник офлайн, объясняет границы, повторяет допустимую процедуру и получает результат в заранее заданном допуске.","0.4"
"PRJ-134","SCI-CIVIL-07","CIVIL","Практическая проверка: Водоснабжение, давление и защита от обратного тока","DATASET_SIMULATION_OR_PRO_OBSERVATION_ONLY","Объяснить базовую модель, выполнить допустимую для класса риска проверку и документировать пределы по теме «Водоснабжение, давление и защита от обратного тока».","SCI-CIVIL-06|SCI-METH-13|право остановить опыт|инструкция оборудования","TBD_NON_EXECUTABLE: точные item/model/material/range/PPE для размер/состояние/поток должны быть утверждены до начала","Не выполнять реальную работу. Разобрать утверждённый отчёт, схему, симуляцию или обезличенный набор данных по теме: схема и визуальный аудит; изменение сети — по закону. Зафиксировать, когда нужен лицензированный специалист.","схема и визуальный аудит; изменение сети — по закону","SI или явно названный стандарт","TBD_BEFORE_EXECUTION_FROM_EXACT_METHOD: диапазон/критерий фиксируется до результата; post-hoc подгонка запрещена.","сырые данные + фото/скриншот при допустимости + расчёт + uncertainty + подпись reviewer + hash пакета","1","TBD_METHOD_SPECIFIC: range/resolution/bias/repeat spread/operator effects утверждаются до execution","Самовольная работа может привести к пожару, поражению током, обрушению, утечке, травме или нарушению закона.","STOP до любого физического вмешательства; только лицензированный специалист с действующим scope и площадкой.","TBD_ITEM_SPECIFIC_AND_LOCAL: пока маршрут отходов не утверждён, физическое выполнение блокировано.","S3_LICENSED_PROFESSIONAL","Лицензированный специалист для любой реальной работы; учебный анализ может быть самостоятельным.","2","ANY_SAFE_PERIOD","records/science/SCI-CIVIL-07/YYYY-MM-DD/","PSP-102|PSP-103","PROVISIONAL_TOPIC_CANDIDATES_NOT_METHOD_REVIEWED","BLOCKED_UNTIL_EXACT_METHOD_SOURCE_SAFETY_AND_LOCAL_REVIEW","DESIGN_ONLY_NOT_EXECUTED","Новый участник находит источник офлайн, объясняет границы, повторяет допустимую процедуру и получает результат в заранее заданном допуске.","0.4"
"PRJ-135","SCI-CIVIL-08","CIVIL","Практическая проверка: Санитария, туалеты и безопасное разделение потоков","SUPERVISED_DEMONSTRATION_ONLY","Объяснить базовую модель, выполнить допустимую для класса риска проверку и документировать пределы по теме «Санитария, туалеты и безопасное разделение потоков».","SCI-CIVIL-07|SCI-METH-13|право остановить опыт|инструкция оборудования","TBD_NON_EXECUTABLE: точные item/model/material/range/PPE для размер/состояние/поток должны быть утверждены до начала","До допуска: обучение и checklist. Затем только под компетентным надзором выполнить безопасную часть: план потоков и санитарный аудит. Результат и отклонения подписывает supervisor.","план потоков и санитарный аудит","SI или явно названный стандарт","TBD_BEFORE_EXECUTION_FROM_EXACT_METHOD: диапазон/критерий фиксируется до результата; post-hoc подгонка запрещена.","сырые данные + фото/скриншот при допустимости + расчёт + uncertainty + подпись reviewer + hash пакета","1","TBD_METHOD_SPECIFIC: range/resolution/bias/repeat spread/operator effects утверждаются до execution","DESIGN_PLACEHOLDER_NOT_EXECUTABLE: item-specific hazard analysis, материалы, энергия, концентрация, СИЗ и отходы ещё не утверждены.","BLOCKED_BEFORE_START: до точного method/source review запрещено начинать; после review нужны наблюдаемые численные/событийные stop conditions.","TBD_ITEM_SPECIFIC_AND_LOCAL: пока маршрут отходов не утверждён, физическое выполнение блокировано.","S2_TRAINED_SUPERVISED","Компетентный инструктор/ответственный специалист присутствует и может немедленно остановить работу.","3","ANY_SAFE_PERIOD","records/science/SCI-CIVIL-08/YYYY-MM-DD/","PSP-102|PSP-103","PROVISIONAL_TOPIC_CANDIDATES_NOT_METHOD_REVIEWED","BLOCKED_UNTIL_EXACT_METHOD_SOURCE_SAFETY_AND_LOCAL_REVIEW","DESIGN_ONLY_NOT_EXECUTED","Новый участник находит источник офлайн, объясняет границы, повторяет допустимую процедуру и получает результат в заранее заданном допуске.","0.4"
"PRJ-136","SCI-CIVIL-09","CIVIL","Практическая проверка: Сточные воды и очистка","REFERENCE_ONLY_NO_EXECUTION","Объяснить базовую модель, выполнить допустимую для класса риска проверку и документировать пределы по теме «Сточные воды и очистка».","SCI-CIVIL-08|SCI-METH-13|право остановить опыт|инструкция оборудования","TBD_NON_EXECUTABLE: точные item/model/material/range/PPE для размер/состояние/поток должны быть утверждены до начала","Только чтение, распознавание опасности и анализ опубликованных данных: только схема/контроль; вход в колодцы и контакт со стоками запрещены. Никаких бытовых экспериментов, культивирования, давления, огня или опасных веществ.","только схема/контроль; вход в колодцы и контакт со стоками запрещены","SI или явно названный стандарт","TBD_BEFORE_EXECUTION_FROM_EXACT_METHOD: диапазон/критерий фиксируется до результата; post-hoc подгонка запрещена.","сырые данные + фото/скриншот при допустимости + расчёт + uncertainty + подпись reviewer + hash пакета","1","TBD_METHOD_SPECIFIC: range/resolution/bias/repeat spread/operator effects утверждаются до execution","Высокий риск тяжёлой травмы, инфекции, отравления, пожара, взрыва или загрязнения.","NO-GO для household execution; изолировать ситуацию и обратиться к компетентной службе/специалисту.","TBD_ITEM_SPECIFIC_AND_LOCAL: пока маршрут отходов не утверждён, физическое выполнение блокировано.","S4_REFERENCE_ONLY_PROHIBITED_HOUSEHOLD","Профессиональная площадка и разрешение обязательны для любого физического исполнения.","2","ANY_SAFE_PERIOD","records/science/SCI-CIVIL-09/YYYY-MM-DD/","PSP-102|PSP-103","PROVISIONAL_TOPIC_CANDIDATES_NOT_METHOD_REVIEWED","BLOCKED_UNTIL_EXACT_METHOD_SOURCE_SAFETY_AND_LOCAL_REVIEW","DESIGN_ONLY_NOT_EXECUTED","Новый участник находит источник офлайн, объясняет границы, повторяет допустимую процедуру и получает результат в заранее заданном допуске.","0.4"
"PRJ-137","SCI-CIVIL-10","CIVIL","Практическая проверка: Дренаж, ливневый сток и паводковая устойчивость","SUPERVISED_DEMONSTRATION_ONLY","Объяснить базовую модель, выполнить допустимую для класса риска проверку и документировать пределы по теме «Дренаж, ливневый сток и паводковая устойчивость».","SCI-CIVIL-09|SCI-METH-13|право остановить опыт|инструкция оборудования","TBD_NON_EXECUTABLE: точные item/model/material/range/PPE для размер/состояние/поток должны быть утверждены до начала","До допуска: обучение и checklist. Затем только под компетентным надзором выполнить безопасную часть: наблюдение безопасного дождя и карта путей воды. Результат и отклонения подписывает supervisor.","наблюдение безопасного дождя и карта путей воды","SI или явно названный стандарт","TBD_BEFORE_EXECUTION_FROM_EXACT_METHOD: диапазон/критерий фиксируется до результата; post-hoc подгонка запрещена.","сырые данные + фото/скриншот при допустимости + расчёт + uncertainty + подпись reviewer + hash пакета","1","TBD_METHOD_SPECIFIC: range/resolution/bias/repeat spread/operator effects утверждаются до execution","DESIGN_PLACEHOLDER_NOT_EXECUTABLE: item-specific hazard analysis, материалы, энергия, концентрация, СИЗ и отходы ещё не утверждены.","BLOCKED_BEFORE_START: до точного method/source review запрещено начинать; после review нужны наблюдаемые численные/событийные stop conditions.","TBD_ITEM_SPECIFIC_AND_LOCAL: пока маршрут отходов не утверждён, физическое выполнение блокировано.","S2_TRAINED_SUPERVISED","Компетентный инструктор/ответственный специалист присутствует и может немедленно остановить работу.","3","ANY_SAFE_PERIOD","records/science/SCI-CIVIL-10/YYYY-MM-DD/","PSP-102|PSP-103","PROVISIONAL_TOPIC_CANDIDATES_NOT_METHOD_REVIEWED","BLOCKED_UNTIL_EXACT_METHOD_SOURCE_SAFETY_AND_LOCAL_REVIEW","DESIGN_ONLY_NOT_EXECUTED","Новый участник находит источник офлайн, объясняет границы, повторяет допустимую процедуру и получает результат в заранее заданном допуске.","0.4"
"PRJ-138","SCI-CIVIL-11","CIVIL","Практическая проверка: Пожарная безопасность, эвакуация и compartmentation","SUPERVISED_DEMONSTRATION_ONLY","Объяснить базовую модель, выполнить допустимую для класса риска проверку и документировать пределы по теме «Пожарная безопасность, эвакуация и compartmentation».","SCI-CIVIL-10|SCI-METH-13|право остановить опыт|инструкция оборудования","TBD_NON_EXECUTABLE: точные item/model/material/range/PPE для размер/состояние/поток должны быть утверждены до начала","До допуска: обучение и checklist. Затем только под компетентным надзором выполнить безопасную часть: аудит выхода/детектора; испытания огнём запрещены. Результат и отклонения подписывает supervisor.","аудит выхода/детектора; испытания огнём запрещены","SI или явно названный стандарт","TBD_BEFORE_EXECUTION_FROM_EXACT_METHOD: диапазон/критерий фиксируется до результата; post-hoc подгонка запрещена.","сырые данные + фото/скриншот при допустимости + расчёт + uncertainty + подпись reviewer + hash пакета","1","TBD_METHOD_SPECIFIC: range/resolution/bias/repeat spread/operator effects утверждаются до execution","DESIGN_PLACEHOLDER_NOT_EXECUTABLE: item-specific hazard analysis, материалы, энергия, концентрация, СИЗ и отходы ещё не утверждены.","BLOCKED_BEFORE_START: до точного method/source review запрещено начинать; после review нужны наблюдаемые численные/событийные stop conditions.","TBD_ITEM_SPECIFIC_AND_LOCAL: пока маршрут отходов не утверждён, физическое выполнение блокировано.","S2_TRAINED_SUPERVISED","Компетентный инструктор/ответственный специалист присутствует и может немедленно остановить работу.","3","ANY_SAFE_PERIOD","records/science/SCI-CIVIL-11/YYYY-MM-DD/","PSP-061|PSP-062","PROVISIONAL_TOPIC_CANDIDATES_NOT_METHOD_REVIEWED","BLOCKED_UNTIL_EXACT_METHOD_SOURCE_SAFETY_AND_LOCAL_REVIEW","DESIGN_ONLY_NOT_EXECUTED","Новый участник находит источник офлайн, объясняет границы, повторяет допустимую процедуру и получает результат в заранее заданном допуске.","0.4"
"PRJ-139","SCI-CIVIL-12","CIVIL","Практическая проверка: Вентиляция, отопление и качество воздуха","SUPERVISED_DEMONSTRATION_ONLY","Объяснить базовую модель, выполнить допустимую для класса риска проверку и документировать пределы по теме «Вентиляция, отопление и качество воздуха».","SCI-CIVIL-11|SCI-METH-13|право остановить опыт|инструкция оборудования","TBD_NON_EXECUTABLE: точные item/model/material/range/PPE для размер/состояние/поток должны быть утверждены до начала","До допуска: обучение и checklist. Затем только под компетентным надзором выполнить безопасную часть: измерительный аудит без вмешательства в газ/дымоход. Результат и отклонения подписывает supervisor.","измерительный аудит без вмешательства в газ/дымоход","SI или явно названный стандарт","TBD_BEFORE_EXECUTION_FROM_EXACT_METHOD: диапазон/критерий фиксируется до результата; post-hoc подгонка запрещена.","сырые данные + фото/скриншот при допустимости + расчёт + uncertainty + подпись reviewer + hash пакета","1","TBD_METHOD_SPECIFIC: range/resolution/bias/repeat spread/operator effects утверждаются до execution","DESIGN_PLACEHOLDER_NOT_EXECUTABLE: item-specific hazard analysis, материалы, энергия, концентрация, СИЗ и отходы ещё не утверждены.","BLOCKED_BEFORE_START: до точного method/source review запрещено начинать; после review нужны наблюдаемые численные/событийные stop conditions.","TBD_ITEM_SPECIFIC_AND_LOCAL: пока маршрут отходов не утверждён, физическое выполнение блокировано.","S2_TRAINED_SUPERVISED","Компетентный инструктор/ответственный специалист присутствует и может немедленно остановить работу.","3","ANY_SAFE_PERIOD","records/science/SCI-CIVIL-12/YYYY-MM-DD/","SUP-PHY-044|PSP-062","PROVISIONAL_TOPIC_CANDIDATES_NOT_METHOD_REVIEWED","BLOCKED_UNTIL_EXACT_METHOD_SOURCE_SAFETY_AND_LOCAL_REVIEW","DESIGN_ONLY_NOT_EXECUTED","Новый участник находит источник офлайн, объясняет границы, повторяет допустимую процедуру и получает результат в заранее заданном допуске.","0.4"
"PRJ-140","SCI-CIVIL-13","CIVIL","Практическая проверка: Сантехника, арматура и обнаружение утечек","SUPERVISED_DEMONSTRATION_ONLY","Объяснить базовую модель, выполнить допустимую для класса риска проверку и документировать пределы по теме «Сантехника, арматура и обнаружение утечек».","SCI-CIVIL-12|SCI-METH-13|право остановить опыт|инструкция оборудования","TBD_NON_EXECUTABLE: точные item/model/material/range/PPE для размер/состояние/поток должны быть утверждены до начала","До допуска: обучение и checklist. Затем только под компетентным надзором выполнить безопасную часть: безопасная визуальная проверка и изоляция по инструкции. Результат и отклонения подписывает supervisor.","безопасная визуальная проверка и изоляция по инструкции","SI или явно названный стандарт","TBD_BEFORE_EXECUTION_FROM_EXACT_METHOD: диапазон/критерий фиксируется до результата; post-hoc подгонка запрещена.","сырые данные + фото/скриншот при допустимости + расчёт + uncertainty + подпись reviewer + hash пакета","1","TBD_METHOD_SPECIFIC: range/resolution/bias/repeat spread/operator effects утверждаются до execution","DESIGN_PLACEHOLDER_NOT_EXECUTABLE: item-specific hazard analysis, материалы, энергия, концентрация, СИЗ и отходы ещё не утверждены.","BLOCKED_BEFORE_START: до точного method/source review запрещено начинать; после review нужны наблюдаемые численные/событийные stop conditions.","TBD_ITEM_SPECIFIC_AND_LOCAL: пока маршрут отходов не утверждён, физическое выполнение блокировано.","S2_TRAINED_SUPERVISED","Компетентный инструктор/ответственный специалист присутствует и может немедленно остановить работу.","3","ANY_SAFE_PERIOD","records/science/SCI-CIVIL-13/YYYY-MM-DD/","PSP-116|PSP-118","PROVISIONAL_TOPIC_CANDIDATES_NOT_METHOD_REVIEWED","BLOCKED_UNTIL_EXACT_METHOD_SOURCE_SAFETY_AND_LOCAL_REVIEW","DESIGN_ONLY_NOT_EXECUTED","Новый участник находит источник офлайн, объясняет границы, повторяет допустимую процедуру и получает результат в заранее заданном допуске.","0.4"
"PRJ-141","SCI-CIVIL-14","CIVIL","Практическая проверка: Дороги, мосты и транспортные сооружения","DATASET_SIMULATION_OR_PRO_OBSERVATION_ONLY","Объяснить базовую модель, выполнить допустимую для класса риска проверку и документировать пределы по теме «Дороги, мосты и транспортные сооружения».","SCI-CIVIL-13|SCI-METH-13|право остановить опыт|инструкция оборудования","TBD_NON_EXECUTABLE: точные item/model/material/range/PPE для размер/состояние/поток должны быть утверждены до начала","Не выполнять реальную работу. Разобрать утверждённый отчёт, схему, симуляцию или обезличенный набор данных по теме: визуальное распознавание дефекта без заключения о безопасности. Зафиксировать, когда нужен лицензированный специалист.","визуальное распознавание дефекта без заключения о безопасности","SI или явно названный стандарт","TBD_BEFORE_EXECUTION_FROM_EXACT_METHOD: диапазон/критерий фиксируется до результата; post-hoc подгонка запрещена.","сырые данные + фото/скриншот при допустимости + расчёт + uncertainty + подпись reviewer + hash пакета","1","TBD_METHOD_SPECIFIC: range/resolution/bias/repeat spread/operator effects утверждаются до execution","Самовольная работа может привести к пожару, поражению током, обрушению, утечке, травме или нарушению закона.","STOP до любого физического вмешательства; только лицензированный специалист с действующим scope и площадкой.","TBD_ITEM_SPECIFIC_AND_LOCAL: пока маршрут отходов не утверждён, физическое выполнение блокировано.","S3_LICENSED_PROFESSIONAL","Лицензированный специалист для любой реальной работы; учебный анализ может быть самостоятельным.","2","ANY_SAFE_PERIOD","records/science/SCI-CIVIL-14/YYYY-MM-DD/","PSP-092|PSP-118","PROVISIONAL_TOPIC_CANDIDATES_NOT_METHOD_REVIEWED","BLOCKED_UNTIL_EXACT_METHOD_SOURCE_SAFETY_AND_LOCAL_REVIEW","DESIGN_ONLY_NOT_EXECUTED","Новый участник находит источник офлайн, объясняет границы, повторяет допустимую процедуру и получает результат в заранее заданном допуске.","0.4"
"PRJ-142","SCI-CIVIL-15","CIVIL","Практическая проверка: Строительные материалы и неразрушающий контроль","SUPERVISED_DEMONSTRATION_ONLY","Объяснить базовую модель, выполнить допустимую для класса риска проверку и документировать пределы по теме «Строительные материалы и неразрушающий контроль».","SCI-CIVIL-14|SCI-METH-13|право остановить опыт|инструкция оборудования","TBD_NON_EXECUTABLE: точные item/model/material/range/PPE для размер/состояние/поток должны быть утверждены до начала","До допуска: обучение и checklist. Затем только под компетентным надзором выполнить безопасную часть: документированный осмотр без разрушительного испытания. Результат и отклонения подписывает supervisor.","документированный осмотр без разрушительного испытания","SI или явно названный стандарт","TBD_BEFORE_EXECUTION_FROM_EXACT_METHOD: диапазон/критерий фиксируется до результата; post-hoc подгонка запрещена.","сырые данные + фото/скриншот при допустимости + расчёт + uncertainty + подпись reviewer + hash пакета","1","TBD_METHOD_SPECIFIC: range/resolution/bias/repeat spread/operator effects утверждаются до execution","DESIGN_PLACEHOLDER_NOT_EXECUTABLE: item-specific hazard analysis, материалы, энергия, концентрация, СИЗ и отходы ещё не утверждены.","BLOCKED_BEFORE_START: до точного method/source review запрещено начинать; после review нужны наблюдаемые численные/событийные stop conditions.","TBD_ITEM_SPECIFIC_AND_LOCAL: пока маршрут отходов не утверждён, физическое выполнение блокировано.","S2_TRAINED_SUPERVISED","Компетентный инструктор/ответственный специалист присутствует и может немедленно остановить работу.","3","ANY_SAFE_PERIOD","records/science/SCI-CIVIL-15/YYYY-MM-DD/","SUP-PHY-041|PSP-062","PROVISIONAL_TOPIC_CANDIDATES_NOT_METHOD_REVIEWED","BLOCKED_UNTIL_EXACT_METHOD_SOURCE_SAFETY_AND_LOCAL_REVIEW","DESIGN_ONLY_NOT_EXECUTED","Новый участник находит источник офлайн, объясняет границы, повторяет допустимую процедуру и получает результат в заранее заданном допуске.","0.4"
"PRJ-143","SCI-CIVIL-16","CIVIL","Практическая проверка: Плановое обслуживание и журнал здания","LOW_RISK_BENCH_OR_FIELD","Объяснить базовую модель, выполнить допустимую для класса риска проверку и документировать пределы по теме «Плановое обслуживание и журнал здания».","SCI-CIVIL-15|SCI-METH-13|право остановить опыт|инструкция оборудования","TBD_NON_EXECUTABLE: точные item/model/material/range/PPE для размер/состояние/поток должны быть утверждены до начала","Сформулировать вопрос; записать метод и единицы; выполнить паспорт узла, интервал, дефект и эскалация; сохранить сырые данные; повторить; оценить неопределённость; сделать ограниченный вывод.","паспорт узла, интервал, дефект и эскалация","SI или явно названный стандарт","TBD_BEFORE_EXECUTION_FROM_EXACT_METHOD: диапазон/критерий фиксируется до результата; post-hoc подгонка запрещена.","сырые данные + фото/скриншот при допустимости + расчёт + uncertainty + подпись reviewer + hash пакета","3","TBD_METHOD_SPECIFIC: range/resolution/bias/repeat spread/operator effects утверждаются до execution","DESIGN_PLACEHOLDER_NOT_EXECUTABLE: item-specific hazard analysis, материалы, энергия, концентрация, СИЗ и отходы ещё не утверждены.","BLOCKED_BEFORE_START: до точного method/source review запрещено начинать; после review нужны наблюдаемые численные/событийные stop conditions.","TBD_ITEM_SPECIFIC_AND_LOCAL: пока маршрут отходов не утверждён, физическое выполнение блокировано.","S1_LOW_RISK_HOUSEHOLD","S1 допускается только после замены всех DESIGN/TBD полей точным low-risk методом и независимой safety-проверки.","3","ANY_SAFE_PERIOD","records/science/SCI-CIVIL-16/YYYY-MM-DD/","PSP-008|PSP-116","PROVISIONAL_TOPIC_CANDIDATES_NOT_METHOD_REVIEWED","BLOCKED_UNTIL_EXACT_METHOD_SOURCE_SAFETY_AND_LOCAL_REVIEW","DESIGN_ONLY_NOT_EXECUTED","Новый участник находит источник офлайн, объясняет границы, повторяет допустимую процедуру и получает результат в заранее заданном допуске.","0.4"
"PRJ-144","SCI-MECH-01","MECH","Практическая проверка: Ручной инструмент, подбор и безопасная работа","LOW_RISK_BENCH_OR_FIELD","Объяснить базовую модель, выполнить допустимую для класса риска проверку и документировать пределы по теме «Ручной инструмент, подбор и безопасная работа».","SCI-METH-01|SCI-METH-07|SCI-METH-14|право остановить опыт|инструкция оборудования","TBD_NON_EXECUTABLE: точные item/model/material/range/PPE для размер/сила/состояние должны быть утверждены до начала","Сформулировать вопрос; записать метод и единицы; выполнить предпусковой осмотр и низкорисковая учебная операция; сохранить сырые данные; повторить; оценить неопределённость; сделать ограниченный вывод.","предпусковой осмотр и низкорисковая учебная операция","SI или явно названный стандарт","TBD_BEFORE_EXECUTION_FROM_EXACT_METHOD: диапазон/критерий фиксируется до результата; post-hoc подгонка запрещена.","сырые данные + фото/скриншот при допустимости + расчёт + uncertainty + подпись reviewer + hash пакета","3","TBD_METHOD_SPECIFIC: range/resolution/bias/repeat spread/operator effects утверждаются до execution","DESIGN_PLACEHOLDER_NOT_EXECUTABLE: item-specific hazard analysis, материалы, энергия, концентрация, СИЗ и отходы ещё не утверждены.","BLOCKED_BEFORE_START: до точного method/source review запрещено начинать; после review нужны наблюдаемые численные/событийные stop conditions.","TBD_ITEM_SPECIFIC_AND_LOCAL: пока маршрут отходов не утверждён, физическое выполнение блокировано.","S1_LOW_RISK_HOUSEHOLD","S1 допускается только после замены всех DESIGN/TBD полей точным low-risk методом и независимой safety-проверки.","3","ANY_SAFE_PERIOD","records/science/SCI-MECH-01/YYYY-MM-DD/","PSP-008|PSP-116","PROVISIONAL_TOPIC_CANDIDATES_NOT_METHOD_REVIEWED","BLOCKED_UNTIL_EXACT_METHOD_SOURCE_SAFETY_AND_LOCAL_REVIEW","DESIGN_ONLY_NOT_EXECUTED","Новый участник находит источник офлайн, объясняет границы, повторяет допустимую процедуру и получает результат в заранее заданном допуске.","0.4"
"PRJ-145","SCI-MECH-02","MECH","Практическая проверка: Линейные/угловые измерения и допуски","LOW_RISK_BENCH_OR_FIELD","Объяснить базовую модель, выполнить допустимую для класса риска проверку и документировать пределы по теме «Линейные/угловые измерения и допуски».","SCI-MECH-01|SCI-METH-13|право остановить опыт|инструкция оборудования","TBD_NON_EXECUTABLE: точные item/model/material/range/PPE для размер/сила/состояние должны быть утверждены до начала","Сформулировать вопрос; записать метод и единицы; выполнить три повтора штангенциркулем/линейкой на безопасной детали; сохранить сырые данные; повторить; оценить неопределённость; сделать ограниченный вывод.","три повтора штангенциркулем/линейкой на безопасной детали","SI или явно названный стандарт","TBD_BEFORE_EXECUTION_FROM_EXACT_METHOD: диапазон/критерий фиксируется до результата; post-hoc подгонка запрещена.","сырые данные + фото/скриншот при допустимости + расчёт + uncertainty + подпись reviewer + hash пакета","3","TBD_METHOD_SPECIFIC: range/resolution/bias/repeat spread/operator effects утверждаются до execution","DESIGN_PLACEHOLDER_NOT_EXECUTABLE: item-specific hazard analysis, материалы, энергия, концентрация, СИЗ и отходы ещё не утверждены.","BLOCKED_BEFORE_START: до точного method/source review запрещено начинать; после review нужны наблюдаемые численные/событийные stop conditions.","TBD_ITEM_SPECIFIC_AND_LOCAL: пока маршрут отходов не утверждён, физическое выполнение блокировано.","S1_LOW_RISK_HOUSEHOLD","S1 допускается только после замены всех DESIGN/TBD полей точным low-risk методом и независимой safety-проверки.","3","ANY_SAFE_PERIOD","records/science/SCI-MECH-02/YYYY-MM-DD/","PSP-008|PSP-116","PROVISIONAL_TOPIC_CANDIDATES_NOT_METHOD_REVIEWED","BLOCKED_UNTIL_EXACT_METHOD_SOURCE_SAFETY_AND_LOCAL_REVIEW","DESIGN_ONLY_NOT_EXECUTED","Новый участник находит источник офлайн, объясняет границы, повторяет допустимую процедуру и получает результат в заранее заданном допуске.","0.4"
"PRJ-146","SCI-MECH-03","MECH","Практическая проверка: Резьба, крепёж, момент и фиксация","SUPERVISED_DEMONSTRATION_ONLY","Объяснить базовую модель, выполнить допустимую для класса риска проверку и документировать пределы по теме «Резьба, крепёж, момент и фиксация».","SCI-MECH-02|SCI-METH-13|право остановить опыт|инструкция оборудования","TBD_NON_EXECUTABLE: точные item/model/material/range/PPE для размер/сила/состояние должны быть утверждены до начала","До допуска: обучение и checklist. Затем только под компетентным надзором выполнить безопасную часть: идентификация и сборка учебного соединения по спецификации. Результат и отклонения подписывает supervisor.","идентификация и сборка учебного соединения по спецификации","SI или явно названный стандарт","TBD_BEFORE_EXECUTION_FROM_EXACT_METHOD: диапазон/критерий фиксируется до результата; post-hoc подгонка запрещена.","сырые данные + фото/скриншот при допустимости + расчёт + uncertainty + подпись reviewer + hash пакета","1","TBD_METHOD_SPECIFIC: range/resolution/bias/repeat spread/operator effects утверждаются до execution","DESIGN_PLACEHOLDER_NOT_EXECUTABLE: item-specific hazard analysis, материалы, энергия, концентрация, СИЗ и отходы ещё не утверждены.","BLOCKED_BEFORE_START: до точного method/source review запрещено начинать; после review нужны наблюдаемые численные/событийные stop conditions.","TBD_ITEM_SPECIFIC_AND_LOCAL: пока маршрут отходов не утверждён, физическое выполнение блокировано.","S2_TRAINED_SUPERVISED","Компетентный инструктор/ответственный специалист присутствует и может немедленно остановить работу.","3","ANY_SAFE_PERIOD","records/science/SCI-MECH-03/YYYY-MM-DD/","PSP-008|PSP-116","PROVISIONAL_TOPIC_CANDIDATES_NOT_METHOD_REVIEWED","BLOCKED_UNTIL_EXACT_METHOD_SOURCE_SAFETY_AND_LOCAL_REVIEW","DESIGN_ONLY_NOT_EXECUTED","Новый участник находит источник офлайн, объясняет границы, повторяет допустимую процедуру и получает результат в заранее заданном допуске.","0.4"
"PRJ-147","SCI-MECH-04","MECH","Практическая проверка: Механизмы, рычаги, передачи и кинематика","LOW_RISK_BENCH_OR_FIELD","Объяснить базовую модель, выполнить допустимую для класса риска проверку и документировать пределы по теме «Механизмы, рычаги, передачи и кинематика».","SCI-MECH-03|SCI-METH-13|право остановить опыт|инструкция оборудования","TBD_NON_EXECUTABLE: точные item/model/material/range/PPE для размер/сила/состояние должны быть утверждены до начала","Сформулировать вопрос; записать метод и единицы; выполнить настольная безопасная модель; сохранить сырые данные; повторить; оценить неопределённость; сделать ограниченный вывод.","настольная безопасная модель","SI или явно названный стандарт","TBD_BEFORE_EXECUTION_FROM_EXACT_METHOD: диапазон/критерий фиксируется до результата; post-hoc подгонка запрещена.","сырые данные + фото/скриншот при допустимости + расчёт + uncertainty + подпись reviewer + hash пакета","3","TBD_METHOD_SPECIFIC: range/resolution/bias/repeat spread/operator effects утверждаются до execution","DESIGN_PLACEHOLDER_NOT_EXECUTABLE: item-specific hazard analysis, материалы, энергия, концентрация, СИЗ и отходы ещё не утверждены.","BLOCKED_BEFORE_START: до точного method/source review запрещено начинать; после review нужны наблюдаемые численные/событийные stop conditions.","TBD_ITEM_SPECIFIC_AND_LOCAL: пока маршрут отходов не утверждён, физическое выполнение блокировано.","S1_LOW_RISK_HOUSEHOLD","S1 допускается только после замены всех DESIGN/TBD полей точным low-risk методом и независимой safety-проверки.","3","ANY_SAFE_PERIOD","records/science/SCI-MECH-04/YYYY-MM-DD/","PSP-008|PSP-116","PROVISIONAL_TOPIC_CANDIDATES_NOT_METHOD_REVIEWED","BLOCKED_UNTIL_EXACT_METHOD_SOURCE_SAFETY_AND_LOCAL_REVIEW","DESIGN_ONLY_NOT_EXECUTED","Новый участник находит источник офлайн, объясняет границы, повторяет допустимую процедуру и получает результат в заранее заданном допуске.","0.4"
"PRJ-148","SCI-MECH-05","MECH","Практическая проверка: Валы, муфты, цепи, ремни и ограждения","SUPERVISED_DEMONSTRATION_ONLY","Объяснить базовую модель, выполнить допустимую для класса риска проверку и документировать пределы по теме «Валы, муфты, цепи, ремни и ограждения».","SCI-MECH-04|SCI-METH-13|право остановить опыт|инструкция оборудования","TBD_NON_EXECUTABLE: точные item/model/material/range/PPE для размер/сила/состояние должны быть утверждены до начала","До допуска: обучение и checklist. Затем только под компетентным надзором выполнить безопасную часть: осмотр отключённой учебной системы; lockout обязателен. Результат и отклонения подписывает supervisor.","осмотр отключённой учебной системы; lockout обязателен","SI или явно названный стандарт","TBD_BEFORE_EXECUTION_FROM_EXACT_METHOD: диапазон/критерий фиксируется до результата; post-hoc подгонка запрещена.","сырые данные + фото/скриншот при допустимости + расчёт + uncertainty + подпись reviewer + hash пакета","1","TBD_METHOD_SPECIFIC: range/resolution/bias/repeat spread/operator effects утверждаются до execution","DESIGN_PLACEHOLDER_NOT_EXECUTABLE: item-specific hazard analysis, материалы, энергия, концентрация, СИЗ и отходы ещё не утверждены.","BLOCKED_BEFORE_START: до точного method/source review запрещено начинать; после review нужны наблюдаемые численные/событийные stop conditions.","TBD_ITEM_SPECIFIC_AND_LOCAL: пока маршрут отходов не утверждён, физическое выполнение блокировано.","S2_TRAINED_SUPERVISED","Компетентный инструктор/ответственный специалист присутствует и может немедленно остановить работу.","3","ANY_SAFE_PERIOD","records/science/SCI-MECH-05/YYYY-MM-DD/","PSP-008|PSP-116","PROVISIONAL_TOPIC_CANDIDATES_NOT_METHOD_REVIEWED","BLOCKED_UNTIL_EXACT_METHOD_SOURCE_SAFETY_AND_LOCAL_REVIEW","DESIGN_ONLY_NOT_EXECUTED","Новый участник находит источник офлайн, объясняет границы, повторяет допустимую процедуру и получает результат в заранее заданном допуске.","0.4"
"PRJ-149","SCI-MECH-06","MECH","Практическая проверка: Насосы, кавитация и рабочая точка","SUPERVISED_DEMONSTRATION_ONLY","Объяснить базовую модель, выполнить допустимую для класса риска проверку и документировать пределы по теме «Насосы, кавитация и рабочая точка».","SCI-MECH-05|SCI-METH-13|право остановить опыт|инструкция оборудования","TBD_NON_EXECUTABLE: точные item/model/material/range/PPE для размер/сила/состояние должны быть утверждены до начала","До допуска: обучение и checklist. Затем только под компетентным надзором выполнить безопасную часть: измерение маломощного водяного насоса. Результат и отклонения подписывает supervisor.","измерение маломощного водяного насоса","SI или явно названный стандарт","TBD_BEFORE_EXECUTION_FROM_EXACT_METHOD: диапазон/критерий фиксируется до результата; post-hoc подгонка запрещена.","сырые данные + фото/скриншот при допустимости + расчёт + uncertainty + подпись reviewer + hash пакета","1","TBD_METHOD_SPECIFIC: range/resolution/bias/repeat spread/operator effects утверждаются до execution","DESIGN_PLACEHOLDER_NOT_EXECUTABLE: item-specific hazard analysis, материалы, энергия, концентрация, СИЗ и отходы ещё не утверждены.","BLOCKED_BEFORE_START: до точного method/source review запрещено начинать; после review нужны наблюдаемые численные/событийные stop conditions.","TBD_ITEM_SPECIFIC_AND_LOCAL: пока маршрут отходов не утверждён, физическое выполнение блокировано.","S2_TRAINED_SUPERVISED","Компетентный инструктор/ответственный специалист присутствует и может немедленно остановить работу.","3","ANY_SAFE_PERIOD","records/science/SCI-MECH-06/YYYY-MM-DD/","PSP-008|PSP-116","PROVISIONAL_TOPIC_CANDIDATES_NOT_METHOD_REVIEWED","BLOCKED_UNTIL_EXACT_METHOD_SOURCE_SAFETY_AND_LOCAL_REVIEW","DESIGN_ONLY_NOT_EXECUTED","Новый участник находит источник офлайн, объясняет границы, повторяет допустимую процедуру и получает результат в заранее заданном допуске.","0.4"
"PRJ-150","SCI-MECH-07","MECH","Практическая проверка: Клапаны, уплотнения и утечки","SUPERVISED_DEMONSTRATION_ONLY","Объяснить базовую модель, выполнить допустимую для класса риска проверку и документировать пределы по теме «Клапаны, уплотнения и утечки».","SCI-MECH-06|SCI-METH-13|право остановить опыт|инструкция оборудования","TBD_NON_EXECUTABLE: точные item/model/material/range/PPE для размер/сила/состояние должны быть утверждены до начала","До допуска: обучение и checklist. Затем только под компетентным надзором выполнить безопасную часть: осмотр безопасной разгерметизированной водной системы. Результат и отклонения подписывает supervisor.","осмотр безопасной разгерметизированной водной системы","SI или явно названный стандарт","TBD_BEFORE_EXECUTION_FROM_EXACT_METHOD: диапазон/критерий фиксируется до результата; post-hoc подгонка запрещена.","сырые данные + фото/скриншот при допустимости + расчёт + uncertainty + подпись reviewer + hash пакета","1","TBD_METHOD_SPECIFIC: range/resolution/bias/repeat spread/operator effects утверждаются до execution","DESIGN_PLACEHOLDER_NOT_EXECUTABLE: item-specific hazard analysis, материалы, энергия, концентрация, СИЗ и отходы ещё не утверждены.","BLOCKED_BEFORE_START: до точного method/source review запрещено начинать; после review нужны наблюдаемые численные/событийные stop conditions.","TBD_ITEM_SPECIFIC_AND_LOCAL: пока маршрут отходов не утверждён, физическое выполнение блокировано.","S2_TRAINED_SUPERVISED","Компетентный инструктор/ответственный специалист присутствует и может немедленно остановить работу.","3","ANY_SAFE_PERIOD","records/science/SCI-MECH-07/YYYY-MM-DD/","PSP-008|PSP-116","PROVISIONAL_TOPIC_CANDIDATES_NOT_METHOD_REVIEWED","BLOCKED_UNTIL_EXACT_METHOD_SOURCE_SAFETY_AND_LOCAL_REVIEW","DESIGN_ONLY_NOT_EXECUTED","Новый участник находит источник офлайн, объясняет границы, повторяет допустимую процедуру и получает результат в заранее заданном допуске.","0.4"
"PRJ-151","SCI-MECH-08","MECH","Практическая проверка: Подшипники, смазка и загрязнение","SUPERVISED_DEMONSTRATION_ONLY","Объяснить базовую модель, выполнить допустимую для класса риска проверку и документировать пределы по теме «Подшипники, смазка и загрязнение».","SCI-MECH-07|SCI-METH-13|право остановить опыт|инструкция оборудования","TBD_NON_EXECUTABLE: точные item/model/material/range/PPE для размер/сила/состояние должны быть утверждены до начала","До допуска: обучение и checklist. Затем только под компетентным надзором выполнить безопасную часть: журнал состояния отключённого узла. Результат и отклонения подписывает supervisor.","журнал состояния отключённого узла","SI или явно названный стандарт","TBD_BEFORE_EXECUTION_FROM_EXACT_METHOD: диапазон/критерий фиксируется до результата; post-hoc подгонка запрещена.","сырые данные + фото/скриншот при допустимости + расчёт + uncertainty + подпись reviewer + hash пакета","1","TBD_METHOD_SPECIFIC: range/resolution/bias/repeat spread/operator effects утверждаются до execution","DESIGN_PLACEHOLDER_NOT_EXECUTABLE: item-specific hazard analysis, материалы, энергия, концентрация, СИЗ и отходы ещё не утверждены.","BLOCKED_BEFORE_START: до точного method/source review запрещено начинать; после review нужны наблюдаемые численные/событийные stop conditions.","TBD_ITEM_SPECIFIC_AND_LOCAL: пока маршрут отходов не утверждён, физическое выполнение блокировано.","S2_TRAINED_SUPERVISED","Компетентный инструктор/ответственный специалист присутствует и может немедленно остановить работу.","3","ANY_SAFE_PERIOD","records/science/SCI-MECH-08/YYYY-MM-DD/","PSP-008|PSP-116","PROVISIONAL_TOPIC_CANDIDATES_NOT_METHOD_REVIEWED","BLOCKED_UNTIL_EXACT_METHOD_SOURCE_SAFETY_AND_LOCAL_REVIEW","DESIGN_ONLY_NOT_EXECUTED","Новый участник находит источник офлайн, объясняет границы, повторяет допустимую процедуру и получает результат в заранее заданном допуске.","0.4"
"PRJ-152","SCI-MECH-09","MECH","Практическая проверка: Велосипед: осмотр, тормоза и привод","SUPERVISED_DEMONSTRATION_ONLY","Объяснить базовую модель, выполнить допустимую для класса риска проверку и документировать пределы по теме «Велосипед: осмотр, тормоза и привод».","SCI-MECH-08|SCI-METH-13|право остановить опыт|инструкция оборудования","TBD_NON_EXECUTABLE: точные item/model/material/range/PPE для размер/сила/состояние должны быть утверждены до начала","До допуска: обучение и checklist. Затем только под компетентным надзором выполнить безопасную часть: контрольный чек после обучения; дорожный тест в безопасной зоне. Результат и отклонения подписывает supervisor.","контрольный чек после обучения; дорожный тест в безопасной зоне","SI или явно названный стандарт","TBD_BEFORE_EXECUTION_FROM_EXACT_METHOD: диапазон/критерий фиксируется до результата; post-hoc подгонка запрещена.","сырые данные + фото/скриншот при допустимости + расчёт + uncertainty + подпись reviewer + hash пакета","1","TBD_METHOD_SPECIFIC: range/resolution/bias/repeat spread/operator effects утверждаются до execution","DESIGN_PLACEHOLDER_NOT_EXECUTABLE: item-specific hazard analysis, материалы, энергия, концентрация, СИЗ и отходы ещё не утверждены.","BLOCKED_BEFORE_START: до точного method/source review запрещено начинать; после review нужны наблюдаемые численные/событийные stop conditions.","TBD_ITEM_SPECIFIC_AND_LOCAL: пока маршрут отходов не утверждён, физическое выполнение блокировано.","S2_TRAINED_SUPERVISED","Компетентный инструктор/ответственный специалист присутствует и может немедленно остановить работу.","3","ANY_SAFE_PERIOD","records/science/SCI-MECH-09/YYYY-MM-DD/","PSP-008|PSP-116","PROVISIONAL_TOPIC_CANDIDATES_NOT_METHOD_REVIEWED","BLOCKED_UNTIL_EXACT_METHOD_SOURCE_SAFETY_AND_LOCAL_REVIEW","DESIGN_ONLY_NOT_EXECUTED","Новый участник находит источник офлайн, объясняет границы, повторяет допустимую процедуру и получает результат в заранее заданном допуске.","0.4"
"PRJ-153","SCI-MECH-10","MECH","Практическая проверка: Двигатели внутреннего сгорания и выхлоп","DATASET_SIMULATION_OR_PRO_OBSERVATION_ONLY","Объяснить базовую модель, выполнить допустимую для класса риска проверку и документировать пределы по теме «Двигатели внутреннего сгорания и выхлоп».","SCI-MECH-09|SCI-METH-13|право остановить опыт|инструкция оборудования","TBD_NON_EXECUTABLE: точные item/model/material/range/PPE для размер/сила/состояние должны быть утверждены до начала","Не выполнять реальную работу. Разобрать утверждённый отчёт, схему, симуляцию или обезличенный набор данных по теме: только устройство и сервисная документация; работа в помещении запрещена. Зафиксировать, когда нужен лицензированный специалист.","только устройство и сервисная документация; работа в помещении запрещена","SI или явно названный стандарт","TBD_BEFORE_EXECUTION_FROM_EXACT_METHOD: диапазон/критерий фиксируется до результата; post-hoc подгонка запрещена.","сырые данные + фото/скриншот при допустимости + расчёт + uncertainty + подпись reviewer + hash пакета","1","TBD_METHOD_SPECIFIC: range/resolution/bias/repeat spread/operator effects утверждаются до execution","Самовольная работа может привести к пожару, поражению током, обрушению, утечке, травме или нарушению закона.","STOP до любого физического вмешательства; только лицензированный специалист с действующим scope и площадкой.","TBD_ITEM_SPECIFIC_AND_LOCAL: пока маршрут отходов не утверждён, физическое выполнение блокировано.","S3_LICENSED_PROFESSIONAL","Лицензированный специалист для любой реальной работы; учебный анализ может быть самостоятельным.","2","ANY_SAFE_PERIOD","records/science/SCI-MECH-10/YYYY-MM-DD/","PSP-116|PSP-118","PROVISIONAL_TOPIC_CANDIDATES_NOT_METHOD_REVIEWED","BLOCKED_UNTIL_EXACT_METHOD_SOURCE_SAFETY_AND_LOCAL_REVIEW","DESIGN_ONLY_NOT_EXECUTED","Новый участник находит источник офлайн, объясняет границы, повторяет допустимую процедуру и получает результат в заранее заданном допуске.","0.4"
"PRJ-154","SCI-MECH-11","MECH","Практическая проверка: Холодильный контур и тепловой насос","DATASET_SIMULATION_OR_PRO_OBSERVATION_ONLY","Объяснить базовую модель, выполнить допустимую для класса риска проверку и документировать пределы по теме «Холодильный контур и тепловой насос».","SCI-MECH-10|SCI-METH-13|право остановить опыт|инструкция оборудования","TBD_NON_EXECUTABLE: точные item/model/material/range/PPE для размер/сила/состояние должны быть утверждены до начала","Не выполнять реальную работу. Разобрать утверждённый отчёт, схему, симуляцию или обезличенный набор данных по теме: наблюдение температур; хладагент/давление — специалист. Зафиксировать, когда нужен лицензированный специалист.","наблюдение температур; хладагент/давление — специалист","SI или явно названный стандарт","TBD_BEFORE_EXECUTION_FROM_EXACT_METHOD: диапазон/критерий фиксируется до результата; post-hoc подгонка запрещена.","сырые данные + фото/скриншот при допустимости + расчёт + uncertainty + подпись reviewer + hash пакета","1","TBD_METHOD_SPECIFIC: range/resolution/bias/repeat spread/operator effects утверждаются до execution","Самовольная работа может привести к пожару, поражению током, обрушению, утечке, травме или нарушению закона.","STOP до любого физического вмешательства; только лицензированный специалист с действующим scope и площадкой.","TBD_ITEM_SPECIFIC_AND_LOCAL: пока маршрут отходов не утверждён, физическое выполнение блокировано.","S3_LICENSED_PROFESSIONAL","Лицензированный специалист для любой реальной работы; учебный анализ может быть самостоятельным.","2","ANY_SAFE_PERIOD","records/science/SCI-MECH-11/YYYY-MM-DD/","PSP-116|PSP-118","PROVISIONAL_TOPIC_CANDIDATES_NOT_METHOD_REVIEWED","BLOCKED_UNTIL_EXACT_METHOD_SOURCE_SAFETY_AND_LOCAL_REVIEW","DESIGN_ONLY_NOT_EXECUTED","Новый участник находит источник офлайн, объясняет границы, повторяет допустимую процедуру и получает результат в заранее заданном допуске.","0.4"
"PRJ-155","SCI-MECH-12","MECH","Практическая проверка: Дерево, разметка, соединения и ремонт","SUPERVISED_DEMONSTRATION_ONLY","Объяснить базовую модель, выполнить допустимую для класса риска проверку и документировать пределы по теме «Дерево, разметка, соединения и ремонт».","SCI-MECH-11|SCI-METH-13|право остановить опыт|инструкция оборудования","TBD_NON_EXECUTABLE: точные item/model/material/range/PPE для размер/сила/состояние должны быть утверждены до начала","До допуска: обучение и checklist. Затем только под компетентным надзором выполнить безопасную часть: малый проект ручным инструментом после инструктажа. Результат и отклонения подписывает supervisor.","малый проект ручным инструментом после инструктажа","SI или явно названный стандарт","TBD_BEFORE_EXECUTION_FROM_EXACT_METHOD: диапазон/критерий фиксируется до результата; post-hoc подгонка запрещена.","сырые данные + фото/скриншот при допустимости + расчёт + uncertainty + подпись reviewer + hash пакета","1","TBD_METHOD_SPECIFIC: range/resolution/bias/repeat spread/operator effects утверждаются до execution","DESIGN_PLACEHOLDER_NOT_EXECUTABLE: item-specific hazard analysis, материалы, энергия, концентрация, СИЗ и отходы ещё не утверждены.","BLOCKED_BEFORE_START: до точного method/source review запрещено начинать; после review нужны наблюдаемые численные/событийные stop conditions.","TBD_ITEM_SPECIFIC_AND_LOCAL: пока маршрут отходов не утверждён, физическое выполнение блокировано.","S2_TRAINED_SUPERVISED","Компетентный инструктор/ответственный специалист присутствует и может немедленно остановить работу.","3","ANY_SAFE_PERIOD","records/science/SCI-MECH-12/YYYY-MM-DD/","PSP-008|PSP-116","PROVISIONAL_TOPIC_CANDIDATES_NOT_METHOD_REVIEWED","BLOCKED_UNTIL_EXACT_METHOD_SOURCE_SAFETY_AND_LOCAL_REVIEW","DESIGN_ONLY_NOT_EXECUTED","Новый участник находит источник офлайн, объясняет границы, повторяет допустимую процедуру и получает результат в заранее заданном допуске.","0.4"
"PRJ-156","SCI-MECH-13","MECH","Практическая проверка: Металлообработка и снятие материала","SUPERVISED_DEMONSTRATION_ONLY","Объяснить базовую модель, выполнить допустимую для класса риска проверку и документировать пределы по теме «Металлообработка и снятие материала».","SCI-MECH-12|SCI-METH-13|право остановить опыт|инструкция оборудования","TBD_NON_EXECUTABLE: точные item/model/material/range/PPE для размер/сила/состояние должны быть утверждены до начала","До допуска: обучение и checklist. Затем только под компетентным надзором выполнить безопасную часть: только после обучения, ограждений и СИЗ. Результат и отклонения подписывает supervisor.","только после обучения, ограждений и СИЗ","SI или явно названный стандарт","TBD_BEFORE_EXECUTION_FROM_EXACT_METHOD: диапазон/критерий фиксируется до результата; post-hoc подгонка запрещена.","сырые данные + фото/скриншот при допустимости + расчёт + uncertainty + подпись reviewer + hash пакета","1","TBD_METHOD_SPECIFIC: range/resolution/bias/repeat spread/operator effects утверждаются до execution","DESIGN_PLACEHOLDER_NOT_EXECUTABLE: item-specific hazard analysis, материалы, энергия, концентрация, СИЗ и отходы ещё не утверждены.","BLOCKED_BEFORE_START: до точного method/source review запрещено начинать; после review нужны наблюдаемые численные/событийные stop conditions.","TBD_ITEM_SPECIFIC_AND_LOCAL: пока маршрут отходов не утверждён, физическое выполнение блокировано.","S2_TRAINED_SUPERVISED","Компетентный инструктор/ответственный специалист присутствует и может немедленно остановить работу.","3","ANY_SAFE_PERIOD","records/science/SCI-MECH-13/YYYY-MM-DD/","PSP-008|PSP-116","PROVISIONAL_TOPIC_CANDIDATES_NOT_METHOD_REVIEWED","BLOCKED_UNTIL_EXACT_METHOD_SOURCE_SAFETY_AND_LOCAL_REVIEW","DESIGN_ONLY_NOT_EXECUTED","Новый участник находит источник офлайн, объясняет границы, повторяет допустимую процедуру и получает результат в заранее заданном допуске.","0.4"
"PRJ-157","SCI-MECH-14","MECH","Практическая проверка: Сварка, пайка твёрдым припоем и горячие работы","DATASET_SIMULATION_OR_PRO_OBSERVATION_ONLY","Объяснить базовую модель, выполнить допустимую для класса риска проверку и документировать пределы по теме «Сварка, пайка твёрдым припоем и горячие работы».","SCI-MECH-13|SCI-METH-13|право остановить опыт|инструкция оборудования","TBD_NON_EXECUTABLE: точные item/model/material/range/PPE для размер/сила/состояние должны быть утверждены до начала","Не выполнять реальную работу. Разобрать утверждённый отчёт, схему, симуляцию или обезличенный набор данных по теме: только квалифицированная площадка и разрешение. Зафиксировать, когда нужен лицензированный специалист.","только квалифицированная площадка и разрешение","SI или явно названный стандарт","TBD_BEFORE_EXECUTION_FROM_EXACT_METHOD: диапазон/критерий фиксируется до результата; post-hoc подгонка запрещена.","сырые данные + фото/скриншот при допустимости + расчёт + uncertainty + подпись reviewer + hash пакета","1","TBD_METHOD_SPECIFIC: range/resolution/bias/repeat spread/operator effects утверждаются до execution","Самовольная работа может привести к пожару, поражению током, обрушению, утечке, травме или нарушению закона.","STOP до любого физического вмешательства; только лицензированный специалист с действующим scope и площадкой.","TBD_ITEM_SPECIFIC_AND_LOCAL: пока маршрут отходов не утверждён, физическое выполнение блокировано.","S3_LICENSED_PROFESSIONAL","Лицензированный специалист для любой реальной работы; учебный анализ может быть самостоятельным.","2","ANY_SAFE_PERIOD","records/science/SCI-MECH-14/YYYY-MM-DD/","PSP-116|PSP-118","PROVISIONAL_TOPIC_CANDIDATES_NOT_METHOD_REVIEWED","BLOCKED_UNTIL_EXACT_METHOD_SOURCE_SAFETY_AND_LOCAL_REVIEW","DESIGN_ONLY_NOT_EXECUTED","Новый участник находит источник офлайн, объясняет границы, повторяет допустимую процедуру и получает результат в заранее заданном допуске.","0.4"
"PRJ-158","SCI-MECH-15","MECH","Практическая проверка: Текстиль, шитьё, выкройка и ремонт","LOW_RISK_BENCH_OR_FIELD","Объяснить базовую модель, выполнить допустимую для класса риска проверку и документировать пределы по теме «Текстиль, шитьё, выкройка и ремонт».","SCI-MECH-14|SCI-METH-13|право остановить опыт|инструкция оборудования","TBD_NON_EXECUTABLE: точные item/model/material/range/PPE для размер/сила/состояние должны быть утверждены до начала","Сформулировать вопрос; записать метод и единицы; выполнить образец шва и проверка прочности без нагрузки на безопасность; сохранить сырые данные; повторить; оценить неопределённость; сделать ограниченный вывод.","образец шва и проверка прочности без нагрузки на безопасность","SI или явно названный стандарт","TBD_BEFORE_EXECUTION_FROM_EXACT_METHOD: диапазон/критерий фиксируется до результата; post-hoc подгонка запрещена.","сырые данные + фото/скриншот при допустимости + расчёт + uncertainty + подпись reviewer + hash пакета","3","TBD_METHOD_SPECIFIC: range/resolution/bias/repeat spread/operator effects утверждаются до execution","DESIGN_PLACEHOLDER_NOT_EXECUTABLE: item-specific hazard analysis, материалы, энергия, концентрация, СИЗ и отходы ещё не утверждены.","BLOCKED_BEFORE_START: до точного method/source review запрещено начинать; после review нужны наблюдаемые численные/событийные stop conditions.","TBD_ITEM_SPECIFIC_AND_LOCAL: пока маршрут отходов не утверждён, физическое выполнение блокировано.","S1_LOW_RISK_HOUSEHOLD","S1 допускается только после замены всех DESIGN/TBD полей точным low-risk методом и независимой safety-проверки.","3","ANY_SAFE_PERIOD","records/science/SCI-MECH-15/YYYY-MM-DD/","PSP-008|PSP-116","PROVISIONAL_TOPIC_CANDIDATES_NOT_METHOD_REVIEWED","BLOCKED_UNTIL_EXACT_METHOD_SOURCE_SAFETY_AND_LOCAL_REVIEW","DESIGN_ONLY_NOT_EXECUTED","Новый участник находит источник офлайн, объясняет границы, повторяет допустимую процедуру и получает результат в заранее заданном допуске.","0.4"
"PRJ-159","SCI-MECH-16","MECH","Практическая проверка: Надёжность, отказ, запасные части и preventive maintenance","OBSERVATION_DATA_OR_CALCULATION","Объяснить базовую модель, выполнить допустимую для класса риска проверку и документировать пределы по теме «Надёжность, отказ, запасные части и preventive maintenance».","SCI-MECH-15|SCI-METH-13|право остановить опыт|инструкция оборудования","TBD_NON_EXECUTABLE: точные item/model/material/range/PPE для размер/сила/состояние должны быть утверждены до начала","Сформулировать вопрос; записать метод и единицы; выполнить FMEA и план обслуживания одного актива; сохранить сырые данные; повторить; оценить неопределённость; сделать ограниченный вывод.","FMEA и план обслуживания одного актива","SI или явно названный стандарт","TBD_BEFORE_EXECUTION_FROM_EXACT_METHOD: диапазон/критерий фиксируется до результата; post-hoc подгонка запрещена.","сырые данные + фото/скриншот при допустимости + расчёт + uncertainty + подпись reviewer + hash пакета","2","TBD_METHOD_SPECIFIC: range/resolution/bias/repeat spread/operator effects утверждаются до execution","Не переносить вывод за пределы данных; не собирать персональные/чувствительные данные без законного основания и согласия.","STOP при неясных правах, происхождении данных, этическом конфликте или невозможности сохранить исходные данные.","TBD_ITEM_SPECIFIC_AND_LOCAL: пока маршрут отходов не утверждён, физическое выполнение блокировано.","S0_OBSERVE_READ","Самостоятельно после проверки источника; опасное действие из текста не выполняется.","3","ANY_SAFE_PERIOD","records/science/SCI-MECH-16/YYYY-MM-DD/","PSP-008|PSP-116","PROVISIONAL_TOPIC_CANDIDATES_NOT_METHOD_REVIEWED","BLOCKED_UNTIL_EXACT_METHOD_SOURCE_SAFETY_AND_LOCAL_REVIEW","DESIGN_ONLY_NOT_EXECUTED","Новый участник находит источник офлайн, объясняет границы, повторяет допустимую процедуру и получает результат в заранее заданном допуске.","0.4"
"PRJ-160","SCI-ELEC-01","ELEC","Практическая проверка: Электробезопасность и границы низкого напряжения","SUPERVISED_DEMONSTRATION_ONLY","Объяснить базовую модель, выполнить допустимую для класса риска проверку и документировать пределы по теме «Электробезопасность и границы низкого напряжения».","SCI-METH-01|SCI-METH-07|SCI-METH-14|право остановить опыт|инструкция оборудования","TBD_NON_EXECUTABLE: точные item/model/material/range/PPE для V/A/Wh/сигнал должны быть утверждены до начала","До допуска: обучение и checklist. Затем только под компетентным надзором выполнить безопасную часть: только на изолированном учебном USB-стенде 5 V с аппаратным ограничением тока ≤100 mA: найти источник, защиту и штатное отключение; сеть, автомобильные/тяговые/литиевые батареи исключены. Результат и отклонения подписывает supervisor.","только на изолированном учебном USB-стенде 5 V с аппаратным ограничением тока ≤100 mA: найти источник, защиту и штатное отключение; сеть, автомобильные/тяговые/литиевые батареи исключены","SI или явно названный стандарт","TBD_BEFORE_EXECUTION_FROM_EXACT_METHOD: диапазон/критерий фиксируется до результата; post-hoc подгонка запрещена.","сырые данные + фото/скриншот при допустимости + расчёт + uncertainty + подпись reviewer + hash пакета","1","TBD_METHOD_SPECIFIC: range/resolution/bias/repeat spread/operator effects утверждаются до execution","DESIGN_PLACEHOLDER_NOT_EXECUTABLE: item-specific hazard analysis, материалы, энергия, концентрация, СИЗ и отходы ещё не утверждены.","BLOCKED_BEFORE_START: до точного method/source review запрещено начинать; после review нужны наблюдаемые численные/событийные stop conditions.","TBD_ITEM_SPECIFIC_AND_LOCAL: пока маршрут отходов не утверждён, физическое выполнение блокировано.","S2_TRAINED_SUPERVISED","Компетентный инструктор/ответственный специалист присутствует и может немедленно остановить работу.","3","ANY_SAFE_PERIOD","records/science/SCI-ELEC-01/YYYY-MM-DD/","SUP-PHY-036|PSP-118","PROVISIONAL_TOPIC_CANDIDATES_NOT_METHOD_REVIEWED","BLOCKED_UNTIL_EXACT_METHOD_SOURCE_SAFETY_AND_LOCAL_REVIEW","DESIGN_ONLY_NOT_EXECUTED","Новый участник находит источник офлайн, объясняет границы, повторяет допустимую процедуру и получает результат в заранее заданном допуске.","0.4"
"PRJ-161","SCI-ELEC-02","ELEC","Практическая проверка: Закон Ома, мощность и энергетический баланс","LOW_RISK_BENCH_OR_FIELD","Объяснить базовую модель, выполнить допустимую для класса риска проверку и документировать пределы по теме «Закон Ома, мощность и энергетический баланс».","SCI-ELEC-01|SCI-METH-13|право остановить опыт|инструкция оборудования","TBD_NON_EXECUTABLE: точные item/model/material/range/PPE для V/A/Wh/сигнал должны быть утверждены до начала","Сформулировать вопрос; записать метод и единицы; выполнить учебная цепь 5 V с аппаратным ограничением тока ≤100 mA, негорючей площадкой и заранее рассчитанной мощностью; сохранить сырые данные; повторить; оценить неопределённость; сделать ограниченный вывод.","учебная цепь 5 V с аппаратным ограничением тока ≤100 mA, негорючей площадкой и заранее рассчитанной мощностью","SI или явно названный стандарт","TBD_BEFORE_EXECUTION_FROM_EXACT_METHOD: диапазон/критерий фиксируется до результата; post-hoc подгонка запрещена.","сырые данные + фото/скриншот при допустимости + расчёт + uncertainty + подпись reviewer + hash пакета","3","TBD_METHOD_SPECIFIC: range/resolution/bias/repeat spread/operator effects утверждаются до execution","DESIGN_PLACEHOLDER_NOT_EXECUTABLE: item-specific hazard analysis, материалы, энергия, концентрация, СИЗ и отходы ещё не утверждены.","BLOCKED_BEFORE_START: до точного method/source review запрещено начинать; после review нужны наблюдаемые численные/событийные stop conditions.","TBD_ITEM_SPECIFIC_AND_LOCAL: пока маршрут отходов не утверждён, физическое выполнение блокировано.","S1_LOW_RISK_HOUSEHOLD","S1 допускается только после замены всех DESIGN/TBD полей точным low-risk методом и независимой safety-проверки.","3","ANY_SAFE_PERIOD","records/science/SCI-ELEC-02/YYYY-MM-DD/","PSP-081|SUP-MDE-029","PROVISIONAL_TOPIC_CANDIDATES_NOT_METHOD_REVIEWED","BLOCKED_UNTIL_EXACT_METHOD_SOURCE_SAFETY_AND_LOCAL_REVIEW","DESIGN_ONLY_NOT_EXECUTED","Новый участник находит источник офлайн, объясняет границы, повторяет допустимую процедуру и получает результат в заранее заданном допуске.","0.4"
"PRJ-162","SCI-ELEC-03","ELEC","Практическая проверка: Мультиметр: напряжение, сопротивление и непрерывность","LOW_RISK_BENCH_OR_FIELD","Объяснить базовую модель, выполнить допустимую для класса риска проверку и документировать пределы по теме «Мультиметр: напряжение, сопротивление и непрерывность».","SCI-ELEC-02|SCI-METH-13|право остановить опыт|инструкция оборудования","TBD_NON_EXECUTABLE: точные item/model/material/range/PPE для V/A/Wh/сигнал должны быть утверждены до начала","Сформулировать вопрос; записать метод и единицы; выполнить измерение только изолированной низковольтной цепи; сохранить сырые данные; повторить; оценить неопределённость; сделать ограниченный вывод.","измерение только изолированной низковольтной цепи","SI или явно названный стандарт","TBD_BEFORE_EXECUTION_FROM_EXACT_METHOD: диапазон/критерий фиксируется до результата; post-hoc подгонка запрещена.","сырые данные + фото/скриншот при допустимости + расчёт + uncertainty + подпись reviewer + hash пакета","3","TBD_METHOD_SPECIFIC: range/resolution/bias/repeat spread/operator effects утверждаются до execution","DESIGN_PLACEHOLDER_NOT_EXECUTABLE: item-specific hazard analysis, материалы, энергия, концентрация, СИЗ и отходы ещё не утверждены.","BLOCKED_BEFORE_START: до точного method/source review запрещено начинать; после review нужны наблюдаемые численные/событийные stop conditions.","TBD_ITEM_SPECIFIC_AND_LOCAL: пока маршрут отходов не утверждён, физическое выполнение блокировано.","S1_LOW_RISK_HOUSEHOLD","S1 допускается только после замены всех DESIGN/TBD полей точным low-risk методом и независимой safety-проверки.","3","ANY_SAFE_PERIOD","records/science/SCI-ELEC-03/YYYY-MM-DD/","PSP-081|SUP-MDE-029","PROVISIONAL_TOPIC_CANDIDATES_NOT_METHOD_REVIEWED","BLOCKED_UNTIL_EXACT_METHOD_SOURCE_SAFETY_AND_LOCAL_REVIEW","DESIGN_ONLY_NOT_EXECUTED","Новый участник находит источник офлайн, объясняет границы, повторяет допустимую процедуру и получает результат в заранее заданном допуске.","0.4"
"PRJ-163","SCI-ELEC-04","ELEC","Практическая проверка: Пассивные компоненты и схемные обозначения","LOW_RISK_BENCH_OR_FIELD","Объяснить базовую модель, выполнить допустимую для класса риска проверку и документировать пределы по теме «Пассивные компоненты и схемные обозначения».","SCI-ELEC-03|SCI-METH-13|право остановить опыт|инструкция оборудования","TBD_NON_EXECUTABLE: точные item/model/material/range/PPE для V/A/Wh/сигнал должны быть утверждены до начала","Сформулировать вопрос; записать метод и единицы; выполнить идентификация и измерение безопасных компонентов; сохранить сырые данные; повторить; оценить неопределённость; сделать ограниченный вывод.","идентификация и измерение безопасных компонентов","SI или явно названный стандарт","TBD_BEFORE_EXECUTION_FROM_EXACT_METHOD: диапазон/критерий фиксируется до результата; post-hoc подгонка запрещена.","сырые данные + фото/скриншот при допустимости + расчёт + uncertainty + подпись reviewer + hash пакета","3","TBD_METHOD_SPECIFIC: range/resolution/bias/repeat spread/operator effects утверждаются до execution","DESIGN_PLACEHOLDER_NOT_EXECUTABLE: item-specific hazard analysis, материалы, энергия, концентрация, СИЗ и отходы ещё не утверждены.","BLOCKED_BEFORE_START: до точного method/source review запрещено начинать; после review нужны наблюдаемые численные/событийные stop conditions.","TBD_ITEM_SPECIFIC_AND_LOCAL: пока маршрут отходов не утверждён, физическое выполнение блокировано.","S1_LOW_RISK_HOUSEHOLD","S1 допускается только после замены всех DESIGN/TBD полей точным low-risk методом и независимой safety-проверки.","3","ANY_SAFE_PERIOD","records/science/SCI-ELEC-04/YYYY-MM-DD/","PSP-081|SUP-MDE-029","PROVISIONAL_TOPIC_CANDIDATES_NOT_METHOD_REVIEWED","BLOCKED_UNTIL_EXACT_METHOD_SOURCE_SAFETY_AND_LOCAL_REVIEW","DESIGN_ONLY_NOT_EXECUTED","Новый участник находит источник офлайн, объясняет границы, повторяет допустимую процедуру и получает результат в заранее заданном допуске.","0.4"
"PRJ-164","SCI-ELEC-05","ELEC","Практическая проверка: Диоды, транзисторы и аналоговые узлы","LOW_RISK_BENCH_OR_FIELD","Объяснить базовую модель, выполнить допустимую для класса риска проверку и документировать пределы по теме «Диоды, транзисторы и аналоговые узлы».","SCI-ELEC-04|SCI-METH-13|право остановить опыт|инструкция оборудования","TBD_NON_EXECUTABLE: точные item/model/material/range/PPE для V/A/Wh/сигнал должны быть утверждены до начала","Сформулировать вопрос; записать метод и единицы; выполнить маломощная макетная схема с ограничением тока; сохранить сырые данные; повторить; оценить неопределённость; сделать ограниченный вывод.","маломощная макетная схема с ограничением тока","SI или явно названный стандарт","TBD_BEFORE_EXECUTION_FROM_EXACT_METHOD: диапазон/критерий фиксируется до результата; post-hoc подгонка запрещена.","сырые данные + фото/скриншот при допустимости + расчёт + uncertainty + подпись reviewer + hash пакета","3","TBD_METHOD_SPECIFIC: range/resolution/bias/repeat spread/operator effects утверждаются до execution","DESIGN_PLACEHOLDER_NOT_EXECUTABLE: item-specific hazard analysis, материалы, энергия, концентрация, СИЗ и отходы ещё не утверждены.","BLOCKED_BEFORE_START: до точного method/source review запрещено начинать; после review нужны наблюдаемые численные/событийные stop conditions.","TBD_ITEM_SPECIFIC_AND_LOCAL: пока маршрут отходов не утверждён, физическое выполнение блокировано.","S1_LOW_RISK_HOUSEHOLD","S1 допускается только после замены всех DESIGN/TBD полей точным low-risk методом и независимой safety-проверки.","3","ANY_SAFE_PERIOD","records/science/SCI-ELEC-05/YYYY-MM-DD/","PSP-081|SUP-MDE-029","PROVISIONAL_TOPIC_CANDIDATES_NOT_METHOD_REVIEWED","BLOCKED_UNTIL_EXACT_METHOD_SOURCE_SAFETY_AND_LOCAL_REVIEW","DESIGN_ONLY_NOT_EXECUTED","Новый участник находит источник офлайн, объясняет границы, повторяет допустимую процедуру и получает результат в заранее заданном допуске.","0.4"
"PRJ-165","SCI-ELEC-06","ELEC","Практическая проверка: Цифровая логика и уровни сигналов","LOW_RISK_BENCH_OR_FIELD","Объяснить базовую модель, выполнить допустимую для класса риска проверку и документировать пределы по теме «Цифровая логика и уровни сигналов».","SCI-ELEC-05|SCI-METH-13|право остановить опыт|инструкция оборудования","TBD_NON_EXECUTABLE: точные item/model/material/range/PPE для V/A/Wh/сигнал должны быть утверждены до начала","Сформулировать вопрос; записать метод и единицы; выполнить таблица истинности на безопасном учебном модуле; сохранить сырые данные; повторить; оценить неопределённость; сделать ограниченный вывод.","таблица истинности на безопасном учебном модуле","SI или явно названный стандарт","TBD_BEFORE_EXECUTION_FROM_EXACT_METHOD: диапазон/критерий фиксируется до результата; post-hoc подгонка запрещена.","сырые данные + фото/скриншот при допустимости + расчёт + uncertainty + подпись reviewer + hash пакета","3","TBD_METHOD_SPECIFIC: range/resolution/bias/repeat spread/operator effects утверждаются до execution","DESIGN_PLACEHOLDER_NOT_EXECUTABLE: item-specific hazard analysis, материалы, энергия, концентрация, СИЗ и отходы ещё не утверждены.","BLOCKED_BEFORE_START: до точного method/source review запрещено начинать; после review нужны наблюдаемые численные/событийные stop conditions.","TBD_ITEM_SPECIFIC_AND_LOCAL: пока маршрут отходов не утверждён, физическое выполнение блокировано.","S1_LOW_RISK_HOUSEHOLD","S1 допускается только после замены всех DESIGN/TBD полей точным low-risk методом и независимой safety-проверки.","3","ANY_SAFE_PERIOD","records/science/SCI-ELEC-06/YYYY-MM-DD/","PSP-081|SUP-MDE-029","PROVISIONAL_TOPIC_CANDIDATES_NOT_METHOD_REVIEWED","BLOCKED_UNTIL_EXACT_METHOD_SOURCE_SAFETY_AND_LOCAL_REVIEW","DESIGN_ONLY_NOT_EXECUTED","Новый участник находит источник офлайн, объясняет границы, повторяет допустимую процедуру и получает результат в заранее заданном допуске.","0.4"
"PRJ-166","SCI-ELEC-07","ELEC","Практическая проверка: Микроконтроллеры и интерфейсы","LOW_RISK_BENCH_OR_FIELD","Объяснить базовую модель, выполнить допустимую для класса риска проверку и документировать пределы по теме «Микроконтроллеры и интерфейсы».","SCI-ELEC-06|SCI-METH-13|право остановить опыт|инструкция оборудования","TBD_NON_EXECUTABLE: точные item/model/material/range/PPE для V/A/Wh/сигнал должны быть утверждены до начала","Сформулировать вопрос; записать метод и единицы; выполнить считывание безопасного датчика без управления критическим объектом; сохранить сырые данные; повторить; оценить неопределённость; сделать ограниченный вывод.","считывание безопасного датчика без управления критическим объектом","SI или явно названный стандарт","TBD_BEFORE_EXECUTION_FROM_EXACT_METHOD: диапазон/критерий фиксируется до результата; post-hoc подгонка запрещена.","сырые данные + фото/скриншот при допустимости + расчёт + uncertainty + подпись reviewer + hash пакета","3","TBD_METHOD_SPECIFIC: range/resolution/bias/repeat spread/operator effects утверждаются до execution","DESIGN_PLACEHOLDER_NOT_EXECUTABLE: item-specific hazard analysis, материалы, энергия, концентрация, СИЗ и отходы ещё не утверждены.","BLOCKED_BEFORE_START: до точного method/source review запрещено начинать; после review нужны наблюдаемые численные/событийные stop conditions.","TBD_ITEM_SPECIFIC_AND_LOCAL: пока маршрут отходов не утверждён, физическое выполнение блокировано.","S1_LOW_RISK_HOUSEHOLD","S1 допускается только после замены всех DESIGN/TBD полей точным low-risk методом и независимой safety-проверки.","3","ANY_SAFE_PERIOD","records/science/SCI-ELEC-07/YYYY-MM-DD/","PSP-081|SUP-MDE-029","PROVISIONAL_TOPIC_CANDIDATES_NOT_METHOD_REVIEWED","BLOCKED_UNTIL_EXACT_METHOD_SOURCE_SAFETY_AND_LOCAL_REVIEW","DESIGN_ONLY_NOT_EXECUTED","Новый участник находит источник офлайн, объясняет границы, повторяет допустимую процедуру и получает результат в заранее заданном допуске.","0.4"
"PRJ-167","SCI-ELEC-08","ELEC","Практическая проверка: Датчики, преобразование и сбор данных","LOW_RISK_BENCH_OR_FIELD","Объяснить базовую модель, выполнить допустимую для класса риска проверку и документировать пределы по теме «Датчики, преобразование и сбор данных».","SCI-ELEC-07|SCI-METH-13|право остановить опыт|инструкция оборудования","TBD_NON_EXECUTABLE: точные item/model/material/range/PPE для V/A/Wh/сигнал должны быть утверждены до начала","Сформулировать вопрос; записать метод и единицы; выполнить калибровочная проверка двух точек; сохранить сырые данные; повторить; оценить неопределённость; сделать ограниченный вывод.","калибровочная проверка двух точек","SI или явно названный стандарт","TBD_BEFORE_EXECUTION_FROM_EXACT_METHOD: диапазон/критерий фиксируется до результата; post-hoc подгонка запрещена.","сырые данные + фото/скриншот при допустимости + расчёт + uncertainty + подпись reviewer + hash пакета","3","TBD_METHOD_SPECIFIC: range/resolution/bias/repeat spread/operator effects утверждаются до execution","DESIGN_PLACEHOLDER_NOT_EXECUTABLE: item-specific hazard analysis, материалы, энергия, концентрация, СИЗ и отходы ещё не утверждены.","BLOCKED_BEFORE_START: до точного method/source review запрещено начинать; после review нужны наблюдаемые численные/событийные stop conditions.","TBD_ITEM_SPECIFIC_AND_LOCAL: пока маршрут отходов не утверждён, физическое выполнение блокировано.","S1_LOW_RISK_HOUSEHOLD","S1 допускается только после замены всех DESIGN/TBD полей точным low-risk методом и независимой safety-проверки.","3","ANY_SAFE_PERIOD","records/science/SCI-ELEC-08/YYYY-MM-DD/","PSP-081|SUP-MDE-029","PROVISIONAL_TOPIC_CANDIDATES_NOT_METHOD_REVIEWED","BLOCKED_UNTIL_EXACT_METHOD_SOURCE_SAFETY_AND_LOCAL_REVIEW","DESIGN_ONLY_NOT_EXECUTED","Новый участник находит источник офлайн, объясняет границы, повторяет допустимую процедуру и получает результат в заранее заданном допуске.","0.4"
"PRJ-168","SCI-ELEC-09","ELEC","Практическая проверка: Обратная связь, управление и safe-state","SUPERVISED_DEMONSTRATION_ONLY","Объяснить базовую модель, выполнить допустимую для класса риска проверку и документировать пределы по теме «Обратная связь, управление и safe-state».","SCI-ELEC-08|SCI-METH-13|право остановить опыт|инструкция оборудования","TBD_NON_EXECUTABLE: точные item/model/material/range/PPE для V/A/Wh/сигнал должны быть утверждены до начала","До допуска: обучение и checklist. Затем только под компетентным надзором выполнить безопасную часть: симуляция или маломощный стенд с ручным отключением. Результат и отклонения подписывает supervisor.","симуляция или маломощный стенд с ручным отключением","SI или явно названный стандарт","TBD_BEFORE_EXECUTION_FROM_EXACT_METHOD: диапазон/критерий фиксируется до результата; post-hoc подгонка запрещена.","сырые данные + фото/скриншот при допустимости + расчёт + uncertainty + подпись reviewer + hash пакета","1","TBD_METHOD_SPECIFIC: range/resolution/bias/repeat spread/operator effects утверждаются до execution","DESIGN_PLACEHOLDER_NOT_EXECUTABLE: item-specific hazard analysis, материалы, энергия, концентрация, СИЗ и отходы ещё не утверждены.","BLOCKED_BEFORE_START: до точного method/source review запрещено начинать; после review нужны наблюдаемые численные/событийные stop conditions.","TBD_ITEM_SPECIFIC_AND_LOCAL: пока маршрут отходов не утверждён, физическое выполнение блокировано.","S2_TRAINED_SUPERVISED","Компетентный инструктор/ответственный специалист присутствует и может немедленно остановить работу.","3","ANY_SAFE_PERIOD","records/science/SCI-ELEC-09/YYYY-MM-DD/","PSP-081|SUP-MDE-029","PROVISIONAL_TOPIC_CANDIDATES_NOT_METHOD_REVIEWED","BLOCKED_UNTIL_EXACT_METHOD_SOURCE_SAFETY_AND_LOCAL_REVIEW","DESIGN_ONLY_NOT_EXECUTED","Новый участник находит источник офлайн, объясняет границы, повторяет допустимую процедуру и получает результат в заранее заданном допуске.","0.4"
"PRJ-169","SCI-ELEC-10","ELEC","Практическая проверка: Двигатели, генераторы и привод","SUPERVISED_DEMONSTRATION_ONLY","Объяснить базовую модель, выполнить допустимую для класса риска проверку и документировать пределы по теме «Двигатели, генераторы и привод».","SCI-ELEC-09|SCI-METH-13|право остановить опыт|инструкция оборудования","TBD_NON_EXECUTABLE: точные item/model/material/range/PPE для V/A/Wh/сигнал должны быть утверждены до начала","До допуска: обучение и checklist. Затем только под компетентным надзором выполнить безопасную часть: учебный маломощный мотор с ограждением. Результат и отклонения подписывает supervisor.","учебный маломощный мотор с ограждением","SI или явно названный стандарт","TBD_BEFORE_EXECUTION_FROM_EXACT_METHOD: диапазон/критерий фиксируется до результата; post-hoc подгонка запрещена.","сырые данные + фото/скриншот при допустимости + расчёт + uncertainty + подпись reviewer + hash пакета","1","TBD_METHOD_SPECIFIC: range/resolution/bias/repeat spread/operator effects утверждаются до execution","DESIGN_PLACEHOLDER_NOT_EXECUTABLE: item-specific hazard analysis, материалы, энергия, концентрация, СИЗ и отходы ещё не утверждены.","BLOCKED_BEFORE_START: до точного method/source review запрещено начинать; после review нужны наблюдаемые численные/событийные stop conditions.","TBD_ITEM_SPECIFIC_AND_LOCAL: пока маршрут отходов не утверждён, физическое выполнение блокировано.","S2_TRAINED_SUPERVISED","Компетентный инструктор/ответственный специалист присутствует и может немедленно остановить работу.","3","ANY_SAFE_PERIOD","records/science/SCI-ELEC-10/YYYY-MM-DD/","PSP-065|SUP-PHY-035","PROVISIONAL_TOPIC_CANDIDATES_NOT_METHOD_REVIEWED","BLOCKED_UNTIL_EXACT_METHOD_SOURCE_SAFETY_AND_LOCAL_REVIEW","DESIGN_ONLY_NOT_EXECUTED","Новый участник находит источник офлайн, объясняет границы, повторяет допустимую процедуру и получает результат в заранее заданном допуске.","0.4"
"PRJ-170","SCI-ELEC-11","ELEC","Практическая проверка: Солнечная фотоэлектрика и низковольтная автономная система","SUPERVISED_DEMONSTRATION_ONLY","Объяснить базовую модель, выполнить допустимую для класса риска проверку и документировать пределы по теме «Солнечная фотоэлектрика и низковольтная автономная система».","SCI-ELEC-10|SCI-METH-13|право остановить опыт|инструкция оборудования","TBD_NON_EXECUTABLE: точные item/model/material/range/PPE для V/A/Wh/сигнал должны быть утверждены до начала","До допуска: обучение и checklist. Затем только под компетентным надзором выполнить безопасную часть: энергетический бюджет; монтаж здания — специалист. Результат и отклонения подписывает supervisor.","энергетический бюджет; монтаж здания — специалист","SI или явно названный стандарт","TBD_BEFORE_EXECUTION_FROM_EXACT_METHOD: диапазон/критерий фиксируется до результата; post-hoc подгонка запрещена.","сырые данные + фото/скриншот при допустимости + расчёт + uncertainty + подпись reviewer + hash пакета","1","TBD_METHOD_SPECIFIC: range/resolution/bias/repeat spread/operator effects утверждаются до execution","DESIGN_PLACEHOLDER_NOT_EXECUTABLE: item-specific hazard analysis, материалы, энергия, концентрация, СИЗ и отходы ещё не утверждены.","BLOCKED_BEFORE_START: до точного method/source review запрещено начинать; после review нужны наблюдаемые численные/событийные stop conditions.","TBD_ITEM_SPECIFIC_AND_LOCAL: пока маршрут отходов не утверждён, физическое выполнение блокировано.","S2_TRAINED_SUPERVISED","Компетентный инструктор/ответственный специалист присутствует и может немедленно остановить работу.","3","ANY_SAFE_PERIOD","records/science/SCI-ELEC-11/YYYY-MM-DD/","PSP-065|SUP-PHY-035","PROVISIONAL_TOPIC_CANDIDATES_NOT_METHOD_REVIEWED","BLOCKED_UNTIL_EXACT_METHOD_SOURCE_SAFETY_AND_LOCAL_REVIEW","DESIGN_ONLY_NOT_EXECUTED","Новый участник находит источник офлайн, объясняет границы, повторяет допустимую процедуру и получает результат в заранее заданном допуске.","0.4"
"PRJ-171","SCI-ELEC-12","ELEC","Практическая проверка: Батареи, заряд, BMS и пожарный риск","SUPERVISED_DEMONSTRATION_ONLY","Объяснить базовую модель, выполнить допустимую для класса риска проверку и документировать пределы по теме «Батареи, заряд, BMS и пожарный риск».","SCI-ELEC-11|SCI-METH-13|право остановить опыт|инструкция оборудования","TBD_NON_EXECUTABLE: точные item/model/material/range/PPE для V/A/Wh/сигнал должны быть утверждены до начала","До допуска: обучение и checklist. Затем только под компетентным надзором выполнить безопасную часть: учёт состояния штатных исправных модулей; разборка запрещена. Результат и отклонения подписывает supervisor.","учёт состояния штатных исправных модулей; разборка запрещена","SI или явно названный стандарт","TBD_BEFORE_EXECUTION_FROM_EXACT_METHOD: диапазон/критерий фиксируется до результата; post-hoc подгонка запрещена.","сырые данные + фото/скриншот при допустимости + расчёт + uncertainty + подпись reviewer + hash пакета","1","TBD_METHOD_SPECIFIC: range/resolution/bias/repeat spread/operator effects утверждаются до execution","DESIGN_PLACEHOLDER_NOT_EXECUTABLE: item-specific hazard analysis, материалы, энергия, концентрация, СИЗ и отходы ещё не утверждены.","BLOCKED_BEFORE_START: до точного method/source review запрещено начинать; после review нужны наблюдаемые численные/событийные stop conditions.","TBD_ITEM_SPECIFIC_AND_LOCAL: пока маршрут отходов не утверждён, физическое выполнение блокировано.","S2_TRAINED_SUPERVISED","Компетентный инструктор/ответственный специалист присутствует и может немедленно остановить работу.","3","ANY_SAFE_PERIOD","records/science/SCI-ELEC-12/YYYY-MM-DD/","PSP-065|SUP-PHY-035","PROVISIONAL_TOPIC_CANDIDATES_NOT_METHOD_REVIEWED","BLOCKED_UNTIL_EXACT_METHOD_SOURCE_SAFETY_AND_LOCAL_REVIEW","DESIGN_ONLY_NOT_EXECUTED","Новый участник находит источник офлайн, объясняет границы, повторяет допустимую процедуру и получает результат в заранее заданном допуске.","0.4"
"PRJ-172","SCI-ELEC-13","ELEC","Практическая проверка: Энергетический аудит, ватт-часы и управление нагрузкой","LOW_RISK_BENCH_OR_FIELD","Объяснить базовую модель, выполнить допустимую для класса риска проверку и документировать пределы по теме «Энергетический аудит, ватт-часы и управление нагрузкой».","SCI-ELEC-12|SCI-METH-13|право остановить опыт|инструкция оборудования","TBD_NON_EXECUTABLE: точные item/model/material/range/PPE для V/A/Wh/сигнал должны быть утверждены до начала","Сформулировать вопрос; записать метод и единицы; выполнить суточный журнал безопасных потребителей; сохранить сырые данные; повторить; оценить неопределённость; сделать ограниченный вывод.","суточный журнал безопасных потребителей","SI или явно названный стандарт","TBD_BEFORE_EXECUTION_FROM_EXACT_METHOD: диапазон/критерий фиксируется до результата; post-hoc подгонка запрещена.","сырые данные + фото/скриншот при допустимости + расчёт + uncertainty + подпись reviewer + hash пакета","3","TBD_METHOD_SPECIFIC: range/resolution/bias/repeat spread/operator effects утверждаются до execution","DESIGN_PLACEHOLDER_NOT_EXECUTABLE: item-specific hazard analysis, материалы, энергия, концентрация, СИЗ и отходы ещё не утверждены.","BLOCKED_BEFORE_START: до точного method/source review запрещено начинать; после review нужны наблюдаемые численные/событийные stop conditions.","TBD_ITEM_SPECIFIC_AND_LOCAL: пока маршрут отходов не утверждён, физическое выполнение блокировано.","S1_LOW_RISK_HOUSEHOLD","S1 допускается только после замены всех DESIGN/TBD полей точным low-risk методом и независимой safety-проверки.","3","ANY_SAFE_PERIOD","records/science/SCI-ELEC-13/YYYY-MM-DD/","PSP-065|SUP-PHY-035","PROVISIONAL_TOPIC_CANDIDATES_NOT_METHOD_REVIEWED","BLOCKED_UNTIL_EXACT_METHOD_SOURCE_SAFETY_AND_LOCAL_REVIEW","DESIGN_ONLY_NOT_EXECUTED","Новый участник находит источник офлайн, объясняет границы, повторяет допустимую процедуру и получает результат в заранее заданном допуске.","0.4"
"PRJ-173","SCI-ELEC-14","ELEC","Практическая проверка: Сеть 230 В, щит, защита и backfeed","DATASET_SIMULATION_OR_PRO_OBSERVATION_ONLY","Объяснить базовую модель, выполнить допустимую для класса риска проверку и документировать пределы по теме «Сеть 230 В, щит, защита и backfeed».","SCI-ELEC-13|SCI-METH-13|право остановить опыт|инструкция оборудования","TBD_NON_EXECUTABLE: точные item/model/material/range/PPE для V/A/Wh/сигнал должны быть утверждены до начала","Не выполнять реальную работу. Разобрать утверждённый отчёт, схему, симуляцию или обезличенный набор данных по теме: только распознавание и отключение; работы — лицензированный специалист. Зафиксировать, когда нужен лицензированный специалист.","только распознавание и отключение; работы — лицензированный специалист","SI или явно названный стандарт","TBD_BEFORE_EXECUTION_FROM_EXACT_METHOD: диапазон/критерий фиксируется до результата; post-hoc подгонка запрещена.","сырые данные + фото/скриншот при допустимости + расчёт + uncertainty + подпись reviewer + hash пакета","1","TBD_METHOD_SPECIFIC: range/resolution/bias/repeat spread/operator effects утверждаются до execution","Самовольная работа может привести к пожару, поражению током, обрушению, утечке, травме или нарушению закона.","STOP до любого физического вмешательства; только лицензированный специалист с действующим scope и площадкой.","TBD_ITEM_SPECIFIC_AND_LOCAL: пока маршрут отходов не утверждён, физическое выполнение блокировано.","S3_LICENSED_PROFESSIONAL","Лицензированный специалист для любой реальной работы; учебный анализ может быть самостоятельным.","2","ANY_SAFE_PERIOD","records/science/SCI-ELEC-14/YYYY-MM-DD/","PSP-093|PSP-118","PROVISIONAL_TOPIC_CANDIDATES_NOT_METHOD_REVIEWED","BLOCKED_UNTIL_EXACT_METHOD_SOURCE_SAFETY_AND_LOCAL_REVIEW","DESIGN_ONLY_NOT_EXECUTED","Новый участник находит источник офлайн, объясняет границы, повторяет допустимую процедуру и получает результат в заранее заданном допуске.","0.4"
"PRJ-174","SCI-ELEC-15","ELEC","Практическая проверка: Заземление, молниезащита и EMC","DATASET_SIMULATION_OR_PRO_OBSERVATION_ONLY","Объяснить базовую модель, выполнить допустимую для класса риска проверку и документировать пределы по теме «Заземление, молниезащита и EMC».","SCI-ELEC-14|SCI-METH-13|право остановить опыт|инструкция оборудования","TBD_NON_EXECUTABLE: точные item/model/material/range/PPE для V/A/Wh/сигнал должны быть утверждены до начала","Не выполнять реальную работу. Разобрать утверждённый отчёт, схему, симуляцию или обезличенный набор данных по теме: чтение проекта/отчёта; измерения установки — специалист. Зафиксировать, когда нужен лицензированный специалист.","чтение проекта/отчёта; измерения установки — специалист","SI или явно названный стандарт","TBD_BEFORE_EXECUTION_FROM_EXACT_METHOD: диапазон/критерий фиксируется до результата; post-hoc подгонка запрещена.","сырые данные + фото/скриншот при допустимости + расчёт + uncertainty + подпись reviewer + hash пакета","1","TBD_METHOD_SPECIFIC: range/resolution/bias/repeat spread/operator effects утверждаются до execution","Самовольная работа может привести к пожару, поражению током, обрушению, утечке, травме или нарушению закона.","STOP до любого физического вмешательства; только лицензированный специалист с действующим scope и площадкой.","TBD_ITEM_SPECIFIC_AND_LOCAL: пока маршрут отходов не утверждён, физическое выполнение блокировано.","S3_LICENSED_PROFESSIONAL","Лицензированный специалист для любой реальной работы; учебный анализ может быть самостоятельным.","2","ANY_SAFE_PERIOD","records/science/SCI-ELEC-15/YYYY-MM-DD/","PSP-093|PSP-118","PROVISIONAL_TOPIC_CANDIDATES_NOT_METHOD_REVIEWED","BLOCKED_UNTIL_EXACT_METHOD_SOURCE_SAFETY_AND_LOCAL_REVIEW","DESIGN_ONLY_NOT_EXECUTED","Новый участник находит источник офлайн, объясняет границы, повторяет допустимую процедуру и получает результат в заранее заданном допуске.","0.4"
"PRJ-175","SCI-ELEC-16","ELEC","Практическая проверка: Радиосвязь, спектр и антенны","SUPERVISED_DEMONSTRATION_ONLY","Объяснить базовую модель, выполнить допустимую для класса риска проверку и документировать пределы по теме «Радиосвязь, спектр и антенны».","SCI-ELEC-15|SCI-METH-13|право остановить опыт|инструкция оборудования","TBD_NON_EXECUTABLE: точные item/model/material/range/PPE для V/A/Wh/сигнал должны быть утверждены до начала","До допуска: обучение и checklist. Затем только под компетентным надзором выполнить безопасную часть: приём/учебный расчёт; передача только законно и в пределах допуска. Результат и отклонения подписывает supervisor.","приём/учебный расчёт; передача только законно и в пределах допуска","SI или явно названный стандарт","TBD_BEFORE_EXECUTION_FROM_EXACT_METHOD: диапазон/критерий фиксируется до результата; post-hoc подгонка запрещена.","сырые данные + фото/скриншот при допустимости + расчёт + uncertainty + подпись reviewer + hash пакета","1","TBD_METHOD_SPECIFIC: range/resolution/bias/repeat spread/operator effects утверждаются до execution","DESIGN_PLACEHOLDER_NOT_EXECUTABLE: item-specific hazard analysis, материалы, энергия, концентрация, СИЗ и отходы ещё не утверждены.","BLOCKED_BEFORE_START: до точного method/source review запрещено начинать; после review нужны наблюдаемые численные/событийные stop conditions.","TBD_ITEM_SPECIFIC_AND_LOCAL: пока маршрут отходов не утверждён, физическое выполнение блокировано.","S2_TRAINED_SUPERVISED","Компетентный инструктор/ответственный специалист присутствует и может немедленно остановить работу.","3","ANY_SAFE_PERIOD","records/science/SCI-ELEC-16/YYYY-MM-DD/","PSP-081|PSP-118","PROVISIONAL_TOPIC_CANDIDATES_NOT_METHOD_REVIEWED","BLOCKED_UNTIL_EXACT_METHOD_SOURCE_SAFETY_AND_LOCAL_REVIEW","DESIGN_ONLY_NOT_EXECUTED","Новый участник находит источник офлайн, объясняет границы, повторяет допустимую процедуру и получает результат в заранее заданном допуске.","0.4"
"PRJ-176","SCI-ELEC-17","ELEC","Практическая проверка: Проводная/беспроводная связь и PACE","LOW_RISK_BENCH_OR_FIELD","Объяснить базовую модель, выполнить допустимую для класса риска проверку и документировать пределы по теме «Проводная/беспроводная связь и PACE».","SCI-ELEC-16|SCI-METH-13|право остановить опыт|инструкция оборудования","TBD_NON_EXECUTABLE: точные item/model/material/range/PPE для V/A/Wh/сигнал должны быть утверждены до начала","Сформулировать вопрос; записать метод и единицы; выполнить тест независимых каналов без нарушения спектральных правил; сохранить сырые данные; повторить; оценить неопределённость; сделать ограниченный вывод.","тест независимых каналов без нарушения спектральных правил","SI или явно названный стандарт","TBD_BEFORE_EXECUTION_FROM_EXACT_METHOD: диапазон/критерий фиксируется до результата; post-hoc подгонка запрещена.","сырые данные + фото/скриншот при допустимости + расчёт + uncertainty + подпись reviewer + hash пакета","3","TBD_METHOD_SPECIFIC: range/resolution/bias/repeat spread/operator effects утверждаются до execution","DESIGN_PLACEHOLDER_NOT_EXECUTABLE: item-specific hazard analysis, материалы, энергия, концентрация, СИЗ и отходы ещё не утверждены.","BLOCKED_BEFORE_START: до точного method/source review запрещено начинать; после review нужны наблюдаемые численные/событийные stop conditions.","TBD_ITEM_SPECIFIC_AND_LOCAL: пока маршрут отходов не утверждён, физическое выполнение блокировано.","S1_LOW_RISK_HOUSEHOLD","S1 допускается только после замены всех DESIGN/TBD полей точным low-risk методом и независимой safety-проверки.","3","ANY_SAFE_PERIOD","records/science/SCI-ELEC-17/YYYY-MM-DD/","PSP-081|PSP-118","PROVISIONAL_TOPIC_CANDIDATES_NOT_METHOD_REVIEWED","BLOCKED_UNTIL_EXACT_METHOD_SOURCE_SAFETY_AND_LOCAL_REVIEW","DESIGN_ONLY_NOT_EXECUTED","Новый участник находит источник офлайн, объясняет границы, повторяет допустимую процедуру и получает результат в заранее заданном допуске.","0.4"
"PRJ-177","SCI-COMP-01","COMP","Практическая проверка: Архитектура компьютера и представление данных","OBSERVATION_DATA_OR_CALCULATION","Объяснить базовую модель, выполнить допустимую для класса риска проверку и документировать пределы по теме «Архитектура компьютера и представление данных».","SCI-METH-01|SCI-METH-07|SCI-METH-14|право остановить опыт|инструкция оборудования","TBD_NON_EXECUTABLE: точные item/model/material/range/PPE для воспроизводимый файл/тест должны быть утверждены до начала","Сформулировать вопрос; записать метод и единицы; выполнить разбор пути данные–память–процессор–вывод; сохранить сырые данные; повторить; оценить неопределённость; сделать ограниченный вывод.","разбор пути данные–память–процессор–вывод","SI или явно названный стандарт","TBD_BEFORE_EXECUTION_FROM_EXACT_METHOD: диапазон/критерий фиксируется до результата; post-hoc подгонка запрещена.","сырые данные + фото/скриншот при допустимости + расчёт + uncertainty + подпись reviewer + hash пакета","2","TBD_METHOD_SPECIFIC: range/resolution/bias/repeat spread/operator effects утверждаются до execution","Не переносить вывод за пределы данных; не собирать персональные/чувствительные данные без законного основания и согласия.","STOP при неясных правах, происхождении данных, этическом конфликте или невозможности сохранить исходные данные.","TBD_ITEM_SPECIFIC_AND_LOCAL: пока маршрут отходов не утверждён, физическое выполнение блокировано.","S0_OBSERVE_READ","Самостоятельно после проверки источника; опасное действие из текста не выполняется.","3","ANY_SAFE_PERIOD","records/science/SCI-COMP-01/YYYY-MM-DD/","PSP-020|PSP-071","PROVISIONAL_TOPIC_CANDIDATES_NOT_METHOD_REVIEWED","BLOCKED_UNTIL_EXACT_METHOD_SOURCE_SAFETY_AND_LOCAL_REVIEW","DESIGN_ONLY_NOT_EXECUTED","Новый участник находит источник офлайн, объясняет границы, повторяет допустимую процедуру и получает результат в заранее заданном допуске.","0.4"
"PRJ-178","SCI-COMP-02","COMP","Практическая проверка: Операционные системы и Linux","OBSERVATION_DATA_OR_CALCULATION","Объяснить базовую модель, выполнить допустимую для класса риска проверку и документировать пределы по теме «Операционные системы и Linux».","SCI-COMP-01|SCI-METH-13|право остановить опыт|инструкция оборудования","TBD_NON_EXECUTABLE: точные item/model/material/range/PPE для воспроизводимый файл/тест должны быть утверждены до начала","Сформулировать вопрос; записать метод и единицы; выполнить установка в изолированную виртуальную машину; сохранить сырые данные; повторить; оценить неопределённость; сделать ограниченный вывод.","установка в изолированную виртуальную машину","SI или явно названный стандарт","TBD_BEFORE_EXECUTION_FROM_EXACT_METHOD: диапазон/критерий фиксируется до результата; post-hoc подгонка запрещена.","сырые данные + фото/скриншот при допустимости + расчёт + uncertainty + подпись reviewer + hash пакета","2","TBD_METHOD_SPECIFIC: range/resolution/bias/repeat spread/operator effects утверждаются до execution","Не переносить вывод за пределы данных; не собирать персональные/чувствительные данные без законного основания и согласия.","STOP при неясных правах, происхождении данных, этическом конфликте или невозможности сохранить исходные данные.","TBD_ITEM_SPECIFIC_AND_LOCAL: пока маршрут отходов не утверждён, физическое выполнение блокировано.","S0_OBSERVE_READ","Самостоятельно после проверки источника; опасное действие из текста не выполняется.","3","ANY_SAFE_PERIOD","records/science/SCI-COMP-02/YYYY-MM-DD/","PSP-071|PSP-075","PROVISIONAL_TOPIC_CANDIDATES_NOT_METHOD_REVIEWED","BLOCKED_UNTIL_EXACT_METHOD_SOURCE_SAFETY_AND_LOCAL_REVIEW","DESIGN_ONLY_NOT_EXECUTED","Новый участник находит источник офлайн, объясняет границы, повторяет допустимую процедуру и получает результат в заранее заданном допуске.","0.4"
"PRJ-179","SCI-COMP-03","COMP","Практическая проверка: Файловые системы, права и контроль целостности","OBSERVATION_DATA_OR_CALCULATION","Объяснить базовую модель, выполнить допустимую для класса риска проверку и документировать пределы по теме «Файловые системы, права и контроль целостности».","SCI-COMP-02|SCI-METH-13|право остановить опыт|инструкция оборудования","TBD_NON_EXECUTABLE: точные item/model/material/range/PPE для воспроизводимый файл/тест должны быть утверждены до начала","Сформулировать вопрос; записать метод и единицы; выполнить создание/проверка hash и тест восстановления; сохранить сырые данные; повторить; оценить неопределённость; сделать ограниченный вывод.","создание/проверка hash и тест восстановления","SI или явно названный стандарт","TBD_BEFORE_EXECUTION_FROM_EXACT_METHOD: диапазон/критерий фиксируется до результата; post-hoc подгонка запрещена.","сырые данные + фото/скриншот при допустимости + расчёт + uncertainty + подпись reviewer + hash пакета","2","TBD_METHOD_SPECIFIC: range/resolution/bias/repeat spread/operator effects утверждаются до execution","Не переносить вывод за пределы данных; не собирать персональные/чувствительные данные без законного основания и согласия.","STOP при неясных правах, происхождении данных, этическом конфликте или невозможности сохранить исходные данные.","TBD_ITEM_SPECIFIC_AND_LOCAL: пока маршрут отходов не утверждён, физическое выполнение блокировано.","S0_OBSERVE_READ","Самостоятельно после проверки источника; опасное действие из текста не выполняется.","3","ANY_SAFE_PERIOD","records/science/SCI-COMP-03/YYYY-MM-DD/","PSP-071|PSP-120","PROVISIONAL_TOPIC_CANDIDATES_NOT_METHOD_REVIEWED","BLOCKED_UNTIL_EXACT_METHOD_SOURCE_SAFETY_AND_LOCAL_REVIEW","DESIGN_ONLY_NOT_EXECUTED","Новый участник находит источник офлайн, объясняет границы, повторяет допустимую процедуру и получает результат в заранее заданном допуске.","0.4"
"PRJ-180","SCI-COMP-04","COMP","Практическая проверка: Командная строка и автоматизация","OBSERVATION_DATA_OR_CALCULATION","Объяснить базовую модель, выполнить допустимую для класса риска проверку и документировать пределы по теме «Командная строка и автоматизация».","SCI-COMP-03|SCI-METH-13|право остановить опыт|инструкция оборудования","TBD_NON_EXECUTABLE: точные item/model/material/range/PPE для воспроизводимый файл/тест должны быть утверждены до начала","Сформулировать вопрос; записать метод и единицы; выполнить идемпотентный безопасный скрипт в тестовом каталоге; сохранить сырые данные; повторить; оценить неопределённость; сделать ограниченный вывод.","идемпотентный безопасный скрипт в тестовом каталоге","SI или явно названный стандарт","TBD_BEFORE_EXECUTION_FROM_EXACT_METHOD: диапазон/критерий фиксируется до результата; post-hoc подгонка запрещена.","сырые данные + фото/скриншот при допустимости + расчёт + uncertainty + подпись reviewer + hash пакета","2","TBD_METHOD_SPECIFIC: range/resolution/bias/repeat spread/operator effects утверждаются до execution","Не переносить вывод за пределы данных; не собирать персональные/чувствительные данные без законного основания и согласия.","STOP при неясных правах, происхождении данных, этическом конфликте или невозможности сохранить исходные данные.","TBD_ITEM_SPECIFIC_AND_LOCAL: пока маршрут отходов не утверждён, физическое выполнение блокировано.","S0_OBSERVE_READ","Самостоятельно после проверки источника; опасное действие из текста не выполняется.","3","ANY_SAFE_PERIOD","records/science/SCI-COMP-04/YYYY-MM-DD/","PSP-074|PSP-073","PROVISIONAL_TOPIC_CANDIDATES_NOT_METHOD_REVIEWED","BLOCKED_UNTIL_EXACT_METHOD_SOURCE_SAFETY_AND_LOCAL_REVIEW","DESIGN_ONLY_NOT_EXECUTED","Новый участник находит источник офлайн, объясняет границы, повторяет допустимую процедуру и получает результат в заранее заданном допуске.","0.4"
"PRJ-181","SCI-COMP-05","COMP","Практическая проверка: Python и воспроизводимый анализ","OBSERVATION_DATA_OR_CALCULATION","Объяснить базовую модель, выполнить допустимую для класса риска проверку и документировать пределы по теме «Python и воспроизводимый анализ».","SCI-COMP-04|SCI-METH-13|право остановить опыт|инструкция оборудования","TBD_NON_EXECUTABLE: точные item/model/material/range/PPE для воспроизводимый файл/тест должны быть утверждены до начала","Сформулировать вопрос; записать метод и единицы; выполнить скрипт читает CSV, считает результат и сохраняет версию; сохранить сырые данные; повторить; оценить неопределённость; сделать ограниченный вывод.","скрипт читает CSV, считает результат и сохраняет версию","SI или явно названный стандарт","TBD_BEFORE_EXECUTION_FROM_EXACT_METHOD: диапазон/критерий фиксируется до результата; post-hoc подгонка запрещена.","сырые данные + фото/скриншот при допустимости + расчёт + uncertainty + подпись reviewer + hash пакета","2","TBD_METHOD_SPECIFIC: range/resolution/bias/repeat spread/operator effects утверждаются до execution","Не переносить вывод за пределы данных; не собирать персональные/чувствительные данные без законного основания и согласия.","STOP при неясных правах, происхождении данных, этическом конфликте или невозможности сохранить исходные данные.","TBD_ITEM_SPECIFIC_AND_LOCAL: пока маршрут отходов не утверждён, физическое выполнение блокировано.","S0_OBSERVE_READ","Самостоятельно после проверки источника; опасное действие из текста не выполняется.","3","ANY_SAFE_PERIOD","records/science/SCI-COMP-05/YYYY-MM-DD/","PSP-073|SUP-MDE-016","PROVISIONAL_TOPIC_CANDIDATES_NOT_METHOD_REVIEWED","BLOCKED_UNTIL_EXACT_METHOD_SOURCE_SAFETY_AND_LOCAL_REVIEW","DESIGN_ONLY_NOT_EXECUTED","Новый участник находит источник офлайн, объясняет границы, повторяет допустимую процедуру и получает результат в заранее заданном допуске.","0.4"
"PRJ-182","SCI-COMP-06","COMP","Практическая проверка: C и память в изолированной учебной среде","OBSERVATION_DATA_OR_CALCULATION","Объяснить базовую модель, выполнить допустимую для класса риска проверку и документировать пределы по теме «C и память в изолированной учебной среде».","SCI-COMP-05|SCI-METH-13|право остановить опыт|инструкция оборудования","TBD_NON_EXECUTABLE: точные item/model/material/range/PPE для воспроизводимый файл/тест должны быть утверждены до начала","Сформулировать вопрос; записать метод и единицы; выполнить компиляция малого примера с предупреждениями; сохранить сырые данные; повторить; оценить неопределённость; сделать ограниченный вывод.","компиляция малого примера с предупреждениями","SI или явно названный стандарт","TBD_BEFORE_EXECUTION_FROM_EXACT_METHOD: диапазон/критерий фиксируется до результата; post-hoc подгонка запрещена.","сырые данные + фото/скриншот при допустимости + расчёт + uncertainty + подпись reviewer + hash пакета","2","TBD_METHOD_SPECIFIC: range/resolution/bias/repeat spread/operator effects утверждаются до execution","Не переносить вывод за пределы данных; не собирать персональные/чувствительные данные без законного основания и согласия.","STOP при неясных правах, происхождении данных, этическом конфликте или невозможности сохранить исходные данные.","TBD_ITEM_SPECIFIC_AND_LOCAL: пока маршрут отходов не утверждён, физическое выполнение блокировано.","S0_OBSERVE_READ","Самостоятельно после проверки источника; опасное действие из текста не выполняется.","3","ANY_SAFE_PERIOD","records/science/SCI-COMP-06/YYYY-MM-DD/","SUP-MDE-023|PSP-074","PROVISIONAL_TOPIC_CANDIDATES_NOT_METHOD_REVIEWED","BLOCKED_UNTIL_EXACT_METHOD_SOURCE_SAFETY_AND_LOCAL_REVIEW","DESIGN_ONLY_NOT_EXECUTED","Новый участник находит источник офлайн, объясняет границы, повторяет допустимую процедуру и получает результат в заранее заданном допуске.","0.4"
"PRJ-183","SCI-COMP-07","COMP","Практическая проверка: Алгоритмы и оценка сложности","OBSERVATION_DATA_OR_CALCULATION","Объяснить базовую модель, выполнить допустимую для класса риска проверку и документировать пределы по теме «Алгоритмы и оценка сложности».","SCI-COMP-06|SCI-METH-13|право остановить опыт|инструкция оборудования","TBD_NON_EXECUTABLE: точные item/model/material/range/PPE для воспроизводимый файл/тест должны быть утверждены до начала","Сформулировать вопрос; записать метод и единицы; выполнить сравнение времени двух методов на синтетических данных; сохранить сырые данные; повторить; оценить неопределённость; сделать ограниченный вывод.","сравнение времени двух методов на синтетических данных","SI или явно названный стандарт","TBD_BEFORE_EXECUTION_FROM_EXACT_METHOD: диапазон/критерий фиксируется до результата; post-hoc подгонка запрещена.","сырые данные + фото/скриншот при допустимости + расчёт + uncertainty + подпись reviewer + hash пакета","2","TBD_METHOD_SPECIFIC: range/resolution/bias/repeat spread/operator effects утверждаются до execution","Не переносить вывод за пределы данных; не собирать персональные/чувствительные данные без законного основания и согласия.","STOP при неясных правах, происхождении данных, этическом конфликте или невозможности сохранить исходные данные.","TBD_ITEM_SPECIFIC_AND_LOCAL: пока маршрут отходов не утверждён, физическое выполнение блокировано.","S0_OBSERVE_READ","Самостоятельно после проверки источника; опасное действие из текста не выполняется.","3","ANY_SAFE_PERIOD","records/science/SCI-COMP-07/YYYY-MM-DD/","PSP-020|PSP-073","PROVISIONAL_TOPIC_CANDIDATES_NOT_METHOD_REVIEWED","BLOCKED_UNTIL_EXACT_METHOD_SOURCE_SAFETY_AND_LOCAL_REVIEW","DESIGN_ONLY_NOT_EXECUTED","Новый участник находит источник офлайн, объясняет границы, повторяет допустимую процедуру и получает результат в заранее заданном допуске.","0.4"
"PRJ-184","SCI-COMP-08","COMP","Практическая проверка: Структуры данных и сериализация","OBSERVATION_DATA_OR_CALCULATION","Объяснить базовую модель, выполнить допустимую для класса риска проверку и документировать пределы по теме «Структуры данных и сериализация».","SCI-COMP-07|SCI-METH-13|право остановить опыт|инструкция оборудования","TBD_NON_EXECUTABLE: точные item/model/material/range/PPE для воспроизводимый файл/тест должны быть утверждены до начала","Сформулировать вопрос; записать метод и единицы; выполнить round-trip с проверкой эквивалентности; сохранить сырые данные; повторить; оценить неопределённость; сделать ограниченный вывод.","round-trip с проверкой эквивалентности","SI или явно названный стандарт","TBD_BEFORE_EXECUTION_FROM_EXACT_METHOD: диапазон/критерий фиксируется до результата; post-hoc подгонка запрещена.","сырые данные + фото/скриншот при допустимости + расчёт + uncertainty + подпись reviewer + hash пакета","2","TBD_METHOD_SPECIFIC: range/resolution/bias/repeat spread/operator effects утверждаются до execution","Не переносить вывод за пределы данных; не собирать персональные/чувствительные данные без законного основания и согласия.","STOP при неясных правах, происхождении данных, этическом конфликте или невозможности сохранить исходные данные.","TBD_ITEM_SPECIFIC_AND_LOCAL: пока маршрут отходов не утверждён, физическое выполнение блокировано.","S0_OBSERVE_READ","Самостоятельно после проверки источника; опасное действие из текста не выполняется.","3","ANY_SAFE_PERIOD","records/science/SCI-COMP-08/YYYY-MM-DD/","PSP-020|PSP-073","PROVISIONAL_TOPIC_CANDIDATES_NOT_METHOD_REVIEWED","BLOCKED_UNTIL_EXACT_METHOD_SOURCE_SAFETY_AND_LOCAL_REVIEW","DESIGN_ONLY_NOT_EXECUTED","Новый участник находит источник офлайн, объясняет границы, повторяет допустимую процедуру и получает результат в заранее заданном допуске.","0.4"
"PRJ-185","SCI-COMP-09","COMP","Практическая проверка: Реляционные базы, SQL и транзакции","OBSERVATION_DATA_OR_CALCULATION","Объяснить базовую модель, выполнить допустимую для класса риска проверку и документировать пределы по теме «Реляционные базы, SQL и транзакции».","SCI-COMP-08|SCI-METH-13|право остановить опыт|инструкция оборудования","TBD_NON_EXECUTABLE: точные item/model/material/range/PPE для воспроизводимый файл/тест должны быть утверждены до начала","Сформулировать вопрос; записать метод и единицы; выполнить создание локальной БД и проверка rollback; сохранить сырые данные; повторить; оценить неопределённость; сделать ограниченный вывод.","создание локальной БД и проверка rollback","SI или явно названный стандарт","TBD_BEFORE_EXECUTION_FROM_EXACT_METHOD: диапазон/критерий фиксируется до результата; post-hoc подгонка запрещена.","сырые данные + фото/скриншот при допустимости + расчёт + uncertainty + подпись reviewer + hash пакета","2","TBD_METHOD_SPECIFIC: range/resolution/bias/repeat spread/operator effects утверждаются до execution","Не переносить вывод за пределы данных; не собирать персональные/чувствительные данные без законного основания и согласия.","STOP при неясных правах, происхождении данных, этическом конфликте или невозможности сохранить исходные данные.","TBD_ITEM_SPECIFIC_AND_LOCAL: пока маршрут отходов не утверждён, физическое выполнение блокировано.","S0_OBSERVE_READ","Самостоятельно после проверки источника; опасное действие из текста не выполняется.","3","ANY_SAFE_PERIOD","records/science/SCI-COMP-09/YYYY-MM-DD/","PSP-077|PSP-076","PROVISIONAL_TOPIC_CANDIDATES_NOT_METHOD_REVIEWED","BLOCKED_UNTIL_EXACT_METHOD_SOURCE_SAFETY_AND_LOCAL_REVIEW","DESIGN_ONLY_NOT_EXECUTED","Новый участник находит источник офлайн, объясняет границы, повторяет допустимую процедуру и получает результат в заранее заданном допуске.","0.4"
"PRJ-186","SCI-COMP-10","COMP","Практическая проверка: Сети, адресация, DNS и маршрутизация","OBSERVATION_DATA_OR_CALCULATION","Объяснить базовую модель, выполнить допустимую для класса риска проверку и документировать пределы по теме «Сети, адресация, DNS и маршрутизация».","SCI-COMP-09|SCI-METH-13|право остановить опыт|инструкция оборудования","TBD_NON_EXECUTABLE: точные item/model/material/range/PPE для воспроизводимый файл/тест должны быть утверждены до начала","Сформулировать вопрос; записать метод и единицы; выполнить локальная лаборатория без сканирования чужих систем; сохранить сырые данные; повторить; оценить неопределённость; сделать ограниченный вывод.","локальная лаборатория без сканирования чужих систем","SI или явно названный стандарт","TBD_BEFORE_EXECUTION_FROM_EXACT_METHOD: диапазон/критерий фиксируется до результата; post-hoc подгонка запрещена.","сырые данные + фото/скриншот при допустимости + расчёт + uncertainty + подпись reviewer + hash пакета","2","TBD_METHOD_SPECIFIC: range/resolution/bias/repeat spread/operator effects утверждаются до execution","Не переносить вывод за пределы данных; не собирать персональные/чувствительные данные без законного основания и согласия.","STOP при неясных правах, происхождении данных, этическом конфликте или невозможности сохранить исходные данные.","TBD_ITEM_SPECIFIC_AND_LOCAL: пока маршрут отходов не утверждён, физическое выполнение блокировано.","S0_OBSERVE_READ","Самостоятельно после проверки источника; опасное действие из текста не выполняется.","3","ANY_SAFE_PERIOD","records/science/SCI-COMP-10/YYYY-MM-DD/","PSP-075|PSP-071","PROVISIONAL_TOPIC_CANDIDATES_NOT_METHOD_REVIEWED","BLOCKED_UNTIL_EXACT_METHOD_SOURCE_SAFETY_AND_LOCAL_REVIEW","DESIGN_ONLY_NOT_EXECUTED","Новый участник находит источник офлайн, объясняет границы, повторяет допустимую процедуру и получает результат в заранее заданном допуске.","0.4"
"PRJ-187","SCI-COMP-11","COMP","Практическая проверка: Web, HTTP и автономное зеркалирование","OBSERVATION_DATA_OR_CALCULATION","Объяснить базовую модель, выполнить допустимую для класса риска проверку и документировать пределы по теме «Web, HTTP и автономное зеркалирование».","SCI-COMP-10|SCI-METH-13|право остановить опыт|инструкция оборудования","TBD_NON_EXECUTABLE: точные item/model/material/range/PPE для воспроизводимый файл/тест должны быть утверждены до начала","Сформулировать вопрос; записать метод и единицы; выполнить локальный статический сайт с сохранённым происхождением; сохранить сырые данные; повторить; оценить неопределённость; сделать ограниченный вывод.","локальный статический сайт с сохранённым происхождением","SI или явно названный стандарт","TBD_BEFORE_EXECUTION_FROM_EXACT_METHOD: диапазон/критерий фиксируется до результата; post-hoc подгонка запрещена.","сырые данные + фото/скриншот при допустимости + расчёт + uncertainty + подпись reviewer + hash пакета","2","TBD_METHOD_SPECIFIC: range/resolution/bias/repeat spread/operator effects утверждаются до execution","Не переносить вывод за пределы данных; не собирать персональные/чувствительные данные без законного основания и согласия.","STOP при неясных правах, происхождении данных, этическом конфликте или невозможности сохранить исходные данные.","TBD_ITEM_SPECIFIC_AND_LOCAL: пока маршрут отходов не утверждён, физическое выполнение блокировано.","S0_OBSERVE_READ","Самостоятельно после проверки источника; опасное действие из текста не выполняется.","3","ANY_SAFE_PERIOD","records/science/SCI-COMP-11/YYYY-MM-DD/","PSP-113|PSP-085","PROVISIONAL_TOPIC_CANDIDATES_NOT_METHOD_REVIEWED","BLOCKED_UNTIL_EXACT_METHOD_SOURCE_SAFETY_AND_LOCAL_REVIEW","DESIGN_ONLY_NOT_EXECUTED","Новый участник находит источник офлайн, объясняет границы, повторяет допустимую процедуру и получает результат в заранее заданном допуске.","0.4"
"PRJ-188","SCI-COMP-12","COMP","Практическая проверка: Версионный контроль и выпуск","OBSERVATION_DATA_OR_CALCULATION","Объяснить базовую модель, выполнить допустимую для класса риска проверку и документировать пределы по теме «Версионный контроль и выпуск».","SCI-COMP-11|SCI-METH-13|право остановить опыт|инструкция оборудования","TBD_NON_EXECUTABLE: точные item/model/material/range/PPE для воспроизводимый файл/тест должны быть утверждены до начала","Сформулировать вопрос; записать метод и единицы; выполнить commit, tag, changelog и проверяемая сборка; сохранить сырые данные; повторить; оценить неопределённость; сделать ограниченный вывод.","commit, tag, changelog и проверяемая сборка","SI или явно названный стандарт","TBD_BEFORE_EXECUTION_FROM_EXACT_METHOD: диапазон/критерий фиксируется до результата; post-hoc подгонка запрещена.","сырые данные + фото/скриншот при допустимости + расчёт + uncertainty + подпись reviewer + hash пакета","2","TBD_METHOD_SPECIFIC: range/resolution/bias/repeat spread/operator effects утверждаются до execution","Не переносить вывод за пределы данных; не собирать персональные/чувствительные данные без законного основания и согласия.","STOP при неясных правах, происхождении данных, этическом конфликте или невозможности сохранить исходные данные.","TBD_ITEM_SPECIFIC_AND_LOCAL: пока маршрут отходов не утверждён, физическое выполнение блокировано.","S0_OBSERVE_READ","Самостоятельно после проверки источника; опасное действие из текста не выполняется.","3","ANY_SAFE_PERIOD","records/science/SCI-COMP-12/YYYY-MM-DD/","PSP-078|PSP-120","PROVISIONAL_TOPIC_CANDIDATES_NOT_METHOD_REVIEWED","BLOCKED_UNTIL_EXACT_METHOD_SOURCE_SAFETY_AND_LOCAL_REVIEW","DESIGN_ONLY_NOT_EXECUTED","Новый участник находит источник офлайн, объясняет границы, повторяет допустимую процедуру и получает результат в заранее заданном допуске.","0.4"
"PRJ-189","SCI-COMP-13","COMP","Практическая проверка: Защитная кибербезопасность и моделирование угроз","OBSERVATION_DATA_OR_CALCULATION","Объяснить базовую модель, выполнить допустимую для класса риска проверку и документировать пределы по теме «Защитная кибербезопасность и моделирование угроз».","SCI-COMP-12|SCI-METH-13|право остановить опыт|инструкция оборудования","TBD_NON_EXECUTABLE: точные item/model/material/range/PPE для воспроизводимый файл/тест должны быть утверждены до начала","Сформулировать вопрос; записать метод и единицы; выполнить аудит собственных активов; offensive-операции исключены; сохранить сырые данные; повторить; оценить неопределённость; сделать ограниченный вывод.","аудит собственных активов; offensive-операции исключены","SI или явно названный стандарт","TBD_BEFORE_EXECUTION_FROM_EXACT_METHOD: диапазон/критерий фиксируется до результата; post-hoc подгонка запрещена.","сырые данные + фото/скриншот при допустимости + расчёт + uncertainty + подпись reviewer + hash пакета","2","TBD_METHOD_SPECIFIC: range/resolution/bias/repeat spread/operator effects утверждаются до execution","Не переносить вывод за пределы данных; не собирать персональные/чувствительные данные без законного основания и согласия.","STOP при неясных правах, происхождении данных, этическом конфликте или невозможности сохранить исходные данные.","TBD_ITEM_SPECIFIC_AND_LOCAL: пока маршрут отходов не утверждён, физическое выполнение блокировано.","S0_OBSERVE_READ","Самостоятельно после проверки источника; опасное действие из текста не выполняется.","3","ANY_SAFE_PERIOD","records/science/SCI-COMP-13/YYYY-MM-DD/","PSP-071|PSP-120","PROVISIONAL_TOPIC_CANDIDATES_NOT_METHOD_REVIEWED","BLOCKED_UNTIL_EXACT_METHOD_SOURCE_SAFETY_AND_LOCAL_REVIEW","DESIGN_ONLY_NOT_EXECUTED","Новый участник находит источник офлайн, объясняет границы, повторяет допустимую процедуру и получает результат в заранее заданном допуске.","0.4"
"PRJ-190","SCI-COMP-14","COMP","Практическая проверка: Шифрование, ключи, recovery и succession","OBSERVATION_DATA_OR_CALCULATION","Объяснить базовую модель, выполнить допустимую для класса риска проверку и документировать пределы по теме «Шифрование, ключи, recovery и succession».","SCI-COMP-13|SCI-METH-13|право остановить опыт|инструкция оборудования","TBD_NON_EXECUTABLE: точные item/model/material/range/PPE для воспроизводимый файл/тест должны быть утверждены до начала","Сформулировать вопрос; записать метод и единицы; выполнить тест восстановления на учебном ключе без реальных секретов; сохранить сырые данные; повторить; оценить неопределённость; сделать ограниченный вывод.","тест восстановления на учебном ключе без реальных секретов","SI или явно названный стандарт","TBD_BEFORE_EXECUTION_FROM_EXACT_METHOD: диапазон/критерий фиксируется до результата; post-hoc подгонка запрещена.","сырые данные + фото/скриншот при допустимости + расчёт + uncertainty + подпись reviewer + hash пакета","2","TBD_METHOD_SPECIFIC: range/resolution/bias/repeat spread/operator effects утверждаются до execution","Не переносить вывод за пределы данных; не собирать персональные/чувствительные данные без законного основания и согласия.","STOP при неясных правах, происхождении данных, этическом конфликте или невозможности сохранить исходные данные.","TBD_ITEM_SPECIFIC_AND_LOCAL: пока маршрут отходов не утверждён, физическое выполнение блокировано.","S0_OBSERVE_READ","Самостоятельно после проверки источника; опасное действие из текста не выполняется.","3","ANY_SAFE_PERIOD","records/science/SCI-COMP-14/YYYY-MM-DD/","PSP-071|PSP-120","PROVISIONAL_TOPIC_CANDIDATES_NOT_METHOD_REVIEWED","BLOCKED_UNTIL_EXACT_METHOD_SOURCE_SAFETY_AND_LOCAL_REVIEW","DESIGN_ONLY_NOT_EXECUTED","Новый участник находит источник офлайн, объясняет границы, повторяет допустимую процедуру и получает результат в заранее заданном допуске.","0.4"
"PRJ-191","SCI-COMP-15","COMP","Практическая проверка: Встраиваемые системы и низкопотребляющий логгер","LOW_RISK_BENCH_OR_FIELD","Объяснить базовую модель, выполнить допустимую для класса риска проверку и документировать пределы по теме «Встраиваемые системы и низкопотребляющий логгер».","SCI-COMP-14|SCI-METH-13|право остановить опыт|инструкция оборудования","TBD_NON_EXECUTABLE: точные item/model/material/range/PPE для воспроизводимый файл/тест должны быть утверждены до начала","Сформулировать вопрос; записать метод и единицы; выполнить безопасный датчик и экспорт сырых данных; сохранить сырые данные; повторить; оценить неопределённость; сделать ограниченный вывод.","безопасный датчик и экспорт сырых данных","SI или явно названный стандарт","TBD_BEFORE_EXECUTION_FROM_EXACT_METHOD: диапазон/критерий фиксируется до результата; post-hoc подгонка запрещена.","сырые данные + фото/скриншот при допустимости + расчёт + uncertainty + подпись reviewer + hash пакета","3","TBD_METHOD_SPECIFIC: range/resolution/bias/repeat spread/operator effects утверждаются до execution","DESIGN_PLACEHOLDER_NOT_EXECUTABLE: item-specific hazard analysis, материалы, энергия, концентрация, СИЗ и отходы ещё не утверждены.","BLOCKED_BEFORE_START: до точного method/source review запрещено начинать; после review нужны наблюдаемые численные/событийные stop conditions.","TBD_ITEM_SPECIFIC_AND_LOCAL: пока маршрут отходов не утверждён, физическое выполнение блокировано.","S1_LOW_RISK_HOUSEHOLD","S1 допускается только после замены всех DESIGN/TBD полей точным low-risk методом и независимой safety-проверки.","3","ANY_SAFE_PERIOD","records/science/SCI-COMP-15/YYYY-MM-DD/","PSP-107|PSP-108","PROVISIONAL_TOPIC_CANDIDATES_NOT_METHOD_REVIEWED","BLOCKED_UNTIL_EXACT_METHOD_SOURCE_SAFETY_AND_LOCAL_REVIEW","DESIGN_ONLY_NOT_EXECUTED","Новый участник находит источник офлайн, объясняет границы, повторяет допустимую процедуру и получает результат в заранее заданном допуске.","0.4"
"PRJ-192","SCI-COMP-16","COMP","Практическая проверка: Научные вычисления, численная проверка и тесты","OBSERVATION_DATA_OR_CALCULATION","Объяснить базовую модель, выполнить допустимую для класса риска проверку и документировать пределы по теме «Научные вычисления, численная проверка и тесты».","SCI-COMP-15|SCI-METH-13|право остановить опыт|инструкция оборудования","TBD_NON_EXECUTABLE: точные item/model/material/range/PPE для воспроизводимый файл/тест должны быть утверждены до начала","Сформулировать вопрос; записать метод и единицы; выполнить сравнение с известным эталонным результатом; сохранить сырые данные; повторить; оценить неопределённость; сделать ограниченный вывод.","сравнение с известным эталонным результатом","SI или явно названный стандарт","TBD_BEFORE_EXECUTION_FROM_EXACT_METHOD: диапазон/критерий фиксируется до результата; post-hoc подгонка запрещена.","сырые данные + фото/скриншот при допустимости + расчёт + uncertainty + подпись reviewer + hash пакета","2","TBD_METHOD_SPECIFIC: range/resolution/bias/repeat spread/operator effects утверждаются до execution","Не переносить вывод за пределы данных; не собирать персональные/чувствительные данные без законного основания и согласия.","STOP при неясных правах, происхождении данных, этическом конфликте или невозможности сохранить исходные данные.","TBD_ITEM_SPECIFIC_AND_LOCAL: пока маршрут отходов не утверждён, физическое выполнение блокировано.","S0_OBSERVE_READ","Самостоятельно после проверки источника; опасное действие из текста не выполняется.","3","ANY_SAFE_PERIOD","records/science/SCI-COMP-16/YYYY-MM-DD/","SUP-MDE-016|PSP-005","PROVISIONAL_TOPIC_CANDIDATES_NOT_METHOD_REVIEWED","BLOCKED_UNTIL_EXACT_METHOD_SOURCE_SAFETY_AND_LOCAL_REVIEW","DESIGN_ONLY_NOT_EXECUTED","Новый участник находит источник офлайн, объясняет границы, повторяет допустимую процедуру и получает результат в заранее заданном допуске.","0.4"
"PRJ-193","SCI-COMP-17","COMP","Практическая проверка: Открытые GIS/CAD/EDA-инструменты","OBSERVATION_DATA_OR_CALCULATION","Объяснить базовую модель, выполнить допустимую для класса риска проверку и документировать пределы по теме «Открытые GIS/CAD/EDA-инструменты».","SCI-COMP-16|SCI-METH-13|право остановить опыт|инструкция оборудования","TBD_NON_EXECUTABLE: точные item/model/material/range/PPE для воспроизводимый файл/тест должны быть утверждены до начала","Сформулировать вопрос; записать метод и единицы; выполнить файл проекта, открываемый на второй машине; сохранить сырые данные; повторить; оценить неопределённость; сделать ограниченный вывод.","файл проекта, открываемый на второй машине","SI или явно названный стандарт","TBD_BEFORE_EXECUTION_FROM_EXACT_METHOD: диапазон/критерий фиксируется до результата; post-hoc подгонка запрещена.","сырые данные + фото/скриншот при допустимости + расчёт + uncertainty + подпись reviewer + hash пакета","2","TBD_METHOD_SPECIFIC: range/resolution/bias/repeat spread/operator effects утверждаются до execution","Не переносить вывод за пределы данных; не собирать персональные/чувствительные данные без законного основания и согласия.","STOP при неясных правах, происхождении данных, этическом конфликте или невозможности сохранить исходные данные.","TBD_ITEM_SPECIFIC_AND_LOCAL: пока маршрут отходов не утверждён, физическое выполнение блокировано.","S0_OBSERVE_READ","Самостоятельно после проверки источника; опасное действие из текста не выполняется.","3","ANY_SAFE_PERIOD","records/science/SCI-COMP-17/YYYY-MM-DD/","PSP-079|PSP-080|PSP-081","PROVISIONAL_TOPIC_CANDIDATES_NOT_METHOD_REVIEWED","BLOCKED_UNTIL_EXACT_METHOD_SOURCE_SAFETY_AND_LOCAL_REVIEW","DESIGN_ONLY_NOT_EXECUTED","Новый участник находит источник офлайн, объясняет границы, повторяет допустимую процедуру и получает результат в заранее заданном допуске.","0.4"
"PRJ-194","SCI-EDU-01","EDU","Практическая проверка: Грамотность и чтение технического текста","OBSERVATION_DATA_OR_CALCULATION","Объяснить базовую модель, выполнить допустимую для класса риска проверку и документировать пределы по теме «Грамотность и чтение технического текста».","SCI-METH-01|SCI-METH-07|SCI-METH-14|право остановить опыт|инструкция оборудования","TBD_NON_EXECUTABLE: точные item/model/material/range/PPE для демонстрация mastery должны быть утверждены до начала","Сформулировать вопрос; записать метод и единицы; выполнить пересказ инструкции с выделением условий и запретов; сохранить сырые данные; повторить; оценить неопределённость; сделать ограниченный вывод.","пересказ инструкции с выделением условий и запретов","SI или явно названный стандарт","TBD_BEFORE_EXECUTION_FROM_EXACT_METHOD: диапазон/критерий фиксируется до результата; post-hoc подгонка запрещена.","сырые данные + фото/скриншот при допустимости + расчёт + uncertainty + подпись reviewer + hash пакета","2","TBD_METHOD_SPECIFIC: range/resolution/bias/repeat spread/operator effects утверждаются до execution","Не переносить вывод за пределы данных; не собирать персональные/чувствительные данные без законного основания и согласия.","STOP при неясных правах, происхождении данных, этическом конфликте или невозможности сохранить исходные данные.","TBD_ITEM_SPECIFIC_AND_LOCAL: пока маршрут отходов не утверждён, физическое выполнение блокировано.","S0_OBSERVE_READ","Самостоятельно после проверки источника; опасное действие из текста не выполняется.","3","ANY_SAFE_PERIOD","records/science/SCI-EDU-01/YYYY-MM-DD/","PSP-025|PSP-099","PROVISIONAL_TOPIC_CANDIDATES_NOT_METHOD_REVIEWED","BLOCKED_UNTIL_EXACT_METHOD_SOURCE_SAFETY_AND_LOCAL_REVIEW","DESIGN_ONLY_NOT_EXECUTED","Новый участник находит источник офлайн, объясняет границы, повторяет допустимую процедуру и получает результат в заранее заданном допуске.","0.4"
"PRJ-195","SCI-EDU-02","EDU","Практическая проверка: Многоязычные словари RU/UK/PT/EN","OBSERVATION_DATA_OR_CALCULATION","Объяснить базовую модель, выполнить допустимую для класса риска проверку и документировать пределы по теме «Многоязычные словари RU/UK/PT/EN».","SCI-EDU-01|SCI-METH-13|право остановить опыт|инструкция оборудования","TBD_NON_EXECUTABLE: точные item/model/material/range/PPE для демонстрация mastery должны быть утверждены до начала","Сформулировать вопрос; записать метод и единицы; выполнить двусторонняя карточка термин–определение–контекст; сохранить сырые данные; повторить; оценить неопределённость; сделать ограниченный вывод.","двусторонняя карточка термин–определение–контекст","SI или явно названный стандарт","TBD_BEFORE_EXECUTION_FROM_EXACT_METHOD: диапазон/критерий фиксируется до результата; post-hoc подгонка запрещена.","сырые данные + фото/скриншот при допустимости + расчёт + uncertainty + подпись reviewer + hash пакета","2","TBD_METHOD_SPECIFIC: range/resolution/bias/repeat spread/operator effects утверждаются до execution","Не переносить вывод за пределы данных; не собирать персональные/чувствительные данные без законного основания и согласия.","STOP при неясных правах, происхождении данных, этическом конфликте или невозможности сохранить исходные данные.","TBD_ITEM_SPECIFIC_AND_LOCAL: пока маршрут отходов не утверждён, физическое выполнение блокировано.","S0_OBSERVE_READ","Самостоятельно после проверки источника; опасное действие из текста не выполняется.","3","ANY_SAFE_PERIOD","records/science/SCI-EDU-02/YYYY-MM-DD/","PSP-029|PSP-100","PROVISIONAL_TOPIC_CANDIDATES_NOT_METHOD_REVIEWED","BLOCKED_UNTIL_EXACT_METHOD_SOURCE_SAFETY_AND_LOCAL_REVIEW","DESIGN_ONLY_NOT_EXECUTED","Новый участник находит источник офлайн, объясняет границы, повторяет допустимую процедуру и получает результат в заранее заданном допуске.","0.4"
"PRJ-196","SCI-EDU-03","EDU","Практическая проверка: Числовая грамотность и бытовые расчёты","OBSERVATION_DATA_OR_CALCULATION","Объяснить базовую модель, выполнить допустимую для класса риска проверку и документировать пределы по теме «Числовая грамотность и бытовые расчёты».","SCI-EDU-02|SCI-METH-13|право остановить опыт|инструкция оборудования","TBD_NON_EXECUTABLE: точные item/model/material/range/PPE для демонстрация mastery должны быть утверждены до начала","Сформулировать вопрос; записать метод и единицы; выполнить оценка, расчёт, единица и здравый контроль результата; сохранить сырые данные; повторить; оценить неопределённость; сделать ограниченный вывод.","оценка, расчёт, единица и здравый контроль результата","SI или явно названный стандарт","TBD_BEFORE_EXECUTION_FROM_EXACT_METHOD: диапазон/критерий фиксируется до результата; post-hoc подгонка запрещена.","сырые данные + фото/скриншот при допустимости + расчёт + uncertainty + подпись reviewer + hash пакета","2","TBD_METHOD_SPECIFIC: range/resolution/bias/repeat spread/operator effects утверждаются до execution","Не переносить вывод за пределы данных; не собирать персональные/чувствительные данные без законного основания и согласия.","STOP при неясных правах, происхождении данных, этическом конфликте или невозможности сохранить исходные данные.","TBD_ITEM_SPECIFIC_AND_LOCAL: пока маршрут отходов не утверждён, физическое выполнение блокировано.","S0_OBSERVE_READ","Самостоятельно после проверки источника; опасное действие из текста не выполняется.","3","ANY_SAFE_PERIOD","records/science/SCI-EDU-03/YYYY-MM-DD/","PSP-011|PSP-025","PROVISIONAL_TOPIC_CANDIDATES_NOT_METHOD_REVIEWED","BLOCKED_UNTIL_EXACT_METHOD_SOURCE_SAFETY_AND_LOCAL_REVIEW","DESIGN_ONLY_NOT_EXECUTED","Новый участник находит источник офлайн, объясняет границы, повторяет допустимую процедуру и получает результат в заранее заданном допуске.","0.4"
"PRJ-197","SCI-EDU-04","EDU","Практическая проверка: Педагогика, память и интервальное повторение","OBSERVATION_DATA_OR_CALCULATION","Объяснить базовую модель, выполнить допустимую для класса риска проверку и документировать пределы по теме «Педагогика, память и интервальное повторение».","SCI-EDU-03|SCI-METH-13|право остановить опыт|инструкция оборудования","TBD_NON_EXECUTABLE: точные item/model/material/range/PPE для демонстрация mastery должны быть утверждены до начала","Сформулировать вопрос; записать метод и единицы; выполнить план занятия с retrieval practice; сохранить сырые данные; повторить; оценить неопределённость; сделать ограниченный вывод.","план занятия с retrieval practice","SI или явно названный стандарт","TBD_BEFORE_EXECUTION_FROM_EXACT_METHOD: диапазон/критерий фиксируется до результата; post-hoc подгонка запрещена.","сырые данные + фото/скриншот при допустимости + расчёт + uncertainty + подпись reviewer + hash пакета","2","TBD_METHOD_SPECIFIC: range/resolution/bias/repeat spread/operator effects утверждаются до execution","Не переносить вывод за пределы данных; не собирать персональные/чувствительные данные без законного основания и согласия.","STOP при неясных правах, происхождении данных, этическом конфликте или невозможности сохранить исходные данные.","TBD_ITEM_SPECIFIC_AND_LOCAL: пока маршрут отходов не утверждён, физическое выполнение блокировано.","S0_OBSERVE_READ","Самостоятельно после проверки источника; опасное действие из текста не выполняется.","3","ANY_SAFE_PERIOD","records/science/SCI-EDU-04/YYYY-MM-DD/","PSP-119|SUP-MDE-004","PROVISIONAL_TOPIC_CANDIDATES_NOT_METHOD_REVIEWED","BLOCKED_UNTIL_EXACT_METHOD_SOURCE_SAFETY_AND_LOCAL_REVIEW","DESIGN_ONLY_NOT_EXECUTED","Новый участник находит источник офлайн, объясняет границы, повторяет допустимую процедуру и получает результат в заранее заданном допуске.","0.4"
"PRJ-198","SCI-EDU-05","EDU","Практическая проверка: Карта программы и зависимости тем","OBSERVATION_DATA_OR_CALCULATION","Объяснить базовую модель, выполнить допустимую для класса риска проверку и документировать пределы по теме «Карта программы и зависимости тем».","SCI-EDU-04|SCI-METH-13|право остановить опыт|инструкция оборудования","TBD_NON_EXECUTABLE: точные item/model/material/range/PPE для демонстрация mastery должны быть утверждены до начала","Сформулировать вопрос; записать метод и единицы; выполнить граф prerequisite → lesson → demonstration; сохранить сырые данные; повторить; оценить неопределённость; сделать ограниченный вывод.","граф prerequisite → lesson → demonstration","SI или явно названный стандарт","TBD_BEFORE_EXECUTION_FROM_EXACT_METHOD: диапазон/критерий фиксируется до результата; post-hoc подгонка запрещена.","сырые данные + фото/скриншот при допустимости + расчёт + uncertainty + подпись reviewer + hash пакета","2","TBD_METHOD_SPECIFIC: range/resolution/bias/repeat spread/operator effects утверждаются до execution","Не переносить вывод за пределы данных; не собирать персональные/чувствительные данные без законного основания и согласия.","STOP при неясных правах, происхождении данных, этическом конфликте или невозможности сохранить исходные данные.","TBD_ITEM_SPECIFIC_AND_LOCAL: пока маршрут отходов не утверждён, физическое выполнение блокировано.","S0_OBSERVE_READ","Самостоятельно после проверки источника; опасное действие из текста не выполняется.","3","ANY_SAFE_PERIOD","records/science/SCI-EDU-05/YYYY-MM-DD/","PSP-119|SUP-MDE-004","PROVISIONAL_TOPIC_CANDIDATES_NOT_METHOD_REVIEWED","BLOCKED_UNTIL_EXACT_METHOD_SOURCE_SAFETY_AND_LOCAL_REVIEW","DESIGN_ONLY_NOT_EXECUTED","Новый участник находит источник офлайн, объясняет границы, повторяет допустимую процедуру и получает результат в заранее заданном допуске.","0.4"
"PRJ-199","SCI-EDU-06","EDU","Практическая проверка: Оценивание без подсказки и критерии mastery","OBSERVATION_DATA_OR_CALCULATION","Объяснить базовую модель, выполнить допустимую для класса риска проверку и документировать пределы по теме «Оценивание без подсказки и критерии mastery».","SCI-EDU-05|SCI-METH-13|право остановить опыт|инструкция оборудования","TBD_NON_EXECUTABLE: точные item/model/material/range/PPE для демонстрация mastery должны быть утверждены до начала","Сформулировать вопрос; записать метод и единицы; выполнить слепое практическое задание по рубрике; сохранить сырые данные; повторить; оценить неопределённость; сделать ограниченный вывод.","слепое практическое задание по рубрике","SI или явно названный стандарт","TBD_BEFORE_EXECUTION_FROM_EXACT_METHOD: диапазон/критерий фиксируется до результата; post-hoc подгонка запрещена.","сырые данные + фото/скриншот при допустимости + расчёт + uncertainty + подпись reviewer + hash пакета","2","TBD_METHOD_SPECIFIC: range/resolution/bias/repeat spread/operator effects утверждаются до execution","Не переносить вывод за пределы данных; не собирать персональные/чувствительные данные без законного основания и согласия.","STOP при неясных правах, происхождении данных, этическом конфликте или невозможности сохранить исходные данные.","TBD_ITEM_SPECIFIC_AND_LOCAL: пока маршрут отходов не утверждён, физическое выполнение блокировано.","S0_OBSERVE_READ","Самостоятельно после проверки источника; опасное действие из текста не выполняется.","3","ANY_SAFE_PERIOD","records/science/SCI-EDU-06/YYYY-MM-DD/","PSP-119|SUP-MDE-004","PROVISIONAL_TOPIC_CANDIDATES_NOT_METHOD_REVIEWED","BLOCKED_UNTIL_EXACT_METHOD_SOURCE_SAFETY_AND_LOCAL_REVIEW","DESIGN_ONLY_NOT_EXECUTED","Новый участник находит источник офлайн, объясняет границы, повторяет допустимую процедуру и получает результат в заранее заданном допуске.","0.4"
"PRJ-200","SCI-EDU-07","EDU","Практическая проверка: Ученичество, наблюдение и постепенный допуск","OBSERVATION_DATA_OR_CALCULATION","Объяснить базовую модель, выполнить допустимую для класса риска проверку и документировать пределы по теме «Ученичество, наблюдение и постепенный допуск».","SCI-EDU-06|SCI-METH-13|право остановить опыт|инструкция оборудования","TBD_NON_EXECUTABLE: точные item/model/material/range/PPE для демонстрация mastery должны быть утверждены до начала","Сформулировать вопрос; записать метод и единицы; выполнить матрица observe → assist → supervised → independent; сохранить сырые данные; повторить; оценить неопределённость; сделать ограниченный вывод.","матрица observe → assist → supervised → independent","SI или явно названный стандарт","TBD_BEFORE_EXECUTION_FROM_EXACT_METHOD: диапазон/критерий фиксируется до результата; post-hoc подгонка запрещена.","сырые данные + фото/скриншот при допустимости + расчёт + uncertainty + подпись reviewer + hash пакета","2","TBD_METHOD_SPECIFIC: range/resolution/bias/repeat spread/operator effects утверждаются до execution","Не переносить вывод за пределы данных; не собирать персональные/чувствительные данные без законного основания и согласия.","STOP при неясных правах, происхождении данных, этическом конфликте или невозможности сохранить исходные данные.","TBD_ITEM_SPECIFIC_AND_LOCAL: пока маршрут отходов не утверждён, физическое выполнение блокировано.","S0_OBSERVE_READ","Самостоятельно после проверки источника; опасное действие из текста не выполняется.","3","ANY_SAFE_PERIOD","records/science/SCI-EDU-07/YYYY-MM-DD/","PSP-119|SUP-MDE-004","PROVISIONAL_TOPIC_CANDIDATES_NOT_METHOD_REVIEWED","BLOCKED_UNTIL_EXACT_METHOD_SOURCE_SAFETY_AND_LOCAL_REVIEW","DESIGN_ONLY_NOT_EXECUTED","Новый участник находит источник офлайн, объясняет границы, повторяет допустимую процедуру и получает результат в заранее заданном допуске.","0.4"
"PRJ-201","SCI-EDU-08","EDU","Практическая проверка: Техническое письмо, схемы и чек-листы","OBSERVATION_DATA_OR_CALCULATION","Объяснить базовую модель, выполнить допустимую для класса риска проверку и документировать пределы по теме «Техническое письмо, схемы и чек-листы».","SCI-EDU-07|SCI-METH-13|право остановить опыт|инструкция оборудования","TBD_NON_EXECUTABLE: точные item/model/material/range/PPE для демонстрация mastery должны быть утверждены до начала","Сформулировать вопрос; записать метод и единицы; выполнить однозначная инструкция, проверенная вторым человеком; сохранить сырые данные; повторить; оценить неопределённость; сделать ограниченный вывод.","однозначная инструкция, проверенная вторым человеком","SI или явно названный стандарт","TBD_BEFORE_EXECUTION_FROM_EXACT_METHOD: диапазон/критерий фиксируется до результата; post-hoc подгонка запрещена.","сырые данные + фото/скриншот при допустимости + расчёт + uncertainty + подпись reviewer + hash пакета","2","TBD_METHOD_SPECIFIC: range/resolution/bias/repeat spread/operator effects утверждаются до execution","Не переносить вывод за пределы данных; не собирать персональные/чувствительные данные без законного основания и согласия.","STOP при неясных правах, происхождении данных, этическом конфликте или невозможности сохранить исходные данные.","TBD_ITEM_SPECIFIC_AND_LOCAL: пока маршрут отходов не утверждён, физическое выполнение блокировано.","S0_OBSERVE_READ","Самостоятельно после проверки источника; опасное действие из текста не выполняется.","3","ANY_SAFE_PERIOD","records/science/SCI-EDU-08/YYYY-MM-DD/","PSP-082|PSP-119","PROVISIONAL_TOPIC_CANDIDATES_NOT_METHOD_REVIEWED","BLOCKED_UNTIL_EXACT_METHOD_SOURCE_SAFETY_AND_LOCAL_REVIEW","DESIGN_ONLY_NOT_EXECUTED","Новый участник находит источник офлайн, объясняет границы, повторяет допустимую процедуру и получает результат в заранее заданном допуске.","0.4"
"PRJ-202","SCI-EDU-09","EDU","Практическая проверка: Технический перевод и опасные неоднозначности","OBSERVATION_DATA_OR_CALCULATION","Объяснить базовую модель, выполнить допустимую для класса риска проверку и документировать пределы по теме «Технический перевод и опасные неоднозначности».","SCI-EDU-08|SCI-METH-13|право остановить опыт|инструкция оборудования","TBD_NON_EXECUTABLE: точные item/model/material/range/PPE для демонстрация mastery должны быть утверждены до начала","Сформулировать вопрос; записать метод и единицы; выполнить двуязычная проверка единиц, отрицаний и стоп-условий; сохранить сырые данные; повторить; оценить неопределённость; сделать ограниченный вывод.","двуязычная проверка единиц, отрицаний и стоп-условий","SI или явно названный стандарт","TBD_BEFORE_EXECUTION_FROM_EXACT_METHOD: диапазон/критерий фиксируется до результата; post-hoc подгонка запрещена.","сырые данные + фото/скриншот при допустимости + расчёт + uncertainty + подпись reviewer + hash пакета","2","TBD_METHOD_SPECIFIC: range/resolution/bias/repeat spread/operator effects утверждаются до execution","Не переносить вывод за пределы данных; не собирать персональные/чувствительные данные без законного основания и согласия.","STOP при неясных правах, происхождении данных, этическом конфликте или невозможности сохранить исходные данные.","TBD_ITEM_SPECIFIC_AND_LOCAL: пока маршрут отходов не утверждён, физическое выполнение блокировано.","S0_OBSERVE_READ","Самостоятельно после проверки источника; опасное действие из текста не выполняется.","3","ANY_SAFE_PERIOD","records/science/SCI-EDU-09/YYYY-MM-DD/","PSP-029|PSP-100","PROVISIONAL_TOPIC_CANDIDATES_NOT_METHOD_REVIEWED","BLOCKED_UNTIL_EXACT_METHOD_SOURCE_SAFETY_AND_LOCAL_REVIEW","DESIGN_ONLY_NOT_EXECUTED","Новый участник находит источник офлайн, объясняет границы, повторяет допустимую процедуру и получает результат в заранее заданном допуске.","0.4"
"PRJ-203","SCI-EDU-10","EDU","Практическая проверка: Доступность: зрение, слух, моторика и когнитивная нагрузка","OBSERVATION_DATA_OR_CALCULATION","Объяснить базовую модель, выполнить допустимую для класса риска проверку и документировать пределы по теме «Доступность: зрение, слух, моторика и когнитивная нагрузка».","SCI-EDU-09|SCI-METH-13|право остановить опыт|инструкция оборудования","TBD_NON_EXECUTABLE: точные item/model/material/range/PPE для демонстрация mastery должны быть утверждены до начала","Сформулировать вопрос; записать метод и единицы; выполнить альтернативный формат одной инструкции; сохранить сырые данные; повторить; оценить неопределённость; сделать ограниченный вывод.","альтернативный формат одной инструкции","SI или явно названный стандарт","TBD_BEFORE_EXECUTION_FROM_EXACT_METHOD: диапазон/критерий фиксируется до результата; post-hoc подгонка запрещена.","сырые данные + фото/скриншот при допустимости + расчёт + uncertainty + подпись reviewer + hash пакета","2","TBD_METHOD_SPECIFIC: range/resolution/bias/repeat spread/operator effects утверждаются до execution","Не переносить вывод за пределы данных; не собирать персональные/чувствительные данные без законного основания и согласия.","STOP при неясных правах, происхождении данных, этическом конфликте или невозможности сохранить исходные данные.","TBD_ITEM_SPECIFIC_AND_LOCAL: пока маршрут отходов не утверждён, физическое выполнение блокировано.","S0_OBSERVE_READ","Самостоятельно после проверки источника; опасное действие из текста не выполняется.","3","ANY_SAFE_PERIOD","records/science/SCI-EDU-10/YYYY-MM-DD/","PSP-119|SUP-MDE-004","PROVISIONAL_TOPIC_CANDIDATES_NOT_METHOD_REVIEWED","BLOCKED_UNTIL_EXACT_METHOD_SOURCE_SAFETY_AND_LOCAL_REVIEW","DESIGN_ONLY_NOT_EXECUTED","Новый участник находит источник офлайн, объясняет границы, повторяет допустимую процедуру и получает результат в заранее заданном допуске.","0.4"
"PRJ-204","SCI-EDU-11","EDU","Практическая проверка: Коммуникация в конфликте и read-back/check-back","OBSERVATION_DATA_OR_CALCULATION","Объяснить базовую модель, выполнить допустимую для класса риска проверку и документировать пределы по теме «Коммуникация в конфликте и read-back/check-back».","SCI-EDU-10|SCI-METH-13|право остановить опыт|инструкция оборудования","TBD_NON_EXECUTABLE: точные item/model/material/range/PPE для демонстрация mastery должны быть утверждены до начала","Сформулировать вопрос; записать метод и единицы; выполнить ролевая передача задачи с подтверждением; сохранить сырые данные; повторить; оценить неопределённость; сделать ограниченный вывод.","ролевая передача задачи с подтверждением","SI или явно названный стандарт","TBD_BEFORE_EXECUTION_FROM_EXACT_METHOD: диапазон/критерий фиксируется до результата; post-hoc подгонка запрещена.","сырые данные + фото/скриншот при допустимости + расчёт + uncertainty + подпись reviewer + hash пакета","2","TBD_METHOD_SPECIFIC: range/resolution/bias/repeat spread/operator effects утверждаются до execution","Не переносить вывод за пределы данных; не собирать персональные/чувствительные данные без законного основания и согласия.","STOP при неясных правах, происхождении данных, этическом конфликте или невозможности сохранить исходные данные.","TBD_ITEM_SPECIFIC_AND_LOCAL: пока маршрут отходов не утверждён, физическое выполнение блокировано.","S0_OBSERVE_READ","Самостоятельно после проверки источника; опасное действие из текста не выполняется.","3","ANY_SAFE_PERIOD","records/science/SCI-EDU-11/YYYY-MM-DD/","PSP-119|SUP-MDE-004","PROVISIONAL_TOPIC_CANDIDATES_NOT_METHOD_REVIEWED","BLOCKED_UNTIL_EXACT_METHOD_SOURCE_SAFETY_AND_LOCAL_REVIEW","DESIGN_ONLY_NOT_EXECUTED","Новый участник находит источник офлайн, объясняет границы, повторяет допустимую процедуру и получает результат в заранее заданном допуске.","0.4"
"PRJ-205","SCI-EDU-12","EDU","Практическая проверка: Teach-back и межпоколенческий экзамен","OBSERVATION_DATA_OR_CALCULATION","Объяснить базовую модель, выполнить допустимую для класса риска проверку и документировать пределы по теме «Teach-back и межпоколенческий экзамен».","SCI-EDU-11|SCI-METH-13|право остановить опыт|инструкция оборудования","TBD_NON_EXECUTABLE: точные item/model/material/range/PPE для демонстрация mastery должны быть утверждены до начала","Сформулировать вопрос; записать метод и единицы; выполнить новичок выполняет задачу без устной помощи автора; сохранить сырые данные; повторить; оценить неопределённость; сделать ограниченный вывод.","новичок выполняет задачу без устной помощи автора","SI или явно названный стандарт","TBD_BEFORE_EXECUTION_FROM_EXACT_METHOD: диапазон/критерий фиксируется до результата; post-hoc подгонка запрещена.","сырые данные + фото/скриншот при допустимости + расчёт + uncertainty + подпись reviewer + hash пакета","2","TBD_METHOD_SPECIFIC: range/resolution/bias/repeat spread/operator effects утверждаются до execution","Не переносить вывод за пределы данных; не собирать персональные/чувствительные данные без законного основания и согласия.","STOP при неясных правах, происхождении данных, этическом конфликте или невозможности сохранить исходные данные.","TBD_ITEM_SPECIFIC_AND_LOCAL: пока маршрут отходов не утверждён, физическое выполнение блокировано.","S0_OBSERVE_READ","Самостоятельно после проверки источника; опасное действие из текста не выполняется.","3","ANY_SAFE_PERIOD","records/science/SCI-EDU-12/YYYY-MM-DD/","PSP-119|SUP-MDE-004","PROVISIONAL_TOPIC_CANDIDATES_NOT_METHOD_REVIEWED","BLOCKED_UNTIL_EXACT_METHOD_SOURCE_SAFETY_AND_LOCAL_REVIEW","DESIGN_ONLY_NOT_EXECUTED","Новый участник находит источник офлайн, объясняет границы, повторяет допустимую процедуру и получает результат в заранее заданном допуске.","0.4"
"PRJ-206","SCI-OPS-01","OPS","Практическая проверка: Инвентаризация, единицы учёта и фактический остаток","OBSERVATION_DATA_OR_CALCULATION","Объяснить базовую модель, выполнить допустимую для класса риска проверку и документировать пределы по теме «Инвентаризация, единицы учёта и фактический остаток».","SCI-METH-01|SCI-METH-07|SCI-METH-14|право остановить опыт|инструкция оборудования","TBD_NON_EXECUTABLE: точные item/model/material/range/PPE для остаток/время/дефект должны быть утверждены до начала","Сформулировать вопрос; записать метод и единицы; выполнить цикл count → discrepancy → correction; сохранить сырые данные; повторить; оценить неопределённость; сделать ограниченный вывод.","цикл count → discrepancy → correction","SI или явно названный стандарт","TBD_BEFORE_EXECUTION_FROM_EXACT_METHOD: диапазон/критерий фиксируется до результата; post-hoc подгонка запрещена.","сырые данные + фото/скриншот при допустимости + расчёт + uncertainty + подпись reviewer + hash пакета","2","TBD_METHOD_SPECIFIC: range/resolution/bias/repeat spread/operator effects утверждаются до execution","Не переносить вывод за пределы данных; не собирать персональные/чувствительные данные без законного основания и согласия.","STOP при неясных правах, происхождении данных, этическом конфликте или невозможности сохранить исходные данные.","TBD_ITEM_SPECIFIC_AND_LOCAL: пока маршрут отходов не утверждён, физическое выполнение блокировано.","S0_OBSERVE_READ","Самостоятельно после проверки источника; опасное действие из текста не выполняется.","3","ANY_SAFE_PERIOD","records/science/SCI-OPS-01/YYYY-MM-DD/","PSP-077|PSP-023","PROVISIONAL_TOPIC_CANDIDATES_NOT_METHOD_REVIEWED","BLOCKED_UNTIL_EXACT_METHOD_SOURCE_SAFETY_AND_LOCAL_REVIEW","DESIGN_ONLY_NOT_EXECUTED","Новый участник находит источник офлайн, объясняет границы, повторяет допустимую процедуру и получает результат в заранее заданном допуске.","0.4"
"PRJ-207","SCI-OPS-02","OPS","Практическая проверка: Бухгалтерский след и двойная запись","OBSERVATION_DATA_OR_CALCULATION","Объяснить базовую модель, выполнить допустимую для класса риска проверку и документировать пределы по теме «Бухгалтерский след и двойная запись».","SCI-OPS-01|SCI-METH-13|право остановить опыт|инструкция оборудования","TBD_NON_EXECUTABLE: точные item/model/material/range/PPE для остаток/время/дефект должны быть утверждены до начала","Сформулировать вопрос; записать метод и единицы; выполнить сверка журнала с остатком без реальных финансовых данных; сохранить сырые данные; повторить; оценить неопределённость; сделать ограниченный вывод.","сверка журнала с остатком без реальных финансовых данных","SI или явно названный стандарт","TBD_BEFORE_EXECUTION_FROM_EXACT_METHOD: диапазон/критерий фиксируется до результата; post-hoc подгонка запрещена.","сырые данные + фото/скриншот при допустимости + расчёт + uncertainty + подпись reviewer + hash пакета","2","TBD_METHOD_SPECIFIC: range/resolution/bias/repeat spread/operator effects утверждаются до execution","Не переносить вывод за пределы данных; не собирать персональные/чувствительные данные без законного основания и согласия.","STOP при неясных правах, происхождении данных, этическом конфликте или невозможности сохранить исходные данные.","TBD_ITEM_SPECIFIC_AND_LOCAL: пока маршрут отходов не утверждён, физическое выполнение блокировано.","S0_OBSERVE_READ","Самостоятельно после проверки источника; опасное действие из текста не выполняется.","3","ANY_SAFE_PERIOD","records/science/SCI-OPS-02/YYYY-MM-DD/","PSP-077|PSP-023","PROVISIONAL_TOPIC_CANDIDATES_NOT_METHOD_REVIEWED","BLOCKED_UNTIL_EXACT_METHOD_SOURCE_SAFETY_AND_LOCAL_REVIEW","DESIGN_ONLY_NOT_EXECUTED","Новый участник находит источник офлайн, объясняет границы, повторяет допустимую процедуру и получает результат в заранее заданном допуске.","0.4"
"PRJ-208","SCI-OPS-03","OPS","Практическая проверка: Логистика, lead time, reorder point и резерв","OBSERVATION_DATA_OR_CALCULATION","Объяснить базовую модель, выполнить допустимую для класса риска проверку и документировать пределы по теме «Логистика, lead time, reorder point и резерв».","SCI-OPS-02|SCI-METH-13|право остановить опыт|инструкция оборудования","TBD_NON_EXECUTABLE: точные item/model/material/range/PPE для остаток/время/дефект должны быть утверждены до начала","Сформулировать вопрос; записать метод и единицы; выполнить расчёт точки заказа с вариацией спроса; сохранить сырые данные; повторить; оценить неопределённость; сделать ограниченный вывод.","расчёт точки заказа с вариацией спроса","SI или явно названный стандарт","TBD_BEFORE_EXECUTION_FROM_EXACT_METHOD: диапазон/критерий фиксируется до результата; post-hoc подгонка запрещена.","сырые данные + фото/скриншот при допустимости + расчёт + uncertainty + подпись reviewer + hash пакета","2","TBD_METHOD_SPECIFIC: range/resolution/bias/repeat spread/operator effects утверждаются до execution","Не переносить вывод за пределы данных; не собирать персональные/чувствительные данные без законного основания и согласия.","STOP при неясных правах, происхождении данных, этическом конфликте или невозможности сохранить исходные данные.","TBD_ITEM_SPECIFIC_AND_LOCAL: пока маршрут отходов не утверждён, физическое выполнение блокировано.","S0_OBSERVE_READ","Самостоятельно после проверки источника; опасное действие из текста не выполняется.","3","ANY_SAFE_PERIOD","records/science/SCI-OPS-03/YYYY-MM-DD/","PSP-077|PSP-023","PROVISIONAL_TOPIC_CANDIDATES_NOT_METHOD_REVIEWED","BLOCKED_UNTIL_EXACT_METHOD_SOURCE_SAFETY_AND_LOCAL_REVIEW","DESIGN_ONLY_NOT_EXECUTED","Новый участник находит источник офлайн, объясняет границы, повторяет допустимую процедуру и получает результат в заранее заданном допуске.","0.4"
"PRJ-209","SCI-OPS-04","OPS","Практическая проверка: План обслуживания, work order и запасные части","OBSERVATION_DATA_OR_CALCULATION","Объяснить базовую модель, выполнить допустимую для класса риска проверку и документировать пределы по теме «План обслуживания, work order и запасные части».","SCI-OPS-03|SCI-METH-13|право остановить опыт|инструкция оборудования","TBD_NON_EXECUTABLE: точные item/model/material/range/PPE для остаток/время/дефект должны быть утверждены до начала","Сформулировать вопрос; записать метод и единицы; выполнить закрытый наряд с evidence; сохранить сырые данные; повторить; оценить неопределённость; сделать ограниченный вывод.","закрытый наряд с evidence","SI или явно названный стандарт","TBD_BEFORE_EXECUTION_FROM_EXACT_METHOD: диапазон/критерий фиксируется до результата; post-hoc подгонка запрещена.","сырые данные + фото/скриншот при допустимости + расчёт + uncertainty + подпись reviewer + hash пакета","2","TBD_METHOD_SPECIFIC: range/resolution/bias/repeat spread/operator effects утверждаются до execution","Не переносить вывод за пределы данных; не собирать персональные/чувствительные данные без законного основания и согласия.","STOP при неясных правах, происхождении данных, этическом конфликте или невозможности сохранить исходные данные.","TBD_ITEM_SPECIFIC_AND_LOCAL: пока маршрут отходов не утверждён, физическое выполнение блокировано.","S0_OBSERVE_READ","Самостоятельно после проверки источника; опасное действие из текста не выполняется.","3","ANY_SAFE_PERIOD","records/science/SCI-OPS-04/YYYY-MM-DD/","PSP-008|PSP-116","PROVISIONAL_TOPIC_CANDIDATES_NOT_METHOD_REVIEWED","BLOCKED_UNTIL_EXACT_METHOD_SOURCE_SAFETY_AND_LOCAL_REVIEW","DESIGN_ONLY_NOT_EXECUTED","Новый участник находит источник офлайн, объясняет границы, повторяет допустимую процедуру и получает результат в заранее заданном допуске.","0.4"
"PRJ-210","SCI-OPS-05","OPS","Практическая проверка: Качество, дефект, root cause и CAPA","OBSERVATION_DATA_OR_CALCULATION","Объяснить базовую модель, выполнить допустимую для класса риска проверку и документировать пределы по теме «Качество, дефект, root cause и CAPA».","SCI-OPS-04|SCI-METH-13|право остановить опыт|инструкция оборудования","TBD_NON_EXECUTABLE: точные item/model/material/range/PPE для остаток/время/дефект должны быть утверждены до начала","Сформулировать вопрос; записать метод и единицы; выполнить разбор безопасного учебного несоответствия; сохранить сырые данные; повторить; оценить неопределённость; сделать ограниченный вывод.","разбор безопасного учебного несоответствия","SI или явно названный стандарт","TBD_BEFORE_EXECUTION_FROM_EXACT_METHOD: диапазон/критерий фиксируется до результата; post-hoc подгонка запрещена.","сырые данные + фото/скриншот при допустимости + расчёт + uncertainty + подпись reviewer + hash пакета","2","TBD_METHOD_SPECIFIC: range/resolution/bias/repeat spread/operator effects утверждаются до execution","Не переносить вывод за пределы данных; не собирать персональные/чувствительные данные без законного основания и согласия.","STOP при неясных правах, происхождении данных, этическом конфликте или невозможности сохранить исходные данные.","TBD_ITEM_SPECIFIC_AND_LOCAL: пока маршрут отходов не утверждён, физическое выполнение блокировано.","S0_OBSERVE_READ","Самостоятельно после проверки источника; опасное действие из текста не выполняется.","3","ANY_SAFE_PERIOD","records/science/SCI-OPS-05/YYYY-MM-DD/","PSP-007|PSP-023","PROVISIONAL_TOPIC_CANDIDATES_NOT_METHOD_REVIEWED","BLOCKED_UNTIL_EXACT_METHOD_SOURCE_SAFETY_AND_LOCAL_REVIEW","DESIGN_ONLY_NOT_EXECUTED","Новый участник находит источник офлайн, объясняет границы, повторяет допустимую процедуру и получает результат в заранее заданном допуске.","0.4"
"PRJ-211","SCI-OPS-06","OPS","Практическая проверка: Управление проектом, зависимости и change control","OBSERVATION_DATA_OR_CALCULATION","Объяснить базовую модель, выполнить допустимую для класса риска проверку и документировать пределы по теме «Управление проектом, зависимости и change control».","SCI-OPS-05|SCI-METH-13|право остановить опыт|инструкция оборудования","TBD_NON_EXECUTABLE: точные item/model/material/range/PPE для остаток/время/дефект должны быть утверждены до начала","Сформулировать вопрос; записать метод и единицы; выполнить baseline, изменение и журнал решения; сохранить сырые данные; повторить; оценить неопределённость; сделать ограниченный вывод.","baseline, изменение и журнал решения","SI или явно названный стандарт","TBD_BEFORE_EXECUTION_FROM_EXACT_METHOD: диапазон/критерий фиксируется до результата; post-hoc подгонка запрещена.","сырые данные + фото/скриншот при допустимости + расчёт + uncertainty + подпись reviewer + hash пакета","2","TBD_METHOD_SPECIFIC: range/resolution/bias/repeat spread/operator effects утверждаются до execution","Не переносить вывод за пределы данных; не собирать персональные/чувствительные данные без законного основания и согласия.","STOP при неясных правах, происхождении данных, этическом конфликте или невозможности сохранить исходные данные.","TBD_ITEM_SPECIFIC_AND_LOCAL: пока маршрут отходов не утверждён, физическое выполнение блокировано.","S0_OBSERVE_READ","Самостоятельно после проверки источника; опасное действие из текста не выполняется.","3","ANY_SAFE_PERIOD","records/science/SCI-OPS-06/YYYY-MM-DD/","PSP-007|PSP-023","PROVISIONAL_TOPIC_CANDIDATES_NOT_METHOD_REVIEWED","BLOCKED_UNTIL_EXACT_METHOD_SOURCE_SAFETY_AND_LOCAL_REVIEW","DESIGN_ONLY_NOT_EXECUTED","Новый участник находит источник офлайн, объясняет границы, повторяет допустимую процедуру и получает результат в заранее заданном допуске.","0.4"
"PRJ-212","SCI-OPS-07","OPS","Практическая проверка: Emergency operations, роли и span of control","LOW_RISK_BENCH_OR_FIELD","Объяснить базовую модель, выполнить допустимую для класса риска проверку и документировать пределы по теме «Emergency operations, роли и span of control».","SCI-OPS-06|SCI-METH-13|право остановить опыт|инструкция оборудования","TBD_NON_EXECUTABLE: точные item/model/material/range/PPE для остаток/время/дефект должны быть утверждены до начала","Сформулировать вопрос; записать метод и единицы; выполнить настольная тренировка без имитации опасных действий; сохранить сырые данные; повторить; оценить неопределённость; сделать ограниченный вывод.","настольная тренировка без имитации опасных действий","SI или явно названный стандарт","TBD_BEFORE_EXECUTION_FROM_EXACT_METHOD: диапазон/критерий фиксируется до результата; post-hoc подгонка запрещена.","сырые данные + фото/скриншот при допустимости + расчёт + uncertainty + подпись reviewer + hash пакета","3","TBD_METHOD_SPECIFIC: range/resolution/bias/repeat spread/operator effects утверждаются до execution","DESIGN_PLACEHOLDER_NOT_EXECUTABLE: item-specific hazard analysis, материалы, энергия, концентрация, СИЗ и отходы ещё не утверждены.","BLOCKED_BEFORE_START: до точного method/source review запрещено начинать; после review нужны наблюдаемые численные/событийные stop conditions.","TBD_ITEM_SPECIFIC_AND_LOCAL: пока маршрут отходов не утверждён, физическое выполнение блокировано.","S1_LOW_RISK_HOUSEHOLD","S1 допускается только после замены всех DESIGN/TBD полей точным low-risk методом и независимой safety-проверки.","3","ANY_SAFE_PERIOD","records/science/SCI-OPS-07/YYYY-MM-DD/","PSP-103|PSP-007","PROVISIONAL_TOPIC_CANDIDATES_NOT_METHOD_REVIEWED","BLOCKED_UNTIL_EXACT_METHOD_SOURCE_SAFETY_AND_LOCAL_REVIEW","DESIGN_ONLY_NOT_EXECUTED","Новый участник находит источник офлайн, объясняет границы, повторяет допустимую процедуру и получает результат в заранее заданном допуске.","0.4"
"PRJ-213","SCI-OPS-08","OPS","Практическая проверка: Human factors, усталость, чек-лист и режим ошибки","OBSERVATION_DATA_OR_CALCULATION","Объяснить базовую модель, выполнить допустимую для класса риска проверку и документировать пределы по теме «Human factors, усталость, чек-лист и режим ошибки».","SCI-OPS-07|SCI-METH-13|право остановить опыт|инструкция оборудования","TBD_NON_EXECUTABLE: точные item/model/material/range/PPE для остаток/время/дефект должны быть утверждены до начала","Сформулировать вопрос; записать метод и единицы; выполнить наблюдение процесса и redesign шага; сохранить сырые данные; повторить; оценить неопределённость; сделать ограниченный вывод.","наблюдение процесса и redesign шага","SI или явно названный стандарт","TBD_BEFORE_EXECUTION_FROM_EXACT_METHOD: диапазон/критерий фиксируется до результата; post-hoc подгонка запрещена.","сырые данные + фото/скриншот при допустимости + расчёт + uncertainty + подпись reviewer + hash пакета","2","TBD_METHOD_SPECIFIC: range/resolution/bias/repeat spread/operator effects утверждаются до execution","Не переносить вывод за пределы данных; не собирать персональные/чувствительные данные без законного основания и согласия.","STOP при неясных правах, происхождении данных, этическом конфликте или невозможности сохранить исходные данные.","TBD_ITEM_SPECIFIC_AND_LOCAL: пока маршрут отходов не утверждён, физическое выполнение блокировано.","S0_OBSERVE_READ","Самостоятельно после проверки источника; опасное действие из текста не выполняется.","3","ANY_SAFE_PERIOD","records/science/SCI-OPS-08/YYYY-MM-DD/","PSP-007|PSP-023","PROVISIONAL_TOPIC_CANDIDATES_NOT_METHOD_REVIEWED","BLOCKED_UNTIL_EXACT_METHOD_SOURCE_SAFETY_AND_LOCAL_REVIEW","DESIGN_ONLY_NOT_EXECUTED","Новый участник находит источник офлайн, объясняет границы, повторяет допустимую процедуру и получает результат в заранее заданном допуске.","0.4"
"PRJ-214","SCI-OPS-09","OPS","Практическая проверка: Решение при неопределённости и premortem","OBSERVATION_DATA_OR_CALCULATION","Объяснить базовую модель, выполнить допустимую для класса риска проверку и документировать пределы по теме «Решение при неопределённости и premortem».","SCI-OPS-08|SCI-METH-13|право остановить опыт|инструкция оборудования","TBD_NON_EXECUTABLE: точные item/model/material/range/PPE для остаток/время/дефект должны быть утверждены до начала","Сформулировать вопрос; записать метод и единицы; выполнить варианты, вероятность, ущерб и обратимость; сохранить сырые данные; повторить; оценить неопределённость; сделать ограниченный вывод.","варианты, вероятность, ущерб и обратимость","SI или явно названный стандарт","TBD_BEFORE_EXECUTION_FROM_EXACT_METHOD: диапазон/критерий фиксируется до результата; post-hoc подгонка запрещена.","сырые данные + фото/скриншот при допустимости + расчёт + uncertainty + подпись reviewer + hash пакета","2","TBD_METHOD_SPECIFIC: range/resolution/bias/repeat spread/operator effects утверждаются до execution","Не переносить вывод за пределы данных; не собирать персональные/чувствительные данные без законного основания и согласия.","STOP при неясных правах, происхождении данных, этическом конфликте или невозможности сохранить исходные данные.","TBD_ITEM_SPECIFIC_AND_LOCAL: пока маршрут отходов не утверждён, физическое выполнение блокировано.","S0_OBSERVE_READ","Самостоятельно после проверки источника; опасное действие из текста не выполняется.","3","ANY_SAFE_PERIOD","records/science/SCI-OPS-09/YYYY-MM-DD/","PSP-007|PSP-023","PROVISIONAL_TOPIC_CANDIDATES_NOT_METHOD_REVIEWED","BLOCKED_UNTIL_EXACT_METHOD_SOURCE_SAFETY_AND_LOCAL_REVIEW","DESIGN_ONLY_NOT_EXECUTED","Новый участник находит источник офлайн, объясняет границы, повторяет допустимую процедуру и получает результат в заранее заданном допуске.","0.4"
"PRJ-215","SCI-OPS-10","OPS","Практическая проверка: Право, полномочия и доказательство актуальности","OBSERVATION_DATA_OR_CALCULATION","Объяснить базовую модель, выполнить допустимую для класса риска проверку и документировать пределы по теме «Право, полномочия и доказательство актуальности».","SCI-OPS-09|SCI-METH-13|право остановить опыт|инструкция оборудования","TBD_NON_EXECUTABLE: точные item/model/material/range/PPE для остаток/время/дефект должны быть утверждены до начала","Сформулировать вопрос; записать метод и единицы; выполнить jurisdiction–version–valid_at–review_due; сохранить сырые данные; повторить; оценить неопределённость; сделать ограниченный вывод.","jurisdiction–version–valid_at–review_due","SI или явно названный стандарт","TBD_BEFORE_EXECUTION_FROM_EXACT_METHOD: диапазон/критерий фиксируется до результата; post-hoc подгонка запрещена.","сырые данные + фото/скриншот при допустимости + расчёт + uncertainty + подпись reviewer + hash пакета","2","TBD_METHOD_SPECIFIC: range/resolution/bias/repeat spread/operator effects утверждаются до execution","Не переносить вывод за пределы данных; не собирать персональные/чувствительные данные без законного основания и согласия.","STOP при неясных правах, происхождении данных, этическом конфликте или невозможности сохранить исходные данные.","TBD_ITEM_SPECIFIC_AND_LOCAL: пока маршрут отходов не утверждён, физическое выполнение блокировано.","S0_OBSERVE_READ","Самостоятельно после проверки источника; опасное действие из текста не выполняется.","3","ANY_SAFE_PERIOD","records/science/SCI-OPS-10/YYYY-MM-DD/","PSP-096|PSP-097","PROVISIONAL_TOPIC_CANDIDATES_NOT_METHOD_REVIEWED","BLOCKED_UNTIL_EXACT_METHOD_SOURCE_SAFETY_AND_LOCAL_REVIEW","DESIGN_ONLY_NOT_EXECUTED","Новый участник находит источник офлайн, объясняет границы, повторяет допустимую процедуру и получает результат в заранее заданном допуске.","0.4"
"PRJ-216","SCI-OPS-11","OPS","Практическая проверка: Экономика ремонта, замены и стандартизации","OBSERVATION_DATA_OR_CALCULATION","Объяснить базовую модель, выполнить допустимую для класса риска проверку и документировать пределы по теме «Экономика ремонта, замены и стандартизации».","SCI-OPS-10|SCI-METH-13|право остановить опыт|инструкция оборудования","TBD_NON_EXECUTABLE: точные item/model/material/range/PPE для остаток/время/дефект должны быть утверждены до начала","Сформулировать вопрос; записать метод и единицы; выполнить полная стоимость жизненного цикла с чувствительностью; сохранить сырые данные; повторить; оценить неопределённость; сделать ограниченный вывод.","полная стоимость жизненного цикла с чувствительностью","SI или явно названный стандарт","TBD_BEFORE_EXECUTION_FROM_EXACT_METHOD: диапазон/критерий фиксируется до результата; post-hoc подгонка запрещена.","сырые данные + фото/скриншот при допустимости + расчёт + uncertainty + подпись reviewer + hash пакета","2","TBD_METHOD_SPECIFIC: range/resolution/bias/repeat spread/operator effects утверждаются до execution","Не переносить вывод за пределы данных; не собирать персональные/чувствительные данные без законного основания и согласия.","STOP при неясных правах, происхождении данных, этическом конфликте или невозможности сохранить исходные данные.","TBD_ITEM_SPECIFIC_AND_LOCAL: пока маршрут отходов не утверждён, физическое выполнение блокировано.","S0_OBSERVE_READ","Самостоятельно после проверки источника; опасное действие из текста не выполняется.","3","ANY_SAFE_PERIOD","records/science/SCI-OPS-11/YYYY-MM-DD/","PSP-007|PSP-023","PROVISIONAL_TOPIC_CANDIDATES_NOT_METHOD_REVIEWED","BLOCKED_UNTIL_EXACT_METHOD_SOURCE_SAFETY_AND_LOCAL_REVIEW","DESIGN_ONLY_NOT_EXECUTED","Новый участник находит источник офлайн, объясняет границы, повторяет допустимую процедуру и получает результат в заранее заданном допуске.","0.4"
"PRJ-217","SCI-OPS-12","OPS","Практическая проверка: Кооперация, взаимопомощь и внешняя сеть","OBSERVATION_DATA_OR_CALCULATION","Объяснить базовую модель, выполнить допустимую для класса риска проверку и документировать пределы по теме «Кооперация, взаимопомощь и внешняя сеть».","SCI-OPS-11|SCI-METH-13|право остановить опыт|инструкция оборудования","TBD_NON_EXECUTABLE: точные item/model/material/range/PPE для остаток/время/дефект должны быть утверждены до начала","Сформулировать вопрос; записать метод и единицы; выполнить соглашение о роли, границе и прекращении; сохранить сырые данные; повторить; оценить неопределённость; сделать ограниченный вывод.","соглашение о роли, границе и прекращении","SI или явно названный стандарт","TBD_BEFORE_EXECUTION_FROM_EXACT_METHOD: диапазон/критерий фиксируется до результата; post-hoc подгонка запрещена.","сырые данные + фото/скриншот при допустимости + расчёт + uncertainty + подпись reviewer + hash пакета","2","TBD_METHOD_SPECIFIC: range/resolution/bias/repeat spread/operator effects утверждаются до execution","Не переносить вывод за пределы данных; не собирать персональные/чувствительные данные без законного основания и согласия.","STOP при неясных правах, происхождении данных, этическом конфликте или невозможности сохранить исходные данные.","TBD_ITEM_SPECIFIC_AND_LOCAL: пока маршрут отходов не утверждён, физическое выполнение блокировано.","S0_OBSERVE_READ","Самостоятельно после проверки источника; опасное действие из текста не выполняется.","3","ANY_SAFE_PERIOD","records/science/SCI-OPS-12/YYYY-MM-DD/","PSP-119|PSP-007","PROVISIONAL_TOPIC_CANDIDATES_NOT_METHOD_REVIEWED","BLOCKED_UNTIL_EXACT_METHOD_SOURCE_SAFETY_AND_LOCAL_REVIEW","DESIGN_ONLY_NOT_EXECUTED","Новый участник находит источник офлайн, объясняет границы, повторяет допустимую процедуру и получает результат в заранее заданном допуске.","0.4"
"PRJ-218","SCI-ARCH-01","ARCH","Практическая проверка: Модель цифрового сохранения и информационный пакет","OBSERVATION_DATA_OR_CALCULATION","Объяснить базовую модель, выполнить допустимую для класса риска проверку и документировать пределы по теме «Модель цифрового сохранения и информационный пакет».","SCI-METH-01|SCI-METH-07|SCI-METH-14|право остановить опыт|инструкция оборудования","TBD_NON_EXECUTABLE: точные item/model/material/range/PPE для hash/restore/поиск должны быть утверждены до начала","Сформулировать вопрос; записать метод и единицы; выполнить объект + metadata + права + fixity + reader; сохранить сырые данные; повторить; оценить неопределённость; сделать ограниченный вывод.","объект + metadata + права + fixity + reader","SI или явно названный стандарт","TBD_BEFORE_EXECUTION_FROM_EXACT_METHOD: диапазон/критерий фиксируется до результата; post-hoc подгонка запрещена.","сырые данные + фото/скриншот при допустимости + расчёт + uncertainty + подпись reviewer + hash пакета","2","TBD_METHOD_SPECIFIC: range/resolution/bias/repeat spread/operator effects утверждаются до execution","Не переносить вывод за пределы данных; не собирать персональные/чувствительные данные без законного основания и согласия.","STOP при неясных правах, происхождении данных, этическом конфликте или невозможности сохранить исходные данные.","TBD_ITEM_SPECIFIC_AND_LOCAL: пока маршрут отходов не утверждён, физическое выполнение блокировано.","S0_OBSERVE_READ","Самостоятельно после проверки источника; опасное действие из текста не выполняется.","3","ANY_SAFE_PERIOD","records/science/SCI-ARCH-01/YYYY-MM-DD/","PSP-111|PSP-112","PROVISIONAL_TOPIC_CANDIDATES_NOT_METHOD_REVIEWED","BLOCKED_UNTIL_EXACT_METHOD_SOURCE_SAFETY_AND_LOCAL_REVIEW","DESIGN_ONLY_NOT_EXECUTED","Новый участник находит источник офлайн, объясняет границы, повторяет допустимую процедуру и получает результат в заранее заданном допуске.","0.4"
"PRJ-219","SCI-ARCH-02","ARCH","Практическая проверка: SHA-256, fixity и регулярная проверка","OBSERVATION_DATA_OR_CALCULATION","Объяснить базовую модель, выполнить допустимую для класса риска проверку и документировать пределы по теме «SHA-256, fixity и регулярная проверка».","SCI-ARCH-01|SCI-METH-13|право остановить опыт|инструкция оборудования","TBD_NON_EXECUTABLE: точные item/model/material/range/PPE для hash/restore/поиск должны быть утверждены до начала","Сформулировать вопрос; записать метод и единицы; выполнить повторная проверка и журнал неизменности; сохранить сырые данные; повторить; оценить неопределённость; сделать ограниченный вывод.","повторная проверка и журнал неизменности","SI или явно названный стандарт","TBD_BEFORE_EXECUTION_FROM_EXACT_METHOD: диапазон/критерий фиксируется до результата; post-hoc подгонка запрещена.","сырые данные + фото/скриншот при допустимости + расчёт + uncertainty + подпись reviewer + hash пакета","2","TBD_METHOD_SPECIFIC: range/resolution/bias/repeat spread/operator effects утверждаются до execution","Не переносить вывод за пределы данных; не собирать персональные/чувствительные данные без законного основания и согласия.","STOP при неясных правах, происхождении данных, этическом конфликте или невозможности сохранить исходные данные.","TBD_ITEM_SPECIFIC_AND_LOCAL: пока маршрут отходов не утверждён, физическое выполнение блокировано.","S0_OBSERVE_READ","Самостоятельно после проверки источника; опасное действие из текста не выполняется.","3","ANY_SAFE_PERIOD","records/science/SCI-ARCH-02/YYYY-MM-DD/","PSP-120|PSP-009","PROVISIONAL_TOPIC_CANDIDATES_NOT_METHOD_REVIEWED","BLOCKED_UNTIL_EXACT_METHOD_SOURCE_SAFETY_AND_LOCAL_REVIEW","DESIGN_ONLY_NOT_EXECUTED","Новый участник находит источник офлайн, объясняет границы, повторяет допустимую процедуру и получает результат в заранее заданном допуске.","0.4"
"PRJ-220","SCI-ARCH-03","ARCH","Практическая проверка: BagIt/пакетирование и перенос между носителями","OBSERVATION_DATA_OR_CALCULATION","Объяснить базовую модель, выполнить допустимую для класса риска проверку и документировать пределы по теме «BagIt/пакетирование и перенос между носителями».","SCI-ARCH-02|SCI-METH-13|право остановить опыт|инструкция оборудования","TBD_NON_EXECUTABLE: точные item/model/material/range/PPE для hash/restore/поиск должны быть утверждены до начала","Сформулировать вопрос; записать метод и единицы; выполнить валидный пакет с манифестом; сохранить сырые данные; повторить; оценить неопределённость; сделать ограниченный вывод.","валидный пакет с манифестом","SI или явно названный стандарт","TBD_BEFORE_EXECUTION_FROM_EXACT_METHOD: диапазон/критерий фиксируется до результата; post-hoc подгонка запрещена.","сырые данные + фото/скриншот при допустимости + расчёт + uncertainty + подпись reviewer + hash пакета","2","TBD_METHOD_SPECIFIC: range/resolution/bias/repeat spread/operator effects утверждаются до execution","Не переносить вывод за пределы данных; не собирать персональные/чувствительные данные без законного основания и согласия.","STOP при неясных правах, происхождении данных, этическом конфликте или невозможности сохранить исходные данные.","TBD_ITEM_SPECIFIC_AND_LOCAL: пока маршрут отходов не утверждён, физическое выполнение блокировано.","S0_OBSERVE_READ","Самостоятельно после проверки источника; опасное действие из текста не выполняется.","3","ANY_SAFE_PERIOD","records/science/SCI-ARCH-03/YYYY-MM-DD/","PSP-009","PROVISIONAL_TOPIC_CANDIDATES_NOT_METHOD_REVIEWED","BLOCKED_UNTIL_EXACT_METHOD_SOURCE_SAFETY_AND_LOCAL_REVIEW","DESIGN_ONLY_NOT_EXECUTED","Новый участник находит источник офлайн, объясняет границы, повторяет допустимую процедуру и получает результат в заранее заданном допуске.","0.4"
"PRJ-221","SCI-ARCH-04","ARCH","Практическая проверка: Устойчивые форматы и PRONOM-идентификация","OBSERVATION_DATA_OR_CALCULATION","Объяснить базовую модель, выполнить допустимую для класса риска проверку и документировать пределы по теме «Устойчивые форматы и PRONOM-идентификация».","SCI-ARCH-03|SCI-METH-13|право остановить опыт|инструкция оборудования","TBD_NON_EXECUTABLE: точные item/model/material/range/PPE для hash/restore/поиск должны быть утверждены до начала","Сформулировать вопрос; записать метод и единицы; выполнить идентификация формата и reader path; сохранить сырые данные; повторить; оценить неопределённость; сделать ограниченный вывод.","идентификация формата и reader path","SI или явно названный стандарт","TBD_BEFORE_EXECUTION_FROM_EXACT_METHOD: диапазон/критерий фиксируется до результата; post-hoc подгонка запрещена.","сырые данные + фото/скриншот при допустимости + расчёт + uncertainty + подпись reviewer + hash пакета","2","TBD_METHOD_SPECIFIC: range/resolution/bias/repeat spread/operator effects утверждаются до execution","Не переносить вывод за пределы данных; не собирать персональные/чувствительные данные без законного основания и согласия.","STOP при неясных правах, происхождении данных, этическом конфликте или невозможности сохранить исходные данные.","TBD_ITEM_SPECIFIC_AND_LOCAL: пока маршрут отходов не утверждён, физическое выполнение блокировано.","S0_OBSERVE_READ","Самостоятельно после проверки источника; опасное действие из текста не выполняется.","3","ANY_SAFE_PERIOD","records/science/SCI-ARCH-04/YYYY-MM-DD/","PSP-010|PSP-115","PROVISIONAL_TOPIC_CANDIDATES_NOT_METHOD_REVIEWED","BLOCKED_UNTIL_EXACT_METHOD_SOURCE_SAFETY_AND_LOCAL_REVIEW","DESIGN_ONLY_NOT_EXECUTED","Новый участник находит источник офлайн, объясняет границы, повторяет допустимую процедуру и получает результат в заранее заданном допуске.","0.4"
"PRJ-222","SCI-ARCH-05","ARCH","Практическая проверка: Миграция формата и сохранение оригинала","OBSERVATION_DATA_OR_CALCULATION","Объяснить базовую модель, выполнить допустимую для класса риска проверку и документировать пределы по теме «Миграция формата и сохранение оригинала».","SCI-ARCH-04|SCI-METH-13|право остановить опыт|инструкция оборудования","TBD_NON_EXECUTABLE: точные item/model/material/range/PPE для hash/restore/поиск должны быть утверждены до начала","Сформулировать вопрос; записать метод и единицы; выполнить original + migrated + сравнение содержания; сохранить сырые данные; повторить; оценить неопределённость; сделать ограниченный вывод.","original + migrated + сравнение содержания","SI или явно названный стандарт","TBD_BEFORE_EXECUTION_FROM_EXACT_METHOD: диапазон/критерий фиксируется до результата; post-hoc подгонка запрещена.","сырые данные + фото/скриншот при допустимости + расчёт + uncertainty + подпись reviewer + hash пакета","2","TBD_METHOD_SPECIFIC: range/resolution/bias/repeat spread/operator effects утверждаются до execution","Не переносить вывод за пределы данных; не собирать персональные/чувствительные данные без законного основания и согласия.","STOP при неясных правах, происхождении данных, этическом конфликте или невозможности сохранить исходные данные.","TBD_ITEM_SPECIFIC_AND_LOCAL: пока маршрут отходов не утверждён, физическое выполнение блокировано.","S0_OBSERVE_READ","Самостоятельно после проверки источника; опасное действие из текста не выполняется.","3","ANY_SAFE_PERIOD","records/science/SCI-ARCH-05/YYYY-MM-DD/","PSP-010|PSP-115","PROVISIONAL_TOPIC_CANDIDATES_NOT_METHOD_REVIEWED","BLOCKED_UNTIL_EXACT_METHOD_SOURCE_SAFETY_AND_LOCAL_REVIEW","DESIGN_ONLY_NOT_EXECUTED","Новый участник находит источник офлайн, объясняет границы, повторяет допустимую процедуру и получает результат в заранее заданном допуске.","0.4"
"PRJ-223","SCI-ARCH-06","ARCH","Практическая проверка: Описательные, технические и административные metadata","OBSERVATION_DATA_OR_CALCULATION","Объяснить базовую модель, выполнить допустимую для класса риска проверку и документировать пределы по теме «Описательные, технические и административные metadata».","SCI-ARCH-05|SCI-METH-13|право остановить опыт|инструкция оборудования","TBD_NON_EXECUTABLE: точные item/model/material/range/PPE для hash/restore/поиск должны быть утверждены до начала","Сформулировать вопрос; записать метод и единицы; выполнить заполненный минимальный профиль; сохранить сырые данные; повторить; оценить неопределённость; сделать ограниченный вывод.","заполненный минимальный профиль","SI или явно названный стандарт","TBD_BEFORE_EXECUTION_FROM_EXACT_METHOD: диапазон/критерий фиксируется до результата; post-hoc подгонка запрещена.","сырые данные + фото/скриншот при допустимости + расчёт + uncertainty + подпись reviewer + hash пакета","2","TBD_METHOD_SPECIFIC: range/resolution/bias/repeat spread/operator effects утверждаются до execution","Не переносить вывод за пределы данных; не собирать персональные/чувствительные данные без законного основания и согласия.","STOP при неясных правах, происхождении данных, этическом конфликте или невозможности сохранить исходные данные.","TBD_ITEM_SPECIFIC_AND_LOCAL: пока маршрут отходов не утверждён, физическое выполнение блокировано.","S0_OBSERVE_READ","Самостоятельно после проверки источника; опасное действие из текста не выполняется.","3","ANY_SAFE_PERIOD","records/science/SCI-ARCH-06/YYYY-MM-DD/","PSP-111|PSP-115","PROVISIONAL_TOPIC_CANDIDATES_NOT_METHOD_REVIEWED","BLOCKED_UNTIL_EXACT_METHOD_SOURCE_SAFETY_AND_LOCAL_REVIEW","DESIGN_ONLY_NOT_EXECUTED","Новый участник находит источник офлайн, объясняет границы, повторяет допустимую процедуру и получает результат в заранее заданном допуске.","0.4"
"PRJ-224","SCI-ARCH-07","ARCH","Практическая проверка: OCR, качество текста и сохранение изображения","OBSERVATION_DATA_OR_CALCULATION","Объяснить базовую модель, выполнить допустимую для класса риска проверку и документировать пределы по теме «OCR, качество текста и сохранение изображения».","SCI-ARCH-06|SCI-METH-13|право остановить опыт|инструкция оборудования","TBD_NON_EXECUTABLE: точные item/model/material/range/PPE для hash/restore/поиск должны быть утверждены до начала","Сформулировать вопрос; записать метод и единицы; выполнить выборочная сверка OCR с оригиналом; сохранить сырые данные; повторить; оценить неопределённость; сделать ограниченный вывод.","выборочная сверка OCR с оригиналом","SI или явно названный стандарт","TBD_BEFORE_EXECUTION_FROM_EXACT_METHOD: диапазон/критерий фиксируется до результата; post-hoc подгонка запрещена.","сырые данные + фото/скриншот при допустимости + расчёт + uncertainty + подпись reviewer + hash пакета","2","TBD_METHOD_SPECIFIC: range/resolution/bias/repeat spread/operator effects утверждаются до execution","Не переносить вывод за пределы данных; не собирать персональные/чувствительные данные без законного основания и согласия.","STOP при неясных правах, происхождении данных, этическом конфликте или невозможности сохранить исходные данные.","TBD_ITEM_SPECIFIC_AND_LOCAL: пока маршрут отходов не утверждён, физическое выполнение блокировано.","S0_OBSERVE_READ","Самостоятельно после проверки источника; опасное действие из текста не выполняется.","3","ANY_SAFE_PERIOD","records/science/SCI-ARCH-07/YYYY-MM-DD/","PSP-111|PSP-114","PROVISIONAL_TOPIC_CANDIDATES_NOT_METHOD_REVIEWED","BLOCKED_UNTIL_EXACT_METHOD_SOURCE_SAFETY_AND_LOCAL_REVIEW","DESIGN_ONLY_NOT_EXECUTED","Новый участник находит источник офлайн, объясняет границы, повторяет допустимую процедуру и получает результат в заранее заданном допуске.","0.4"
"PRJ-225","SCI-ARCH-08","ARCH","Практическая проверка: Офлайн-индекс, поиск и controlled vocabulary","OBSERVATION_DATA_OR_CALCULATION","Объяснить базовую модель, выполнить допустимую для класса риска проверку и документировать пределы по теме «Офлайн-индекс, поиск и controlled vocabulary».","SCI-ARCH-07|SCI-METH-13|право остановить опыт|инструкция оборудования","TBD_NON_EXECUTABLE: точные item/model/material/range/PPE для hash/restore/поиск должны быть утверждены до начала","Сформулировать вопрос; записать метод и единицы; выполнить поиск по термину, синониму и идентификатору; сохранить сырые данные; повторить; оценить неопределённость; сделать ограниченный вывод.","поиск по термину, синониму и идентификатору","SI или явно названный стандарт","TBD_BEFORE_EXECUTION_FROM_EXACT_METHOD: диапазон/критерий фиксируется до результата; post-hoc подгонка запрещена.","сырые данные + фото/скриншот при допустимости + расчёт + uncertainty + подпись reviewer + hash пакета","2","TBD_METHOD_SPECIFIC: range/resolution/bias/repeat spread/operator effects утверждаются до execution","Не переносить вывод за пределы данных; не собирать персональные/чувствительные данные без законного основания и согласия.","STOP при неясных правах, происхождении данных, этическом конфликте или невозможности сохранить исходные данные.","TBD_ITEM_SPECIFIC_AND_LOCAL: пока маршрут отходов не утверждён, физическое выполнение блокировано.","S0_OBSERVE_READ","Самостоятельно после проверки источника; опасное действие из текста не выполняется.","3","ANY_SAFE_PERIOD","records/science/SCI-ARCH-08/YYYY-MM-DD/","PSP-113|PSP-120","PROVISIONAL_TOPIC_CANDIDATES_NOT_METHOD_REVIEWED","BLOCKED_UNTIL_EXACT_METHOD_SOURCE_SAFETY_AND_LOCAL_REVIEW","DESIGN_ONLY_NOT_EXECUTED","Новый участник находит источник офлайн, объясняет границы, повторяет допустимую процедуру и получает результат в заранее заданном допуске.","0.4"
"PRJ-226","SCI-ARCH-09","ARCH","Практическая проверка: Печатное ядро, легенда и ручной каталог","OBSERVATION_DATA_OR_CALCULATION","Объяснить базовую модель, выполнить допустимую для класса риска проверку и документировать пределы по теме «Печатное ядро, легенда и ручной каталог».","SCI-ARCH-08|SCI-METH-13|право остановить опыт|инструкция оборудования","TBD_NON_EXECUTABLE: точные item/model/material/range/PPE для hash/restore/поиск должны быть утверждены до начала","Сформулировать вопрос; записать метод и единицы; выполнить поиск критической страницы без электричества; сохранить сырые данные; повторить; оценить неопределённость; сделать ограниченный вывод.","поиск критической страницы без электричества","SI или явно названный стандарт","TBD_BEFORE_EXECUTION_FROM_EXACT_METHOD: диапазон/критерий фиксируется до результата; post-hoc подгонка запрещена.","сырые данные + фото/скриншот при допустимости + расчёт + uncertainty + подпись reviewer + hash пакета","2","TBD_METHOD_SPECIFIC: range/resolution/bias/repeat spread/operator effects утверждаются до execution","Не переносить вывод за пределы данных; не собирать персональные/чувствительные данные без законного основания и согласия.","STOP при неясных правах, происхождении данных, этическом конфликте или невозможности сохранить исходные данные.","TBD_ITEM_SPECIFIC_AND_LOCAL: пока маршрут отходов не утверждён, физическое выполнение блокировано.","S0_OBSERVE_READ","Самостоятельно после проверки источника; опасное действие из текста не выполняется.","3","ANY_SAFE_PERIOD","records/science/SCI-ARCH-09/YYYY-MM-DD/","PSP-111|PSP-120","PROVISIONAL_TOPIC_CANDIDATES_NOT_METHOD_REVIEWED","BLOCKED_UNTIL_EXACT_METHOD_SOURCE_SAFETY_AND_LOCAL_REVIEW","DESIGN_ONLY_NOT_EXECUTED","Новый участник находит источник офлайн, объясняет границы, повторяет допустимую процедуру и получает результат в заранее заданном допуске.","0.4"
"PRJ-227","SCI-ARCH-10","ARCH","Практическая проверка: Refresh носителя, независимые копии и restore-test","OBSERVATION_DATA_OR_CALCULATION","Объяснить базовую модель, выполнить допустимую для класса риска проверку и документировать пределы по теме «Refresh носителя, независимые копии и restore-test».","SCI-ARCH-09|SCI-METH-13|право остановить опыт|инструкция оборудования","TBD_NON_EXECUTABLE: точные item/model/material/range/PPE для hash/restore/поиск должны быть утверждены до начала","Сформулировать вопрос; записать метод и единицы; выполнить восстановление на чистое устройство; сохранить сырые данные; повторить; оценить неопределённость; сделать ограниченный вывод.","восстановление на чистое устройство","SI или явно названный стандарт","TBD_BEFORE_EXECUTION_FROM_EXACT_METHOD: диапазон/критерий фиксируется до результата; post-hoc подгонка запрещена.","сырые данные + фото/скриншот при допустимости + расчёт + uncertainty + подпись reviewer + hash пакета","2","TBD_METHOD_SPECIFIC: range/resolution/bias/repeat spread/operator effects утверждаются до execution","Не переносить вывод за пределы данных; не собирать персональные/чувствительные данные без законного основания и согласия.","STOP при неясных правах, происхождении данных, этическом конфликте или невозможности сохранить исходные данные.","TBD_ITEM_SPECIFIC_AND_LOCAL: пока маршрут отходов не утверждён, физическое выполнение блокировано.","S0_OBSERVE_READ","Самостоятельно после проверки источника; опасное действие из текста не выполняется.","3","ANY_SAFE_PERIOD","records/science/SCI-ARCH-10/YYYY-MM-DD/","PSP-112|PSP-120","PROVISIONAL_TOPIC_CANDIDATES_NOT_METHOD_REVIEWED","BLOCKED_UNTIL_EXACT_METHOD_SOURCE_SAFETY_AND_LOCAL_REVIEW","DESIGN_ONLY_NOT_EXECUTED","Новый участник находит источник офлайн, объясняет границы, повторяет допустимую процедуру и получает результат в заранее заданном допуске.","0.4"
"PRJ-228","SCI-ARCH-11","ARCH","Практическая проверка: Контроль доступа, приватность и раздельное хранение","OBSERVATION_DATA_OR_CALCULATION","Объяснить базовую модель, выполнить допустимую для класса риска проверку и документировать пределы по теме «Контроль доступа, приватность и раздельное хранение».","SCI-ARCH-10|SCI-METH-13|право остановить опыт|инструкция оборудования","TBD_NON_EXECUTABLE: точные item/model/material/range/PPE для hash/restore/поиск должны быть утверждены до начала","Сформулировать вопрос; записать метод и единицы; выполнить public/restricted/secret gate; сохранить сырые данные; повторить; оценить неопределённость; сделать ограниченный вывод.","public/restricted/secret gate","SI или явно названный стандарт","TBD_BEFORE_EXECUTION_FROM_EXACT_METHOD: диапазон/критерий фиксируется до результата; post-hoc подгонка запрещена.","сырые данные + фото/скриншот при допустимости + расчёт + uncertainty + подпись reviewer + hash пакета","2","TBD_METHOD_SPECIFIC: range/resolution/bias/repeat spread/operator effects утверждаются до execution","Не переносить вывод за пределы данных; не собирать персональные/чувствительные данные без законного основания и согласия.","STOP при неясных правах, происхождении данных, этическом конфликте или невозможности сохранить исходные данные.","TBD_ITEM_SPECIFIC_AND_LOCAL: пока маршрут отходов не утверждён, физическое выполнение блокировано.","S0_OBSERVE_READ","Самостоятельно после проверки источника; опасное действие из текста не выполняется.","3","ANY_SAFE_PERIOD","records/science/SCI-ARCH-11/YYYY-MM-DD/","PSP-120","PROVISIONAL_TOPIC_CANDIDATES_NOT_METHOD_REVIEWED","BLOCKED_UNTIL_EXACT_METHOD_SOURCE_SAFETY_AND_LOCAL_REVIEW","DESIGN_ONLY_NOT_EXECUTED","Новый участник находит источник офлайн, объясняет границы, повторяет допустимую процедуру и получает результат в заранее заданном допуске.","0.4"
"PRJ-229","SCI-ARCH-12","ARCH","Практическая проверка: Хранитель, succession и передача следующему","OBSERVATION_DATA_OR_CALCULATION","Объяснить базовую модель, выполнить допустимую для класса риска проверку и документировать пределы по теме «Хранитель, succession и передача следующему».","SCI-ARCH-11|SCI-METH-13|право остановить опыт|инструкция оборудования","TBD_NON_EXECUTABLE: точные item/model/material/range/PPE для hash/restore/поиск должны быть утверждены до начала","Сформулировать вопрос; записать метод и единицы; выполнить новый custodian проверяет каталог и восстановление; сохранить сырые данные; повторить; оценить неопределённость; сделать ограниченный вывод.","новый custodian проверяет каталог и восстановление","SI или явно названный стандарт","TBD_BEFORE_EXECUTION_FROM_EXACT_METHOD: диапазон/критерий фиксируется до результата; post-hoc подгонка запрещена.","сырые данные + фото/скриншот при допустимости + расчёт + uncertainty + подпись reviewer + hash пакета","2","TBD_METHOD_SPECIFIC: range/resolution/bias/repeat spread/operator effects утверждаются до execution","Не переносить вывод за пределы данных; не собирать персональные/чувствительные данные без законного основания и согласия.","STOP при неясных правах, происхождении данных, этическом конфликте или невозможности сохранить исходные данные.","TBD_ITEM_SPECIFIC_AND_LOCAL: пока маршрут отходов не утверждён, физическое выполнение блокировано.","S0_OBSERVE_READ","Самостоятельно после проверки источника; опасное действие из текста не выполняется.","3","ANY_SAFE_PERIOD","records/science/SCI-ARCH-12/YYYY-MM-DD/","PSP-119|PSP-120","PROVISIONAL_TOPIC_CANDIDATES_NOT_METHOD_REVIEWED","BLOCKED_UNTIL_EXACT_METHOD_SOURCE_SAFETY_AND_LOCAL_REVIEW","DESIGN_ONLY_NOT_EXECUTED","Новый участник находит источник офлайн, объясняет границы, повторяет допустимую процедуру и получает результат в заранее заданном допуске.","0.4"
"PRJ-230","SCI-PORT-01","PORT","Практическая проверка: 112, ANEPC, муниципальные планы и официальные предупреждения","OBSERVATION_DATA_OR_CALCULATION","Объяснить базовую модель, выполнить допустимую для класса риска проверку и документировать пределы по теме «112, ANEPC, муниципальные планы и официальные предупреждения».","SCI-METH-01|SCI-METH-07|SCI-METH-14|право остановить опыт|инструкция оборудования","TBD_NON_EXECUTABLE: точные item/model/material/range/PPE для official source/version/coverage должны быть утверждены до начала","Сформулировать вопрос; записать метод и единицы; выполнить поиск актуального authority path и его офлайн-снимка; сохранить сырые данные; повторить; оценить неопределённость; сделать ограниченный вывод.","поиск актуального authority path и его офлайн-снимка","official-version/coverage","TBD_BEFORE_EXECUTION_FROM_EXACT_METHOD: диапазон/критерий фиксируется до результата; post-hoc подгонка запрещена.","сырые данные + фото/скриншот при допустимости + расчёт + uncertainty + подпись reviewer + hash пакета","2","TBD_METHOD_SPECIFIC: range/resolution/bias/repeat spread/operator effects утверждаются до execution","Не переносить вывод за пределы данных; не собирать персональные/чувствительные данные без законного основания и согласия.","STOP при неясных правах, происхождении данных, этическом конфликте или невозможности сохранить исходные данные.","TBD_ITEM_SPECIFIC_AND_LOCAL: пока маршрут отходов не утверждён, физическое выполнение блокировано.","S0_OBSERVE_READ","Самостоятельно после проверки источника; опасное действие из текста не выполняется.","3","ANY_SAFE_PERIOD","records/science/SCI-PORT-01/YYYY-MM-DD/","PSP-094|PSP-097","PROVISIONAL_TOPIC_CANDIDATES_NOT_METHOD_REVIEWED","BLOCKED_UNTIL_EXACT_METHOD_SOURCE_SAFETY_AND_LOCAL_REVIEW","DESIGN_ONLY_NOT_EXECUTED","Новый участник находит источник офлайн, объясняет границы, повторяет допустимую процедуру и получает результат в заранее заданном допуске.","0.4"
"PRJ-231","SCI-PORT-02","PORT","Практическая проверка: SNIG/DGT/CAOP и локальные координатные системы","OBSERVATION_DATA_OR_CALCULATION","Объяснить базовую модель, выполнить допустимую для класса риска проверку и документировать пределы по теме «SNIG/DGT/CAOP и локальные координатные системы».","SCI-PORT-01|SCI-METH-13|право остановить опыт|инструкция оборудования","TBD_NON_EXECUTABLE: точные item/model/material/range/PPE для official source/version/coverage должны быть утверждены до начала","Сформулировать вопрос; записать метод и единицы; выполнить официальный слой, metadata, CRS и дата; сохранить сырые данные; повторить; оценить неопределённость; сделать ограниченный вывод.","официальный слой, metadata, CRS и дата","official-version/coverage","TBD_BEFORE_EXECUTION_FROM_EXACT_METHOD: диапазон/критерий фиксируется до результата; post-hoc подгонка запрещена.","сырые данные + фото/скриншот при допустимости + расчёт + uncertainty + подпись reviewer + hash пакета","2","TBD_METHOD_SPECIFIC: range/resolution/bias/repeat spread/operator effects утверждаются до execution","Не переносить вывод за пределы данных; не собирать персональные/чувствительные данные без законного основания и согласия.","STOP при неясных правах, происхождении данных, этическом конфликте или невозможности сохранить исходные данные.","TBD_ITEM_SPECIFIC_AND_LOCAL: пока маршрут отходов не утверждён, физическое выполнение блокировано.","S0_OBSERVE_READ","Самостоятельно после проверки источника; опасное действие из текста не выполняется.","3","ANY_SAFE_PERIOD","records/science/SCI-PORT-02/YYYY-MM-DD/","PSP-086|PSP-087","PROVISIONAL_TOPIC_CANDIDATES_NOT_METHOD_REVIEWED","BLOCKED_UNTIL_EXACT_METHOD_SOURCE_SAFETY_AND_LOCAL_REVIEW","DESIGN_ONLY_NOT_EXECUTED","Новый участник находит источник офлайн, объясняет границы, повторяет допустимую процедуру и получает результат в заранее заданном допуске.","0.4"
"PRJ-232","SCI-PORT-03","PORT","Практическая проверка: IPMA: погода, климат, землетрясения и море","OBSERVATION_DATA_OR_CALCULATION","Объяснить базовую модель, выполнить допустимую для класса риска проверку и документировать пределы по теме «IPMA: погода, климат, землетрясения и море».","SCI-PORT-02|SCI-METH-13|право остановить опыт|инструкция оборудования","TBD_NON_EXECUTABLE: точные item/model/material/range/PPE для official source/version/coverage должны быть утверждены до начала","Сформулировать вопрос; записать метод и единицы; выполнить разделение текущего alert и исторического набора; сохранить сырые данные; повторить; оценить неопределённость; сделать ограниченный вывод.","разделение текущего alert и исторического набора","official-version/coverage","TBD_BEFORE_EXECUTION_FROM_EXACT_METHOD: диапазон/критерий фиксируется до результата; post-hoc подгонка запрещена.","сырые данные + фото/скриншот при допустимости + расчёт + uncertainty + подпись reviewer + hash пакета","2","TBD_METHOD_SPECIFIC: range/resolution/bias/repeat spread/operator effects утверждаются до execution","Не переносить вывод за пределы данных; не собирать персональные/чувствительные данные без законного основания и согласия.","STOP при неясных правах, происхождении данных, этическом конфликте или невозможности сохранить исходные данные.","TBD_ITEM_SPECIFIC_AND_LOCAL: пока маршрут отходов не утверждён, физическое выполнение блокировано.","S0_OBSERVE_READ","Самостоятельно после проверки источника; опасное действие из текста не выполняется.","3","ANY_SAFE_PERIOD","records/science/SCI-PORT-03/YYYY-MM-DD/","PSP-090","PROVISIONAL_TOPIC_CANDIDATES_NOT_METHOD_REVIEWED","BLOCKED_UNTIL_EXACT_METHOD_SOURCE_SAFETY_AND_LOCAL_REVIEW","DESIGN_ONLY_NOT_EXECUTED","Новый участник находит источник офлайн, объясняет границы, повторяет допустимую процедуру и получает результат в заранее заданном допуске.","0.4"
"PRJ-233","SCI-PORT-04","PORT","Практическая проверка: APA/LNEG: вода, наводнения, геология и среда","OBSERVATION_DATA_OR_CALCULATION","Объяснить базовую модель, выполнить допустимую для класса риска проверку и документировать пределы по теме «APA/LNEG: вода, наводнения, геология и среда».","SCI-PORT-03|SCI-METH-13|право остановить опыт|инструкция оборудования","TBD_NON_EXECUTABLE: точные item/model/material/range/PPE для official source/version/coverage должны быть утверждены до начала","Сформулировать вопрос; записать метод и единицы; выполнить выбор официального слоя с ограничением покрытия; сохранить сырые данные; повторить; оценить неопределённость; сделать ограниченный вывод.","выбор официального слоя с ограничением покрытия","official-version/coverage","TBD_BEFORE_EXECUTION_FROM_EXACT_METHOD: диапазон/критерий фиксируется до результата; post-hoc подгонка запрещена.","сырые данные + фото/скриншот при допустимости + расчёт + uncertainty + подпись reviewer + hash пакета","2","TBD_METHOD_SPECIFIC: range/resolution/bias/repeat spread/operator effects утверждаются до execution","Не переносить вывод за пределы данных; не собирать персональные/чувствительные данные без законного основания и согласия.","STOP при неясных правах, происхождении данных, этическом конфликте или невозможности сохранить исходные данные.","TBD_ITEM_SPECIFIC_AND_LOCAL: пока маршрут отходов не утверждён, физическое выполнение блокировано.","S0_OBSERVE_READ","Самостоятельно после проверки источника; опасное действие из текста не выполняется.","3","ANY_SAFE_PERIOD","records/science/SCI-PORT-04/YYYY-MM-DD/","PSP-088|PSP-089","PROVISIONAL_TOPIC_CANDIDATES_NOT_METHOD_REVIEWED","BLOCKED_UNTIL_EXACT_METHOD_SOURCE_SAFETY_AND_LOCAL_REVIEW","DESIGN_ONLY_NOT_EXECUTED","Новый участник находит источник офлайн, объясняет границы, повторяет допустимую процедуру и получает результат в заранее заданном допуске.","0.4"
"PRJ-234","SCI-PORT-05","PORT","Практическая проверка: DGAV: здоровье растений, пища и animal welfare","OBSERVATION_DATA_OR_CALCULATION","Объяснить базовую модель, выполнить допустимую для класса риска проверку и документировать пределы по теме «DGAV: здоровье растений, пища и animal welfare».","SCI-PORT-04|SCI-METH-13|право остановить опыт|инструкция оборудования","TBD_NON_EXECUTABLE: точные item/model/material/range/PPE для official source/version/coverage должны быть утверждены до начала","Сформулировать вопрос; записать метод и единицы; выполнить официальное руководство с датой и rights review; сохранить сырые данные; повторить; оценить неопределённость; сделать ограниченный вывод.","официальное руководство с датой и rights review","official-version/coverage","TBD_BEFORE_EXECUTION_FROM_EXACT_METHOD: диапазон/критерий фиксируется до результата; post-hoc подгонка запрещена.","сырые данные + фото/скриншот при допустимости + расчёт + uncertainty + подпись reviewer + hash пакета","2","TBD_METHOD_SPECIFIC: range/resolution/bias/repeat spread/operator effects утверждаются до execution","Не переносить вывод за пределы данных; не собирать персональные/чувствительные данные без законного основания и согласия.","STOP при неясных правах, происхождении данных, этическом конфликте или невозможности сохранить исходные данные.","TBD_ITEM_SPECIFIC_AND_LOCAL: пока маршрут отходов не утверждён, физическое выполнение блокировано.","S0_OBSERVE_READ","Самостоятельно после проверки источника; опасное действие из текста не выполняется.","3","ANY_SAFE_PERIOD","records/science/SCI-PORT-05/YYYY-MM-DD/","PSP-091","PROVISIONAL_TOPIC_CANDIDATES_NOT_METHOD_REVIEWED","BLOCKED_UNTIL_EXACT_METHOD_SOURCE_SAFETY_AND_LOCAL_REVIEW","DESIGN_ONLY_NOT_EXECUTED","Новый участник находит источник офлайн, объясняет границы, повторяет допустимую процедуру и получает результат в заранее заданном допуске.","0.4"
"PRJ-235","SCI-PORT-06","PORT","Практическая проверка: LNEC и национальная строительная практика","DATASET_SIMULATION_OR_PRO_OBSERVATION_ONLY","Объяснить базовую модель, выполнить допустимую для класса риска проверку и документировать пределы по теме «LNEC и национальная строительная практика».","SCI-PORT-05|SCI-METH-13|право остановить опыт|инструкция оборудования","TBD_NON_EXECUTABLE: точные item/model/material/range/PPE для official source/version/coverage должны быть утверждены до начала","Не выполнять реальную работу. Разобрать утверждённый отчёт, схему, симуляцию или обезличенный набор данных по теме: поиск отчёта/нормы; проектное решение остаётся у специалиста. Зафиксировать, когда нужен лицензированный специалист.","поиск отчёта/нормы; проектное решение остаётся у специалиста","official-version/coverage","TBD_BEFORE_EXECUTION_FROM_EXACT_METHOD: диапазон/критерий фиксируется до результата; post-hoc подгонка запрещена.","сырые данные + фото/скриншот при допустимости + расчёт + uncertainty + подпись reviewer + hash пакета","1","TBD_METHOD_SPECIFIC: range/resolution/bias/repeat spread/operator effects утверждаются до execution","Самовольная работа может привести к пожару, поражению током, обрушению, утечке, травме или нарушению закона.","STOP до любого физического вмешательства; только лицензированный специалист с действующим scope и площадкой.","TBD_ITEM_SPECIFIC_AND_LOCAL: пока маршрут отходов не утверждён, физическое выполнение блокировано.","S3_LICENSED_PROFESSIONAL","Лицензированный специалист для любой реальной работы; учебный анализ может быть самостоятельным.","2","ANY_SAFE_PERIOD","records/science/SCI-PORT-06/YYYY-MM-DD/","PSP-092|PSP-118","PROVISIONAL_TOPIC_CANDIDATES_NOT_METHOD_REVIEWED","BLOCKED_UNTIL_EXACT_METHOD_SOURCE_SAFETY_AND_LOCAL_REVIEW","DESIGN_ONLY_NOT_EXECUTED","Новый участник находит источник офлайн, объясняет границы, повторяет допустимую процедуру и получает результат в заранее заданном допуске.","0.4"
"PRJ-236","SCI-PORT-07","PORT","Практическая проверка: DGEG/ERSE и безопасность энергетики","DATASET_SIMULATION_OR_PRO_OBSERVATION_ONLY","Объяснить базовую модель, выполнить допустимую для класса риска проверку и документировать пределы по теме «DGEG/ERSE и безопасность энергетики».","SCI-PORT-06|SCI-METH-13|право остановить опыт|инструкция оборудования","TBD_NON_EXECUTABLE: точные item/model/material/range/PPE для official source/version/coverage должны быть утверждены до начала","Не выполнять реальную работу. Разобрать утверждённый отчёт, схему, симуляцию или обезличенный набор данных по теме: текущий регуляторный путь; монтаж остаётся профессиональным. Зафиксировать, когда нужен лицензированный специалист.","текущий регуляторный путь; монтаж остаётся профессиональным","official-version/coverage","TBD_BEFORE_EXECUTION_FROM_EXACT_METHOD: диапазон/критерий фиксируется до результата; post-hoc подгонка запрещена.","сырые данные + фото/скриншот при допустимости + расчёт + uncertainty + подпись reviewer + hash пакета","1","TBD_METHOD_SPECIFIC: range/resolution/bias/repeat spread/operator effects утверждаются до execution","Самовольная работа может привести к пожару, поражению током, обрушению, утечке, травме или нарушению закона.","STOP до любого физического вмешательства; только лицензированный специалист с действующим scope и площадкой.","TBD_ITEM_SPECIFIC_AND_LOCAL: пока маршрут отходов не утверждён, физическое выполнение блокировано.","S3_LICENSED_PROFESSIONAL","Лицензированный специалист для любой реальной работы; учебный анализ может быть самостоятельным.","2","ANY_SAFE_PERIOD","records/science/SCI-PORT-07/YYYY-MM-DD/","PSP-093|PSP-118","PROVISIONAL_TOPIC_CANDIDATES_NOT_METHOD_REVIEWED","BLOCKED_UNTIL_EXACT_METHOD_SOURCE_SAFETY_AND_LOCAL_REVIEW","DESIGN_ONLY_NOT_EXECUTED","Новый участник находит источник офлайн, объясняет границы, повторяет допустимую процедуру и получает результат в заранее заданном допуске.","0.4"
"PRJ-237","SCI-PORT-08","PORT","Практическая проверка: DGS/INFARMED и права на локальную медицинскую копию","SUPERVISED_DEMONSTRATION_ONLY","Объяснить базовую модель, выполнить допустимую для класса риска проверку и документировать пределы по теме «DGS/INFARMED и права на локальную медицинскую копию».","SCI-PORT-07|SCI-METH-13|право остановить опыт|инструкция оборудования","TBD_NON_EXECUTABLE: точные item/model/material/range/PPE для official source/version/coverage должны быть утверждены до начала","До допуска: обучение и checklist. Затем только под компетентным надзором выполнить безопасную часть: metadata/link until reproduction rights and edition are cleared. Результат и отклонения подписывает supervisor.","metadata/link until reproduction rights and edition are cleared","official-version/coverage","TBD_BEFORE_EXECUTION_FROM_EXACT_METHOD: диапазон/критерий фиксируется до результата; post-hoc подгонка запрещена.","сырые данные + фото/скриншот при допустимости + расчёт + uncertainty + подпись reviewer + hash пакета","1","TBD_METHOD_SPECIFIC: range/resolution/bias/repeat spread/operator effects утверждаются до execution","DESIGN_PLACEHOLDER_NOT_EXECUTABLE: item-specific hazard analysis, материалы, энергия, концентрация, СИЗ и отходы ещё не утверждены.","BLOCKED_BEFORE_START: до точного method/source review запрещено начинать; после review нужны наблюдаемые численные/событийные stop conditions.","TBD_ITEM_SPECIFIC_AND_LOCAL: пока маршрут отходов не утверждён, физическое выполнение блокировано.","S2_TRAINED_SUPERVISED","Компетентный инструктор/ответственный специалист присутствует и может немедленно остановить работу.","3","ANY_SAFE_PERIOD","records/science/SCI-PORT-08/YYYY-MM-DD/","PSP-094|PSP-095","PROVISIONAL_TOPIC_CANDIDATES_NOT_METHOD_REVIEWED","BLOCKED_UNTIL_EXACT_METHOD_SOURCE_SAFETY_AND_LOCAL_REVIEW","DESIGN_ONLY_NOT_EXECUTED","Новый участник находит источник офлайн, объясняет границы, повторяет допустимую процедуру и получает результат в заранее заданном допуске.","0.4"
"PRJ-238","SCI-PORT-09","PORT","Практическая проверка: EUR-Lex/Diário da República и актуальность права","OBSERVATION_DATA_OR_CALCULATION","Объяснить базовую модель, выполнить допустимую для класса риска проверку и документировать пределы по теме «EUR-Lex/Diário da República и актуальность права».","SCI-PORT-08|SCI-METH-13|право остановить опыт|инструкция оборудования","TBD_NON_EXECUTABLE: точные item/model/material/range/PPE для official source/version/coverage должны быть утверждены до начала","Сформулировать вопрос; записать метод и единицы; выполнить официальный текст, consolidated status, valid_at и review_due; сохранить сырые данные; повторить; оценить неопределённость; сделать ограниченный вывод.","официальный текст, consolidated status, valid_at и review_due","official-version/coverage","TBD_BEFORE_EXECUTION_FROM_EXACT_METHOD: диапазон/критерий фиксируется до результата; post-hoc подгонка запрещена.","сырые данные + фото/скриншот при допустимости + расчёт + uncertainty + подпись reviewer + hash пакета","2","TBD_METHOD_SPECIFIC: range/resolution/bias/repeat spread/operator effects утверждаются до execution","Не переносить вывод за пределы данных; не собирать персональные/чувствительные данные без законного основания и согласия.","STOP при неясных правах, происхождении данных, этическом конфликте или невозможности сохранить исходные данные.","TBD_ITEM_SPECIFIC_AND_LOCAL: пока маршрут отходов не утверждён, физическое выполнение блокировано.","S0_OBSERVE_READ","Самостоятельно после проверки источника; опасное действие из текста не выполняется.","3","ANY_SAFE_PERIOD","records/science/SCI-PORT-09/YYYY-MM-DD/","PSP-096|PSP-097","PROVISIONAL_TOPIC_CANDIDATES_NOT_METHOD_REVIEWED","BLOCKED_UNTIL_EXACT_METHOD_SOURCE_SAFETY_AND_LOCAL_REVIEW","DESIGN_ONLY_NOT_EXECUTED","Новый участник находит источник офлайн, объясняет границы, повторяет допустимую процедуру и получает результат в заранее заданном допуске.","0.4"
"PRJ-239","SCI-PORT-10","PORT","Практическая проверка: Португальский технический язык и двуязычные карточки","OBSERVATION_DATA_OR_CALCULATION","Объяснить базовую модель, выполнить допустимую для класса риска проверку и документировать пределы по теме «Португальский технический язык и двуязычные карточки».","SCI-PORT-09|SCI-METH-13|право остановить опыт|инструкция оборудования","TBD_NON_EXECUTABLE: точные item/model/material/range/PPE для official source/version/coverage должны быть утверждены до начала","Сформулировать вопрос; записать метод и единицы; выполнить PT оригинал + RU пояснение + независимая проверка опасных терминов; сохранить сырые данные; повторить; оценить неопределённость; сделать ограниченный вывод.","PT оригинал + RU пояснение + независимая проверка опасных терминов","official-version/coverage","TBD_BEFORE_EXECUTION_FROM_EXACT_METHOD: диапазон/критерий фиксируется до результата; post-hoc подгонка запрещена.","сырые данные + фото/скриншот при допустимости + расчёт + uncertainty + подпись reviewer + hash пакета","2","TBD_METHOD_SPECIFIC: range/resolution/bias/repeat spread/operator effects утверждаются до execution","Не переносить вывод за пределы данных; не собирать персональные/чувствительные данные без законного основания и согласия.","STOP при неясных правах, происхождении данных, этическом конфликте или невозможности сохранить исходные данные.","TBD_ITEM_SPECIFIC_AND_LOCAL: пока маршрут отходов не утверждён, физическое выполнение блокировано.","S0_OBSERVE_READ","Самостоятельно после проверки источника; опасное действие из текста не выполняется.","3","ANY_SAFE_PERIOD","records/science/SCI-PORT-10/YYYY-MM-DD/","PSP-029|PSP-100","PROVISIONAL_TOPIC_CANDIDATES_NOT_METHOD_REVIEWED","BLOCKED_UNTIL_EXACT_METHOD_SOURCE_SAFETY_AND_LOCAL_REVIEW","DESIGN_ONLY_NOT_EXECUTED","Новый участник находит источник офлайн, объясняет границы, повторяет допустимую процедуру и получает результат в заранее заданном допуске.","0.4"
