"domain_id","group_code","group_title_ru","domain_title_ru","practical_outcome","minimum_demonstration","primary_measure","unit_or_standard","safety_class","safety_definition","prerequisite_domains","offline_package_target","practical_project_target","successor_proof","implementation_state","release_version"
"SCI-METH-01","METH","Научный метод и метрология","Постановка проверяемого вопроса и фальсифицируемость","Объяснить базовую модель, выполнить допустимую для класса риска проверку и документировать пределы по теме «Постановка проверяемого вопроса и фальсифицируемость».","формулировка вопроса, проверяемого наблюдением","протокол/неопределённость","SI или явно названный стандарт","S0_OBSERVE_READ","Наблюдение, чтение, расчёт или работа с опубликованным набором данных; физического вмешательства нет.","","1","1","Новый участник находит источник офлайн, объясняет границы, повторяет допустимую процедуру и получает результат в заранее заданном допуске.","FRAMEWORK_ONLY_NOT_TRAINED","0.4"
"SCI-METH-02","METH","Научный метод и метрология","Иерархия источников, происхождение и конфликт интересов","Объяснить базовую модель, выполнить допустимую для класса риска проверку и документировать пределы по теме «Иерархия источников, происхождение и конфликт интересов».","карта утверждение → первичный источник → дата → права","протокол/неопределённость","SI или явно названный стандарт","S0_OBSERVE_READ","Наблюдение, чтение, расчёт или работа с опубликованным набором данных; физического вмешательства нет.","SCI-METH-01","1","1","Новый участник находит источник офлайн, объясняет границы, повторяет допустимую процедуру и получает результат в заранее заданном допуске.","FRAMEWORK_ONLY_NOT_TRAINED","0.4"
"SCI-METH-03","METH","Научный метод и метрология","Гипотеза, контроль и альтернативные объяснения","Объяснить базовую модель, выполнить допустимую для класса риска проверку и документировать пределы по теме «Гипотеза, контроль и альтернативные объяснения».","таблица конкурирующих гипотез и различающих наблюдений","протокол/неопределённость","SI или явно названный стандарт","S0_OBSERVE_READ","Наблюдение, чтение, расчёт или работа с опубликованным набором данных; физического вмешательства нет.","SCI-METH-02|SCI-METH-01","1","1","Новый участник находит источник офлайн, объясняет границы, повторяет допустимую процедуру и получает результат в заранее заданном допуске.","FRAMEWORK_ONLY_NOT_TRAINED","0.4"
"SCI-METH-04","METH","Научный метод и метрология","Планирование эксперимента и предрегистрация","Объяснить базовую модель, выполнить допустимую для класса риска проверку и документировать пределы по теме «Планирование эксперимента и предрегистрация».","заранее записанные переменные, критерий успеха и стоп-условие","протокол/неопределённость","SI или явно названный стандарт","S0_OBSERVE_READ","Наблюдение, чтение, расчёт или работа с опубликованным набором данных; физического вмешательства нет.","SCI-METH-03|SCI-METH-01","1","1","Новый участник находит источник офлайн, объясняет границы, повторяет допустимую процедуру и получает результат в заранее заданном допуске.","FRAMEWORK_ONLY_NOT_TRAINED","0.4"
"SCI-METH-05","METH","Научный метод и метрология","Выборка, смещение и репрезентативность","Объяснить базовую модель, выполнить допустимую для класса риска проверку и документировать пределы по теме «Выборка, смещение и репрезентативность».","описание рамки выборки и известных смещений","протокол/неопределённость","SI или явно названный стандарт","S0_OBSERVE_READ","Наблюдение, чтение, расчёт или работа с опубликованным набором данных; физического вмешательства нет.","SCI-METH-04|SCI-METH-01","1","1","Новый участник находит источник офлайн, объясняет границы, повторяет допустимую процедуру и получает результат в заранее заданном допуске.","FRAMEWORK_ONLY_NOT_TRAINED","0.4"
"SCI-METH-06","METH","Научный метод и метрология","Словарь данных, типы переменных и единицы","Объяснить базовую модель, выполнить допустимую для класса риска проверку и документировать пределы по теме «Словарь данных, типы переменных и единицы».","машиночитаемый словарь поля → тип → единица → допустимый диапазон","протокол/неопределённость","SI или явно названный стандарт","S0_OBSERVE_READ","Наблюдение, чтение, расчёт или работа с опубликованным набором данных; физического вмешательства нет.","SCI-METH-05|SCI-METH-01","1","1","Новый участник находит источник офлайн, объясняет границы, повторяет допустимую процедуру и получает результат в заранее заданном допуске.","FRAMEWORK_ONLY_NOT_TRAINED","0.4"
"SCI-METH-07","METH","Научный метод и метрология","SI, размерностный анализ и преобразование единиц","Объяснить базовую модель, выполнить допустимую для класса риска проверку и документировать пределы по теме «SI, размерностный анализ и преобразование единиц».","проверка размерности и независимый пересчёт единиц","протокол/неопределённость","SI или явно названный стандарт","S0_OBSERVE_READ","Наблюдение, чтение, расчёт или работа с опубликованным набором данных; физического вмешательства нет.","SCI-METH-06|SCI-METH-01","1","1","Новый участник находит источник офлайн, объясняет границы, повторяет допустимую процедуру и получает результат в заранее заданном допуске.","FRAMEWORK_ONLY_NOT_TRAINED","0.4"
"SCI-METH-08","METH","Научный метод и метрология","Калибровка и метрологическая прослеживаемость","Объяснить базовую модель, выполнить допустимую для класса риска проверку и документировать пределы по теме «Калибровка и метрологическая прослеживаемость».","запись эталона, диапазона, поправки и срока следующей проверки","протокол/неопределённость","SI или явно названный стандарт","S0_OBSERVE_READ","Наблюдение, чтение, расчёт или работа с опубликованным набором данных; физического вмешательства нет.","SCI-METH-07|SCI-METH-01","1","1","Новый участник находит источник офлайн, объясняет границы, повторяет допустимую процедуру и получает результат в заранее заданном допуске.","FRAMEWORK_ONLY_NOT_TRAINED","0.4"
"SCI-METH-09","METH","Научный метод и метрология","Повторяемость, воспроизводимость и стабильность","Объяснить базовую модель, выполнить допустимую для класса риска проверку и документировать пределы по теме «Повторяемость, воспроизводимость и стабильность».","серия повторов одним и двумя операторами","протокол/неопределённость","SI или явно названный стандарт","S0_OBSERVE_READ","Наблюдение, чтение, расчёт или работа с опубликованным набором данных; физического вмешательства нет.","SCI-METH-08|SCI-METH-01","1","1","Новый участник находит источник офлайн, объясняет границы, повторяет допустимую процедуру и получает результат в заранее заданном допуске.","FRAMEWORK_ONLY_NOT_TRAINED","0.4"
"SCI-METH-10","METH","Научный метод и метрология","Неопределённость и распространение ошибок","Объяснить базовую модель, выполнить допустимую для класса риска проверку и документировать пределы по теме «Неопределённость и распространение ошибок».","бюджет неопределённости с допущениями","протокол/неопределённость","SI или явно названный стандарт","S0_OBSERVE_READ","Наблюдение, чтение, расчёт или работа с опубликованным набором данных; физического вмешательства нет.","SCI-METH-09|SCI-METH-01","1","1","Новый участник находит источник офлайн, объясняет границы, повторяет допустимую процедуру и получает результат в заранее заданном допуске.","FRAMEWORK_ONLY_NOT_TRAINED","0.4"
"SCI-METH-11","METH","Научный метод и метрология","Разведочный анализ и визуальная проверка данных","Объяснить базовую модель, выполнить допустимую для класса риска проверку и документировать пределы по теме «Разведочный анализ и визуальная проверка данных».","график, выбросы, пропуски и сохранённые сырые данные","протокол/неопределённость","SI или явно названный стандарт","S0_OBSERVE_READ","Наблюдение, чтение, расчёт или работа с опубликованным набором данных; физического вмешательства нет.","SCI-METH-10|SCI-METH-01","1","1","Новый участник находит источник офлайн, объясняет границы, повторяет допустимую процедуру и получает результат в заранее заданном допуске.","FRAMEWORK_ONLY_NOT_TRAINED","0.4"
"SCI-METH-12","METH","Научный метод и метрология","Статистический вывод, корреляция и причинность","Объяснить базовую модель, выполнить допустимую для класса риска проверку и документировать пределы по теме «Статистический вывод, корреляция и причинность».","явное разделение ассоциации, механизма и причинного вывода","протокол/неопределённость","SI или явно названный стандарт","S0_OBSERVE_READ","Наблюдение, чтение, расчёт или работа с опубликованным набором данных; физического вмешательства нет.","SCI-METH-11|SCI-METH-01","1","1","Новый участник находит источник офлайн, объясняет границы, повторяет допустимую процедуру и получает результат в заранее заданном допуске.","FRAMEWORK_ONLY_NOT_TRAINED","0.4"
"SCI-METH-13","METH","Научный метод и метрология","Лабораторный журнал, версии и отрицательные результаты","Объяснить базовую модель, выполнить допустимую для класса риска проверку и документировать пределы по теме «Лабораторный журнал, версии и отрицательные результаты».","неизменяемая запись метода, версии, ошибок и исходов","протокол/неопределённость","SI или явно названный стандарт","S0_OBSERVE_READ","Наблюдение, чтение, расчёт или работа с опубликованным набором данных; физического вмешательства нет.","SCI-METH-12|SCI-METH-01","1","1","Новый участник находит источник офлайн, объясняет границы, повторяет допустимую процедуру и получает результат в заранее заданном допуске.","FRAMEWORK_ONLY_NOT_TRAINED","0.4"
"SCI-METH-14","METH","Научный метод и метрология","Этика, риск, согласие и право остановить опыт","Объяснить базовую модель, выполнить допустимую для класса риска проверку и документировать пределы по теме «Этика, риск, согласие и право остановить опыт».","предварительный риск-анализ и подписанное стоп-правило","протокол/неопределённость","SI или явно названный стандарт","S0_OBSERVE_READ","Наблюдение, чтение, расчёт или работа с опубликованным набором данных; физического вмешательства нет.","SCI-METH-13|SCI-METH-01","1","1","Новый участник находит источник офлайн, объясняет границы, повторяет допустимую процедуру и получает результат в заранее заданном допуске.","FRAMEWORK_ONLY_NOT_TRAINED","0.4"
"SCI-MATH-01","MATH","Математика и количественное мышление","Арифметика, порядок действий и оценка порядка величины","Объяснить базовую модель, выполнить допустимую для класса риска проверку и документировать пределы по теме «Арифметика, порядок действий и оценка порядка величины».","ручной и независимый расчёт с оценкой сверху/снизу","расчёт/невязка","SI или явно названный стандарт","S0_OBSERVE_READ","Наблюдение, чтение, расчёт или работа с опубликованным набором данных; физического вмешательства нет.","SCI-METH-01|SCI-METH-07|SCI-METH-14","1","1","Новый участник находит источник офлайн, объясняет границы, повторяет допустимую процедуру и получает результат в заранее заданном допуске.","FRAMEWORK_ONLY_NOT_TRAINED","0.4"
"SCI-MATH-02","MATH","Математика и количественное мышление","Дроби, отношения, проценты и пропорции","Объяснить базовую модель, выполнить допустимую для класса риска проверку и документировать пределы по теме «Дроби, отношения, проценты и пропорции».","масштабирование рецепта или ресурса с проверкой суммы","расчёт/невязка","SI или явно названный стандарт","S0_OBSERVE_READ","Наблюдение, чтение, расчёт или работа с опубликованным набором данных; физического вмешательства нет.","SCI-MATH-01|SCI-METH-13","1","1","Новый участник находит источник офлайн, объясняет границы, повторяет допустимую процедуру и получает результат в заранее заданном допуске.","FRAMEWORK_ONLY_NOT_TRAINED","0.4"
"SCI-MATH-03","MATH","Математика и количественное мышление","Единицы, приставки и перевод величин","Объяснить базовую модель, выполнить допустимую для класса риска проверку и документировать пределы по теме «Единицы, приставки и перевод величин».","двухмаршрутный перевод единиц без потери размерности","расчёт/невязка","SI или явно названный стандарт","S0_OBSERVE_READ","Наблюдение, чтение, расчёт или работа с опубликованным набором данных; физического вмешательства нет.","SCI-MATH-02|SCI-METH-13","1","1","Новый участник находит источник офлайн, объясняет границы, повторяет допустимую процедуру и получает результат в заранее заданном допуске.","FRAMEWORK_ONLY_NOT_TRAINED","0.4"
"SCI-MATH-04","MATH","Математика и количественное мышление","Алгебраические выражения и уравнения","Объяснить базовую модель, выполнить допустимую для класса риска проверку и документировать пределы по теме «Алгебраические выражения и уравнения».","решение и обратная подстановка","расчёт/невязка","SI или явно названный стандарт","S0_OBSERVE_READ","Наблюдение, чтение, расчёт или работа с опубликованным набором данных; физического вмешательства нет.","SCI-MATH-03|SCI-METH-13","1","1","Новый участник находит источник офлайн, объясняет границы, повторяет допустимую процедуру и получает результат в заранее заданном допуске.","FRAMEWORK_ONLY_NOT_TRAINED","0.4"
"SCI-MATH-05","MATH","Математика и количественное мышление","Функции, таблицы и графики","Объяснить базовую модель, выполнить допустимую для класса риска проверку и документировать пределы по теме «Функции, таблицы и графики».","построение таблицы значений и интерпретация наклона","расчёт/невязка","SI или явно названный стандарт","S0_OBSERVE_READ","Наблюдение, чтение, расчёт или работа с опубликованным набором данных; физического вмешательства нет.","SCI-MATH-04|SCI-METH-13","1","1","Новый участник находит источник офлайн, объясняет границы, повторяет допустимую процедуру и получает результат в заранее заданном допуске.","FRAMEWORK_ONLY_NOT_TRAINED","0.4"
"SCI-MATH-06","MATH","Математика и количественное мышление","Евклидова геометрия и площадь/объём","Объяснить базовую модель, выполнить допустимую для класса риска проверку и документировать пределы по теме «Евклидова геометрия и площадь/объём».","измерение формы и проверка вычисленного объёма","расчёт/невязка","SI или явно названный стандарт","S0_OBSERVE_READ","Наблюдение, чтение, расчёт или работа с опубликованным набором данных; физического вмешательства нет.","SCI-MATH-05|SCI-METH-13","1","1","Новый участник находит источник офлайн, объясняет границы, повторяет допустимую процедуру и получает результат в заранее заданном допуске.","FRAMEWORK_ONLY_NOT_TRAINED","0.4"
"SCI-MATH-07","MATH","Математика и количественное мышление","Тригонометрия и непрямые измерения","Объяснить базовую модель, выполнить допустимую для класса риска проверку и документировать пределы по теме «Тригонометрия и непрямые измерения».","оценка высоты безопасного объекта по углу и базе","расчёт/невязка","SI или явно названный стандарт","S0_OBSERVE_READ","Наблюдение, чтение, расчёт или работа с опубликованным набором данных; физического вмешательства нет.","SCI-MATH-06|SCI-METH-13","1","1","Новый участник находит источник офлайн, объясняет границы, повторяет допустимую процедуру и получает результат в заранее заданном допуске.","FRAMEWORK_ONLY_NOT_TRAINED","0.4"
"SCI-MATH-08","MATH","Математика и количественное мышление","Координаты, векторы и аналитическая геометрия","Объяснить базовую модель, выполнить допустимую для класса риска проверку и документировать пределы по теме «Координаты, векторы и аналитическая геометрия».","переход между координатным описанием и вектором","расчёт/невязка","SI или явно названный стандарт","S0_OBSERVE_READ","Наблюдение, чтение, расчёт или работа с опубликованным набором данных; физического вмешательства нет.","SCI-MATH-07|SCI-METH-13","1","1","Новый участник находит источник офлайн, объясняет границы, повторяет допустимую процедуру и получает результат в заранее заданном допуске.","FRAMEWORK_ONLY_NOT_TRAINED","0.4"
"SCI-MATH-09","MATH","Математика и количественное мышление","Линейная алгебра и системы уравнений","Объяснить базовую модель, выполнить допустимую для класса риска проверку и документировать пределы по теме «Линейная алгебра и системы уравнений».","решение малой системы и проверка невязки","расчёт/невязка","SI или явно названный стандарт","S0_OBSERVE_READ","Наблюдение, чтение, расчёт или работа с опубликованным набором данных; физического вмешательства нет.","SCI-MATH-08|SCI-METH-13","1","1","Новый участник находит источник офлайн, объясняет границы, повторяет допустимую процедуру и получает результат в заранее заданном допуске.","FRAMEWORK_ONLY_NOT_TRAINED","0.4"
"SCI-MATH-10","MATH","Математика и количественное мышление","Предел, производная и скорость изменения","Объяснить базовую модель, выполнить допустимую для класса риска проверку и документировать пределы по теме «Предел, производная и скорость изменения».","численная оценка производной по измеренному ряду","расчёт/невязка","SI или явно названный стандарт","S0_OBSERVE_READ","Наблюдение, чтение, расчёт или работа с опубликованным набором данных; физического вмешательства нет.","SCI-MATH-09|SCI-METH-13","1","1","Новый участник находит источник офлайн, объясняет границы, повторяет допустимую процедуру и получает результат в заранее заданном допуске.","FRAMEWORK_ONLY_NOT_TRAINED","0.4"
"SCI-MATH-11","MATH","Математика и количественное мышление","Интеграл, накопление и баланс","Объяснить базовую модель, выполнить допустимую для класса риска проверку и документировать пределы по теме «Интеграл, накопление и баланс».","оценка накопленного расхода по временным отсчётам","расчёт/невязка","SI или явно названный стандарт","S0_OBSERVE_READ","Наблюдение, чтение, расчёт или работа с опубликованным набором данных; физического вмешательства нет.","SCI-MATH-10|SCI-METH-13","1","1","Новый участник находит источник офлайн, объясняет границы, повторяет допустимую процедуру и получает результат в заранее заданном допуске.","FRAMEWORK_ONLY_NOT_TRAINED","0.4"
"SCI-MATH-12","MATH","Математика и количественное мышление","Дифференциальные уравнения и динамические модели","Объяснить базовую модель, выполнить допустимую для класса риска проверку и документировать пределы по теме «Дифференциальные уравнения и динамические модели».","сравнение простой модели с наблюдаемой траекторией","расчёт/невязка","SI или явно названный стандарт","S0_OBSERVE_READ","Наблюдение, чтение, расчёт или работа с опубликованным набором данных; физического вмешательства нет.","SCI-MATH-11|SCI-METH-13","1","1","Новый участник находит источник офлайн, объясняет границы, повторяет допустимую процедуру и получает результат в заранее заданном допуске.","FRAMEWORK_ONLY_NOT_TRAINED","0.4"
"SCI-MATH-13","MATH","Математика и количественное мышление","Логика, множества, графы и дискретные структуры","Объяснить базовую модель, выполнить допустимую для класса риска проверку и документировать пределы по теме «Логика, множества, графы и дискретные структуры».","таблица истинности или граф зависимостей","расчёт/невязка","SI или явно названный стандарт","S0_OBSERVE_READ","Наблюдение, чтение, расчёт или работа с опубликованным набором данных; физического вмешательства нет.","SCI-MATH-12|SCI-METH-13","1","1","Новый участник находит источник офлайн, объясняет границы, повторяет допустимую процедуру и получает результат в заранее заданном допуске.","FRAMEWORK_ONLY_NOT_TRAINED","0.4"
"SCI-MATH-14","MATH","Математика и количественное мышление","Вероятность и условная вероятность","Объяснить базовую модель, выполнить допустимую для класса риска проверку и документировать пределы по теме «Вероятность и условная вероятность».","дерево событий и проверка суммы вероятностей","расчёт/невязка","SI или явно названный стандарт","S0_OBSERVE_READ","Наблюдение, чтение, расчёт или работа с опубликованным набором данных; физического вмешательства нет.","SCI-MATH-13|SCI-METH-13","1","1","Новый участник находит источник офлайн, объясняет границы, повторяет допустимую процедуру и получает результат в заранее заданном допуске.","FRAMEWORK_ONLY_NOT_TRAINED","0.4"
"SCI-MATH-15","MATH","Математика и количественное мышление","Описательная статистика и устойчивые меры","Объяснить базовую модель, выполнить допустимую для класса риска проверку и документировать пределы по теме «Описательная статистика и устойчивые меры».","среднее, медиана, разброс и квартильный размах","расчёт/невязка","SI или явно названный стандарт","S0_OBSERVE_READ","Наблюдение, чтение, расчёт или работа с опубликованным набором данных; физического вмешательства нет.","SCI-MATH-14|SCI-METH-13","1","1","Новый участник находит источник офлайн, объясняет границы, повторяет допустимую процедуру и получает результат в заранее заданном допуске.","FRAMEWORK_ONLY_NOT_TRAINED","0.4"
"SCI-MATH-16","MATH","Математика и количественное мышление","Доверительные интервалы и проверка гипотез","Объяснить базовую модель, выполнить допустимую для класса риска проверку и документировать пределы по теме «Доверительные интервалы и проверка гипотез».","интервал с явно указанными предпосылками","расчёт/невязка","SI или явно названный стандарт","S0_OBSERVE_READ","Наблюдение, чтение, расчёт или работа с опубликованным набором данных; физического вмешательства нет.","SCI-MATH-15|SCI-METH-13","1","1","Новый участник находит источник офлайн, объясняет границы, повторяет допустимую процедуру и получает результат в заранее заданном допуске.","FRAMEWORK_ONLY_NOT_TRAINED","0.4"
"SCI-MATH-17","MATH","Математика и количественное мышление","Временные ряды, сезонность и контрольные карты","Объяснить базовую модель, выполнить допустимую для класса риска проверку и документировать пределы по теме «Временные ряды, сезонность и контрольные карты».","график тренда, сезонности и контрольных границ","расчёт/невязка","SI или явно названный стандарт","S0_OBSERVE_READ","Наблюдение, чтение, расчёт или работа с опубликованным набором данных; физического вмешательства нет.","SCI-MATH-16|SCI-METH-13","1","1","Новый участник находит источник офлайн, объясняет границы, повторяет допустимую процедуру и получает результат в заранее заданном допуске.","FRAMEWORK_ONLY_NOT_TRAINED","0.4"
"SCI-MATH-18","MATH","Математика и количественное мышление","Численные методы, оптимизация и исследование операций","Объяснить базовую модель, выполнить допустимую для класса риска проверку и документировать пределы по теме «Численные методы, оптимизация и исследование операций».","решение, проверка ограничения и анализ чувствительности","расчёт/невязка","SI или явно названный стандарт","S0_OBSERVE_READ","Наблюдение, чтение, расчёт или работа с опубликованным набором данных; физического вмешательства нет.","SCI-MATH-17|SCI-METH-13","1","1","Новый участник находит источник офлайн, объясняет границы, повторяет допустимую процедуру и получает результат в заранее заданном допуске.","FRAMEWORK_ONLY_NOT_TRAINED","0.4"
"SCI-PHYS-01","PHYS","Физика","Физические величины, модели и масштаб","Объяснить базовую модель, выполнить допустимую для класса риска проверку и документировать пределы по теме «Физические величины, модели и масштаб».","сравнение модели с измерением и указание области применимости","SI-измерение","SI или явно названный стандарт","S1_LOW_RISK_HOUSEHOLD","Низкорисковая бытовая практика только с заранее названными обычными материалами; для электричества — изолированный защищённый источник с заранее ограниченными током, энергией и температурой; СИЗ и стоп-условие заданы до начала.","SCI-METH-01|SCI-METH-07|SCI-METH-14","1","1","Новый участник находит источник офлайн, объясняет границы, повторяет допустимую процедуру и получает результат в заранее заданном допуске.","FRAMEWORK_ONLY_NOT_TRAINED","0.4"
"SCI-PHYS-02","PHYS","Физика","Кинематика: положение, скорость и ускорение","Объяснить базовую модель, выполнить допустимую для класса риска проверку и документировать пределы по теме «Кинематика: положение, скорость и ускорение».","видеоряд или секундомерный ряд движения безопасного объекта","SI-измерение","SI или явно названный стандарт","S1_LOW_RISK_HOUSEHOLD","Низкорисковая бытовая практика только с заранее названными обычными материалами; для электричества — изолированный защищённый источник с заранее ограниченными током, энергией и температурой; СИЗ и стоп-условие заданы до начала.","SCI-PHYS-01|SCI-METH-13","1","1","Новый участник находит источник офлайн, объясняет границы, повторяет допустимую процедуру и получает результат в заранее заданном допуске.","FRAMEWORK_ONLY_NOT_TRAINED","0.4"
"SCI-PHYS-03","PHYS","Физика","Силы, масса и законы Ньютона","Объяснить базовую модель, выполнить допустимую для класса риска проверку и документировать пределы по теме «Силы, масса и законы Ньютона».","диаграмма сил и измерение малых сил безопасным динамометром","SI-измерение","SI или явно названный стандарт","S1_LOW_RISK_HOUSEHOLD","Низкорисковая бытовая практика только с заранее названными обычными материалами; для электричества — изолированный защищённый источник с заранее ограниченными током, энергией и температурой; СИЗ и стоп-условие заданы до начала.","SCI-PHYS-02|SCI-METH-13","1","1","Новый участник находит источник офлайн, объясняет границы, повторяет допустимую процедуру и получает результат в заранее заданном допуске.","FRAMEWORK_ONLY_NOT_TRAINED","0.4"
"SCI-PHYS-04","PHYS","Физика","Статика, равновесие и центр масс","Объяснить базовую модель, выполнить допустимую для класса риска проверку и документировать пределы по теме «Статика, равновесие и центр масс».","безопасная настольная модель равновесия","SI-измерение","SI или явно названный стандарт","S1_LOW_RISK_HOUSEHOLD","Низкорисковая бытовая практика только с заранее названными обычными материалами; для электричества — изолированный защищённый источник с заранее ограниченными током, энергией и температурой; СИЗ и стоп-условие заданы до начала.","SCI-PHYS-03|SCI-METH-13","1","1","Новый участник находит источник офлайн, объясняет границы, повторяет допустимую процедуру и получает результат в заранее заданном допуске.","FRAMEWORK_ONLY_NOT_TRAINED","0.4"
"SCI-PHYS-05","PHYS","Физика","Работа, энергия, мощность и КПД","Объяснить базовую модель, выполнить допустимую для класса риска проверку и документировать пределы по теме «Работа, энергия, мощность и КПД».","энергетический баланс маломощной системы","SI-измерение","SI или явно названный стандарт","S1_LOW_RISK_HOUSEHOLD","Низкорисковая бытовая практика только с заранее названными обычными материалами; для электричества — изолированный защищённый источник с заранее ограниченными током, энергией и температурой; СИЗ и стоп-условие заданы до начала.","SCI-PHYS-04|SCI-METH-13","1","1","Новый участник находит источник офлайн, объясняет границы, повторяет допустимую процедуру и получает результат в заранее заданном допуске.","FRAMEWORK_ONLY_NOT_TRAINED","0.4"
"SCI-PHYS-06","PHYS","Физика","Импульс и столкновения","Объяснить базовую модель, выполнить допустимую для класса риска проверку и документировать пределы по теме «Импульс и столкновения».","видеоанализ малых тел без людей и хрупких предметов","SI-измерение","SI или явно названный стандарт","S1_LOW_RISK_HOUSEHOLD","Низкорисковая бытовая практика только с заранее названными обычными материалами; для электричества — изолированный защищённый источник с заранее ограниченными током, энергией и температурой; СИЗ и стоп-условие заданы до начала.","SCI-PHYS-05|SCI-METH-13","1","1","Новый участник находит источник офлайн, объясняет границы, повторяет допустимую процедуру и получает результат в заранее заданном допуске.","FRAMEWORK_ONLY_NOT_TRAINED","0.4"
"SCI-PHYS-07","PHYS","Физика","Давление, плавучесть и гидростатика","Объяснить базовую модель, выполнить допустимую для класса риска проверку и документировать пределы по теме «Давление, плавучесть и гидростатика».","зависимость давления/плавучести на безопасной водной модели","SI-измерение","SI или явно названный стандарт","S1_LOW_RISK_HOUSEHOLD","Низкорисковая бытовая практика только с заранее названными обычными материалами; для электричества — изолированный защищённый источник с заранее ограниченными током, энергией и температурой; СИЗ и стоп-условие заданы до начала.","SCI-PHYS-06|SCI-METH-13","1","1","Новый участник находит источник офлайн, объясняет границы, повторяет допустимую процедуру и получает результат в заранее заданном допуске.","FRAMEWORK_ONLY_NOT_TRAINED","0.4"
"SCI-PHYS-08","PHYS","Физика","Поток, расход, сопротивление и насосы","Объяснить базовую модель, выполнить допустимую для класса риска проверку и документировать пределы по теме «Поток, расход, сопротивление и насосы».","измерение расхода воды при безопасном низком давлении","SI-измерение","SI или явно названный стандарт","S1_LOW_RISK_HOUSEHOLD","Низкорисковая бытовая практика только с заранее названными обычными материалами; для электричества — изолированный защищённый источник с заранее ограниченными током, энергией и температурой; СИЗ и стоп-условие заданы до начала.","SCI-PHYS-07|SCI-METH-13","1","1","Новый участник находит источник офлайн, объясняет границы, повторяет допустимую процедуру и получает результат в заранее заданном допуске.","FRAMEWORK_ONLY_NOT_TRAINED","0.4"
"SCI-PHYS-09","PHYS","Физика","Температура, теплоёмкость и фазовые переходы","Объяснить базовую модель, выполнить допустимую для класса риска проверку и документировать пределы по теме «Температура, теплоёмкость и фазовые переходы».","температурно-временной ряд без открытого огня","SI-измерение","SI или явно названный стандарт","S1_LOW_RISK_HOUSEHOLD","Низкорисковая бытовая практика только с заранее названными обычными материалами; для электричества — изолированный защищённый источник с заранее ограниченными током, энергией и температурой; СИЗ и стоп-условие заданы до начала.","SCI-PHYS-08|SCI-METH-13","1","1","Новый участник находит источник офлайн, объясняет границы, повторяет допустимую процедуру и получает результат в заранее заданном допуске.","FRAMEWORK_ONLY_NOT_TRAINED","0.4"
"SCI-PHYS-10","PHYS","Физика","Теплопередача, изоляция и тепловой баланс","Объяснить базовую модель, выполнить допустимую для класса риска проверку и документировать пределы по теме «Теплопередача, изоляция и тепловой баланс».","сравнение охлаждения двух одинаковых ёмкостей","SI-измерение","SI или явно названный стандарт","S1_LOW_RISK_HOUSEHOLD","Низкорисковая бытовая практика только с заранее названными обычными материалами; для электричества — изолированный защищённый источник с заранее ограниченными током, энергией и температурой; СИЗ и стоп-условие заданы до начала.","SCI-PHYS-09|SCI-METH-13","1","1","Новый участник находит источник офлайн, объясняет границы, повторяет допустимую процедуру и получает результат в заранее заданном допуске.","FRAMEWORK_ONLY_NOT_TRAINED","0.4"
"SCI-PHYS-11","PHYS","Физика","Колебания, волны и резонанс","Объяснить базовую модель, выполнить допустимую для класса риска проверку и документировать пределы по теме «Колебания, волны и резонанс».","период и амплитуда безопасного маятника","SI-измерение","SI или явно названный стандарт","S1_LOW_RISK_HOUSEHOLD","Низкорисковая бытовая практика только с заранее названными обычными материалами; для электричества — изолированный защищённый источник с заранее ограниченными током, энергией и температурой; СИЗ и стоп-условие заданы до начала.","SCI-PHYS-10|SCI-METH-13","1","1","Новый участник находит источник офлайн, объясняет границы, повторяет допустимую процедуру и получает результат в заранее заданном допуске.","FRAMEWORK_ONLY_NOT_TRAINED","0.4"
"SCI-PHYS-12","PHYS","Физика","Акустика, шум и вибрация","Объяснить базовую модель, выполнить допустимую для класса риска проверку и документировать пределы по теме «Акустика, шум и вибрация».","уровень/спектр относительного сигнала с оговоркой о некалиброванности","SI-измерение","SI или явно названный стандарт","S1_LOW_RISK_HOUSEHOLD","Низкорисковая бытовая практика только с заранее названными обычными материалами; для электричества — изолированный защищённый источник с заранее ограниченными током, энергией и температурой; СИЗ и стоп-условие заданы до начала.","SCI-PHYS-11|SCI-METH-13","1","1","Новый участник находит источник офлайн, объясняет границы, повторяет допустимую процедуру и получает результат в заранее заданном допуске.","FRAMEWORK_ONLY_NOT_TRAINED","0.4"
"SCI-PHYS-13","PHYS","Физика","Геометрическая оптика и освещённость","Объяснить базовую модель, выполнить допустимую для класса риска проверку и документировать пределы по теме «Геометрическая оптика и освещённость».","фокусное расстояние безопасной линзы без наблюдения Солнца","SI-измерение","SI или явно названный стандарт","S1_LOW_RISK_HOUSEHOLD","Низкорисковая бытовая практика только с заранее названными обычными материалами; для электричества — изолированный защищённый источник с заранее ограниченными током, энергией и температурой; СИЗ и стоп-условие заданы до начала.","SCI-PHYS-12|SCI-METH-13","1","1","Новый участник находит источник офлайн, объясняет границы, повторяет допустимую процедуру и получает результат в заранее заданном допуске.","FRAMEWORK_ONLY_NOT_TRAINED","0.4"
"SCI-PHYS-14","PHYS","Физика","Электрический заряд, поле и потенциал","Объяснить базовую модель, выполнить допустимую для класса риска проверку и документировать пределы по теме «Электрический заряд, поле и потенциал».","электростатическое наблюдение на безопасной малой энергии","SI-измерение","SI или явно названный стандарт","S1_LOW_RISK_HOUSEHOLD","Низкорисковая бытовая практика только с заранее названными обычными материалами; для электричества — изолированный защищённый источник с заранее ограниченными током, энергией и температурой; СИЗ и стоп-условие заданы до начала.","SCI-PHYS-13|SCI-METH-13","1","1","Новый участник находит источник офлайн, объясняет границы, повторяет допустимую процедуру и получает результат в заранее заданном допуске.","FRAMEWORK_ONLY_NOT_TRAINED","0.4"
"SCI-PHYS-15","PHYS","Физика","Постоянный ток, напряжение и сопротивление","Объяснить базовую модель, выполнить допустимую для класса риска проверку и документировать пределы по теме «Постоянный ток, напряжение и сопротивление».","только учебная цепь от сертифицированного USB-источника 5 V с аппаратным ограничением тока ≤100 mA; автомобильные, тяговые, свинцовые и литиевые батареи исключены","SI-измерение","SI или явно названный стандарт","S1_LOW_RISK_HOUSEHOLD","Низкорисковая бытовая практика только с заранее названными обычными материалами; для электричества — изолированный защищённый источник с заранее ограниченными током, энергией и температурой; СИЗ и стоп-условие заданы до начала.","SCI-PHYS-14|SCI-METH-13","1","1","Новый участник находит источник офлайн, объясняет границы, повторяет допустимую процедуру и получает результат в заранее заданном допуске.","FRAMEWORK_ONLY_NOT_TRAINED","0.4"
"SCI-PHYS-16","PHYS","Физика","Магнетизм и электромагнитная индукция","Объяснить базовую модель, выполнить допустимую для класса риска проверку и документировать пределы по теме «Магнетизм и электромагнитная индукция».","катушка только от сертифицированного USB-источника 5 V с аппаратным ограничением тока ≤100 mA; STOP при любом нагреве; мощные магниты и батарейные packs исключены","SI-измерение","SI или явно названный стандарт","S1_LOW_RISK_HOUSEHOLD","Низкорисковая бытовая практика только с заранее названными обычными материалами; для электричества — изолированный защищённый источник с заранее ограниченными током, энергией и температурой; СИЗ и стоп-условие заданы до начала.","SCI-PHYS-15|SCI-METH-13","1","1","Новый участник находит источник офлайн, объясняет границы, повторяет допустимую процедуру и получает результат в заранее заданном допуске.","FRAMEWORK_ONLY_NOT_TRAINED","0.4"
"SCI-PHYS-17","PHYS","Физика","Свойства материалов, упругость и разрушение","Объяснить базовую модель, выполнить допустимую для класса риска проверку и документировать пределы по теме «Свойства материалов, упругость и разрушение».","неразрушающее сравнение деформации малых образцов","SI-измерение","SI или явно названный стандарт","S1_LOW_RISK_HOUSEHOLD","Низкорисковая бытовая практика только с заранее названными обычными материалами; для электричества — изолированный защищённый источник с заранее ограниченными током, энергией и температурой; СИЗ и стоп-условие заданы до начала.","SCI-PHYS-16|SCI-METH-13","1","1","Новый участник находит источник офлайн, объясняет границы, повторяет допустимую процедуру и получает результат в заранее заданном допуске.","FRAMEWORK_ONLY_NOT_TRAINED","0.4"
"SCI-CHEM-01","CHEM","Химия и материалы","Строение вещества и периодические закономерности","Объяснить базовую модель, выполнить допустимую для класса риска проверку и документировать пределы по теме «Строение вещества и периодические закономерности».","объяснение свойства через состав и структуру","состав/концентрация","SI или явно названный стандарт","S1_LOW_RISK_HOUSEHOLD","Низкорисковая бытовая практика только с заранее названными обычными материалами; для электричества — изолированный защищённый источник с заранее ограниченными током, энергией и температурой; СИЗ и стоп-условие заданы до начала.","SCI-METH-01|SCI-METH-07|SCI-METH-14","1","1","Новый участник находит источник офлайн, объясняет границы, повторяет допустимую процедуру и получает результат в заранее заданном допуске.","FRAMEWORK_ONLY_NOT_TRAINED","0.4"
"SCI-CHEM-02","CHEM","Химия и материалы","Количество вещества, формулы и стехиометрия","Объяснить базовую модель, выполнить допустимую для класса риска проверку и документировать пределы по теме «Количество вещества, формулы и стехиометрия».","массовый баланс на безопасной учебной задаче","состав/концентрация","SI или явно названный стандарт","S1_LOW_RISK_HOUSEHOLD","Низкорисковая бытовая практика только с заранее названными обычными материалами; для электричества — изолированный защищённый источник с заранее ограниченными током, энергией и температурой; СИЗ и стоп-условие заданы до начала.","SCI-CHEM-01|SCI-METH-13","1","1","Новый участник находит источник офлайн, объясняет границы, повторяет допустимую процедуру и получает результат в заранее заданном допуске.","FRAMEWORK_ONLY_NOT_TRAINED","0.4"
"SCI-CHEM-03","CHEM","Химия и материалы","Растворы, концентрации и безопасное разбавление","Объяснить базовую модель, выполнить допустимую для класса риска проверку и документировать пределы по теме «Растворы, концентрации и безопасное разбавление».","расчёт концентрации без реактивных/токсичных веществ","состав/концентрация","SI или явно названный стандарт","S1_LOW_RISK_HOUSEHOLD","Низкорисковая бытовая практика только с заранее названными обычными материалами; для электричества — изолированный защищённый источник с заранее ограниченными током, энергией и температурой; СИЗ и стоп-условие заданы до начала.","SCI-CHEM-02|SCI-METH-13","1","1","Новый участник находит источник офлайн, объясняет границы, повторяет допустимую процедуру и получает результат в заранее заданном допуске.","FRAMEWORK_ONLY_NOT_TRAINED","0.4"
"SCI-CHEM-04","CHEM","Химия и материалы","Кислотность, pH и буферные системы","Объяснить базовую модель, выполнить допустимую для класса риска проверку и документировать пределы по теме «Кислотность, pH и буферные системы».","готовая тест-полоска только для питьевой воды, столового уксуса или пищевого сока в отдельной одноразовой ёмкости; cleaners, неизвестные жидкости, смешивание и tasting запрещены","состав/концентрация","SI или явно названный стандарт","S1_LOW_RISK_HOUSEHOLD","Низкорисковая бытовая практика только с заранее названными обычными материалами; для электричества — изолированный защищённый источник с заранее ограниченными током, энергией и температурой; СИЗ и стоп-условие заданы до начала.","SCI-CHEM-03|SCI-METH-13","1","1","Новый участник находит источник офлайн, объясняет границы, повторяет допустимую процедуру и получает результат в заранее заданном допуске.","FRAMEWORK_ONLY_NOT_TRAINED","0.4"
"SCI-CHEM-05","CHEM","Химия и материалы","Газы, давление и температурные зависимости","Объяснить базовую модель, выполнить допустимую для класса риска проверку и документировать пределы по теме «Газы, давление и температурные зависимости».","анализ опубликованных данных; герметичные нагреваемые сосуды запрещены","состав/концентрация","SI или явно названный стандарт","S4_REFERENCE_ONLY_PROHIBITED_HOUSEHOLD","Только справочное знание и распознавание опасности; бытовое выполнение запрещено.","SCI-CHEM-04|SCI-METH-13","1","1","Новый участник находит источник офлайн, объясняет границы, повторяет допустимую процедуру и получает результат в заранее заданном допуске.","FRAMEWORK_ONLY_NOT_TRAINED","0.4"
"SCI-CHEM-06","CHEM","Химия и материалы","Химическая термодинамика и фазовые равновесия","Объяснить базовую модель, выполнить допустимую для класса риска проверку и документировать пределы по теме «Химическая термодинамика и фазовые равновесия».","диаграмма состояния и энергетический баланс по данным","состав/концентрация","SI или явно названный стандарт","S1_LOW_RISK_HOUSEHOLD","Низкорисковая бытовая практика только с заранее названными обычными материалами; для электричества — изолированный защищённый источник с заранее ограниченными током, энергией и температурой; СИЗ и стоп-условие заданы до начала.","SCI-CHEM-05|SCI-METH-13","1","1","Новый участник находит источник офлайн, объясняет границы, повторяет допустимую процедуру и получает результат в заранее заданном допуске.","FRAMEWORK_ONLY_NOT_TRAINED","0.4"
"SCI-CHEM-07","CHEM","Химия и материалы","Равновесие, растворимость и кристаллизация","Объяснить базовую модель, выполнить допустимую для класса риска проверку и документировать пределы по теме «Равновесие, растворимость и кристаллизация».","безопасное наблюдение кристаллизации пищевой соли","состав/концентрация","SI или явно названный стандарт","S1_LOW_RISK_HOUSEHOLD","Низкорисковая бытовая практика только с заранее названными обычными материалами; для электричества — изолированный защищённый источник с заранее ограниченными током, энергией и температурой; СИЗ и стоп-условие заданы до начала.","SCI-CHEM-06|SCI-METH-13","1","1","Новый участник находит источник офлайн, объясняет границы, повторяет допустимую процедуру и получает результат в заранее заданном допуске.","FRAMEWORK_ONLY_NOT_TRAINED","0.4"
"SCI-CHEM-08","CHEM","Химия и материалы","Скорость реакции и влияние условий","Объяснить базовую модель, выполнить допустимую для класса риска проверку и документировать пределы по теме «Скорость реакции и влияние условий».","наблюдение безопасного пищевого/ферментного процесса без герметизации","состав/концентрация","SI или явно названный стандарт","S1_LOW_RISK_HOUSEHOLD","Низкорисковая бытовая практика только с заранее названными обычными материалами; для электричества — изолированный защищённый источник с заранее ограниченными током, энергией и температурой; СИЗ и стоп-условие заданы до начала.","SCI-CHEM-07|SCI-METH-13","1","1","Новый участник находит источник офлайн, объясняет границы, повторяет допустимую процедуру и получает результат в заранее заданном допуске.","FRAMEWORK_ONLY_NOT_TRAINED","0.4"
"SCI-CHEM-09","CHEM","Химия и материалы","Электрохимия, батареи и коррозия","Объяснить базовую модель, выполнить допустимую для класса риска проверку и документировать пределы по теме «Электрохимия, батареи и коррозия».","визуальная/массовая оценка коррозии безопасных образцов","состав/концентрация","SI или явно названный стандарт","S1_LOW_RISK_HOUSEHOLD","Низкорисковая бытовая практика только с заранее названными обычными материалами; для электричества — изолированный защищённый источник с заранее ограниченными током, энергией и температурой; СИЗ и стоп-условие заданы до начала.","SCI-CHEM-08|SCI-METH-13","1","1","Новый участник находит источник офлайн, объясняет границы, повторяет допустимую процедуру и получает результат в заранее заданном допуске.","FRAMEWORK_ONLY_NOT_TRAINED","0.4"
"SCI-CHEM-10","CHEM","Химия и материалы","Аналитическая химия и контроль качества","Объяснить базовую модель, выполнить допустимую для класса риска проверку и документировать пределы по теме «Аналитическая химия и контроль качества».","только после item-level SDS review: заводской водный учебный стандарт известного состава/концентрации и утверждённый путь отходов","состав/концентрация","SI или явно названный стандарт","S2_TRAINED_SUPERVISED","Только после обучения и под компетентным надзором; бытовая самостоятельная импровизация запрещена.","SCI-CHEM-09|SCI-METH-13","1","1","Новый участник находит источник офлайн, объясняет границы, повторяет допустимую процедуру и получает результат в заранее заданном допуске.","FRAMEWORK_ONLY_NOT_TRAINED","0.4"
"SCI-CHEM-11","CHEM","Химия и материалы","Металлы, сплавы, полимеры, стекло и керамика","Объяснить базовую модель, выполнить допустимую для класса риска проверку и документировать пределы по теме «Металлы, сплавы, полимеры, стекло и керамика».","идентификация материала по неразрушаемым признакам","состав/концентрация","SI или явно названный стандарт","S1_LOW_RISK_HOUSEHOLD","Низкорисковая бытовая практика только с заранее названными обычными материалами; для электричества — изолированный защищённый источник с заранее ограниченными током, энергией и температурой; СИЗ и стоп-условие заданы до начала.","SCI-CHEM-10|SCI-METH-13","1","1","Новый участник находит источник офлайн, объясняет границы, повторяет допустимую процедуру и получает результат в заранее заданном допуске.","FRAMEWORK_ONLY_NOT_TRAINED","0.4"
"SCI-CHEM-12","CHEM","Химия и материалы","Клеи, покрытия и совместимость материалов","Объяснить базовую модель, выполнить допустимую для класса риска проверку и документировать пределы по теме «Клеи, покрытия и совместимость материалов».","только после item-level review конкретного consumer product, SDS, hazard statements, перчаток, вентиляции, количества и утилизации; двухкомпонентные, растворные и изоцианатные системы исключены","состав/концентрация","SI или явно названный стандарт","S2_TRAINED_SUPERVISED","Только после обучения и под компетентным надзором; бытовая самостоятельная импровизация запрещена.","SCI-CHEM-11|SCI-METH-13","1","1","Новый участник находит источник офлайн, объясняет границы, повторяет допустимую процедуру и получает результат в заранее заданном допуске.","FRAMEWORK_ONLY_NOT_TRAINED","0.4"
"SCI-CHEM-13","CHEM","Химия и материалы","Топливо, горение и продукты сгорания","Объяснить базовую модель, выполнить допустимую для класса риска проверку и документировать пределы по теме «Топливо, горение и продукты сгорания».","только распознавание рисков CO/пожара; бытовые опыты запрещены","состав/концентрация","SI или явно названный стандарт","S4_REFERENCE_ONLY_PROHIBITED_HOUSEHOLD","Только справочное знание и распознавание опасности; бытовое выполнение запрещено.","SCI-CHEM-12|SCI-METH-13","1","1","Новый участник находит источник офлайн, объясняет границы, повторяет допустимую процедуру и получает результат в заранее заданном допуске.","FRAMEWORK_ONLY_NOT_TRAINED","0.4"
"SCI-CHEM-14","CHEM","Химия и материалы","Химия воды и ограничения бытовой обработки","Объяснить базовую модель, выполнить допустимую для класса риска проверку и документировать пределы по теме «Химия воды и ограничения бытовой обработки».","чтение лабораторного отчёта и разделение биологических/химических рисков","состав/концентрация","SI или явно названный стандарт","S1_LOW_RISK_HOUSEHOLD","Низкорисковая бытовая практика только с заранее названными обычными материалами; для электричества — изолированный защищённый источник с заранее ограниченными током, энергией и температурой; СИЗ и стоп-условие заданы до начала.","SCI-CHEM-13|SCI-METH-13","1","1","Новый участник находит источник офлайн, объясняет границы, повторяет допустимую процедуру и получает результат в заранее заданном допуске.","FRAMEWORK_ONLY_NOT_TRAINED","0.4"
"SCI-CHEM-15","CHEM","Химия и материалы","Химия пищи и изменения при хранении","Объяснить базовую модель, выполнить допустимую для класса риска проверку и документировать пределы по теме «Химия пищи и изменения при хранении».","масса, температура и наблюдение без употребления сомнительных образцов","состав/концентрация","SI или явно названный стандарт","S1_LOW_RISK_HOUSEHOLD","Низкорисковая бытовая практика только с заранее названными обычными материалами; для электричества — изолированный защищённый источник с заранее ограниченными током, энергией и температурой; СИЗ и стоп-условие заданы до начала.","SCI-CHEM-14|SCI-METH-13","1","1","Новый участник находит источник офлайн, объясняет границы, повторяет допустимую процедуру и получает результат в заранее заданном допуске.","FRAMEWORK_ONLY_NOT_TRAINED","0.4"
"SCI-CHEM-16","CHEM","Химия и материалы","SDS, маркировка, совместное хранение и отходы","Объяснить базовую модель, выполнить допустимую для класса риска проверку и документировать пределы по теме «SDS, маркировка, совместное хранение и отходы».","поиск опасностей, СИЗ, несовместимостей и пути утилизации","состав/концентрация","SI или явно названный стандарт","S1_LOW_RISK_HOUSEHOLD","Низкорисковая бытовая практика только с заранее названными обычными материалами; для электричества — изолированный защищённый источник с заранее ограниченными током, энергией и температурой; СИЗ и стоп-условие заданы до начала.","SCI-CHEM-15|SCI-METH-13","1","1","Новый участник находит источник офлайн, объясняет границы, повторяет допустимую процедуру и получает результат в заранее заданном допуске.","FRAMEWORK_ONLY_NOT_TRAINED","0.4"
"SCI-LIFE-01","LIFE","Биология и экология","Клетка, мембраны и обмен веществ","Объяснить базовую модель, выполнить допустимую для класса риска проверку и документировать пределы по теме «Клетка, мембраны и обмен веществ».","аннотированная схема и анализ готового микроснимка","наблюдение/счёт","SI или явно названный стандарт","S0_OBSERVE_READ","Наблюдение, чтение, расчёт или работа с опубликованным набором данных; физического вмешательства нет.","SCI-METH-01|SCI-METH-07|SCI-METH-14","1","1","Новый участник находит источник офлайн, объясняет границы, повторяет допустимую процедуру и получает результат в заранее заданном допуске.","FRAMEWORK_ONLY_NOT_TRAINED","0.4"
"SCI-LIFE-02","LIFE","Биология и экология","ДНК, наследование и вариация","Объяснить базовую модель, выполнить допустимую для класса риска проверку и документировать пределы по теме «ДНК, наследование и вариация».","родословная учебного признака без медицинской интерпретации","наблюдение/счёт","SI или явно названный стандарт","S0_OBSERVE_READ","Наблюдение, чтение, расчёт или работа с опубликованным набором данных; физического вмешательства нет.","SCI-LIFE-01|SCI-METH-13","1","1","Новый участник находит источник офлайн, объясняет границы, повторяет допустимую процедуру и получает результат в заранее заданном допуске.","FRAMEWORK_ONLY_NOT_TRAINED","0.4"
"SCI-LIFE-03","LIFE","Биология и экология","Эволюция, отбор и филогенетика","Объяснить базовую модель, выполнить допустимую для класса риска проверку и документировать пределы по теме «Эволюция, отбор и филогенетика».","дерево признаков с указанием неопределённости","наблюдение/счёт","SI или явно названный стандарт","S0_OBSERVE_READ","Наблюдение, чтение, расчёт или работа с опубликованным набором данных; физического вмешательства нет.","SCI-LIFE-02|SCI-METH-13","1","1","Новый участник находит источник офлайн, объясняет границы, повторяет допустимую процедуру и получает результат в заранее заданном допуске.","FRAMEWORK_ONLY_NOT_TRAINED","0.4"
"SCI-LIFE-04","LIFE","Биология и экология","Ботаника и морфология растений","Объяснить базовую модель, выполнить допустимую для класса риска проверку и документировать пределы по теме «Ботаника и морфология растений».","фотопротокол безопасного известного растения","наблюдение/счёт","SI или явно названный стандарт","S0_OBSERVE_READ","Наблюдение, чтение, расчёт или работа с опубликованным набором данных; физического вмешательства нет.","SCI-LIFE-03|SCI-METH-13","1","1","Новый участник находит источник офлайн, объясняет границы, повторяет допустимую процедуру и получает результат в заранее заданном допуске.","FRAMEWORK_ONLY_NOT_TRAINED","0.4"
"SCI-LIFE-05","LIFE","Биология и экология","Физиология растений и фотосинтез","Объяснить базовую модель, выполнить допустимую для класса риска проверку и документировать пределы по теме «Физиология растений и фотосинтез».","неразрушающий ростовой/световой ряд","наблюдение/счёт","SI или явно названный стандарт","S0_OBSERVE_READ","Наблюдение, чтение, расчёт или работа с опубликованным набором данных; физического вмешательства нет.","SCI-LIFE-04|SCI-METH-13","1","1","Новый участник находит источник офлайн, объясняет границы, повторяет допустимую процедуру и получает результат в заранее заданном допуске.","FRAMEWORK_ONLY_NOT_TRAINED","0.4"
"SCI-LIFE-06","LIFE","Биология и экология","Зоология, поведение и благополучие","Объяснить базовую модель, выполнить допустимую для класса риска проверку и документировать пределы по теме «Зоология, поведение и благополучие».","неинвазивное наблюдение без кормления дикой фауны","наблюдение/счёт","SI или явно названный стандарт","S0_OBSERVE_READ","Наблюдение, чтение, расчёт или работа с опубликованным набором данных; физического вмешательства нет.","SCI-LIFE-05|SCI-METH-13","1","1","Новый участник находит источник офлайн, объясняет границы, повторяет допустимую процедуру и получает результат в заранее заданном допуске.","FRAMEWORK_ONLY_NOT_TRAINED","0.4"
"SCI-LIFE-07","LIFE","Биология и экология","Микробиология и биобезопасность","Объяснить базовую модель, выполнить допустимую для класса риска проверку и документировать пределы по теме «Микробиология и биобезопасность».","работа только с опубликованными данными; культивирование неизвестных организмов запрещено","наблюдение/счёт","SI или явно названный стандарт","S4_REFERENCE_ONLY_PROHIBITED_HOUSEHOLD","Только справочное знание и распознавание опасности; бытовое выполнение запрещено.","SCI-LIFE-06|SCI-METH-13","1","1","Новый участник находит источник офлайн, объясняет границы, повторяет допустимую процедуру и получает результат в заранее заданном допуске.","FRAMEWORK_ONLY_NOT_TRAINED","0.4"
"SCI-LIFE-08","LIFE","Биология и экология","Микроскопия готовых безопасных препаратов","Объяснить базовую модель, выполнить допустимую для класса риска проверку и документировать пределы по теме «Микроскопия готовых безопасных препаратов».","фокус, масштаб и рисунок готового слайда","наблюдение/счёт","SI или явно названный стандарт","S1_LOW_RISK_HOUSEHOLD","Низкорисковая бытовая практика только с заранее названными обычными материалами; для электричества — изолированный защищённый источник с заранее ограниченными током, энергией и температурой; СИЗ и стоп-условие заданы до начала.","SCI-LIFE-07|SCI-METH-13","1","1","Новый участник находит источник офлайн, объясняет границы, повторяет допустимую процедуру и получает результат в заранее заданном допуске.","FRAMEWORK_ONLY_NOT_TRAINED","0.4"
"SCI-LIFE-09","LIFE","Биология и экология","Систематика и определение видов","Объяснить базовую модель, выполнить допустимую для класса риска проверку и документировать пределы по теме «Систематика и определение видов».","определение по нескольким признакам с фото и географией","наблюдение/счёт","SI или явно названный стандарт","S0_OBSERVE_READ","Наблюдение, чтение, расчёт или работа с опубликованным набором данных; физического вмешательства нет.","SCI-LIFE-08|SCI-METH-13","1","1","Новый участник находит источник офлайн, объясняет границы, повторяет допустимую процедуру и получает результат в заранее заданном допуске.","FRAMEWORK_ONLY_NOT_TRAINED","0.4"
"SCI-LIFE-10","LIFE","Биология и экология","Популяции, пищевые сети и экосистемные связи","Объяснить базовую модель, выполнить допустимую для класса риска проверку и документировать пределы по теме «Популяции, пищевые сети и экосистемные связи».","наблюдательный маршрут с повторяемыми точками","наблюдение/счёт","SI или явно названный стандарт","S0_OBSERVE_READ","Наблюдение, чтение, расчёт или работа с опубликованным набором данных; физического вмешательства нет.","SCI-LIFE-09|SCI-METH-13","1","1","Новый участник находит источник офлайн, объясняет границы, повторяет допустимую процедуру и получает результат в заранее заданном допуске.","FRAMEWORK_ONLY_NOT_TRAINED","0.4"
"SCI-LIFE-11","LIFE","Биология и экология","Опыление и взаимодействия растение–животное","Объяснить базовую модель, выполнить допустимую для класса риска проверку и документировать пределы по теме «Опыление и взаимодействия растение–животное».","счёт посещений без вмешательства в гнёзда","наблюдение/счёт","SI или явно названный стандарт","S0_OBSERVE_READ","Наблюдение, чтение, расчёт или работа с опубликованным набором данных; физического вмешательства нет.","SCI-LIFE-10|SCI-METH-13","1","1","Новый участник находит источник офлайн, объясняет границы, повторяет допустимую процедуру и получает результат в заранее заданном допуске.","FRAMEWORK_ONLY_NOT_TRAINED","0.4"
"SCI-LIFE-12","LIFE","Биология и экология","Разложение, почвенная биота и круговороты","Объяснить базовую модель, выполнить допустимую для класса риска проверку и документировать пределы по теме «Разложение, почвенная биота и круговороты».","закрытый наблюдательный журнал без выращивания неизвестных культур","наблюдение/счёт","SI или явно названный стандарт","S0_OBSERVE_READ","Наблюдение, чтение, расчёт или работа с опубликованным набором данных; физического вмешательства нет.","SCI-LIFE-11|SCI-METH-13","1","1","Новый участник находит источник офлайн, объясняет границы, повторяет допустимую процедуру и получает результат в заранее заданном допуске.","FRAMEWORK_ONLY_NOT_TRAINED","0.4"
"SCI-LIFE-13","LIFE","Биология и экология","Биоразнообразие и мониторинг участка","Объяснить базовую модель, выполнить допустимую для класса риска проверку и документировать пределы по теме «Биоразнообразие и мониторинг участка».","фиксированный маршрут, фото-точки и список видов","наблюдение/счёт","SI или явно названный стандарт","S0_OBSERVE_READ","Наблюдение, чтение, расчёт или работа с опубликованным набором данных; физического вмешательства нет.","SCI-LIFE-12|SCI-METH-13","1","1","Новый участник находит источник офлайн, объясняет границы, повторяет допустимую процедуру и получает результат в заранее заданном допуске.","FRAMEWORK_ONLY_NOT_TRAINED","0.4"
"SCI-LIFE-14","LIFE","Биология и экология","Биостатистика и экологическое моделирование","Объяснить базовую модель, выполнить допустимую для класса риска проверку и документировать пределы по теме «Биостатистика и экологическое моделирование».","повторный анализ открытого набора данных","наблюдение/счёт","SI или явно названный стандарт","S0_OBSERVE_READ","Наблюдение, чтение, расчёт или работа с опубликованным набором данных; физического вмешательства нет.","SCI-LIFE-13|SCI-METH-13","1","1","Новый участник находит источник офлайн, объясняет границы, повторяет допустимую процедуру и получает результат в заранее заданном допуске.","FRAMEWORK_ONLY_NOT_TRAINED","0.4"
"SCI-LIFE-15","LIFE","Биология и экология","Биоинформатика и работа с открытыми последовательностями","Объяснить базовую модель, выполнить допустимую для класса риска проверку и документировать пределы по теме «Биоинформатика и работа с открытыми последовательностями».","воспроизводимый поиск по публичной базе без персональных данных","наблюдение/счёт","SI или явно названный стандарт","S0_OBSERVE_READ","Наблюдение, чтение, расчёт или работа с опубликованным набором данных; физического вмешательства нет.","SCI-LIFE-14|SCI-METH-13","1","1","Новый участник находит источник офлайн, объясняет границы, повторяет допустимую процедуру и получает результат в заранее заданном допуске.","FRAMEWORK_ONLY_NOT_TRAINED","0.4"
"SCI-LIFE-16","LIFE","Биология и экология","Охрана природы, инвазивные виды и правовые границы","Объяснить базовую модель, выполнить допустимую для класса риска проверку и документировать пределы по теме «Охрана природы, инвазивные виды и правовые границы».","карта наблюдений и передача компетентному органу","наблюдение/счёт","SI или явно названный стандарт","S0_OBSERVE_READ","Наблюдение, чтение, расчёт или работа с опубликованным набором данных; физического вмешательства нет.","SCI-LIFE-15|SCI-METH-13","1","1","Новый участник находит источник офлайн, объясняет границы, повторяет допустимую процедуру и получает результат в заранее заданном допуске.","FRAMEWORK_ONLY_NOT_TRAINED","0.4"
"SCI-HEALTH-01","HEALTH","Здоровье и общественное здоровье","Анатомия, физиология и медицинская терминология","Объяснить базовую модель, выполнить допустимую для класса риска проверку и документировать пределы по теме «Анатомия, физиология и медицинская терминология».","объяснение нормальной функции без постановки диагноза","официальный маршрут/неинвазивное наблюдение","SI или явно названный стандарт","S0_OBSERVE_READ","Наблюдение, чтение, расчёт или работа с опубликованным набором данных; физического вмешательства нет.","SCI-METH-01|SCI-METH-07|SCI-METH-14","1","1","Новый участник находит источник офлайн, объясняет границы, повторяет допустимую процедуру и получает результат в заранее заданном допуске.","FRAMEWORK_ONLY_NOT_TRAINED","0.4"
"SCI-HEALTH-02","HEALTH","Здоровье и общественное здоровье","Навигация по системе здравоохранения и красные флаги","Объяснить базовую модель, выполнить допустимую для класса риска проверку и документировать пределы по теме «Навигация по системе здравоохранения и красные флаги».","правильный маршрут 112/SNS24/профильная служба по учебному сценарию","официальный маршрут/неинвазивное наблюдение","SI или явно названный стандарт","S0_OBSERVE_READ","Наблюдение, чтение, расчёт или работа с опубликованным набором данных; физического вмешательства нет.","SCI-HEALTH-01|SCI-METH-13","1","1","Новый участник находит источник офлайн, объясняет границы, повторяет допустимую процедуру и получает результат в заранее заданном допуске.","FRAMEWORK_ONLY_NOT_TRAINED","0.4"
"SCI-HEALTH-03","HEALTH","Здоровье и общественное здоровье","Безопасное измерение температуры, пульса и частоты дыхания","Объяснить базовую модель, выполнить допустимую для класса риска проверку и документировать пределы по теме «Безопасное измерение температуры, пульса и частоты дыхания».","повтор измерения согласно инструкции прибора без диагностики","официальный маршрут/неинвазивное наблюдение","SI или явно названный стандарт","S1_LOW_RISK_HOUSEHOLD","Низкорисковая бытовая практика только с заранее названными обычными материалами; для электричества — изолированный защищённый источник с заранее ограниченными током, энергией и температурой; СИЗ и стоп-условие заданы до начала.","SCI-HEALTH-02|SCI-METH-13","1","1","Новый участник находит источник офлайн, объясняет границы, повторяет допустимую процедуру и получает результат в заранее заданном допуске.","FRAMEWORK_ONLY_NOT_TRAINED","0.4"
"SCI-HEALTH-04","HEALTH","Здоровье и общественное здоровье","Первая помощь, BLS/AED и удушье","Объяснить базовую модель, выполнить допустимую для класса риска проверку и документировать пределы по теме «Первая помощь, BLS/AED и удушье».","только сертифицированное обучение и манекен","официальный маршрут/неинвазивное наблюдение","SI или явно названный стандарт","S2_TRAINED_SUPERVISED","Только после обучения и под компетентным надзором; бытовая самостоятельная импровизация запрещена.","SCI-HEALTH-03|SCI-METH-13","1","1","Новый участник находит источник офлайн, объясняет границы, повторяет допустимую процедуру и получает результат в заранее заданном допуске.","FRAMEWORK_ONLY_NOT_TRAINED","0.4"
"SCI-HEALTH-05","HEALTH","Здоровье и общественное здоровье","Инфекционный контроль, руки, поверхности и вентиляция","Объяснить базовую модель, выполнить допустимую для класса риска проверку и документировать пределы по теме «Инфекционный контроль, руки, поверхности и вентиляция».","аудит процесса без культивирования микроорганизмов","официальный маршрут/неинвазивное наблюдение","SI или явно названный стандарт","S1_LOW_RISK_HOUSEHOLD","Низкорисковая бытовая практика только с заранее названными обычными материалами; для электричества — изолированный защищённый источник с заранее ограниченными током, энергией и температурой; СИЗ и стоп-условие заданы до начала.","SCI-HEALTH-04|SCI-METH-13","1","1","Новый участник находит источник офлайн, объясняет границы, повторяет допустимую процедуру и получает результат в заранее заданном допуске.","FRAMEWORK_ONLY_NOT_TRAINED","0.4"
"SCI-HEALTH-06","HEALTH","Здоровье и общественное здоровье","Эпидемиология и интерпретация риска","Объяснить базовую модель, выполнить допустимую для класса риска проверку и документировать пределы по теме «Эпидемиология и интерпретация риска».","расчёт показателей по обезличенным опубликованным данным","официальный маршрут/неинвазивное наблюдение","SI или явно названный стандарт","S0_OBSERVE_READ","Наблюдение, чтение, расчёт или работа с опубликованным набором данных; физического вмешательства нет.","SCI-HEALTH-05|SCI-METH-13","1","1","Новый участник находит источник офлайн, объясняет границы, повторяет допустимую процедуру и получает результат в заранее заданном допуске.","FRAMEWORK_ONLY_NOT_TRAINED","0.4"
"SCI-HEALTH-07","HEALTH","Здоровье и общественное здоровье","Питание, пищевой дневник и дефициты","Объяснить базовую модель, выполнить допустимую для класса риска проверку и документировать пределы по теме «Питание, пищевой дневник и дефициты».","сбалансированный рацион по официальным рекомендациям без лечебной диеты","официальный маршрут/неинвазивное наблюдение","SI или явно названный стандарт","S0_OBSERVE_READ","Наблюдение, чтение, расчёт или работа с опубликованным набором данных; физического вмешательства нет.","SCI-HEALTH-06|SCI-METH-13","1","1","Новый участник находит источник офлайн, объясняет границы, повторяет допустимую процедуру и получает результат в заранее заданном допуске.","FRAMEWORK_ONLY_NOT_TRAINED","0.4"
"SCI-HEALTH-08","HEALTH","Здоровье и общественное здоровье","Психологическая первая помощь и поддерживающее общение","Объяснить базовую модель, выполнить допустимую для класса риска проверку и документировать пределы по теме «Психологическая первая помощь и поддерживающее общение».","сценарий слушания, безопасности и направления за помощью","официальный маршрут/неинвазивное наблюдение","SI или явно названный стандарт","S1_LOW_RISK_HOUSEHOLD","Низкорисковая бытовая практика только с заранее названными обычными материалами; для электричества — изолированный защищённый источник с заранее ограниченными током, энергией и температурой; СИЗ и стоп-условие заданы до начала.","SCI-HEALTH-07|SCI-METH-13","1","1","Новый участник находит источник офлайн, объясняет границы, повторяет допустимую процедуру и получает результат в заранее заданном допуске.","FRAMEWORK_ONLY_NOT_TRAINED","0.4"
"SCI-HEALTH-09","HEALTH","Здоровье и общественное здоровье","Непрерывность хронического лечения","Объяснить базовую модель, выполнить допустимую для класса риска проверку и документировать пределы по теме «Непрерывность хронического лечения».","сверенный с врачом/фармацевтом личный план без изменения доз","официальный маршрут/неинвазивное наблюдение","SI или явно названный стандарт","S2_TRAINED_SUPERVISED","Только после обучения и под компетентным надзором; бытовая самостоятельная импровизация запрещена.","SCI-HEALTH-08|SCI-METH-13","1","1","Новый участник находит источник офлайн, объясняет границы, повторяет допустимую процедуру и получает результат в заранее заданном допуске.","FRAMEWORK_ONLY_NOT_TRAINED","0.4"
"SCI-HEALTH-10","HEALTH","Здоровье и общественное здоровье","Материнство, ребёнок и развитие","Объяснить базовую модель, выполнить допустимую для класса риска проверку и документировать пределы по теме «Материнство, ребёнок и развитие».","распознавание повода для профессиональной помощи","официальный маршрут/неинвазивное наблюдение","SI или явно названный стандарт","S2_TRAINED_SUPERVISED","Только после обучения и под компетентным надзором; бытовая самостоятельная импровизация запрещена.","SCI-HEALTH-09|SCI-METH-13","1","1","Новый участник находит источник офлайн, объясняет границы, повторяет допустимую процедуру и получает результат в заранее заданном допуске.","FRAMEWORK_ONLY_NOT_TRAINED","0.4"
"SCI-HEALTH-11","HEALTH","Здоровье и общественное здоровье","Старение, инвалидность и доступность","Объяснить базовую модель, выполнить допустимую для класса риска проверку и документировать пределы по теме «Старение, инвалидность и доступность».","аудит барьеров и безопасной поддержки без подъёма человека в одиночку","официальный маршрут/неинвазивное наблюдение","SI или явно названный стандарт","S1_LOW_RISK_HOUSEHOLD","Низкорисковая бытовая практика только с заранее названными обычными материалами; для электричества — изолированный защищённый источник с заранее ограниченными током, энергией и температурой; СИЗ и стоп-условие заданы до начала.","SCI-HEALTH-10|SCI-METH-13","1","1","Новый участник находит источник офлайн, объясняет границы, повторяет допустимую процедуру и получает результат в заранее заданном допуске.","FRAMEWORK_ONLY_NOT_TRAINED","0.4"
"SCI-HEALTH-12","HEALTH","Здоровье и общественное здоровье","Профилактическая стоматология","Объяснить базовую модель, выполнить допустимую для класса риска проверку и документировать пределы по теме «Профилактическая стоматология».","гигиена и распознавание срочности; процедуры запрещены","официальный маршрут/неинвазивное наблюдение","SI или явно названный стандарт","S1_LOW_RISK_HOUSEHOLD","Низкорисковая бытовая практика только с заранее названными обычными материалами; для электричества — изолированный защищённый источник с заранее ограниченными током, энергией и температурой; СИЗ и стоп-условие заданы до начала.","SCI-HEALTH-11|SCI-METH-13","1","1","Новый участник находит источник офлайн, объясняет границы, повторяет допустимую процедуру и получает результат в заранее заданном допуске.","FRAMEWORK_ONLY_NOT_TRAINED","0.4"
"SCI-HEALTH-13","HEALTH","Здоровье и общественное здоровье","Эргономика, усталость и профессиональные риски","Объяснить базовую модель, выполнить допустимую для класса риска проверку и документировать пределы по теме «Эргономика, усталость и профессиональные риски».","наблюдение рабочей позы, нагрузки и отдыха","официальный маршрут/неинвазивное наблюдение","SI или явно названный стандарт","S0_OBSERVE_READ","Наблюдение, чтение, расчёт или работа с опубликованным набором данных; физического вмешательства нет.","SCI-HEALTH-12|SCI-METH-13","1","1","Новый участник находит источник офлайн, объясняет границы, повторяет допустимую процедуру и получает результат в заранее заданном допуске.","FRAMEWORK_ONLY_NOT_TRAINED","0.4"
"SCI-HEALTH-14","HEALTH","Здоровье и общественное здоровье","Токсикологическая информация и обращение в CIAV","Объяснить базовую модель, выполнить допустимую для класса риска проверку и документировать пределы по теме «Токсикологическая информация и обращение в CIAV».","идентификация продукта и подготовка точных данных; лечение не импровизируется","официальный маршрут/неинвазивное наблюдение","SI или явно названный стандарт","S0_OBSERVE_READ","Наблюдение, чтение, расчёт или работа с опубликованным набором данных; физического вмешательства нет.","SCI-HEALTH-13|SCI-METH-13","1","1","Новый участник находит источник офлайн, объясняет границы, повторяет допустимую процедуру и получает результат в заранее заданном допуске.","FRAMEWORK_ONLY_NOT_TRAINED","0.4"
"SCI-HEALTH-15","HEALTH","Здоровье и общественное здоровье","Ветеринарное общественное здоровье и благополучие животных","Объяснить базовую модель, выполнить допустимую для класса риска проверку и документировать пределы по теме «Ветеринарное общественное здоровье и благополучие животных».","маршрут к ветеринару и наблюдательный журнал без процедур","официальный маршрут/неинвазивное наблюдение","SI или явно названный стандарт","S2_TRAINED_SUPERVISED","Только после обучения и под компетентным надзором; бытовая самостоятельная импровизация запрещена.","SCI-HEALTH-14|SCI-METH-13","1","1","Новый участник находит источник офлайн, объясняет границы, повторяет допустимую процедуру и получает результат в заранее заданном допуске.","FRAMEWORK_ONLY_NOT_TRAINED","0.4"
"SCI-HEALTH-16","HEALTH","Здоровье и общественное здоровье","Медицинские записи, приватность и передача информации","Объяснить базовую модель, выполнить допустимую для класса риска проверку и документировать пределы по теме «Медицинские записи, приватность и передача информации».","структурированный список лекарств/аллергий с контролем доступа","официальный маршрут/неинвазивное наблюдение","SI или явно названный стандарт","S0_OBSERVE_READ","Наблюдение, чтение, расчёт или работа с опубликованным набором данных; физического вмешательства нет.","SCI-HEALTH-15|SCI-METH-13","1","1","Новый участник находит источник офлайн, объясняет границы, повторяет допустимую процедуру и получает результат в заранее заданном допуске.","FRAMEWORK_ONLY_NOT_TRAINED","0.4"
"SCI-EARTH-01","EARTH","Науки о Земле и окружающей среде","Минералы, горные породы и геологические процессы","Объяснить базовую модель, выполнить допустимую для класса риска проверку и документировать пределы по теме «Минералы, горные породы и геологические процессы».","неразрушающее описание образца без шахт/обрывов","пространственно-временной ряд","SI или явно названный стандарт","S1_LOW_RISK_HOUSEHOLD","Низкорисковая бытовая практика только с заранее названными обычными материалами; для электричества — изолированный защищённый источник с заранее ограниченными током, энергией и температурой; СИЗ и стоп-условие заданы до начала.","SCI-METH-01|SCI-METH-07|SCI-METH-14","1","1","Новый участник находит источник офлайн, объясняет границы, повторяет допустимую процедуру и получает результат в заранее заданном допуске.","FRAMEWORK_ONLY_NOT_TRAINED","0.4"
"SCI-EARTH-02","EARTH","Науки о Земле и окружающей среде","Рельеф, эрозия и геоморфология","Объяснить базовую модель, выполнить допустимую для класса риска проверку и документировать пределы по теме «Рельеф, эрозия и геоморфология».","повторная фото-точка безопасного склона/берега","пространственно-временной ряд","SI или явно названный стандарт","S1_LOW_RISK_HOUSEHOLD","Низкорисковая бытовая практика только с заранее названными обычными материалами; для электричества — изолированный защищённый источник с заранее ограниченными током, энергией и температурой; СИЗ и стоп-условие заданы до начала.","SCI-EARTH-01|SCI-METH-13","1","1","Новый участник находит источник офлайн, объясняет границы, повторяет допустимую процедуру и получает результат в заранее заданном допуске.","FRAMEWORK_ONLY_NOT_TRAINED","0.4"
"SCI-EARTH-03","EARTH","Науки о Земле и окружающей среде","Почва: горизонты, текстура и структура","Объяснить базовую модель, выполнить допустимую для класса риска проверку и документировать пределы по теме «Почва: горизонты, текстура и структура».","полевое описание неглубокой безопасной пробы","пространственно-временной ряд","SI или явно названный стандарт","S1_LOW_RISK_HOUSEHOLD","Низкорисковая бытовая практика только с заранее названными обычными материалами; для электричества — изолированный защищённый источник с заранее ограниченными током, энергией и температурой; СИЗ и стоп-условие заданы до начала.","SCI-EARTH-02|SCI-METH-13","1","1","Новый участник находит источник офлайн, объясняет границы, повторяет допустимую процедуру и получает результат в заранее заданном допуске.","FRAMEWORK_ONLY_NOT_TRAINED","0.4"
"SCI-EARTH-04","EARTH","Науки о Земле и окружающей среде","Поверхностная вода, водосбор и сток","Объяснить базовую модель, выполнить допустимую для класса риска проверку и документировать пределы по теме «Поверхностная вода, водосбор и сток».","карта водосбора и наблюдение потока без входа в паводковую воду","пространственно-временной ряд","SI или явно названный стандарт","S1_LOW_RISK_HOUSEHOLD","Низкорисковая бытовая практика только с заранее названными обычными материалами; для электричества — изолированный защищённый источник с заранее ограниченными током, энергией и температурой; СИЗ и стоп-условие заданы до начала.","SCI-EARTH-03|SCI-METH-13","1","1","Новый участник находит источник офлайн, объясняет границы, повторяет допустимую процедуру и получает результат в заранее заданном допуске.","FRAMEWORK_ONLY_NOT_TRAINED","0.4"
"SCI-EARTH-05","EARTH","Науки о Земле и окружающей среде","Грунтовые воды и уязвимость источников","Объяснить базовую модель, выполнить допустимую для класса риска проверку и документировать пределы по теме «Грунтовые воды и уязвимость источников».","интерпретация официальной гидрогеологической карты","пространственно-временной ряд","SI или явно названный стандарт","S0_OBSERVE_READ","Наблюдение, чтение, расчёт или работа с опубликованным набором данных; физического вмешательства нет.","SCI-EARTH-04|SCI-METH-13","1","1","Новый участник находит источник офлайн, объясняет границы, повторяет допустимую процедуру и получает результат в заранее заданном допуске.","FRAMEWORK_ONLY_NOT_TRAINED","0.4"
"SCI-EARTH-06","EARTH","Науки о Земле и окружающей среде","Погода, наблюдения и прогноз","Объяснить базовую модель, выполнить допустимую для класса риска проверку и документировать пределы по теме «Погода, наблюдения и прогноз».","ежедневный ряд температуры, давления и осадков","пространственно-временной ряд","SI или явно названный стандарт","S1_LOW_RISK_HOUSEHOLD","Низкорисковая бытовая практика только с заранее названными обычными материалами; для электричества — изолированный защищённый источник с заранее ограниченными током, энергией и температурой; СИЗ и стоп-условие заданы до начала.","SCI-EARTH-05|SCI-METH-13","1","1","Новый участник находит источник офлайн, объясняет границы, повторяет допустимую процедуру и получает результат в заранее заданном допуске.","FRAMEWORK_ONLY_NOT_TRAINED","0.4"
"SCI-EARTH-07","EARTH","Науки о Земле и окружающей среде","Климат, нормы и экстремумы","Объяснить базовую модель, выполнить допустимую для класса риска проверку и документировать пределы по теме «Климат, нормы и экстремумы».","сравнение локального ряда с официальной климатической нормой","пространственно-временной ряд","SI или явно названный стандарт","S1_LOW_RISK_HOUSEHOLD","Низкорисковая бытовая практика только с заранее названными обычными материалами; для электричества — изолированный защищённый источник с заранее ограниченными током, энергией и температурой; СИЗ и стоп-условие заданы до начала.","SCI-EARTH-06|SCI-METH-13","1","1","Новый участник находит источник офлайн, объясняет границы, повторяет допустимую процедуру и получает результат в заранее заданном допуске.","FRAMEWORK_ONLY_NOT_TRAINED","0.4"
"SCI-EARTH-08","EARTH","Науки о Земле и окружающей среде","Океан, приливы, волны и побережье","Объяснить базовую модель, выполнить допустимую для класса риска проверку и документировать пределы по теме «Океан, приливы, волны и побережье».","работа с официальными данными; наблюдение только из безопасной зоны","пространственно-временной ряд","SI или явно названный стандарт","S0_OBSERVE_READ","Наблюдение, чтение, расчёт или работа с опубликованным набором данных; физического вмешательства нет.","SCI-EARTH-07|SCI-METH-13","1","1","Новый участник находит источник офлайн, объясняет границы, повторяет допустимую процедуру и получает результат в заранее заданном допуске.","FRAMEWORK_ONLY_NOT_TRAINED","0.4"
"SCI-EARTH-09","EARTH","Науки о Земле и окружающей среде","Землетрясения, оползни, вулканы и цунами","Объяснить базовую модель, выполнить допустимую для класса риска проверку и документировать пределы по теме «Землетрясения, оползни, вулканы и цунами».","сценарная карта и официальные признаки; физическое приближение запрещено","пространственно-временной ряд","SI или явно названный стандарт","S0_OBSERVE_READ","Наблюдение, чтение, расчёт или работа с опубликованным набором данных; физического вмешательства нет.","SCI-EARTH-08|SCI-METH-13","1","1","Новый участник находит источник офлайн, объясняет границы, повторяет допустимую процедуру и получает результат в заранее заданном допуске.","FRAMEWORK_ONLY_NOT_TRAINED","0.4"
"SCI-EARTH-10","EARTH","Науки о Земле и окружающей среде","Дистанционное зондирование и спутниковые данные","Объяснить базовую модель, выполнить допустимую для класса риска проверку и документировать пределы по теме «Дистанционное зондирование и спутниковые данные».","сравнение двух дат открытого снимка","пространственно-временной ряд","SI или явно названный стандарт","S1_LOW_RISK_HOUSEHOLD","Низкорисковая бытовая практика только с заранее названными обычными материалами; для электричества — изолированный защищённый источник с заранее ограниченными током, энергией и температурой; СИЗ и стоп-условие заданы до начала.","SCI-EARTH-09|SCI-METH-13","1","1","Новый участник находит источник офлайн, объясняет границы, повторяет допустимую процедуру и получает результат в заранее заданном допуске.","FRAMEWORK_ONLY_NOT_TRAINED","0.4"
"SCI-EARTH-11","EARTH","Науки о Земле и окружающей среде","Картография, GIS, CRS и погрешность положения","Объяснить базовую модель, выполнить допустимую для класса риска проверку и документировать пределы по теме «Картография, GIS, CRS и погрешность положения».","репроекция слоя и контроль известной точки","пространственно-временной ряд","SI или явно названный стандарт","S1_LOW_RISK_HOUSEHOLD","Низкорисковая бытовая практика только с заранее названными обычными материалами; для электричества — изолированный защищённый источник с заранее ограниченными током, энергией и температурой; СИЗ и стоп-условие заданы до начала.","SCI-EARTH-10|SCI-METH-13","1","1","Новый участник находит источник офлайн, объясняет границы, повторяет допустимую процедуру и получает результат в заранее заданном допуске.","FRAMEWORK_ONLY_NOT_TRAINED","0.4"
"SCI-EARTH-12","EARTH","Науки о Земле и окружающей среде","Мониторинг воздуха, воды, шума и света","Объяснить базовую модель, выполнить допустимую для класса риска проверку и документировать пределы по теме «Мониторинг воздуха, воды, шума и света».","протокол с оговоркой о классе и калибровке датчика","пространственно-временной ряд","SI или явно названный стандарт","S1_LOW_RISK_HOUSEHOLD","Низкорисковая бытовая практика только с заранее названными обычными материалами; для электричества — изолированный защищённый источник с заранее ограниченными током, энергией и температурой; СИЗ и стоп-условие заданы до начала.","SCI-EARTH-11|SCI-METH-13","1","1","Новый участник находит источник офлайн, объясняет границы, повторяет допустимую процедуру и получает результат в заранее заданном допуске.","FRAMEWORK_ONLY_NOT_TRAINED","0.4"
"SCI-EARTH-13","EARTH","Науки о Земле и окружающей среде","Отходы, загрязнение и материальные потоки","Объяснить базовую модель, выполнить допустимую для класса риска проверку и документировать пределы по теме «Отходы, загрязнение и материальные потоки».","аудит входов/выходов без контакта с опасными отходами","пространственно-временной ряд","SI или явно названный стандарт","S1_LOW_RISK_HOUSEHOLD","Низкорисковая бытовая практика только с заранее названными обычными материалами; для электричества — изолированный защищённый источник с заранее ограниченными током, энергией и температурой; СИЗ и стоп-условие заданы до начала.","SCI-EARTH-12|SCI-METH-13","1","1","Новый участник находит источник офлайн, объясняет границы, повторяет допустимую процедуру и получает результат в заранее заданном допуске.","FRAMEWORK_ONLY_NOT_TRAINED","0.4"
"SCI-EARTH-14","EARTH","Науки о Земле и окружающей среде","Экологическое право и сообщение о наблюдении","Объяснить базовую модель, выполнить допустимую для класса риска проверку и документировать пределы по теме «Экологическое право и сообщение о наблюдении».","пакет дата–место–фото–метод без обвинительного вывода","пространственно-временной ряд","SI или явно названный стандарт","S0_OBSERVE_READ","Наблюдение, чтение, расчёт или работа с опубликованным набором данных; физического вмешательства нет.","SCI-EARTH-13|SCI-METH-13","1","1","Новый участник находит источник офлайн, объясняет границы, повторяет допустимую процедуру и получает результат в заранее заданном допуске.","FRAMEWORK_ONLY_NOT_TRAINED","0.4"
"SCI-AGRI-01","AGRI","Сельское хозяйство, вода и пища","Полевое обследование и безопасный отбор почвы","Объяснить базовую модель, выполнить допустимую для класса риска проверку и документировать пределы по теме «Полевое обследование и безопасный отбор почвы».","составная проба с картой точек и чистым инструментом","урожай/вода/почва","SI или явно названный стандарт","S1_LOW_RISK_HOUSEHOLD","Низкорисковая бытовая практика только с заранее названными обычными материалами; для электричества — изолированный защищённый источник с заранее ограниченными током, энергией и температурой; СИЗ и стоп-условие заданы до начала.","SCI-METH-01|SCI-METH-07|SCI-METH-14","1","1","Новый участник находит источник офлайн, объясняет границы, повторяет допустимую процедуру и получает результат в заранее заданном допуске.","FRAMEWORK_ONLY_NOT_TRAINED","0.4"
"SCI-AGRI-02","AGRI","Сельское хозяйство, вода и пища","Семенная партия, происхождение и доступ","Объяснить базовую модель, выполнить допустимую для класса риска проверку и документировать пределы по теме «Семенная партия, происхождение и доступ».","паспорт accession, условия хранения и правовой статус","урожай/вода/почва","SI или явно названный стандарт","S1_LOW_RISK_HOUSEHOLD","Низкорисковая бытовая практика только с заранее названными обычными материалами; для электричества — изолированный защищённый источник с заранее ограниченными током, энергией и температурой; СИЗ и стоп-условие заданы до начала.","SCI-AGRI-01|SCI-METH-13","1","1","Новый участник находит источник офлайн, объясняет границы, повторяет допустимую процедуру и получает результат в заранее заданном допуске.","FRAMEWORK_ONLY_NOT_TRAINED","0.4"
"SCI-AGRI-03","AGRI","Сельское хозяйство, вода и пища","Тест всхожести и жизнеспособности","Объяснить базовую модель, выполнить допустимую для класса риска проверку и документировать пределы по теме «Тест всхожести и жизнеспособности».","контролируемый тест разрешённых семян с долей всходов","урожай/вода/почва","SI или явно названный стандарт","S1_LOW_RISK_HOUSEHOLD","Низкорисковая бытовая практика только с заранее названными обычными материалами; для электричества — изолированный защищённый источник с заранее ограниченными током, энергией и температурой; СИЗ и стоп-условие заданы до начала.","SCI-AGRI-02|SCI-METH-13","1","1","Новый участник находит источник офлайн, объясняет границы, повторяет допустимую процедуру и получает результат в заранее заданном допуске.","FRAMEWORK_ONLY_NOT_TRAINED","0.4"
"SCI-AGRI-04","AGRI","Сельское хозяйство, вода и пища","Севооборот, календарь и планирование площади","Объяснить базовую модель, выполнить допустимую для класса риска проверку и документировать пределы по теме «Севооборот, календарь и планирование площади».","план культуры по воде, сезону и рискам","урожай/вода/почва","SI или явно названный стандарт","S1_LOW_RISK_HOUSEHOLD","Низкорисковая бытовая практика только с заранее названными обычными материалами; для электричества — изолированный защищённый источник с заранее ограниченными током, энергией и температурой; СИЗ и стоп-условие заданы до начала.","SCI-AGRI-03|SCI-METH-13","1","1","Новый участник находит источник офлайн, объясняет границы, повторяет допустимую процедуру и получает результат в заранее заданном допуске.","FRAMEWORK_ONLY_NOT_TRAINED","0.4"
"SCI-AGRI-05","AGRI","Сельское хозяйство, вода и пища","Овощеводство и питомник","Объяснить базовую модель, выполнить допустимую для класса риска проверку и документировать пределы по теме «Овощеводство и питомник».","журнал посева, пересадки, роста и потерь","урожай/вода/почва","SI или явно названный стандарт","S1_LOW_RISK_HOUSEHOLD","Низкорисковая бытовая практика только с заранее названными обычными материалами; для электричества — изолированный защищённый источник с заранее ограниченными током, энергией и температурой; СИЗ и стоп-условие заданы до начала.","SCI-AGRI-04|SCI-METH-13","1","1","Новый участник находит источник офлайн, объясняет границы, повторяет допустимую процедуру и получает результат в заранее заданном допуске.","FRAMEWORK_ONLY_NOT_TRAINED","0.4"
"SCI-AGRI-06","AGRI","Сельское хозяйство, вода и пища","Ирригация, влажность и водный баланс","Объяснить базовую модель, выполнить допустимую для класса риска проверку и документировать пределы по теме «Ирригация, влажность и водный баланс».","объём воды, площадь, погода и состояние растения","урожай/вода/почва","SI или явно названный стандарт","S1_LOW_RISK_HOUSEHOLD","Низкорисковая бытовая практика только с заранее названными обычными материалами; для электричества — изолированный защищённый источник с заранее ограниченными током, энергией и температурой; СИЗ и стоп-условие заданы до начала.","SCI-AGRI-05|SCI-METH-13","1","1","Новый участник находит источник офлайн, объясняет границы, повторяет допустимую процедуру и получает результат в заранее заданном допуске.","FRAMEWORK_ONLY_NOT_TRAINED","0.4"
"SCI-AGRI-07","AGRI","Сельское хозяйство, вода и пища","Компостирование и санитарные границы","Объяснить базовую модель, выполнить допустимую для класса риска проверку и документировать пределы по теме «Компостирование и санитарные границы».","температурный журнал растительного компоста; животные/медицинские отходы исключены","урожай/вода/почва","SI или явно названный стандарт","S1_LOW_RISK_HOUSEHOLD","Низкорисковая бытовая практика только с заранее названными обычными материалами; для электричества — изолированный защищённый источник с заранее ограниченными током, энергией и температурой; СИЗ и стоп-условие заданы до начала.","SCI-AGRI-06|SCI-METH-13","1","1","Новый участник находит источник офлайн, объясняет границы, повторяет допустимую процедуру и получает результат в заранее заданном допуске.","FRAMEWORK_ONLY_NOT_TRAINED","0.4"
"SCI-AGRI-08","AGRI","Сельское хозяйство, вода и пища","Питательность почвы и безопасное внесение","Объяснить базовую модель, выполнить допустимую для класса риска проверку и документировать пределы по теме «Питательность почвы и безопасное внесение».","решение по лабораторному анализу и этикетке; без самодельной химии","урожай/вода/почва","SI или явно названный стандарт","S2_TRAINED_SUPERVISED","Только после обучения и под компетентным надзором; бытовая самостоятельная импровизация запрещена.","SCI-AGRI-07|SCI-METH-13","1","1","Новый участник находит источник офлайн, объясняет границы, повторяет допустимую процедуру и получает результат в заранее заданном допуске.","FRAMEWORK_ONLY_NOT_TRAINED","0.4"
"SCI-AGRI-09","AGRI","Сельское хозяйство, вода и пища","Интегрированная защита растений","Объяснить базовую модель, выполнить допустимую для класса риска проверку и документировать пределы по теме «Интегрированная защита растений».","порог наблюдения, идентификация и минимальное законное вмешательство","урожай/вода/почва","SI или явно названный стандарт","S2_TRAINED_SUPERVISED","Только после обучения и под компетентным надзором; бытовая самостоятельная импровизация запрещена.","SCI-AGRI-08|SCI-METH-13","1","1","Новый участник находит источник офлайн, объясняет границы, повторяет допустимую процедуру и получает результат в заранее заданном допуске.","FRAMEWORK_ONLY_NOT_TRAINED","0.4"
"SCI-AGRI-10","AGRI","Сельское хозяйство, вода и пища","Болезни растений и карантин","Объяснить базовую модель, выполнить допустимую для класса риска проверку и документировать пределы по теме «Болезни растений и карантин».","фото, изоляция, очистка инструмента и обращение к официальной службе","урожай/вода/почва","SI или явно названный стандарт","S2_TRAINED_SUPERVISED","Только после обучения и под компетентным надзором; бытовая самостоятельная импровизация запрещена.","SCI-AGRI-09|SCI-METH-13","1","1","Новый участник находит источник офлайн, объясняет границы, повторяет допустимую процедуру и получает результат в заранее заданном допуске.","FRAMEWORK_ONLY_NOT_TRAINED","0.4"
"SCI-AGRI-11","AGRI","Сельское хозяйство, вода и пища","Теплица, вентиляция и микроклимат","Объяснить базовую модель, выполнить допустимую для класса риска проверку и документировать пределы по теме «Теплица, вентиляция и микроклимат».","температура/влажность и безопасный режим вентиляции","урожай/вода/почва","SI или явно названный стандарт","S1_LOW_RISK_HOUSEHOLD","Низкорисковая бытовая практика только с заранее названными обычными материалами; для электричества — изолированный защищённый источник с заранее ограниченными током, энергией и температурой; СИЗ и стоп-условие заданы до начала.","SCI-AGRI-10|SCI-METH-13","1","1","Новый участник находит источник офлайн, объясняет границы, повторяет допустимую процедуру и получает результат в заранее заданном допуске.","FRAMEWORK_ONLY_NOT_TRAINED","0.4"
"SCI-AGRI-12","AGRI","Сельское хозяйство, вода и пища","Лес, агролесоводство и пожарный интерфейс","Объяснить базовую модель, выполнить допустимую для класса риска проверку и документировать пределы по теме «Лес, агролесоводство и пожарный интерфейс».","карта топлива и легальная профилактика без самостоятельного огня","урожай/вода/почва","SI или явно названный стандарт","S2_TRAINED_SUPERVISED","Только после обучения и под компетентным надзором; бытовая самостоятельная импровизация запрещена.","SCI-AGRI-11|SCI-METH-13","1","1","Новый участник находит источник офлайн, объясняет границы, повторяет допустимую процедуру и получает результат в заранее заданном допуске.","FRAMEWORK_ONLY_NOT_TRAINED","0.4"
"SCI-AGRI-13","AGRI","Сельское хозяйство, вода и пища","Содержание животных и welfare","Объяснить базовую модель, выполнить допустимую для класса риска проверку и документировать пределы по теме «Содержание животных и welfare».","вода, корм, поведение, укрытие и вызов ветеринара","урожай/вода/почва","SI или явно названный стандарт","S2_TRAINED_SUPERVISED","Только после обучения и под компетентным надзором; бытовая самостоятельная импровизация запрещена.","SCI-AGRI-12|SCI-METH-13","1","1","Новый участник находит источник офлайн, объясняет границы, повторяет допустимую процедуру и получает результат в заранее заданном допуске.","FRAMEWORK_ONLY_NOT_TRAINED","0.4"
"SCI-AGRI-14","AGRI","Сельское хозяйство, вода и пища","Пастбище, корм и хранение","Объяснить базовую модель, выполнить допустимую для класса риска проверку и документировать пределы по теме «Пастбище, корм и хранение».","инвентарный баланс и признаки порчи без кормления сомнительным материалом","урожай/вода/почва","SI или явно названный стандарт","S1_LOW_RISK_HOUSEHOLD","Низкорисковая бытовая практика только с заранее названными обычными материалами; для электричества — изолированный защищённый источник с заранее ограниченными током, энергией и температурой; СИЗ и стоп-условие заданы до начала.","SCI-AGRI-13|SCI-METH-13","1","1","Новый участник находит источник офлайн, объясняет границы, повторяет допустимую процедуру и получает результат в заранее заданном допуске.","FRAMEWORK_ONLY_NOT_TRAINED","0.4"
"SCI-AGRI-15","AGRI","Сельское хозяйство, вода и пища","Гигиена пищи, холодовая цепь и прослеживаемость","Объяснить базовую модель, выполнить допустимую для класса риска проверку и документировать пределы по теме «Гигиена пищи, холодовая цепь и прослеживаемость».","температурный журнал и lot trace","урожай/вода/почва","SI или явно названный стандарт","S1_LOW_RISK_HOUSEHOLD","Низкорисковая бытовая практика только с заранее названными обычными материалами; для электричества — изолированный защищённый источник с заранее ограниченными током, энергией и температурой; СИЗ и стоп-условие заданы до начала.","SCI-AGRI-14|SCI-METH-13","1","1","Новый участник находит источник офлайн, объясняет границы, повторяет допустимую процедуру и получает результат в заранее заданном допуске.","FRAMEWORK_ONLY_NOT_TRAINED","0.4"
"SCI-AGRI-16","AGRI","Сельское хозяйство, вода и пища","Консервирование только по валидированному процессу","Объяснить базовую модель, выполнить допустимую для класса риска проверку и документировать пределы по теме «Консервирование только по валидированному процессу».","следование официальному рецепту; низкокислотные продукты без валидированного pressure-canning запрещены","урожай/вода/почва","SI или явно названный стандарт","S2_TRAINED_SUPERVISED","Только после обучения и под компетентным надзором; бытовая самостоятельная импровизация запрещена.","SCI-AGRI-15|SCI-METH-13","1","1","Новый участник находит источник офлайн, объясняет границы, повторяет допустимую процедуру и получает результат в заранее заданном допуске.","FRAMEWORK_ONLY_NOT_TRAINED","0.4"
"SCI-CIVIL-01","CIVIL","Строительство, вода и инфраструктура","Съёмка, уровни, координаты и исполнительная схема","Объяснить базовую модель, выполнить допустимую для класса риска проверку и документировать пределы по теме «Съёмка, уровни, координаты и исполнительная схема».","замкнутый безопасный ход на участке","размер/состояние/поток","SI или явно названный стандарт","S1_LOW_RISK_HOUSEHOLD","Низкорисковая бытовая практика только с заранее названными обычными материалами; для электричества — изолированный защищённый источник с заранее ограниченными током, энергией и температурой; СИЗ и стоп-условие заданы до начала.","SCI-METH-01|SCI-METH-07|SCI-METH-14","1","1","Новый участник находит источник офлайн, объясняет границы, повторяет допустимую процедуру и получает результат в заранее заданном допуске.","FRAMEWORK_ONLY_NOT_TRAINED","0.4"
"SCI-CIVIL-02","CIVIL","Строительство, вода и инфраструктура","Технический чертёж, размеры и допуски","Объяснить базовую модель, выполнить допустимую для класса риска проверку и документировать пределы по теме «Технический чертёж, размеры и допуски».","чертёж существующей безопасной детали","размер/состояние/поток","SI или явно названный стандарт","S1_LOW_RISK_HOUSEHOLD","Низкорисковая бытовая практика только с заранее названными обычными материалами; для электричества — изолированный защищённый источник с заранее ограниченными током, энергией и температурой; СИЗ и стоп-условие заданы до начала.","SCI-CIVIL-01|SCI-METH-13","1","1","Новый участник находит источник офлайн, объясняет границы, повторяет допустимую процедуру и получает результат в заранее заданном допуске.","FRAMEWORK_ONLY_NOT_TRAINED","0.4"
"SCI-CIVIL-03","CIVIL","Строительство, вода и инфраструктура","Строительная физика: тепло, воздух и влага","Объяснить базовую модель, выполнить допустимую для класса риска проверку и документировать пределы по теме «Строительная физика: тепло, воздух и влага».","наблюдательный температурно-влажностный профиль","размер/состояние/поток","SI или явно названный стандарт","S1_LOW_RISK_HOUSEHOLD","Низкорисковая бытовая практика только с заранее названными обычными материалами; для электричества — изолированный защищённый источник с заранее ограниченными током, энергией и температурой; СИЗ и стоп-условие заданы до начала.","SCI-CIVIL-02|SCI-METH-13","1","1","Новый участник находит источник офлайн, объясняет границы, повторяет допустимую процедуру и получает результат в заранее заданном допуске.","FRAMEWORK_ONLY_NOT_TRAINED","0.4"
"SCI-CIVIL-04","CIVIL","Строительство, вода и инфраструктура","Конденсация, сырость и плесень","Объяснить базовую модель, выполнить допустимую для класса риска проверку и документировать пределы по теме «Конденсация, сырость и плесень».","неинвазивная карта условий; опасное/обширное поражение — специалист","размер/состояние/поток","SI или явно названный стандарт","S1_LOW_RISK_HOUSEHOLD","Низкорисковая бытовая практика только с заранее названными обычными материалами; для электричества — изолированный защищённый источник с заранее ограниченными током, энергией и температурой; СИЗ и стоп-условие заданы до начала.","SCI-CIVIL-03|SCI-METH-13","1","1","Новый участник находит источник офлайн, объясняет границы, повторяет допустимую процедуру и получает результат в заранее заданном допуске.","FRAMEWORK_ONLY_NOT_TRAINED","0.4"
"SCI-CIVIL-05","CIVIL","Строительство, вода и инфраструктура","Нагрузки, путь передачи сил и устойчивость","Объяснить базовую модель, выполнить допустимую для класса риска проверку и документировать пределы по теме «Нагрузки, путь передачи сил и устойчивость».","анализ схемы; изменение несущих конструкций запрещено","размер/состояние/поток","SI или явно названный стандарт","S3_LICENSED_PROFESSIONAL","Только квалифицированный/лицензированный специалист в подходящей среде и по действующим нормам.","SCI-CIVIL-04|SCI-METH-13","1","1","Новый участник находит источник офлайн, объясняет границы, повторяет допустимую процедуру и получает результат в заранее заданном допуске.","FRAMEWORK_ONLY_NOT_TRAINED","0.4"
"SCI-CIVIL-06","CIVIL","Строительство, вода и инфраструктура","Грунты, фундаменты и склоновые риски","Объяснить базовую модель, выполнить допустимую для класса риска проверку и документировать пределы по теме «Грунты, фундаменты и склоновые риски».","чтение инженерного отчёта; раскопки/укрепления — специалист","размер/состояние/поток","SI или явно названный стандарт","S3_LICENSED_PROFESSIONAL","Только квалифицированный/лицензированный специалист в подходящей среде и по действующим нормам.","SCI-CIVIL-05|SCI-METH-13","1","1","Новый участник находит источник офлайн, объясняет границы, повторяет допустимую процедуру и получает результат в заранее заданном допуске.","FRAMEWORK_ONLY_NOT_TRAINED","0.4"
"SCI-CIVIL-07","CIVIL","Строительство, вода и инфраструктура","Водоснабжение, давление и защита от обратного тока","Объяснить базовую модель, выполнить допустимую для класса риска проверку и документировать пределы по теме «Водоснабжение, давление и защита от обратного тока».","схема и визуальный аудит; изменение сети — по закону","размер/состояние/поток","SI или явно названный стандарт","S3_LICENSED_PROFESSIONAL","Только квалифицированный/лицензированный специалист в подходящей среде и по действующим нормам.","SCI-CIVIL-06|SCI-METH-13","1","1","Новый участник находит источник офлайн, объясняет границы, повторяет допустимую процедуру и получает результат в заранее заданном допуске.","FRAMEWORK_ONLY_NOT_TRAINED","0.4"
"SCI-CIVIL-08","CIVIL","Строительство, вода и инфраструктура","Санитария, туалеты и безопасное разделение потоков","Объяснить базовую модель, выполнить допустимую для класса риска проверку и документировать пределы по теме «Санитария, туалеты и безопасное разделение потоков».","план потоков и санитарный аудит","размер/состояние/поток","SI или явно названный стандарт","S2_TRAINED_SUPERVISED","Только после обучения и под компетентным надзором; бытовая самостоятельная импровизация запрещена.","SCI-CIVIL-07|SCI-METH-13","1","1","Новый участник находит источник офлайн, объясняет границы, повторяет допустимую процедуру и получает результат в заранее заданном допуске.","FRAMEWORK_ONLY_NOT_TRAINED","0.4"
"SCI-CIVIL-09","CIVIL","Строительство, вода и инфраструктура","Сточные воды и очистка","Объяснить базовую модель, выполнить допустимую для класса риска проверку и документировать пределы по теме «Сточные воды и очистка».","только схема/контроль; вход в колодцы и контакт со стоками запрещены","размер/состояние/поток","SI или явно названный стандарт","S4_REFERENCE_ONLY_PROHIBITED_HOUSEHOLD","Только справочное знание и распознавание опасности; бытовое выполнение запрещено.","SCI-CIVIL-08|SCI-METH-13","1","1","Новый участник находит источник офлайн, объясняет границы, повторяет допустимую процедуру и получает результат в заранее заданном допуске.","FRAMEWORK_ONLY_NOT_TRAINED","0.4"
"SCI-CIVIL-10","CIVIL","Строительство, вода и инфраструктура","Дренаж, ливневый сток и паводковая устойчивость","Объяснить базовую модель, выполнить допустимую для класса риска проверку и документировать пределы по теме «Дренаж, ливневый сток и паводковая устойчивость».","наблюдение безопасного дождя и карта путей воды","размер/состояние/поток","SI или явно названный стандарт","S2_TRAINED_SUPERVISED","Только после обучения и под компетентным надзором; бытовая самостоятельная импровизация запрещена.","SCI-CIVIL-09|SCI-METH-13","1","1","Новый участник находит источник офлайн, объясняет границы, повторяет допустимую процедуру и получает результат в заранее заданном допуске.","FRAMEWORK_ONLY_NOT_TRAINED","0.4"
"SCI-CIVIL-11","CIVIL","Строительство, вода и инфраструктура","Пожарная безопасность, эвакуация и compartmentation","Объяснить базовую модель, выполнить допустимую для класса риска проверку и документировать пределы по теме «Пожарная безопасность, эвакуация и compartmentation».","аудит выхода/детектора; испытания огнём запрещены","размер/состояние/поток","SI или явно названный стандарт","S2_TRAINED_SUPERVISED","Только после обучения и под компетентным надзором; бытовая самостоятельная импровизация запрещена.","SCI-CIVIL-10|SCI-METH-13","1","1","Новый участник находит источник офлайн, объясняет границы, повторяет допустимую процедуру и получает результат в заранее заданном допуске.","FRAMEWORK_ONLY_NOT_TRAINED","0.4"
"SCI-CIVIL-12","CIVIL","Строительство, вода и инфраструктура","Вентиляция, отопление и качество воздуха","Объяснить базовую модель, выполнить допустимую для класса риска проверку и документировать пределы по теме «Вентиляция, отопление и качество воздуха».","измерительный аудит без вмешательства в газ/дымоход","размер/состояние/поток","SI или явно названный стандарт","S2_TRAINED_SUPERVISED","Только после обучения и под компетентным надзором; бытовая самостоятельная импровизация запрещена.","SCI-CIVIL-11|SCI-METH-13","1","1","Новый участник находит источник офлайн, объясняет границы, повторяет допустимую процедуру и получает результат в заранее заданном допуске.","FRAMEWORK_ONLY_NOT_TRAINED","0.4"
"SCI-CIVIL-13","CIVIL","Строительство, вода и инфраструктура","Сантехника, арматура и обнаружение утечек","Объяснить базовую модель, выполнить допустимую для класса риска проверку и документировать пределы по теме «Сантехника, арматура и обнаружение утечек».","безопасная визуальная проверка и изоляция по инструкции","размер/состояние/поток","SI или явно названный стандарт","S2_TRAINED_SUPERVISED","Только после обучения и под компетентным надзором; бытовая самостоятельная импровизация запрещена.","SCI-CIVIL-12|SCI-METH-13","1","1","Новый участник находит источник офлайн, объясняет границы, повторяет допустимую процедуру и получает результат в заранее заданном допуске.","FRAMEWORK_ONLY_NOT_TRAINED","0.4"
"SCI-CIVIL-14","CIVIL","Строительство, вода и инфраструктура","Дороги, мосты и транспортные сооружения","Объяснить базовую модель, выполнить допустимую для класса риска проверку и документировать пределы по теме «Дороги, мосты и транспортные сооружения».","визуальное распознавание дефекта без заключения о безопасности","размер/состояние/поток","SI или явно названный стандарт","S3_LICENSED_PROFESSIONAL","Только квалифицированный/лицензированный специалист в подходящей среде и по действующим нормам.","SCI-CIVIL-13|SCI-METH-13","1","1","Новый участник находит источник офлайн, объясняет границы, повторяет допустимую процедуру и получает результат в заранее заданном допуске.","FRAMEWORK_ONLY_NOT_TRAINED","0.4"
"SCI-CIVIL-15","CIVIL","Строительство, вода и инфраструктура","Строительные материалы и неразрушающий контроль","Объяснить базовую модель, выполнить допустимую для класса риска проверку и документировать пределы по теме «Строительные материалы и неразрушающий контроль».","документированный осмотр без разрушительного испытания","размер/состояние/поток","SI или явно названный стандарт","S2_TRAINED_SUPERVISED","Только после обучения и под компетентным надзором; бытовая самостоятельная импровизация запрещена.","SCI-CIVIL-14|SCI-METH-13","1","1","Новый участник находит источник офлайн, объясняет границы, повторяет допустимую процедуру и получает результат в заранее заданном допуске.","FRAMEWORK_ONLY_NOT_TRAINED","0.4"
"SCI-CIVIL-16","CIVIL","Строительство, вода и инфраструктура","Плановое обслуживание и журнал здания","Объяснить базовую модель, выполнить допустимую для класса риска проверку и документировать пределы по теме «Плановое обслуживание и журнал здания».","паспорт узла, интервал, дефект и эскалация","размер/состояние/поток","SI или явно названный стандарт","S1_LOW_RISK_HOUSEHOLD","Низкорисковая бытовая практика только с заранее названными обычными материалами; для электричества — изолированный защищённый источник с заранее ограниченными током, энергией и температурой; СИЗ и стоп-условие заданы до начала.","SCI-CIVIL-15|SCI-METH-13","1","1","Новый участник находит источник офлайн, объясняет границы, повторяет допустимую процедуру и получает результат в заранее заданном допуске.","FRAMEWORK_ONLY_NOT_TRAINED","0.4"
"SCI-MECH-01","MECH","Механика, производство и ремонт","Ручной инструмент, подбор и безопасная работа","Объяснить базовую модель, выполнить допустимую для класса риска проверку и документировать пределы по теме «Ручной инструмент, подбор и безопасная работа».","предпусковой осмотр и низкорисковая учебная операция","размер/сила/состояние","SI или явно названный стандарт","S1_LOW_RISK_HOUSEHOLD","Низкорисковая бытовая практика только с заранее названными обычными материалами; для электричества — изолированный защищённый источник с заранее ограниченными током, энергией и температурой; СИЗ и стоп-условие заданы до начала.","SCI-METH-01|SCI-METH-07|SCI-METH-14","1","1","Новый участник находит источник офлайн, объясняет границы, повторяет допустимую процедуру и получает результат в заранее заданном допуске.","FRAMEWORK_ONLY_NOT_TRAINED","0.4"
"SCI-MECH-02","MECH","Механика, производство и ремонт","Линейные/угловые измерения и допуски","Объяснить базовую модель, выполнить допустимую для класса риска проверку и документировать пределы по теме «Линейные/угловые измерения и допуски».","три повтора штангенциркулем/линейкой на безопасной детали","размер/сила/состояние","SI или явно названный стандарт","S1_LOW_RISK_HOUSEHOLD","Низкорисковая бытовая практика только с заранее названными обычными материалами; для электричества — изолированный защищённый источник с заранее ограниченными током, энергией и температурой; СИЗ и стоп-условие заданы до начала.","SCI-MECH-01|SCI-METH-13","1","1","Новый участник находит источник офлайн, объясняет границы, повторяет допустимую процедуру и получает результат в заранее заданном допуске.","FRAMEWORK_ONLY_NOT_TRAINED","0.4"
"SCI-MECH-03","MECH","Механика, производство и ремонт","Резьба, крепёж, момент и фиксация","Объяснить базовую модель, выполнить допустимую для класса риска проверку и документировать пределы по теме «Резьба, крепёж, момент и фиксация».","идентификация и сборка учебного соединения по спецификации","размер/сила/состояние","SI или явно названный стандарт","S2_TRAINED_SUPERVISED","Только после обучения и под компетентным надзором; бытовая самостоятельная импровизация запрещена.","SCI-MECH-02|SCI-METH-13","1","1","Новый участник находит источник офлайн, объясняет границы, повторяет допустимую процедуру и получает результат в заранее заданном допуске.","FRAMEWORK_ONLY_NOT_TRAINED","0.4"
"SCI-MECH-04","MECH","Механика, производство и ремонт","Механизмы, рычаги, передачи и кинематика","Объяснить базовую модель, выполнить допустимую для класса риска проверку и документировать пределы по теме «Механизмы, рычаги, передачи и кинематика».","настольная безопасная модель","размер/сила/состояние","SI или явно названный стандарт","S1_LOW_RISK_HOUSEHOLD","Низкорисковая бытовая практика только с заранее названными обычными материалами; для электричества — изолированный защищённый источник с заранее ограниченными током, энергией и температурой; СИЗ и стоп-условие заданы до начала.","SCI-MECH-03|SCI-METH-13","1","1","Новый участник находит источник офлайн, объясняет границы, повторяет допустимую процедуру и получает результат в заранее заданном допуске.","FRAMEWORK_ONLY_NOT_TRAINED","0.4"
"SCI-MECH-05","MECH","Механика, производство и ремонт","Валы, муфты, цепи, ремни и ограждения","Объяснить базовую модель, выполнить допустимую для класса риска проверку и документировать пределы по теме «Валы, муфты, цепи, ремни и ограждения».","осмотр отключённой учебной системы; lockout обязателен","размер/сила/состояние","SI или явно названный стандарт","S2_TRAINED_SUPERVISED","Только после обучения и под компетентным надзором; бытовая самостоятельная импровизация запрещена.","SCI-MECH-04|SCI-METH-13","1","1","Новый участник находит источник офлайн, объясняет границы, повторяет допустимую процедуру и получает результат в заранее заданном допуске.","FRAMEWORK_ONLY_NOT_TRAINED","0.4"
"SCI-MECH-06","MECH","Механика, производство и ремонт","Насосы, кавитация и рабочая точка","Объяснить базовую модель, выполнить допустимую для класса риска проверку и документировать пределы по теме «Насосы, кавитация и рабочая точка».","измерение маломощного водяного насоса","размер/сила/состояние","SI или явно названный стандарт","S2_TRAINED_SUPERVISED","Только после обучения и под компетентным надзором; бытовая самостоятельная импровизация запрещена.","SCI-MECH-05|SCI-METH-13","1","1","Новый участник находит источник офлайн, объясняет границы, повторяет допустимую процедуру и получает результат в заранее заданном допуске.","FRAMEWORK_ONLY_NOT_TRAINED","0.4"
"SCI-MECH-07","MECH","Механика, производство и ремонт","Клапаны, уплотнения и утечки","Объяснить базовую модель, выполнить допустимую для класса риска проверку и документировать пределы по теме «Клапаны, уплотнения и утечки».","осмотр безопасной разгерметизированной водной системы","размер/сила/состояние","SI или явно названный стандарт","S2_TRAINED_SUPERVISED","Только после обучения и под компетентным надзором; бытовая самостоятельная импровизация запрещена.","SCI-MECH-06|SCI-METH-13","1","1","Новый участник находит источник офлайн, объясняет границы, повторяет допустимую процедуру и получает результат в заранее заданном допуске.","FRAMEWORK_ONLY_NOT_TRAINED","0.4"
"SCI-MECH-08","MECH","Механика, производство и ремонт","Подшипники, смазка и загрязнение","Объяснить базовую модель, выполнить допустимую для класса риска проверку и документировать пределы по теме «Подшипники, смазка и загрязнение».","журнал состояния отключённого узла","размер/сила/состояние","SI или явно названный стандарт","S2_TRAINED_SUPERVISED","Только после обучения и под компетентным надзором; бытовая самостоятельная импровизация запрещена.","SCI-MECH-07|SCI-METH-13","1","1","Новый участник находит источник офлайн, объясняет границы, повторяет допустимую процедуру и получает результат в заранее заданном допуске.","FRAMEWORK_ONLY_NOT_TRAINED","0.4"
"SCI-MECH-09","MECH","Механика, производство и ремонт","Велосипед: осмотр, тормоза и привод","Объяснить базовую модель, выполнить допустимую для класса риска проверку и документировать пределы по теме «Велосипед: осмотр, тормоза и привод».","контрольный чек после обучения; дорожный тест в безопасной зоне","размер/сила/состояние","SI или явно названный стандарт","S2_TRAINED_SUPERVISED","Только после обучения и под компетентным надзором; бытовая самостоятельная импровизация запрещена.","SCI-MECH-08|SCI-METH-13","1","1","Новый участник находит источник офлайн, объясняет границы, повторяет допустимую процедуру и получает результат в заранее заданном допуске.","FRAMEWORK_ONLY_NOT_TRAINED","0.4"
"SCI-MECH-10","MECH","Механика, производство и ремонт","Двигатели внутреннего сгорания и выхлоп","Объяснить базовую модель, выполнить допустимую для класса риска проверку и документировать пределы по теме «Двигатели внутреннего сгорания и выхлоп».","только устройство и сервисная документация; работа в помещении запрещена","размер/сила/состояние","SI или явно названный стандарт","S3_LICENSED_PROFESSIONAL","Только квалифицированный/лицензированный специалист в подходящей среде и по действующим нормам.","SCI-MECH-09|SCI-METH-13","1","1","Новый участник находит источник офлайн, объясняет границы, повторяет допустимую процедуру и получает результат в заранее заданном допуске.","FRAMEWORK_ONLY_NOT_TRAINED","0.4"
"SCI-MECH-11","MECH","Механика, производство и ремонт","Холодильный контур и тепловой насос","Объяснить базовую модель, выполнить допустимую для класса риска проверку и документировать пределы по теме «Холодильный контур и тепловой насос».","наблюдение температур; хладагент/давление — специалист","размер/сила/состояние","SI или явно названный стандарт","S3_LICENSED_PROFESSIONAL","Только квалифицированный/лицензированный специалист в подходящей среде и по действующим нормам.","SCI-MECH-10|SCI-METH-13","1","1","Новый участник находит источник офлайн, объясняет границы, повторяет допустимую процедуру и получает результат в заранее заданном допуске.","FRAMEWORK_ONLY_NOT_TRAINED","0.4"
"SCI-MECH-12","MECH","Механика, производство и ремонт","Дерево, разметка, соединения и ремонт","Объяснить базовую модель, выполнить допустимую для класса риска проверку и документировать пределы по теме «Дерево, разметка, соединения и ремонт».","малый проект ручным инструментом после инструктажа","размер/сила/состояние","SI или явно названный стандарт","S2_TRAINED_SUPERVISED","Только после обучения и под компетентным надзором; бытовая самостоятельная импровизация запрещена.","SCI-MECH-11|SCI-METH-13","1","1","Новый участник находит источник офлайн, объясняет границы, повторяет допустимую процедуру и получает результат в заранее заданном допуске.","FRAMEWORK_ONLY_NOT_TRAINED","0.4"
"SCI-MECH-13","MECH","Механика, производство и ремонт","Металлообработка и снятие материала","Объяснить базовую модель, выполнить допустимую для класса риска проверку и документировать пределы по теме «Металлообработка и снятие материала».","только после обучения, ограждений и СИЗ","размер/сила/состояние","SI или явно названный стандарт","S2_TRAINED_SUPERVISED","Только после обучения и под компетентным надзором; бытовая самостоятельная импровизация запрещена.","SCI-MECH-12|SCI-METH-13","1","1","Новый участник находит источник офлайн, объясняет границы, повторяет допустимую процедуру и получает результат в заранее заданном допуске.","FRAMEWORK_ONLY_NOT_TRAINED","0.4"
"SCI-MECH-14","MECH","Механика, производство и ремонт","Сварка, пайка твёрдым припоем и горячие работы","Объяснить базовую модель, выполнить допустимую для класса риска проверку и документировать пределы по теме «Сварка, пайка твёрдым припоем и горячие работы».","только квалифицированная площадка и разрешение","размер/сила/состояние","SI или явно названный стандарт","S3_LICENSED_PROFESSIONAL","Только квалифицированный/лицензированный специалист в подходящей среде и по действующим нормам.","SCI-MECH-13|SCI-METH-13","1","1","Новый участник находит источник офлайн, объясняет границы, повторяет допустимую процедуру и получает результат в заранее заданном допуске.","FRAMEWORK_ONLY_NOT_TRAINED","0.4"
"SCI-MECH-15","MECH","Механика, производство и ремонт","Текстиль, шитьё, выкройка и ремонт","Объяснить базовую модель, выполнить допустимую для класса риска проверку и документировать пределы по теме «Текстиль, шитьё, выкройка и ремонт».","образец шва и проверка прочности без нагрузки на безопасность","размер/сила/состояние","SI или явно названный стандарт","S1_LOW_RISK_HOUSEHOLD","Низкорисковая бытовая практика только с заранее названными обычными материалами; для электричества — изолированный защищённый источник с заранее ограниченными током, энергией и температурой; СИЗ и стоп-условие заданы до начала.","SCI-MECH-14|SCI-METH-13","1","1","Новый участник находит источник офлайн, объясняет границы, повторяет допустимую процедуру и получает результат в заранее заданном допуске.","FRAMEWORK_ONLY_NOT_TRAINED","0.4"
"SCI-MECH-16","MECH","Механика, производство и ремонт","Надёжность, отказ, запасные части и preventive maintenance","Объяснить базовую модель, выполнить допустимую для класса риска проверку и документировать пределы по теме «Надёжность, отказ, запасные части и preventive maintenance».","FMEA и план обслуживания одного актива","размер/сила/состояние","SI или явно названный стандарт","S0_OBSERVE_READ","Наблюдение, чтение, расчёт или работа с опубликованным набором данных; физического вмешательства нет.","SCI-MECH-15|SCI-METH-13","1","1","Новый участник находит источник офлайн, объясняет границы, повторяет допустимую процедуру и получает результат в заранее заданном допуске.","FRAMEWORK_ONLY_NOT_TRAINED","0.4"
"SCI-ELEC-01","ELEC","Электротехника, электроника и энергия","Электробезопасность и границы низкого напряжения","Объяснить базовую модель, выполнить допустимую для класса риска проверку и документировать пределы по теме «Электробезопасность и границы низкого напряжения».","только на изолированном учебном USB-стенде 5 V с аппаратным ограничением тока ≤100 mA: найти источник, защиту и штатное отключение; сеть, автомобильные/тяговые/литиевые батареи исключены","V/A/Wh/сигнал","SI или явно названный стандарт","S2_TRAINED_SUPERVISED","Только после обучения и под компетентным надзором; бытовая самостоятельная импровизация запрещена.","SCI-METH-01|SCI-METH-07|SCI-METH-14","1","1","Новый участник находит источник офлайн, объясняет границы, повторяет допустимую процедуру и получает результат в заранее заданном допуске.","FRAMEWORK_ONLY_NOT_TRAINED","0.4"
"SCI-ELEC-02","ELEC","Электротехника, электроника и энергия","Закон Ома, мощность и энергетический баланс","Объяснить базовую модель, выполнить допустимую для класса риска проверку и документировать пределы по теме «Закон Ома, мощность и энергетический баланс».","учебная цепь 5 V с аппаратным ограничением тока ≤100 mA, негорючей площадкой и заранее рассчитанной мощностью","V/A/Wh/сигнал","SI или явно названный стандарт","S1_LOW_RISK_HOUSEHOLD","Низкорисковая бытовая практика только с заранее названными обычными материалами; для электричества — изолированный защищённый источник с заранее ограниченными током, энергией и температурой; СИЗ и стоп-условие заданы до начала.","SCI-ELEC-01|SCI-METH-13","1","1","Новый участник находит источник офлайн, объясняет границы, повторяет допустимую процедуру и получает результат в заранее заданном допуске.","FRAMEWORK_ONLY_NOT_TRAINED","0.4"
"SCI-ELEC-03","ELEC","Электротехника, электроника и энергия","Мультиметр: напряжение, сопротивление и непрерывность","Объяснить базовую модель, выполнить допустимую для класса риска проверку и документировать пределы по теме «Мультиметр: напряжение, сопротивление и непрерывность».","измерение только изолированной низковольтной цепи","V/A/Wh/сигнал","SI или явно названный стандарт","S1_LOW_RISK_HOUSEHOLD","Низкорисковая бытовая практика только с заранее названными обычными материалами; для электричества — изолированный защищённый источник с заранее ограниченными током, энергией и температурой; СИЗ и стоп-условие заданы до начала.","SCI-ELEC-02|SCI-METH-13","1","1","Новый участник находит источник офлайн, объясняет границы, повторяет допустимую процедуру и получает результат в заранее заданном допуске.","FRAMEWORK_ONLY_NOT_TRAINED","0.4"
"SCI-ELEC-04","ELEC","Электротехника, электроника и энергия","Пассивные компоненты и схемные обозначения","Объяснить базовую модель, выполнить допустимую для класса риска проверку и документировать пределы по теме «Пассивные компоненты и схемные обозначения».","идентификация и измерение безопасных компонентов","V/A/Wh/сигнал","SI или явно названный стандарт","S1_LOW_RISK_HOUSEHOLD","Низкорисковая бытовая практика только с заранее названными обычными материалами; для электричества — изолированный защищённый источник с заранее ограниченными током, энергией и температурой; СИЗ и стоп-условие заданы до начала.","SCI-ELEC-03|SCI-METH-13","1","1","Новый участник находит источник офлайн, объясняет границы, повторяет допустимую процедуру и получает результат в заранее заданном допуске.","FRAMEWORK_ONLY_NOT_TRAINED","0.4"
"SCI-ELEC-05","ELEC","Электротехника, электроника и энергия","Диоды, транзисторы и аналоговые узлы","Объяснить базовую модель, выполнить допустимую для класса риска проверку и документировать пределы по теме «Диоды, транзисторы и аналоговые узлы».","маломощная макетная схема с ограничением тока","V/A/Wh/сигнал","SI или явно названный стандарт","S1_LOW_RISK_HOUSEHOLD","Низкорисковая бытовая практика только с заранее названными обычными материалами; для электричества — изолированный защищённый источник с заранее ограниченными током, энергией и температурой; СИЗ и стоп-условие заданы до начала.","SCI-ELEC-04|SCI-METH-13","1","1","Новый участник находит источник офлайн, объясняет границы, повторяет допустимую процедуру и получает результат в заранее заданном допуске.","FRAMEWORK_ONLY_NOT_TRAINED","0.4"
"SCI-ELEC-06","ELEC","Электротехника, электроника и энергия","Цифровая логика и уровни сигналов","Объяснить базовую модель, выполнить допустимую для класса риска проверку и документировать пределы по теме «Цифровая логика и уровни сигналов».","таблица истинности на безопасном учебном модуле","V/A/Wh/сигнал","SI или явно названный стандарт","S1_LOW_RISK_HOUSEHOLD","Низкорисковая бытовая практика только с заранее названными обычными материалами; для электричества — изолированный защищённый источник с заранее ограниченными током, энергией и температурой; СИЗ и стоп-условие заданы до начала.","SCI-ELEC-05|SCI-METH-13","1","1","Новый участник находит источник офлайн, объясняет границы, повторяет допустимую процедуру и получает результат в заранее заданном допуске.","FRAMEWORK_ONLY_NOT_TRAINED","0.4"
"SCI-ELEC-07","ELEC","Электротехника, электроника и энергия","Микроконтроллеры и интерфейсы","Объяснить базовую модель, выполнить допустимую для класса риска проверку и документировать пределы по теме «Микроконтроллеры и интерфейсы».","считывание безопасного датчика без управления критическим объектом","V/A/Wh/сигнал","SI или явно названный стандарт","S1_LOW_RISK_HOUSEHOLD","Низкорисковая бытовая практика только с заранее названными обычными материалами; для электричества — изолированный защищённый источник с заранее ограниченными током, энергией и температурой; СИЗ и стоп-условие заданы до начала.","SCI-ELEC-06|SCI-METH-13","1","1","Новый участник находит источник офлайн, объясняет границы, повторяет допустимую процедуру и получает результат в заранее заданном допуске.","FRAMEWORK_ONLY_NOT_TRAINED","0.4"
"SCI-ELEC-08","ELEC","Электротехника, электроника и энергия","Датчики, преобразование и сбор данных","Объяснить базовую модель, выполнить допустимую для класса риска проверку и документировать пределы по теме «Датчики, преобразование и сбор данных».","калибровочная проверка двух точек","V/A/Wh/сигнал","SI или явно названный стандарт","S1_LOW_RISK_HOUSEHOLD","Низкорисковая бытовая практика только с заранее названными обычными материалами; для электричества — изолированный защищённый источник с заранее ограниченными током, энергией и температурой; СИЗ и стоп-условие заданы до начала.","SCI-ELEC-07|SCI-METH-13","1","1","Новый участник находит источник офлайн, объясняет границы, повторяет допустимую процедуру и получает результат в заранее заданном допуске.","FRAMEWORK_ONLY_NOT_TRAINED","0.4"
"SCI-ELEC-09","ELEC","Электротехника, электроника и энергия","Обратная связь, управление и safe-state","Объяснить базовую модель, выполнить допустимую для класса риска проверку и документировать пределы по теме «Обратная связь, управление и safe-state».","симуляция или маломощный стенд с ручным отключением","V/A/Wh/сигнал","SI или явно названный стандарт","S2_TRAINED_SUPERVISED","Только после обучения и под компетентным надзором; бытовая самостоятельная импровизация запрещена.","SCI-ELEC-08|SCI-METH-13","1","1","Новый участник находит источник офлайн, объясняет границы, повторяет допустимую процедуру и получает результат в заранее заданном допуске.","FRAMEWORK_ONLY_NOT_TRAINED","0.4"
"SCI-ELEC-10","ELEC","Электротехника, электроника и энергия","Двигатели, генераторы и привод","Объяснить базовую модель, выполнить допустимую для класса риска проверку и документировать пределы по теме «Двигатели, генераторы и привод».","учебный маломощный мотор с ограждением","V/A/Wh/сигнал","SI или явно названный стандарт","S2_TRAINED_SUPERVISED","Только после обучения и под компетентным надзором; бытовая самостоятельная импровизация запрещена.","SCI-ELEC-09|SCI-METH-13","1","1","Новый участник находит источник офлайн, объясняет границы, повторяет допустимую процедуру и получает результат в заранее заданном допуске.","FRAMEWORK_ONLY_NOT_TRAINED","0.4"
"SCI-ELEC-11","ELEC","Электротехника, электроника и энергия","Солнечная фотоэлектрика и низковольтная автономная система","Объяснить базовую модель, выполнить допустимую для класса риска проверку и документировать пределы по теме «Солнечная фотоэлектрика и низковольтная автономная система».","энергетический бюджет; монтаж здания — специалист","V/A/Wh/сигнал","SI или явно названный стандарт","S2_TRAINED_SUPERVISED","Только после обучения и под компетентным надзором; бытовая самостоятельная импровизация запрещена.","SCI-ELEC-10|SCI-METH-13","1","1","Новый участник находит источник офлайн, объясняет границы, повторяет допустимую процедуру и получает результат в заранее заданном допуске.","FRAMEWORK_ONLY_NOT_TRAINED","0.4"
"SCI-ELEC-12","ELEC","Электротехника, электроника и энергия","Батареи, заряд, BMS и пожарный риск","Объяснить базовую модель, выполнить допустимую для класса риска проверку и документировать пределы по теме «Батареи, заряд, BMS и пожарный риск».","учёт состояния штатных исправных модулей; разборка запрещена","V/A/Wh/сигнал","SI или явно названный стандарт","S2_TRAINED_SUPERVISED","Только после обучения и под компетентным надзором; бытовая самостоятельная импровизация запрещена.","SCI-ELEC-11|SCI-METH-13","1","1","Новый участник находит источник офлайн, объясняет границы, повторяет допустимую процедуру и получает результат в заранее заданном допуске.","FRAMEWORK_ONLY_NOT_TRAINED","0.4"
"SCI-ELEC-13","ELEC","Электротехника, электроника и энергия","Энергетический аудит, ватт-часы и управление нагрузкой","Объяснить базовую модель, выполнить допустимую для класса риска проверку и документировать пределы по теме «Энергетический аудит, ватт-часы и управление нагрузкой».","суточный журнал безопасных потребителей","V/A/Wh/сигнал","SI или явно названный стандарт","S1_LOW_RISK_HOUSEHOLD","Низкорисковая бытовая практика только с заранее названными обычными материалами; для электричества — изолированный защищённый источник с заранее ограниченными током, энергией и температурой; СИЗ и стоп-условие заданы до начала.","SCI-ELEC-12|SCI-METH-13","1","1","Новый участник находит источник офлайн, объясняет границы, повторяет допустимую процедуру и получает результат в заранее заданном допуске.","FRAMEWORK_ONLY_NOT_TRAINED","0.4"
"SCI-ELEC-14","ELEC","Электротехника, электроника и энергия","Сеть 230 В, щит, защита и backfeed","Объяснить базовую модель, выполнить допустимую для класса риска проверку и документировать пределы по теме «Сеть 230 В, щит, защита и backfeed».","только распознавание и отключение; работы — лицензированный специалист","V/A/Wh/сигнал","SI или явно названный стандарт","S3_LICENSED_PROFESSIONAL","Только квалифицированный/лицензированный специалист в подходящей среде и по действующим нормам.","SCI-ELEC-13|SCI-METH-13","1","1","Новый участник находит источник офлайн, объясняет границы, повторяет допустимую процедуру и получает результат в заранее заданном допуске.","FRAMEWORK_ONLY_NOT_TRAINED","0.4"
"SCI-ELEC-15","ELEC","Электротехника, электроника и энергия","Заземление, молниезащита и EMC","Объяснить базовую модель, выполнить допустимую для класса риска проверку и документировать пределы по теме «Заземление, молниезащита и EMC».","чтение проекта/отчёта; измерения установки — специалист","V/A/Wh/сигнал","SI или явно названный стандарт","S3_LICENSED_PROFESSIONAL","Только квалифицированный/лицензированный специалист в подходящей среде и по действующим нормам.","SCI-ELEC-14|SCI-METH-13","1","1","Новый участник находит источник офлайн, объясняет границы, повторяет допустимую процедуру и получает результат в заранее заданном допуске.","FRAMEWORK_ONLY_NOT_TRAINED","0.4"
"SCI-ELEC-16","ELEC","Электротехника, электроника и энергия","Радиосвязь, спектр и антенны","Объяснить базовую модель, выполнить допустимую для класса риска проверку и документировать пределы по теме «Радиосвязь, спектр и антенны».","приём/учебный расчёт; передача только законно и в пределах допуска","V/A/Wh/сигнал","SI или явно названный стандарт","S2_TRAINED_SUPERVISED","Только после обучения и под компетентным надзором; бытовая самостоятельная импровизация запрещена.","SCI-ELEC-15|SCI-METH-13","1","1","Новый участник находит источник офлайн, объясняет границы, повторяет допустимую процедуру и получает результат в заранее заданном допуске.","FRAMEWORK_ONLY_NOT_TRAINED","0.4"
"SCI-ELEC-17","ELEC","Электротехника, электроника и энергия","Проводная/беспроводная связь и PACE","Объяснить базовую модель, выполнить допустимую для класса риска проверку и документировать пределы по теме «Проводная/беспроводная связь и PACE».","тест независимых каналов без нарушения спектральных правил","V/A/Wh/сигнал","SI или явно названный стандарт","S1_LOW_RISK_HOUSEHOLD","Низкорисковая бытовая практика только с заранее названными обычными материалами; для электричества — изолированный защищённый источник с заранее ограниченными током, энергией и температурой; СИЗ и стоп-условие заданы до начала.","SCI-ELEC-16|SCI-METH-13","1","1","Новый участник находит источник офлайн, объясняет границы, повторяет допустимую процедуру и получает результат в заранее заданном допуске.","FRAMEWORK_ONLY_NOT_TRAINED","0.4"
"SCI-COMP-01","COMP","Вычисления и цифровая инженерия","Архитектура компьютера и представление данных","Объяснить базовую модель, выполнить допустимую для класса риска проверку и документировать пределы по теме «Архитектура компьютера и представление данных».","разбор пути данные–память–процессор–вывод","воспроизводимый файл/тест","SI или явно названный стандарт","S0_OBSERVE_READ","Наблюдение, чтение, расчёт или работа с опубликованным набором данных; физического вмешательства нет.","SCI-METH-01|SCI-METH-07|SCI-METH-14","1","1","Новый участник находит источник офлайн, объясняет границы, повторяет допустимую процедуру и получает результат в заранее заданном допуске.","FRAMEWORK_ONLY_NOT_TRAINED","0.4"
"SCI-COMP-02","COMP","Вычисления и цифровая инженерия","Операционные системы и Linux","Объяснить базовую модель, выполнить допустимую для класса риска проверку и документировать пределы по теме «Операционные системы и Linux».","установка в изолированную виртуальную машину","воспроизводимый файл/тест","SI или явно названный стандарт","S0_OBSERVE_READ","Наблюдение, чтение, расчёт или работа с опубликованным набором данных; физического вмешательства нет.","SCI-COMP-01|SCI-METH-13","1","1","Новый участник находит источник офлайн, объясняет границы, повторяет допустимую процедуру и получает результат в заранее заданном допуске.","FRAMEWORK_ONLY_NOT_TRAINED","0.4"
"SCI-COMP-03","COMP","Вычисления и цифровая инженерия","Файловые системы, права и контроль целостности","Объяснить базовую модель, выполнить допустимую для класса риска проверку и документировать пределы по теме «Файловые системы, права и контроль целостности».","создание/проверка hash и тест восстановления","воспроизводимый файл/тест","SI или явно названный стандарт","S0_OBSERVE_READ","Наблюдение, чтение, расчёт или работа с опубликованным набором данных; физического вмешательства нет.","SCI-COMP-02|SCI-METH-13","1","1","Новый участник находит источник офлайн, объясняет границы, повторяет допустимую процедуру и получает результат в заранее заданном допуске.","FRAMEWORK_ONLY_NOT_TRAINED","0.4"
"SCI-COMP-04","COMP","Вычисления и цифровая инженерия","Командная строка и автоматизация","Объяснить базовую модель, выполнить допустимую для класса риска проверку и документировать пределы по теме «Командная строка и автоматизация».","идемпотентный безопасный скрипт в тестовом каталоге","воспроизводимый файл/тест","SI или явно названный стандарт","S0_OBSERVE_READ","Наблюдение, чтение, расчёт или работа с опубликованным набором данных; физического вмешательства нет.","SCI-COMP-03|SCI-METH-13","1","1","Новый участник находит источник офлайн, объясняет границы, повторяет допустимую процедуру и получает результат в заранее заданном допуске.","FRAMEWORK_ONLY_NOT_TRAINED","0.4"
"SCI-COMP-05","COMP","Вычисления и цифровая инженерия","Python и воспроизводимый анализ","Объяснить базовую модель, выполнить допустимую для класса риска проверку и документировать пределы по теме «Python и воспроизводимый анализ».","скрипт читает CSV, считает результат и сохраняет версию","воспроизводимый файл/тест","SI или явно названный стандарт","S0_OBSERVE_READ","Наблюдение, чтение, расчёт или работа с опубликованным набором данных; физического вмешательства нет.","SCI-COMP-04|SCI-METH-13","1","1","Новый участник находит источник офлайн, объясняет границы, повторяет допустимую процедуру и получает результат в заранее заданном допуске.","FRAMEWORK_ONLY_NOT_TRAINED","0.4"
"SCI-COMP-06","COMP","Вычисления и цифровая инженерия","C и память в изолированной учебной среде","Объяснить базовую модель, выполнить допустимую для класса риска проверку и документировать пределы по теме «C и память в изолированной учебной среде».","компиляция малого примера с предупреждениями","воспроизводимый файл/тест","SI или явно названный стандарт","S0_OBSERVE_READ","Наблюдение, чтение, расчёт или работа с опубликованным набором данных; физического вмешательства нет.","SCI-COMP-05|SCI-METH-13","1","1","Новый участник находит источник офлайн, объясняет границы, повторяет допустимую процедуру и получает результат в заранее заданном допуске.","FRAMEWORK_ONLY_NOT_TRAINED","0.4"
"SCI-COMP-07","COMP","Вычисления и цифровая инженерия","Алгоритмы и оценка сложности","Объяснить базовую модель, выполнить допустимую для класса риска проверку и документировать пределы по теме «Алгоритмы и оценка сложности».","сравнение времени двух методов на синтетических данных","воспроизводимый файл/тест","SI или явно названный стандарт","S0_OBSERVE_READ","Наблюдение, чтение, расчёт или работа с опубликованным набором данных; физического вмешательства нет.","SCI-COMP-06|SCI-METH-13","1","1","Новый участник находит источник офлайн, объясняет границы, повторяет допустимую процедуру и получает результат в заранее заданном допуске.","FRAMEWORK_ONLY_NOT_TRAINED","0.4"
"SCI-COMP-08","COMP","Вычисления и цифровая инженерия","Структуры данных и сериализация","Объяснить базовую модель, выполнить допустимую для класса риска проверку и документировать пределы по теме «Структуры данных и сериализация».","round-trip с проверкой эквивалентности","воспроизводимый файл/тест","SI или явно названный стандарт","S0_OBSERVE_READ","Наблюдение, чтение, расчёт или работа с опубликованным набором данных; физического вмешательства нет.","SCI-COMP-07|SCI-METH-13","1","1","Новый участник находит источник офлайн, объясняет границы, повторяет допустимую процедуру и получает результат в заранее заданном допуске.","FRAMEWORK_ONLY_NOT_TRAINED","0.4"
"SCI-COMP-09","COMP","Вычисления и цифровая инженерия","Реляционные базы, SQL и транзакции","Объяснить базовую модель, выполнить допустимую для класса риска проверку и документировать пределы по теме «Реляционные базы, SQL и транзакции».","создание локальной БД и проверка rollback","воспроизводимый файл/тест","SI или явно названный стандарт","S0_OBSERVE_READ","Наблюдение, чтение, расчёт или работа с опубликованным набором данных; физического вмешательства нет.","SCI-COMP-08|SCI-METH-13","1","1","Новый участник находит источник офлайн, объясняет границы, повторяет допустимую процедуру и получает результат в заранее заданном допуске.","FRAMEWORK_ONLY_NOT_TRAINED","0.4"
"SCI-COMP-10","COMP","Вычисления и цифровая инженерия","Сети, адресация, DNS и маршрутизация","Объяснить базовую модель, выполнить допустимую для класса риска проверку и документировать пределы по теме «Сети, адресация, DNS и маршрутизация».","локальная лаборатория без сканирования чужих систем","воспроизводимый файл/тест","SI или явно названный стандарт","S0_OBSERVE_READ","Наблюдение, чтение, расчёт или работа с опубликованным набором данных; физического вмешательства нет.","SCI-COMP-09|SCI-METH-13","1","1","Новый участник находит источник офлайн, объясняет границы, повторяет допустимую процедуру и получает результат в заранее заданном допуске.","FRAMEWORK_ONLY_NOT_TRAINED","0.4"
"SCI-COMP-11","COMP","Вычисления и цифровая инженерия","Web, HTTP и автономное зеркалирование","Объяснить базовую модель, выполнить допустимую для класса риска проверку и документировать пределы по теме «Web, HTTP и автономное зеркалирование».","локальный статический сайт с сохранённым происхождением","воспроизводимый файл/тест","SI или явно названный стандарт","S0_OBSERVE_READ","Наблюдение, чтение, расчёт или работа с опубликованным набором данных; физического вмешательства нет.","SCI-COMP-10|SCI-METH-13","1","1","Новый участник находит источник офлайн, объясняет границы, повторяет допустимую процедуру и получает результат в заранее заданном допуске.","FRAMEWORK_ONLY_NOT_TRAINED","0.4"
"SCI-COMP-12","COMP","Вычисления и цифровая инженерия","Версионный контроль и выпуск","Объяснить базовую модель, выполнить допустимую для класса риска проверку и документировать пределы по теме «Версионный контроль и выпуск».","commit, tag, changelog и проверяемая сборка","воспроизводимый файл/тест","SI или явно названный стандарт","S0_OBSERVE_READ","Наблюдение, чтение, расчёт или работа с опубликованным набором данных; физического вмешательства нет.","SCI-COMP-11|SCI-METH-13","1","1","Новый участник находит источник офлайн, объясняет границы, повторяет допустимую процедуру и получает результат в заранее заданном допуске.","FRAMEWORK_ONLY_NOT_TRAINED","0.4"
"SCI-COMP-13","COMP","Вычисления и цифровая инженерия","Защитная кибербезопасность и моделирование угроз","Объяснить базовую модель, выполнить допустимую для класса риска проверку и документировать пределы по теме «Защитная кибербезопасность и моделирование угроз».","аудит собственных активов; offensive-операции исключены","воспроизводимый файл/тест","SI или явно названный стандарт","S0_OBSERVE_READ","Наблюдение, чтение, расчёт или работа с опубликованным набором данных; физического вмешательства нет.","SCI-COMP-12|SCI-METH-13","1","1","Новый участник находит источник офлайн, объясняет границы, повторяет допустимую процедуру и получает результат в заранее заданном допуске.","FRAMEWORK_ONLY_NOT_TRAINED","0.4"
"SCI-COMP-14","COMP","Вычисления и цифровая инженерия","Шифрование, ключи, recovery и succession","Объяснить базовую модель, выполнить допустимую для класса риска проверку и документировать пределы по теме «Шифрование, ключи, recovery и succession».","тест восстановления на учебном ключе без реальных секретов","воспроизводимый файл/тест","SI или явно названный стандарт","S0_OBSERVE_READ","Наблюдение, чтение, расчёт или работа с опубликованным набором данных; физического вмешательства нет.","SCI-COMP-13|SCI-METH-13","1","1","Новый участник находит источник офлайн, объясняет границы, повторяет допустимую процедуру и получает результат в заранее заданном допуске.","FRAMEWORK_ONLY_NOT_TRAINED","0.4"
"SCI-COMP-15","COMP","Вычисления и цифровая инженерия","Встраиваемые системы и низкопотребляющий логгер","Объяснить базовую модель, выполнить допустимую для класса риска проверку и документировать пределы по теме «Встраиваемые системы и низкопотребляющий логгер».","безопасный датчик и экспорт сырых данных","воспроизводимый файл/тест","SI или явно названный стандарт","S1_LOW_RISK_HOUSEHOLD","Низкорисковая бытовая практика только с заранее названными обычными материалами; для электричества — изолированный защищённый источник с заранее ограниченными током, энергией и температурой; СИЗ и стоп-условие заданы до начала.","SCI-COMP-14|SCI-METH-13","1","1","Новый участник находит источник офлайн, объясняет границы, повторяет допустимую процедуру и получает результат в заранее заданном допуске.","FRAMEWORK_ONLY_NOT_TRAINED","0.4"
"SCI-COMP-16","COMP","Вычисления и цифровая инженерия","Научные вычисления, численная проверка и тесты","Объяснить базовую модель, выполнить допустимую для класса риска проверку и документировать пределы по теме «Научные вычисления, численная проверка и тесты».","сравнение с известным эталонным результатом","воспроизводимый файл/тест","SI или явно названный стандарт","S0_OBSERVE_READ","Наблюдение, чтение, расчёт или работа с опубликованным набором данных; физического вмешательства нет.","SCI-COMP-15|SCI-METH-13","1","1","Новый участник находит источник офлайн, объясняет границы, повторяет допустимую процедуру и получает результат в заранее заданном допуске.","FRAMEWORK_ONLY_NOT_TRAINED","0.4"
"SCI-COMP-17","COMP","Вычисления и цифровая инженерия","Открытые GIS/CAD/EDA-инструменты","Объяснить базовую модель, выполнить допустимую для класса риска проверку и документировать пределы по теме «Открытые GIS/CAD/EDA-инструменты».","файл проекта, открываемый на второй машине","воспроизводимый файл/тест","SI или явно названный стандарт","S0_OBSERVE_READ","Наблюдение, чтение, расчёт или работа с опубликованным набором данных; физического вмешательства нет.","SCI-COMP-16|SCI-METH-13","1","1","Новый участник находит источник офлайн, объясняет границы, повторяет допустимую процедуру и получает результат в заранее заданном допуске.","FRAMEWORK_ONLY_NOT_TRAINED","0.4"
"SCI-EDU-01","EDU","Обучение, язык и передача навыка","Грамотность и чтение технического текста","Объяснить базовую модель, выполнить допустимую для класса риска проверку и документировать пределы по теме «Грамотность и чтение технического текста».","пересказ инструкции с выделением условий и запретов","демонстрация mastery","SI или явно названный стандарт","S0_OBSERVE_READ","Наблюдение, чтение, расчёт или работа с опубликованным набором данных; физического вмешательства нет.","SCI-METH-01|SCI-METH-07|SCI-METH-14","1","1","Новый участник находит источник офлайн, объясняет границы, повторяет допустимую процедуру и получает результат в заранее заданном допуске.","FRAMEWORK_ONLY_NOT_TRAINED","0.4"
"SCI-EDU-02","EDU","Обучение, язык и передача навыка","Многоязычные словари RU/UK/PT/EN","Объяснить базовую модель, выполнить допустимую для класса риска проверку и документировать пределы по теме «Многоязычные словари RU/UK/PT/EN».","двусторонняя карточка термин–определение–контекст","демонстрация mastery","SI или явно названный стандарт","S0_OBSERVE_READ","Наблюдение, чтение, расчёт или работа с опубликованным набором данных; физического вмешательства нет.","SCI-EDU-01|SCI-METH-13","1","1","Новый участник находит источник офлайн, объясняет границы, повторяет допустимую процедуру и получает результат в заранее заданном допуске.","FRAMEWORK_ONLY_NOT_TRAINED","0.4"
"SCI-EDU-03","EDU","Обучение, язык и передача навыка","Числовая грамотность и бытовые расчёты","Объяснить базовую модель, выполнить допустимую для класса риска проверку и документировать пределы по теме «Числовая грамотность и бытовые расчёты».","оценка, расчёт, единица и здравый контроль результата","демонстрация mastery","SI или явно названный стандарт","S0_OBSERVE_READ","Наблюдение, чтение, расчёт или работа с опубликованным набором данных; физического вмешательства нет.","SCI-EDU-02|SCI-METH-13","1","1","Новый участник находит источник офлайн, объясняет границы, повторяет допустимую процедуру и получает результат в заранее заданном допуске.","FRAMEWORK_ONLY_NOT_TRAINED","0.4"
"SCI-EDU-04","EDU","Обучение, язык и передача навыка","Педагогика, память и интервальное повторение","Объяснить базовую модель, выполнить допустимую для класса риска проверку и документировать пределы по теме «Педагогика, память и интервальное повторение».","план занятия с retrieval practice","демонстрация mastery","SI или явно названный стандарт","S0_OBSERVE_READ","Наблюдение, чтение, расчёт или работа с опубликованным набором данных; физического вмешательства нет.","SCI-EDU-03|SCI-METH-13","1","1","Новый участник находит источник офлайн, объясняет границы, повторяет допустимую процедуру и получает результат в заранее заданном допуске.","FRAMEWORK_ONLY_NOT_TRAINED","0.4"
"SCI-EDU-05","EDU","Обучение, язык и передача навыка","Карта программы и зависимости тем","Объяснить базовую модель, выполнить допустимую для класса риска проверку и документировать пределы по теме «Карта программы и зависимости тем».","граф prerequisite → lesson → demonstration","демонстрация mastery","SI или явно названный стандарт","S0_OBSERVE_READ","Наблюдение, чтение, расчёт или работа с опубликованным набором данных; физического вмешательства нет.","SCI-EDU-04|SCI-METH-13","1","1","Новый участник находит источник офлайн, объясняет границы, повторяет допустимую процедуру и получает результат в заранее заданном допуске.","FRAMEWORK_ONLY_NOT_TRAINED","0.4"
"SCI-EDU-06","EDU","Обучение, язык и передача навыка","Оценивание без подсказки и критерии mastery","Объяснить базовую модель, выполнить допустимую для класса риска проверку и документировать пределы по теме «Оценивание без подсказки и критерии mastery».","слепое практическое задание по рубрике","демонстрация mastery","SI или явно названный стандарт","S0_OBSERVE_READ","Наблюдение, чтение, расчёт или работа с опубликованным набором данных; физического вмешательства нет.","SCI-EDU-05|SCI-METH-13","1","1","Новый участник находит источник офлайн, объясняет границы, повторяет допустимую процедуру и получает результат в заранее заданном допуске.","FRAMEWORK_ONLY_NOT_TRAINED","0.4"
"SCI-EDU-07","EDU","Обучение, язык и передача навыка","Ученичество, наблюдение и постепенный допуск","Объяснить базовую модель, выполнить допустимую для класса риска проверку и документировать пределы по теме «Ученичество, наблюдение и постепенный допуск».","матрица observe → assist → supervised → independent","демонстрация mastery","SI или явно названный стандарт","S0_OBSERVE_READ","Наблюдение, чтение, расчёт или работа с опубликованным набором данных; физического вмешательства нет.","SCI-EDU-06|SCI-METH-13","1","1","Новый участник находит источник офлайн, объясняет границы, повторяет допустимую процедуру и получает результат в заранее заданном допуске.","FRAMEWORK_ONLY_NOT_TRAINED","0.4"
"SCI-EDU-08","EDU","Обучение, язык и передача навыка","Техническое письмо, схемы и чек-листы","Объяснить базовую модель, выполнить допустимую для класса риска проверку и документировать пределы по теме «Техническое письмо, схемы и чек-листы».","однозначная инструкция, проверенная вторым человеком","демонстрация mastery","SI или явно названный стандарт","S0_OBSERVE_READ","Наблюдение, чтение, расчёт или работа с опубликованным набором данных; физического вмешательства нет.","SCI-EDU-07|SCI-METH-13","1","1","Новый участник находит источник офлайн, объясняет границы, повторяет допустимую процедуру и получает результат в заранее заданном допуске.","FRAMEWORK_ONLY_NOT_TRAINED","0.4"
"SCI-EDU-09","EDU","Обучение, язык и передача навыка","Технический перевод и опасные неоднозначности","Объяснить базовую модель, выполнить допустимую для класса риска проверку и документировать пределы по теме «Технический перевод и опасные неоднозначности».","двуязычная проверка единиц, отрицаний и стоп-условий","демонстрация mastery","SI или явно названный стандарт","S0_OBSERVE_READ","Наблюдение, чтение, расчёт или работа с опубликованным набором данных; физического вмешательства нет.","SCI-EDU-08|SCI-METH-13","1","1","Новый участник находит источник офлайн, объясняет границы, повторяет допустимую процедуру и получает результат в заранее заданном допуске.","FRAMEWORK_ONLY_NOT_TRAINED","0.4"
"SCI-EDU-10","EDU","Обучение, язык и передача навыка","Доступность: зрение, слух, моторика и когнитивная нагрузка","Объяснить базовую модель, выполнить допустимую для класса риска проверку и документировать пределы по теме «Доступность: зрение, слух, моторика и когнитивная нагрузка».","альтернативный формат одной инструкции","демонстрация mastery","SI или явно названный стандарт","S0_OBSERVE_READ","Наблюдение, чтение, расчёт или работа с опубликованным набором данных; физического вмешательства нет.","SCI-EDU-09|SCI-METH-13","1","1","Новый участник находит источник офлайн, объясняет границы, повторяет допустимую процедуру и получает результат в заранее заданном допуске.","FRAMEWORK_ONLY_NOT_TRAINED","0.4"
"SCI-EDU-11","EDU","Обучение, язык и передача навыка","Коммуникация в конфликте и read-back/check-back","Объяснить базовую модель, выполнить допустимую для класса риска проверку и документировать пределы по теме «Коммуникация в конфликте и read-back/check-back».","ролевая передача задачи с подтверждением","демонстрация mastery","SI или явно названный стандарт","S0_OBSERVE_READ","Наблюдение, чтение, расчёт или работа с опубликованным набором данных; физического вмешательства нет.","SCI-EDU-10|SCI-METH-13","1","1","Новый участник находит источник офлайн, объясняет границы, повторяет допустимую процедуру и получает результат в заранее заданном допуске.","FRAMEWORK_ONLY_NOT_TRAINED","0.4"
"SCI-EDU-12","EDU","Обучение, язык и передача навыка","Teach-back и межпоколенческий экзамен","Объяснить базовую модель, выполнить допустимую для класса риска проверку и документировать пределы по теме «Teach-back и межпоколенческий экзамен».","новичок выполняет задачу без устной помощи автора","демонстрация mastery","SI или явно названный стандарт","S0_OBSERVE_READ","Наблюдение, чтение, расчёт или работа с опубликованным набором данных; физического вмешательства нет.","SCI-EDU-11|SCI-METH-13","1","1","Новый участник находит источник офлайн, объясняет границы, повторяет допустимую процедуру и получает результат в заранее заданном допуске.","FRAMEWORK_ONLY_NOT_TRAINED","0.4"
"SCI-OPS-01","OPS","Операции, экономика и управление","Инвентаризация, единицы учёта и фактический остаток","Объяснить базовую модель, выполнить допустимую для класса риска проверку и документировать пределы по теме «Инвентаризация, единицы учёта и фактический остаток».","цикл count → discrepancy → correction","остаток/время/дефект","SI или явно названный стандарт","S0_OBSERVE_READ","Наблюдение, чтение, расчёт или работа с опубликованным набором данных; физического вмешательства нет.","SCI-METH-01|SCI-METH-07|SCI-METH-14","1","1","Новый участник находит источник офлайн, объясняет границы, повторяет допустимую процедуру и получает результат в заранее заданном допуске.","FRAMEWORK_ONLY_NOT_TRAINED","0.4"
"SCI-OPS-02","OPS","Операции, экономика и управление","Бухгалтерский след и двойная запись","Объяснить базовую модель, выполнить допустимую для класса риска проверку и документировать пределы по теме «Бухгалтерский след и двойная запись».","сверка журнала с остатком без реальных финансовых данных","остаток/время/дефект","SI или явно названный стандарт","S0_OBSERVE_READ","Наблюдение, чтение, расчёт или работа с опубликованным набором данных; физического вмешательства нет.","SCI-OPS-01|SCI-METH-13","1","1","Новый участник находит источник офлайн, объясняет границы, повторяет допустимую процедуру и получает результат в заранее заданном допуске.","FRAMEWORK_ONLY_NOT_TRAINED","0.4"
"SCI-OPS-03","OPS","Операции, экономика и управление","Логистика, lead time, reorder point и резерв","Объяснить базовую модель, выполнить допустимую для класса риска проверку и документировать пределы по теме «Логистика, lead time, reorder point и резерв».","расчёт точки заказа с вариацией спроса","остаток/время/дефект","SI или явно названный стандарт","S0_OBSERVE_READ","Наблюдение, чтение, расчёт или работа с опубликованным набором данных; физического вмешательства нет.","SCI-OPS-02|SCI-METH-13","1","1","Новый участник находит источник офлайн, объясняет границы, повторяет допустимую процедуру и получает результат в заранее заданном допуске.","FRAMEWORK_ONLY_NOT_TRAINED","0.4"
"SCI-OPS-04","OPS","Операции, экономика и управление","План обслуживания, work order и запасные части","Объяснить базовую модель, выполнить допустимую для класса риска проверку и документировать пределы по теме «План обслуживания, work order и запасные части».","закрытый наряд с evidence","остаток/время/дефект","SI или явно названный стандарт","S0_OBSERVE_READ","Наблюдение, чтение, расчёт или работа с опубликованным набором данных; физического вмешательства нет.","SCI-OPS-03|SCI-METH-13","1","1","Новый участник находит источник офлайн, объясняет границы, повторяет допустимую процедуру и получает результат в заранее заданном допуске.","FRAMEWORK_ONLY_NOT_TRAINED","0.4"
"SCI-OPS-05","OPS","Операции, экономика и управление","Качество, дефект, root cause и CAPA","Объяснить базовую модель, выполнить допустимую для класса риска проверку и документировать пределы по теме «Качество, дефект, root cause и CAPA».","разбор безопасного учебного несоответствия","остаток/время/дефект","SI или явно названный стандарт","S0_OBSERVE_READ","Наблюдение, чтение, расчёт или работа с опубликованным набором данных; физического вмешательства нет.","SCI-OPS-04|SCI-METH-13","1","1","Новый участник находит источник офлайн, объясняет границы, повторяет допустимую процедуру и получает результат в заранее заданном допуске.","FRAMEWORK_ONLY_NOT_TRAINED","0.4"
"SCI-OPS-06","OPS","Операции, экономика и управление","Управление проектом, зависимости и change control","Объяснить базовую модель, выполнить допустимую для класса риска проверку и документировать пределы по теме «Управление проектом, зависимости и change control».","baseline, изменение и журнал решения","остаток/время/дефект","SI или явно названный стандарт","S0_OBSERVE_READ","Наблюдение, чтение, расчёт или работа с опубликованным набором данных; физического вмешательства нет.","SCI-OPS-05|SCI-METH-13","1","1","Новый участник находит источник офлайн, объясняет границы, повторяет допустимую процедуру и получает результат в заранее заданном допуске.","FRAMEWORK_ONLY_NOT_TRAINED","0.4"
"SCI-OPS-07","OPS","Операции, экономика и управление","Emergency operations, роли и span of control","Объяснить базовую модель, выполнить допустимую для класса риска проверку и документировать пределы по теме «Emergency operations, роли и span of control».","настольная тренировка без имитации опасных действий","остаток/время/дефект","SI или явно названный стандарт","S1_LOW_RISK_HOUSEHOLD","Низкорисковая бытовая практика только с заранее названными обычными материалами; для электричества — изолированный защищённый источник с заранее ограниченными током, энергией и температурой; СИЗ и стоп-условие заданы до начала.","SCI-OPS-06|SCI-METH-13","1","1","Новый участник находит источник офлайн, объясняет границы, повторяет допустимую процедуру и получает результат в заранее заданном допуске.","FRAMEWORK_ONLY_NOT_TRAINED","0.4"
"SCI-OPS-08","OPS","Операции, экономика и управление","Human factors, усталость, чек-лист и режим ошибки","Объяснить базовую модель, выполнить допустимую для класса риска проверку и документировать пределы по теме «Human factors, усталость, чек-лист и режим ошибки».","наблюдение процесса и redesign шага","остаток/время/дефект","SI или явно названный стандарт","S0_OBSERVE_READ","Наблюдение, чтение, расчёт или работа с опубликованным набором данных; физического вмешательства нет.","SCI-OPS-07|SCI-METH-13","1","1","Новый участник находит источник офлайн, объясняет границы, повторяет допустимую процедуру и получает результат в заранее заданном допуске.","FRAMEWORK_ONLY_NOT_TRAINED","0.4"
"SCI-OPS-09","OPS","Операции, экономика и управление","Решение при неопределённости и premortem","Объяснить базовую модель, выполнить допустимую для класса риска проверку и документировать пределы по теме «Решение при неопределённости и premortem».","варианты, вероятность, ущерб и обратимость","остаток/время/дефект","SI или явно названный стандарт","S0_OBSERVE_READ","Наблюдение, чтение, расчёт или работа с опубликованным набором данных; физического вмешательства нет.","SCI-OPS-08|SCI-METH-13","1","1","Новый участник находит источник офлайн, объясняет границы, повторяет допустимую процедуру и получает результат в заранее заданном допуске.","FRAMEWORK_ONLY_NOT_TRAINED","0.4"
"SCI-OPS-10","OPS","Операции, экономика и управление","Право, полномочия и доказательство актуальности","Объяснить базовую модель, выполнить допустимую для класса риска проверку и документировать пределы по теме «Право, полномочия и доказательство актуальности».","jurisdiction–version–valid_at–review_due","остаток/время/дефект","SI или явно названный стандарт","S0_OBSERVE_READ","Наблюдение, чтение, расчёт или работа с опубликованным набором данных; физического вмешательства нет.","SCI-OPS-09|SCI-METH-13","1","1","Новый участник находит источник офлайн, объясняет границы, повторяет допустимую процедуру и получает результат в заранее заданном допуске.","FRAMEWORK_ONLY_NOT_TRAINED","0.4"
"SCI-OPS-11","OPS","Операции, экономика и управление","Экономика ремонта, замены и стандартизации","Объяснить базовую модель, выполнить допустимую для класса риска проверку и документировать пределы по теме «Экономика ремонта, замены и стандартизации».","полная стоимость жизненного цикла с чувствительностью","остаток/время/дефект","SI или явно названный стандарт","S0_OBSERVE_READ","Наблюдение, чтение, расчёт или работа с опубликованным набором данных; физического вмешательства нет.","SCI-OPS-10|SCI-METH-13","1","1","Новый участник находит источник офлайн, объясняет границы, повторяет допустимую процедуру и получает результат в заранее заданном допуске.","FRAMEWORK_ONLY_NOT_TRAINED","0.4"
"SCI-OPS-12","OPS","Операции, экономика и управление","Кооперация, взаимопомощь и внешняя сеть","Объяснить базовую модель, выполнить допустимую для класса риска проверку и документировать пределы по теме «Кооперация, взаимопомощь и внешняя сеть».","соглашение о роли, границе и прекращении","остаток/время/дефект","SI или явно названный стандарт","S0_OBSERVE_READ","Наблюдение, чтение, расчёт или работа с опубликованным набором данных; физического вмешательства нет.","SCI-OPS-11|SCI-METH-13","1","1","Новый участник находит источник офлайн, объясняет границы, повторяет допустимую процедуру и получает результат в заранее заданном допуске.","FRAMEWORK_ONLY_NOT_TRAINED","0.4"
"SCI-ARCH-01","ARCH","Сохранение знаний и цифровой архив","Модель цифрового сохранения и информационный пакет","Объяснить базовую модель, выполнить допустимую для класса риска проверку и документировать пределы по теме «Модель цифрового сохранения и информационный пакет».","объект + metadata + права + fixity + reader","hash/restore/поиск","SI или явно названный стандарт","S0_OBSERVE_READ","Наблюдение, чтение, расчёт или работа с опубликованным набором данных; физического вмешательства нет.","SCI-METH-01|SCI-METH-07|SCI-METH-14","1","1","Новый участник находит источник офлайн, объясняет границы, повторяет допустимую процедуру и получает результат в заранее заданном допуске.","FRAMEWORK_ONLY_NOT_TRAINED","0.4"
"SCI-ARCH-02","ARCH","Сохранение знаний и цифровой архив","SHA-256, fixity и регулярная проверка","Объяснить базовую модель, выполнить допустимую для класса риска проверку и документировать пределы по теме «SHA-256, fixity и регулярная проверка».","повторная проверка и журнал неизменности","hash/restore/поиск","SI или явно названный стандарт","S0_OBSERVE_READ","Наблюдение, чтение, расчёт или работа с опубликованным набором данных; физического вмешательства нет.","SCI-ARCH-01|SCI-METH-13","1","1","Новый участник находит источник офлайн, объясняет границы, повторяет допустимую процедуру и получает результат в заранее заданном допуске.","FRAMEWORK_ONLY_NOT_TRAINED","0.4"
"SCI-ARCH-03","ARCH","Сохранение знаний и цифровой архив","BagIt/пакетирование и перенос между носителями","Объяснить базовую модель, выполнить допустимую для класса риска проверку и документировать пределы по теме «BagIt/пакетирование и перенос между носителями».","валидный пакет с манифестом","hash/restore/поиск","SI или явно названный стандарт","S0_OBSERVE_READ","Наблюдение, чтение, расчёт или работа с опубликованным набором данных; физического вмешательства нет.","SCI-ARCH-02|SCI-METH-13","1","1","Новый участник находит источник офлайн, объясняет границы, повторяет допустимую процедуру и получает результат в заранее заданном допуске.","FRAMEWORK_ONLY_NOT_TRAINED","0.4"
"SCI-ARCH-04","ARCH","Сохранение знаний и цифровой архив","Устойчивые форматы и PRONOM-идентификация","Объяснить базовую модель, выполнить допустимую для класса риска проверку и документировать пределы по теме «Устойчивые форматы и PRONOM-идентификация».","идентификация формата и reader path","hash/restore/поиск","SI или явно названный стандарт","S0_OBSERVE_READ","Наблюдение, чтение, расчёт или работа с опубликованным набором данных; физического вмешательства нет.","SCI-ARCH-03|SCI-METH-13","1","1","Новый участник находит источник офлайн, объясняет границы, повторяет допустимую процедуру и получает результат в заранее заданном допуске.","FRAMEWORK_ONLY_NOT_TRAINED","0.4"
"SCI-ARCH-05","ARCH","Сохранение знаний и цифровой архив","Миграция формата и сохранение оригинала","Объяснить базовую модель, выполнить допустимую для класса риска проверку и документировать пределы по теме «Миграция формата и сохранение оригинала».","original + migrated + сравнение содержания","hash/restore/поиск","SI или явно названный стандарт","S0_OBSERVE_READ","Наблюдение, чтение, расчёт или работа с опубликованным набором данных; физического вмешательства нет.","SCI-ARCH-04|SCI-METH-13","1","1","Новый участник находит источник офлайн, объясняет границы, повторяет допустимую процедуру и получает результат в заранее заданном допуске.","FRAMEWORK_ONLY_NOT_TRAINED","0.4"
"SCI-ARCH-06","ARCH","Сохранение знаний и цифровой архив","Описательные, технические и административные metadata","Объяснить базовую модель, выполнить допустимую для класса риска проверку и документировать пределы по теме «Описательные, технические и административные metadata».","заполненный минимальный профиль","hash/restore/поиск","SI или явно названный стандарт","S0_OBSERVE_READ","Наблюдение, чтение, расчёт или работа с опубликованным набором данных; физического вмешательства нет.","SCI-ARCH-05|SCI-METH-13","1","1","Новый участник находит источник офлайн, объясняет границы, повторяет допустимую процедуру и получает результат в заранее заданном допуске.","FRAMEWORK_ONLY_NOT_TRAINED","0.4"
"SCI-ARCH-07","ARCH","Сохранение знаний и цифровой архив","OCR, качество текста и сохранение изображения","Объяснить базовую модель, выполнить допустимую для класса риска проверку и документировать пределы по теме «OCR, качество текста и сохранение изображения».","выборочная сверка OCR с оригиналом","hash/restore/поиск","SI или явно названный стандарт","S0_OBSERVE_READ","Наблюдение, чтение, расчёт или работа с опубликованным набором данных; физического вмешательства нет.","SCI-ARCH-06|SCI-METH-13","1","1","Новый участник находит источник офлайн, объясняет границы, повторяет допустимую процедуру и получает результат в заранее заданном допуске.","FRAMEWORK_ONLY_NOT_TRAINED","0.4"
"SCI-ARCH-08","ARCH","Сохранение знаний и цифровой архив","Офлайн-индекс, поиск и controlled vocabulary","Объяснить базовую модель, выполнить допустимую для класса риска проверку и документировать пределы по теме «Офлайн-индекс, поиск и controlled vocabulary».","поиск по термину, синониму и идентификатору","hash/restore/поиск","SI или явно названный стандарт","S0_OBSERVE_READ","Наблюдение, чтение, расчёт или работа с опубликованным набором данных; физического вмешательства нет.","SCI-ARCH-07|SCI-METH-13","1","1","Новый участник находит источник офлайн, объясняет границы, повторяет допустимую процедуру и получает результат в заранее заданном допуске.","FRAMEWORK_ONLY_NOT_TRAINED","0.4"
"SCI-ARCH-09","ARCH","Сохранение знаний и цифровой архив","Печатное ядро, легенда и ручной каталог","Объяснить базовую модель, выполнить допустимую для класса риска проверку и документировать пределы по теме «Печатное ядро, легенда и ручной каталог».","поиск критической страницы без электричества","hash/restore/поиск","SI или явно названный стандарт","S0_OBSERVE_READ","Наблюдение, чтение, расчёт или работа с опубликованным набором данных; физического вмешательства нет.","SCI-ARCH-08|SCI-METH-13","1","1","Новый участник находит источник офлайн, объясняет границы, повторяет допустимую процедуру и получает результат в заранее заданном допуске.","FRAMEWORK_ONLY_NOT_TRAINED","0.4"
"SCI-ARCH-10","ARCH","Сохранение знаний и цифровой архив","Refresh носителя, независимые копии и restore-test","Объяснить базовую модель, выполнить допустимую для класса риска проверку и документировать пределы по теме «Refresh носителя, независимые копии и restore-test».","восстановление на чистое устройство","hash/restore/поиск","SI или явно названный стандарт","S0_OBSERVE_READ","Наблюдение, чтение, расчёт или работа с опубликованным набором данных; физического вмешательства нет.","SCI-ARCH-09|SCI-METH-13","1","1","Новый участник находит источник офлайн, объясняет границы, повторяет допустимую процедуру и получает результат в заранее заданном допуске.","FRAMEWORK_ONLY_NOT_TRAINED","0.4"
"SCI-ARCH-11","ARCH","Сохранение знаний и цифровой архив","Контроль доступа, приватность и раздельное хранение","Объяснить базовую модель, выполнить допустимую для класса риска проверку и документировать пределы по теме «Контроль доступа, приватность и раздельное хранение».","public/restricted/secret gate","hash/restore/поиск","SI или явно названный стандарт","S0_OBSERVE_READ","Наблюдение, чтение, расчёт или работа с опубликованным набором данных; физического вмешательства нет.","SCI-ARCH-10|SCI-METH-13","1","1","Новый участник находит источник офлайн, объясняет границы, повторяет допустимую процедуру и получает результат в заранее заданном допуске.","FRAMEWORK_ONLY_NOT_TRAINED","0.4"
"SCI-ARCH-12","ARCH","Сохранение знаний и цифровой архив","Хранитель, succession и передача следующему","Объяснить базовую модель, выполнить допустимую для класса риска проверку и документировать пределы по теме «Хранитель, succession и передача следующему».","новый custodian проверяет каталог и восстановление","hash/restore/поиск","SI или явно названный стандарт","S0_OBSERVE_READ","Наблюдение, чтение, расчёт или работа с опубликованным набором данных; физического вмешательства нет.","SCI-ARCH-11|SCI-METH-13","1","1","Новый участник находит источник офлайн, объясняет границы, повторяет допустимую процедуру и получает результат в заранее заданном допуске.","FRAMEWORK_ONLY_NOT_TRAINED","0.4"
"SCI-PORT-01","PORT","Локализация Португалия / ЕС","112, ANEPC, муниципальные планы и официальные предупреждения","Объяснить базовую модель, выполнить допустимую для класса риска проверку и документировать пределы по теме «112, ANEPC, муниципальные планы и официальные предупреждения».","поиск актуального authority path и его офлайн-снимка","official source/version/coverage","official-version/coverage","S0_OBSERVE_READ","Наблюдение, чтение, расчёт или работа с опубликованным набором данных; физического вмешательства нет.","SCI-METH-01|SCI-METH-07|SCI-METH-14","2","1","Новый участник находит источник офлайн, объясняет границы, повторяет допустимую процедуру и получает результат в заранее заданном допуске.","FRAMEWORK_ONLY_NOT_TRAINED","0.4"
"SCI-PORT-02","PORT","Локализация Португалия / ЕС","SNIG/DGT/CAOP и локальные координатные системы","Объяснить базовую модель, выполнить допустимую для класса риска проверку и документировать пределы по теме «SNIG/DGT/CAOP и локальные координатные системы».","официальный слой, metadata, CRS и дата","official source/version/coverage","official-version/coverage","S0_OBSERVE_READ","Наблюдение, чтение, расчёт или работа с опубликованным набором данных; физического вмешательства нет.","SCI-PORT-01|SCI-METH-13","2","1","Новый участник находит источник офлайн, объясняет границы, повторяет допустимую процедуру и получает результат в заранее заданном допуске.","FRAMEWORK_ONLY_NOT_TRAINED","0.4"
"SCI-PORT-03","PORT","Локализация Португалия / ЕС","IPMA: погода, климат, землетрясения и море","Объяснить базовую модель, выполнить допустимую для класса риска проверку и документировать пределы по теме «IPMA: погода, климат, землетрясения и море».","разделение текущего alert и исторического набора","official source/version/coverage","official-version/coverage","S0_OBSERVE_READ","Наблюдение, чтение, расчёт или работа с опубликованным набором данных; физического вмешательства нет.","SCI-PORT-02|SCI-METH-13","2","1","Новый участник находит источник офлайн, объясняет границы, повторяет допустимую процедуру и получает результат в заранее заданном допуске.","FRAMEWORK_ONLY_NOT_TRAINED","0.4"
"SCI-PORT-04","PORT","Локализация Португалия / ЕС","APA/LNEG: вода, наводнения, геология и среда","Объяснить базовую модель, выполнить допустимую для класса риска проверку и документировать пределы по теме «APA/LNEG: вода, наводнения, геология и среда».","выбор официального слоя с ограничением покрытия","official source/version/coverage","official-version/coverage","S0_OBSERVE_READ","Наблюдение, чтение, расчёт или работа с опубликованным набором данных; физического вмешательства нет.","SCI-PORT-03|SCI-METH-13","2","1","Новый участник находит источник офлайн, объясняет границы, повторяет допустимую процедуру и получает результат в заранее заданном допуске.","FRAMEWORK_ONLY_NOT_TRAINED","0.4"
"SCI-PORT-05","PORT","Локализация Португалия / ЕС","DGAV: здоровье растений, пища и animal welfare","Объяснить базовую модель, выполнить допустимую для класса риска проверку и документировать пределы по теме «DGAV: здоровье растений, пища и animal welfare».","официальное руководство с датой и rights review","official source/version/coverage","official-version/coverage","S0_OBSERVE_READ","Наблюдение, чтение, расчёт или работа с опубликованным набором данных; физического вмешательства нет.","SCI-PORT-04|SCI-METH-13","2","1","Новый участник находит источник офлайн, объясняет границы, повторяет допустимую процедуру и получает результат в заранее заданном допуске.","FRAMEWORK_ONLY_NOT_TRAINED","0.4"
"SCI-PORT-06","PORT","Локализация Португалия / ЕС","LNEC и национальная строительная практика","Объяснить базовую модель, выполнить допустимую для класса риска проверку и документировать пределы по теме «LNEC и национальная строительная практика».","поиск отчёта/нормы; проектное решение остаётся у специалиста","official source/version/coverage","official-version/coverage","S3_LICENSED_PROFESSIONAL","Только квалифицированный/лицензированный специалист в подходящей среде и по действующим нормам.","SCI-PORT-05|SCI-METH-13","2","1","Новый участник находит источник офлайн, объясняет границы, повторяет допустимую процедуру и получает результат в заранее заданном допуске.","FRAMEWORK_ONLY_NOT_TRAINED","0.4"
"SCI-PORT-07","PORT","Локализация Португалия / ЕС","DGEG/ERSE и безопасность энергетики","Объяснить базовую модель, выполнить допустимую для класса риска проверку и документировать пределы по теме «DGEG/ERSE и безопасность энергетики».","текущий регуляторный путь; монтаж остаётся профессиональным","official source/version/coverage","official-version/coverage","S3_LICENSED_PROFESSIONAL","Только квалифицированный/лицензированный специалист в подходящей среде и по действующим нормам.","SCI-PORT-06|SCI-METH-13","2","1","Новый участник находит источник офлайн, объясняет границы, повторяет допустимую процедуру и получает результат в заранее заданном допуске.","FRAMEWORK_ONLY_NOT_TRAINED","0.4"
"SCI-PORT-08","PORT","Локализация Португалия / ЕС","DGS/INFARMED и права на локальную медицинскую копию","Объяснить базовую модель, выполнить допустимую для класса риска проверку и документировать пределы по теме «DGS/INFARMED и права на локальную медицинскую копию».","metadata/link until reproduction rights and edition are cleared","official source/version/coverage","official-version/coverage","S2_TRAINED_SUPERVISED","Только после обучения и под компетентным надзором; бытовая самостоятельная импровизация запрещена.","SCI-PORT-07|SCI-METH-13","2","1","Новый участник находит источник офлайн, объясняет границы, повторяет допустимую процедуру и получает результат в заранее заданном допуске.","FRAMEWORK_ONLY_NOT_TRAINED","0.4"
"SCI-PORT-09","PORT","Локализация Португалия / ЕС","EUR-Lex/Diário da República и актуальность права","Объяснить базовую модель, выполнить допустимую для класса риска проверку и документировать пределы по теме «EUR-Lex/Diário da República и актуальность права».","официальный текст, consolidated status, valid_at и review_due","official source/version/coverage","official-version/coverage","S0_OBSERVE_READ","Наблюдение, чтение, расчёт или работа с опубликованным набором данных; физического вмешательства нет.","SCI-PORT-08|SCI-METH-13","2","1","Новый участник находит источник офлайн, объясняет границы, повторяет допустимую процедуру и получает результат в заранее заданном допуске.","FRAMEWORK_ONLY_NOT_TRAINED","0.4"
"SCI-PORT-10","PORT","Локализация Португалия / ЕС","Португальский технический язык и двуязычные карточки","Объяснить базовую модель, выполнить допустимую для класса риска проверку и документировать пределы по теме «Португальский технический язык и двуязычные карточки».","PT оригинал + RU пояснение + независимая проверка опасных терминов","official source/version/coverage","official-version/coverage","S0_OBSERVE_READ","Наблюдение, чтение, расчёт или работа с опубликованным набором данных; физического вмешательства нет.","SCI-PORT-09|SCI-METH-13","2","1","Новый участник находит источник офлайн, объясняет границы, повторяет допустимую процедуру и получает результат в заранее заданном допуске.","FRAMEWORK_ONLY_NOT_TRAINED","0.4"
