"node_id","parent_id","domain","node_type","title_ru","outcome","safety_class","execution_policy","prerequisite_node_ids","source_package_ids","materials_tools_state","instrument_ids","measurement_acceptance","calibration_reference","drawings_bom_state","localization_state","waste_storage","stop_conditions","maintenance_spares","successor_proof","evidence_required","evidence_state","capability_status","release_gate","notes","release_version"
"TD-ROOT","","SYSTEM","OUTCOME","Автономная система жизни и знаний","Сохранять критические функции и восстанавливать их после отказа внешнего снабжения","S0_OBSERVE_READ","HOUSEHOLD_S0","TD-BASE|TD-WATER|TD-FOOD|TD-SHELTER|TD-ENERGY|TD-HEALTH|TD-MAPS-COMMS|TD-KNOWLEDGE|TD-GOV|TD-WORKSHOP|TD-FUELS|TD-PEOPLE|TD-TRANSPORT|TD-SECURITY|TD-EDUCATION|TD-MATERIALS-PRODUCTION|TD-CONSTRUCTION|TD-ANIMALS|TD-ENVIRONMENT|TD-PORTUGAL|TD-HAZARDS","","NOT_APPLICABLE","","Все обязательные service-level зависимости текущего приоритета имеют TESTED или явно принятый остаточный риск","NOT_APPLICABLE","ARCHITECTURE_ONLY","PORTUGAL_AND_SITE_TBD","SEE_CHILD_NODES","Любой обязательный дочерний DENY блокирует общий ALLOW; OPTIONAL/REFERENCE не блокируют","SEE_CHILD_NODES","Другой участник находит дерево и объясняет границы каждой функции","Полный снимок зависимостей; edge roles; service levels и решений","ARCHITECTURE_ONLY","ARCHITECTURE_ONLY","DENY","Корневой узел не является утверждением готовности; семантика ребер хранится отдельно","0.5-draft"
"TD-BASE","TD-ROOT","BASE","OUTCOME","Базовая доказательная платформа","Безопасность; площадка; инвентарь; измерения; чертежи; архив; обучение","S0_OBSERVE_READ","HOUSEHOLD_S0","TD-BASE-SAFETY|TD-BASE-SITE|TD-BASE-INVENTORY|TD-BASE-METROLOGY|TD-BASE-DRAWINGS|TD-BASE-MATERIALS|TD-BASE-ARCHIVE|TD-BASE-TRAINING|TD-BASE-MAINTENANCE","","MISSING_MIXED","","Все девять базовых узлов закрыты","SEE_CHILD_NODES","ARCHITECTURE_ONLY","PORTUGAL_AND_SITE_TBD","SEE_CHILD_NODES","Любой TBD или неизвестная опасность","SEE_CHILD_NODES","Преемник выполняет поиск; проверку; журнал и stop без помощи автора","Evidence по всем дочерним узлам","ARCHITECTURE_ONLY","ARCHITECTURE_ONLY","DENY","Обязательный предок каждой практической технологии","0.5-draft"
"TD-BASE-SAFETY","TD-BASE","BASE","GOVERNANCE","Safety gates и полномочия","Определить допустимый класс работы и право остановки","S0_OBSERVE_READ","HOUSEHOLD_S0","","SG-01|SG-02|SG-03|SG-04|SG-05|SG-06|SG-07|SG-08|SG-09|SG-10|SG-11|SG-12|SG-13|SG-14|SG-15|SG-16|SG-17","LOCAL_RULES_PRESENT","","Все опасности сопоставлены S0-S4; ответственный и stop назначены","Текущая локальная правовая и профессиональная проверка","NOT_APPLICABLE","PORTUGAL_REVIEW_REQUIRED","Не применимо","Неясный риск; полномочие; площадка или аварийный маршрут","Ежегодный review и после инцидента","Другой участник правильно классифицирует пять тестовых случаев","Review record; version; jurisdiction","LOCAL_UNREVIEWED","ARCHITECTURE_ONLY","DENY","17 no-go существуют; внешняя профессиональная проверка не выполнена","0.5-draft"
"TD-BASE-SITE","TD-BASE","BASE","SITE_DATA","Профиль дома; участка и среды","Знать фактические размеры; отключения; воду; почву; климат и риски","S1_LOW_RISK_HOUSEHOLD","HOUSEHOLD_S1_AFTER_GATE","TD-BASE-SAFETY","","MISSING_SITE_SURVEY","INS-001|INS-002|INS-007|INS-040|INS-061|INS-062","План; размеры; фото; координаты и ограничения согласованы двумя проходами","Известные контрольные точки; повторное измерение","MISSING","ADDRESS_AND_PARCEL_REQUIRED","Не применимо","Опасный доступ; высота; колодец; щит; газ; confined space","После изменения площадки и ежегодно","Другой участник находит отключения и безопасные выходы","План здания; site survey; risk map; signatures","MISSING","MISSING","DENY","Без адресной персонализации большая часть дерева остаётся общей","0.5-draft"
"TD-BASE-INVENTORY","TD-BASE","BASE","PROCESS","Фактическая инвентаризация","Отделить реально имеющееся от желаемого","S1_LOW_RISK_HOUSEHOLD","HOUSEHOLD_S1_AFTER_GATE","TD-BASE-SAFETY|TD-BASE-SITE","","MISSING_PHYSICAL_COUNT","INS-040","100 процентов критических предметов имеют количество; место; состояние; фото и дату","Blind recount части инвентаря другим участником","NOT_APPLICABLE","HOUSEHOLD_REQUIRED","Просрочка; повреждения и опасные материалы изолированы","Неизвестное вещество; вздутая батарея; утечка; повреждённая тара","Ежемесячно критическое; ежегодно полное","Другой участник находит случайную выборку без подсказки","Signed count; photos; serial or lot; discrepancies","MISSING","MISSING","DENY","Текущий inventory-template содержит только пять примерных planned строк","0.5-draft"
"TD-BASE-METROLOGY","TD-BASE","BASE","INSTRUMENT","Метрологическое ядро","Получать числа с единицей; диапазоном; проверкой и неопределённостью","S1_LOW_RISK_HOUSEHOLD","HOUSEHOLD_S1_AFTER_GATE","TD-BASE-SAFETY|TD-BASE-INVENTORY|TD-METRO-SI|TD-METRO-LENGTH|TD-METRO-MASS|TD-METRO-TIME|TD-METRO-TEMP|TD-METRO-HUMIDITY|TD-METRO-PRESSURE|TD-METRO-FLOW|TD-METRO-VOLUME|TD-METRO-ANGLE|TD-METRO-ELECTRIC|TD-METRO-LIGHT|TD-METRO-CO-SMOKE|TD-METRO-PH|TD-METRO-EC|TD-METRO-TURBIDITY|TD-METRO-CHLORINE|TD-METRO-SOIL|TD-METRO-MOISTURE|TD-METRO-RAIN|TD-METRO-WIND|TD-METRO-POSITION|TD-METRO-MEDICAL|TD-METRO-REFERENCE|TD-METRO-UNCERTAINTY|TD-METRO-HISTORY|TD-METRO-SPARES|TD-METRO-FAILURE","PSP-002|PSP-003|PSP-006|SUP-PHY-003|SUP-PHY-004","73_CLASSES_NOT_INVENTORIED","INS-001|INS-002|INS-003|INS-008|INS-009|INS-011|INS-013|INS-026|INS-045","Для каждого critical measurand выбрана модель; range; resolution; check и журнал","Прослеживаемый эталон; контрольная точка или документированное сравнение по методу","MISSING_PER_INSTRUMENT","PORTUGAL_AND_TASK_REQUIRED","Не применимо","Прибор повреждён; вне диапазона; контрольная точка не пройдена","По инструкции; после удара или ремонта; перед критическим применением","Преемник выполняет контрольную проверку и правильно бракует неверный результат","Asset list; calibration/check logs; uncertainty budget","MISSING","MISSING","DENY","Реестр классов не равен наличию приборов","0.5-draft"
"TD-BASE-DRAWINGS","TD-BASE","BASE","DRAWING","Чертежи; схемы; BOM и версии","Сделать каждую безопасную систему воспроизводимой и ремонтируемой","S0_OBSERVE_READ","HOUSEHOLD_S0","TD-BASE-SAFETY|TD-BASE-SITE|TD-BASE-METROLOGY","PSP-080|PSP-081|PSP-109","NO_PRODUCTION_PACKAGES","","Каждый критический объект имеет исходник; PDF или SVG fallback; BOM; допуски и acceptance","Контрольные размеры связаны с проверенным прибором","MISSING","EXACT_ASSET_AND_SITE_REQUIRED","Устаревшие версии сохраняются как superseded","Несогласованная revision; отсутствующая единица; неизвестный материал","После изменения и ежегодный аудит ссылок","Другой участник собирает или проверяет макет только по пакету","Versioned drawing set; BOM; review; sample test","MISSING","MISSING","DENY","Иллюстрация без размеров и приёмки не считается чертежом","0.5-draft"
"TD-BASE-MATERIALS","TD-BASE","BASE","MATERIAL","Идентификация материалов и совместимость","Не подменять известное сырьё неизвестным или несовместимым","S1_LOW_RISK_HOUSEHOLD","HOUSEHOLD_S1_AFTER_GATE","TD-BASE-SAFETY|TD-BASE-INVENTORY","","MISSING_MATERIAL_REGISTER","INS-009|INS-040","Каждая партия имеет название; grade; источник; lot; хранение; назначение и запреты","Этикетка; SDS где применимо; reference sample; входной контроль","MISSING_PER_PROCESS","PORTUGAL_RULES_REQUIRED","Отдельные маршруты пищевых; бытовых; химических и электронных отходов","Повреждённая маркировка; неизвестный материал; несовместимое хранение","Осмотр по сроку и перед использованием; запас стандартных замен","Преемник идентифицирует sample и отбраковывает неизвестный","Material register; labels; photos; SDS; storage map","MISSING","MISSING","DENY","Особенно важно для воды; пищи; уплотнений; кабелей и реагентов","0.5-draft"
"TD-BASE-ARCHIVE","TD-BASE","BASE","PROCESS","Офлайн-архив; поиск и восстановление","Найти нужное без интернета и восстановить на чистом устройстве","S1_LOW_RISK_HOUSEHOLD","HOUSEHOLD_S1_AFTER_GATE","TD-BASE-SAFETY|TD-BASE-INVENTORY","","ARCHIVE_PAYLOAD_IN_BUILD","","Hash сходится; readers открывают форматы; поиск отвечает; blank-device restore пройден","Два независимых hash-инструмента; ранее зафиксированный digest","NOT_APPLICABLE","PRIVATE_AND_PUBLIC_SPLIT_REQUIRED","Безопасное удаление личных данных и неисправных носителей","Единственная копия; ключ рядом с единственной копией; неподтверждённый файл в released","Ежегодный full read и restore; пятилетняя migration rehearsal","Другой участник восстанавливает и находит пять заданий без автора","Manifest; SHA-256; open tests; restore log; RTO","LOCAL_UNREVIEWED","ARCHITECTURE_ONLY","DENY","Новый starter payload не становится released без review","0.5-draft"
"TD-BASE-TRAINING","TD-BASE","BASE","TRAINING","Навыки; роли и преемственность","Не зависеть от одного автора или владельца навыка","S1_LOW_RISK_HOUSEHOLD","HOUSEHOLD_S1_AFTER_GATE","TD-BASE-SAFETY|TD-BASE-ARCHIVE","","NO_ACCEPTED_TRAINING_RECORDS","","Участник демонстрирует задачу; stop; ограничения и handoff","Независимый evaluator или заранее утверждённый checklist","NOT_APPLICABLE","GROUP_PROFILE_REQUIRED","Не применимо","Нет согласия; усталость; отсутствует supervisor для S2+","По интервалу метода и после длительного перерыва","Blind repeat другим человеком","Roster; consent; competency evidence; reassessment","MISSING","MISSING","DENY","Чтение не равно навыку","0.5-draft"
"TD-BASE-MAINTENANCE","TD-BASE","BASE","MAINTENANCE","Обслуживание; ремонт и запасные части","Сохранять функцию после износа и отказа","S1_LOW_RISK_HOUSEHOLD","HOUSEHOLD_S1_AFTER_GATE","TD-BASE-INVENTORY|TD-BASE-DRAWINGS|TD-BASE-MATERIALS|TD-BASE-METROLOGY","","NO_ASSET_LIFECYCLE_RECORDS","INS-001|INS-003|INS-045","Плановое обслуживание выполнено; spares доступны; отказ безопасно диагностируется","Тест до и после обслуживания по OEM или проверенному пакету","MISSING_PER_ASSET","EXACT_ASSET_REQUIRED","Отходы и заменённые части по категории","Stored energy; сеть; давление; газ; lithium; неизвестный дефект","По OEM и фактическому duty cycle","Преемник выполняет разрешённое обслуживание и фиксирует результат","Maintenance log; parts; before-after test","MISSING","MISSING","DENY","Ремонт не должен обходить защиты","0.5-draft"
"TD-WATER","TD-ROOT","WATER_WASH","OUTCOME","Безопасная вода и санитария","Дать измеренный объём воды и не загрязнить людей; пищу и источник","S2_TRAINED_SUPERVISED","TRAINED_SUPERVISED","TD-BASE|TD-WATER-SOURCE|TD-WATER-YIELD|TD-WATER-RISK|TD-WATER-TREATMENT|TD-WATER-STORAGE|TD-WATER-MONITORING|TD-SANITATION|TD-WATER-P0-RESERVE|TD-WATER-DEMAND|TD-WATER-RATION|TD-WATER-VULNERABLE|TD-WATER-COLLECTION|TD-WATER-CARRY|TD-WATER-CROSS-CONTAM|TD-WATER-LABEL|TD-WATER-EMERGENCY-PRODUCT|TD-WATER-CONTAINER-CLEAN|TD-WATER-PORTFOLIO|TD-WATER-RAIN|TD-WATER-DELIVERED|TD-WATER-WELL|TD-WATER-SURFACE|TD-WATER-GRAVITY|TD-WATER-HAND-PUMP|TD-WATER-LOWE-PUMP|TD-WATER-DISTRIBUTION|TD-WATER-BACKFLOW|TD-WATER-LEAK|TD-WATER-SPARES|TD-WATER-LAB|TD-WATER-REDUNDANCY","","MISSING_SITE_SYSTEM","INS-026|INS-027|INS-029|INS-030|INS-031|INS-032","Объём; качество; throughput и stop соответствуют точному water safety plan","Laboratory plan плюс instrument checks","MISSING","PORTUGAL_SOURCE_AND_SITE_REQUIRED","Отдельный безопасный маршрут стоков и отработанных материалов","Неизвестное химическое или радиологическое загрязнение; failed barrier; flood intrusion","Scheduled sampling; cleaning; seals; manual fallback","Другой участник запускает safe mode и объясняет когда воду нельзя объявлять безопасной","Water safety plan; lab data; logs; drawings; drill","MISSING","MISSING","DENY","Бытовой датчик не доказывает микробиологическую безопасность","0.5-draft"
"TD-WATER-SOURCE","TD-WATER","WATER_WASH","SITE_DATA","Карта законных источников воды","Определить основной и независимый резервный источники","S1_LOW_RISK_HOUSEHOLD","HOUSEHOLD_S1_AFTER_GATE","TD-BASE-SITE|TD-BASE-SAFETY","SUP-LEA-033","MISSING_SOURCE_MAP","INS-040|INS-061|INS-062","Источник; доступ; ownership; сезонность и загрязнители записаны; минимум два failure domain","Координаты cross-check; фото; официальный или лабораторный источник данных","MISSING_MAP","PORTUGAL_MUNICIPALITY_REQUIRED","Не применимо","Не входить в колодец; резервуар; затопленную или загрязнённую зону","Сезонный review и после события","Преемник находит источники и safe no-go точки","Map; permissions; photos; season log","MISSING","MISSING","DENY","Адрес и муниципалитет ещё не заданы","0.5-draft"
"TD-WATER-YIELD","TD-WATER","WATER_WASH","TEST","Сезонная производительность источника","Доказать сколько воды реально доступно без истощения источника","S2_TRAINED_SUPERVISED","TRAINED_SUPERVISED","TD-WATER-SOURCE|TD-BASE-METROLOGY","","MISSING_TEST_SETUP","INS-011|INS-026|INS-027","Повторные измерения в сухой и влажный сезон; demand не превышает консервативный yield","Объёмная timed-volume проверка и независимое повторение","MISSING_METHOD","SITE_AND_SEASON_REQUIRED","Вода теста не загрязняет источник","Падение уровня; мутность; подсос; опасный доступ; unknown well condition","Повтор по сезону и после ремонта","Преемник повторяет расчёт и называет uncertainty","Raw log; dates; weather; yield model; reviewer","MISSING","MISSING","DENY","Шаблон существует; измерений нет","0.5-draft"
"TD-WATER-RISK","TD-WATER","WATER_WASH","KNOWLEDGE","Профиль опасностей сырой воды","Выбрать барьеры по реальным микробиологическим; химическим и радиологическим рискам","S3_LICENSED_PROFESSIONAL","LICENSED_ONLY","TD-WATER-SOURCE|TD-BASE-SAFETY","PSP-101|PSP-102|SUP-LEA-026|SUP-LEA-028|SUP-LEA-029","LAB_PLAN_MISSING","INS-029|INS-030|INS-031|INS-032","Аккредитованный план анализа покрывает site-specific hazards; результаты интерпретированы специалистом","Аккредитованная лаборатория и документированные контрольные образцы","NOT_APPLICABLE","PORTUGAL_LAB_AND_RULES_REQUIRED","Образцы и реагенты утилизируются по методу","Нет лаборатории; unknown contamination; результаты вне limits","По water safety plan и после событий","Преемник умеет отобрать разрешённую пробу и передать данные; не объявляет воду безопасной","Lab reports; chain of custody; hazard assessment","MISSING","MISSING","DENY","Полная изоляция оставляет остаточный риск без лаборатории","0.5-draft"
"TD-WATER-TREATMENT","TD-WATER","WATER_WASH","PROCESS","Многоступенчатая обработка воды","Создать treatment train только под подтверждённый профиль риска","S2_TRAINED_SUPERVISED","TRAINED_SUPERVISED","TD-WATER-RISK|TD-WATER-YIELD|TD-BASE-DRAWINGS|TD-BASE-MATERIALS","SUP-LEA-027|SUP-LEA-030|SUP-LEA-031|SUP-LEA-032","MISSING_EXACT_SYSTEM","INS-011|INS-026|INS-027|INS-029|INS-031|INS-032","Каждый барьер имеет throughput; contact time; capacity; rejection and stop criteria","Exact method; control samples; manufacturer reference","MISSING","SITE_WATER_PROFILE_REQUIRED","Spent media and reagents follow approved route","Неизвестная химия; wrong concentration; bypass; broken seal; no clean storage","Scheduled cleaning; media replacement; spare seals; manual fallback","Преемник выполняет только утверждённую операцию и останавливается при failed check","Drawing; BOM; method; raw logs; water results","MISSING","MISSING","DENY","Нет универсального самодельного фильтра для всех загрязнений","0.5-draft"
"TD-WATER-STORAGE","TD-WATER","WATER_WASH","PROCESS","Чистое хранение воды","Сохранить обработанную воду без повторного загрязнения","S1_LOW_RISK_HOUSEHOLD","HOUSEHOLD_S1_AFTER_GATE","TD-WATER-TREATMENT|TD-BASE-MATERIALS","","MISSING_CONTAINERS","INS-009|INS-026","Объём; герметичность; turnover; clean/dirty separation and labels pass","Known volume; leak test; cleaning record","MISSING_LAYOUT","HOUSEHOLD_REQUIRED","Повреждённая тара выбраковывается; wash-water routed safely","Запах; повреждение; неизвестный пластик; cross-connection; flood contact","Rotation; inspection; spare caps and seals","Преемник выполняет ротацию и находит загрязняющий cross-path","Inventory; cleaning; fill dates; leak test","MISSING","MISSING","DENY","Тара и объём физически не подтверждены","0.5-draft"
"TD-WATER-MONITORING","TD-WATER","WATER_WASH","TEST","Операционный контроль воды","Рано обнаружить отказ барьера без ложной уверенности","S2_TRAINED_SUPERVISED","TRAINED_SUPERVISED","TD-WATER-TREATMENT|TD-WATER-STORAGE|TD-BASE-METROLOGY","","INSTRUMENTS_MISSING","INS-029|INS-030|INS-031|INS-032","Контрольные параметры и lab schedule выполнены; failed check переводит систему в stop","Buffers; standards; blanks; DPD verification kit; lab cross-check","NOT_APPLICABLE","EXACT_METHOD_REQUIRED","Expired reagents isolated and disposed correctly","Expired reagent; failed blank; out-of-range; missing lab confirmation","Before critical batch and at defined interval","Преемник выполняет контроль и правильно запрещает использование","Calibration; raw readings; lot; corrective action","MISSING","MISSING","DENY","pH или TDS не равны полной безопасности","0.5-draft"
"TD-SANITATION","TD-WATER","WATER_WASH","OUTCOME","Санитария и отходы","Разделить drinking-water; руки; пищу; экскременты; серые воды и мусор","S2_TRAINED_SUPERVISED","TRAINED_SUPERVISED","TD-BASE-SITE|TD-WATER-SOURCE|TD-BASE-DRAWINGS|TD-BASE-MATERIALS|TD-SAN-TOILET|TD-SAN-HANDWASH|TD-SAN-ZONING|TD-SAN-SOAP|TD-SAN-MENSTRUAL|TD-SAN-DIAPERS|TD-SAN-INCONTINENCE|TD-SAN-BATHING|TD-SAN-LAUNDRY|TD-SAN-BLACKWATER|TD-SAN-GREYWATER|TD-SAN-HOUSEHOLD-WASTE|TD-SAN-FOOD-WASTE|TD-SAN-HAZARDOUS-WASTE|TD-SAN-BATTERIES|TD-SAN-OILS|TD-SAN-SHARPS|TD-SAN-MEDICAL|TD-SAN-ANIMAL|TD-SAN-CONSTRUCTION|TD-SAN-DEAD-ANIMAL|TD-SAN-HUMAN-DEATH|TD-SAN-PESTS","SUP-LEA-030","MISSING_SITE_SANITATION","INS-001|INS-002|INS-040","Потоки и зоны не пересекаются; вместимость и обслуживание измерены; legal route documented","Site measurements; inspection; water-risk review","MISSING","PORTUGAL_SITE_AND_WASTE_RULES_REQUIRED","Approved excreta; greywater; solid-waste routes","Flooding; seepage; vector outbreak; contamination of food or source","Daily inspection in emergency; spares and consumables","Преемник устанавливает clean/dirty zoning и stop","Site plan; capacity; inspection logs; drill","MISSING","MISSING","DENY","Аварийный туалет в тексте не равен длительной системе","0.5-draft"
"TD-FOOD","TD-ROOT","FOOD_AGRI","OUTCOME","Пища; семена и агроэкосистема","Поддерживать безопасный рацион и воспроизводить посадочный материал","S2_TRAINED_SUPERVISED","TRAINED_SUPERVISED","TD-BASE|TD-WATER|TD-FOOD-SITE|TD-SEED-BANK|TD-CROP-TRIAL|TD-SEED-REGEN|TD-HARVEST-STORAGE|TD-FOOD-PRESERVATION|TD-NUTRITION|TD-FOOD-P0-RESERVE|TD-FOOD-P1-PANTRY|TD-FOOD-NO-COOK|TD-FOOD-MENU|TD-FOOD-ALLERGENS|TD-FOOD-SPECIAL-DIET|TD-FOOD-INFANT|TD-FOOD-COOK-WATER|TD-FOOD-HAND-TOOLS|TD-FOOD-COOK-SAFETY|TD-FOOD-COOK-FUEL|TD-FOOD-PEST|TD-FOOD-WASTE|TD-FOOD-ROTATION|TD-FOOD-RATION|TD-AGRI-LAND-RIGHTS|TD-AGRI-TOPO|TD-AGRI-SOIL-MAP|TD-AGRI-SOIL-TEST|TD-AGRI-SOIL-OM|TD-AGRI-SOIL-PH|TD-AGRI-SOIL-SALINITY|TD-AGRI-IRRIGATION-BUDGET|TD-AGRI-MICROCLIMATE|TD-AGRI-PT-CALENDAR|TD-AGRI-NURSERY|TD-AGRI-GREENHOUSE|TD-AGRI-IRRIGATION|TD-AGRI-IRRIGATION-UNIFORM|TD-AGRI-DRAINAGE|TD-AGRI-STAPLES|TD-AGRI-LEGUMES|TD-AGRI-OILSEEDS|TD-AGRI-VEGETABLES|TD-AGRI-PERENNIALS|TD-AGRI-CLONAL|TD-AGRI-POTATO|TD-AGRI-GARLIC|TD-AGRI-SWEET-POTATO|TD-AGRI-VARIETY-STATUS|TD-AGRI-TWO-LOTS|TD-AGRI-OFFSITE|TD-AGRI-SEED-STORAGE|TD-AGRI-RESEED|TD-AGRI-ISOLATION|TD-AGRI-POPULATION|TD-AGRI-POLLINATION|TD-AGRI-PURITY|TD-AGRI-QUARANTINE|TD-AGRI-IPM|TD-AGRI-THRESH|TD-AGRI-CLEAN|TD-AGRI-DRY|TD-AGRI-LOSS|TD-AGRI-CROP-FAIL|TD-FERTILIZERS|TD-ANIMALS","","MISSING_LAND_WATER_AND_STOCK","INS-009|INS-011|INS-013|INS-033|INS-035|INS-036","Несколько сезонов дают измеренный безопасный урожай; рацион и резерв неурожая проверены","Seed controls; scales; temperature references; soil and water analysis","MISSING","PORTUGAL_SITE_AND_CLIMATE_REQUIRED","Plant waste; food waste; manure and packaging routes defined","Unknown plant; contamination; mold; pesticide misuse; unsafe preservation","Seasonal; lot rotation; seed regeneration; tool maintenance","Другой участник проводит полный цикл одной культуры","Season logs; yields; germination; storage and nutrition evidence","MISSING","MISSING","DENY","Семенная корзина не равна продовольственной автономии","0.5-draft"
"TD-FOOD-SITE","TD-FOOD","FOOD_AGRI","SITE_DATA","Почва; климат; вода и площадь","Определить реальную производственную способность участка","S2_TRAINED_SUPERVISED","TRAINED_SUPERVISED","TD-BASE-SITE|TD-WATER-YIELD","PSP-041|PSP-045|SUP-LEA-011|SUP-LEA-012|SUP-LEA-014|SUP-LEA-016","MISSING_FIELD_DATA","INS-001|INS-002|INS-009|INS-011|INS-013|INS-020|INS-033|INS-034|INS-035","Площадь; slope; soil profile; water budget; frost/heat and shade measured","Known area geometry; weather reference; lab soil test","MISSING_MAP_AND_BEDS","PORTUGAL_PARCEL_REQUIRED","Sampling holes closed; contaminated soil isolated","Unknown contamination; protected habitat; unsafe slope; insufficient water","Annual and seasonal logs","Преемник повторяет area and water calculation","Parcel map; lab report; climate log; water budget","MISSING","MISSING","DENY","Расчёт 1 ha не доказывает наличие пригодного гектара","0.5-draft"
"TD-SEED-BANK","TD-FOOD","FOOD_AGRI","MATERIAL","Семенной банк с accession-level учётом","Иметь несколько сортов; резерв пересева и offsite duplicate","S1_LOW_RISK_HOUSEHOLD","HOUSEHOLD_S1_AFTER_GATE","TD-BASE-MATERIALS|TD-FOOD-SITE","SUP-LEA-021|SUP-LEA-022|SUP-LEA-024|SUP-LEA-025","PLANNED_NOT_PURCHASED","INS-009|INS-011|INS-013|INS-017|INS-036","Каждый lot имеет сорт; OP/F1; год; источник; массу; storage; germination and legal notes","Blind seed count; scale check; germination controls","MISSING_ACCESSION_LABELS","PORTUGAL_SEED_RULES_REQUIRED","Moldy or infested lots isolated and disposed safely","Unknown treatment; damaged package; invasive or regulated seed; mold","Temperature/humidity log; periodic germination; duplicate rotation","Преемник выбирает lot; тестирует и обновляет запись","Invoices; labels; photos; mass; germination and location","MISSING","MISSING","DENY","HTML ordering model exists; no order or receipt evidence","0.5-draft"
"TD-GERMINATION","TD-FOOD","FOOD_AGRI","TEST","Тест всхожести","Оценить текущую жизнеспособность конкретной партии семян","S1_LOW_RISK_HOUSEHOLD","HOUSEHOLD_S1_AFTER_GATE","TD-SEED-BANK|TD-BASE-METROLOGY","","PRODUCTION_PACKAGE_CANDIDATE","INS-009|INS-011|INS-013|INS-036","Заранее заданный sample; replicates; counted normal seedlings; percentage and uncertainty recorded","Known count; blind recount; control lot where available","CANDIDATE_PACKAGE_NOT_TESTED","CROP_SPECIFIC_METHOD_REQUIRED","Used known seed and clean substrate bagged; mold stops test","Unknown biology; unusual odor; extensive mold; treated-seed exposure","Per accession schedule","Преемник повторяет с тем же lot and method","Raw counts; photos; temperature; calculation; deviations","LOCAL_UNREVIEWED","ARCHITECTURE_ONLY","DENY","PP-002 создаётся как безопасный шаблон; нужен физический тест","0.5-draft"
"TD-CROP-PLAN","TD-FOOD","FOOD_AGRI","PROCESS","Сезонный план культур","Связать пищевую цель с площадью; водой; трудом и риском","S1_LOW_RISK_HOUSEHOLD","HOUSEHOLD_S1_AFTER_GATE","TD-FOOD-SITE|TD-SEED-BANK|TD-NUTRITION","PSP-041|SUP-LEA-017|SUP-LEA-018|SUP-LEA-020","MISSING_SITE_PLAN","INS-001|INS-002|INS-009|INS-011","План имеет area; calendar; water; expected range; reserve and failure mode","Historical local data plus measured site data","MISSING_BED_LAYOUT","PORTUGAL_LOCAL_CALENDAR_REQUIRED","Crop residues and diseased material routes defined","Water deficit; regulated crop; unknown disease; pesticide dependence","Review each season","Преемник объясняет tradeoffs and replans failed crop","Plan; assumptions; sensitivity; approval","MISSING","MISSING","DENY","Не оптимизировать только по числу сортов","0.5-draft"
"TD-CROP-TRIAL","TD-FOOD","FOOD_AGRI","PROCESS","Полевые испытания культур","Проверить сорта на реальном участке до зависимости от них","S1_LOW_RISK_HOUSEHOLD","HOUSEHOLD_S1_AFTER_GATE","TD-CROP-PLAN|TD-GERMINATION|TD-BASE-TRAINING","","MISSING_TRIALS","INS-001|INS-002|INS-009|INS-011|INS-020|INS-035|INS-037","Replicated plots; inputs; yield; losses and quality logged over multiple seasons","Area grid; scale; known count; weather cross-check","MISSING_PLOT_MAP","PORTUGAL_SITE_REQUIRED","Diseased plants isolated according to local guidance","Unknown disease; protected organism; pesticide need beyond label","At each trial and season","Преемник repeats one trial without changing criteria","Plot map; raw log; harvest weights; photos; review","MISSING","MISSING","DENY","Один удачный сезон не доказывает устойчивость","0.5-draft"
"TD-SEED-REGEN","TD-FOOD","FOOD_AGRI","PROCESS","Получение следующего поколения семян","Сохранять сортовые признаки и достаточную популяцию","S2_TRAINED_SUPERVISED","TRAINED_SUPERVISED","TD-CROP-TRIAL|TD-SEED-BANK|TD-BASE-TRAINING","SUP-LEA-021|SUP-LEA-025","MISSING_CROP_SPECIFIC_PROTOCOL","INS-009|INS-011|INS-013|INS-017|INS-036","Crop-specific isolation; population; selection; drying; storage and germination criteria pass","Known parent lot; germination control; moisture method","MISSING_CROP_SPECIFIC_DIAGRAM","PORTUGAL_SEED_AND_BIOSECURITY_REQUIRED","Diseased or unknown material excluded from exchange","Hybrid or unknown parentage; disease; inadequate population; wet seed","Each generation and storage interval","Преемник produces and tests one accession","Field lineage; isolation; counts; mass; moisture; germination","MISSING","MISSING","DENY","Open-pollinated label alone is insufficient","0.5-draft"
"TD-HARVEST-STORAGE","TD-FOOD","FOOD_AGRI","PROCESS","Уборка; сушка и хранение урожая","Снизить потери без плесени; вредителей и загрязнения","S1_LOW_RISK_HOUSEHOLD","HOUSEHOLD_S1_AFTER_GATE","TD-CROP-TRIAL|TD-BASE-MATERIALS|TD-BASE-METROLOGY","","MISSING_STORAGE_SYSTEM","INS-009|INS-011|INS-013|INS-017","Lot; dry target; temperature; humidity; losses and rejection recorded","Scale; thermometer; hygrometer checks; reference method per crop","MISSING_STORE_LAYOUT","FOOD_RULES_AND_SITE_REQUIRED","Spoiled food isolated from feed; seed and compost decisions","Mold; pests; chemical contamination; unknown moisture; damaged container","Scheduled inspection and rotation; spare containers","Преемник inspects and rejects unsafe lot","Lot log; environment; losses; photos; disposition","MISSING","MISSING","DENY","No physical store or season data","0.5-draft"
"TD-FOOD-PRESERVATION","TD-FOOD","FOOD_AGRI","PROCESS","Безопасное сохранение пищи","Использовать только валидированные процессы по типу продукта и высоте","S2_TRAINED_SUPERVISED","TRAINED_SUPERVISED","TD-HARVEST-STORAGE|TD-BASE-METROLOGY|TD-BASE-SAFETY","PSP-046|SUP-LEA-034","MISSING_EQUIPMENT_AND_METHOD","INS-009|INS-011|INS-013|INS-015","Exact validated recipe; jar size; time; temperature or pressure and altitude rule met","Verified timer; thermometer; pressure gauge service where method requires","MISSING_PROCESS_PACKAGE","PORTUGAL_FOOD_RULES_AND_ALTITUDE_REQUIRED","Failed or suspect batches discarded safely","Deviation; seal failure; unknown acidity; pressure equipment issue; spoilage","Equipment inspection; seals; batch logs","Преемник follows one validated low-risk method and rejects deviation","Source section; batch log; instrument checks; acceptance","MISSING","MISSING","DENY","Не импровизировать low-acid canning","0.5-draft"
"TD-NUTRITION","TD-FOOD","FOOD_AGRI","TEST","Рацион и питательная достаточность","Проверить энергию; белок; жиры; ключевые микронутриенты и особые потребности","S2_TRAINED_SUPERVISED","TRAINED_SUPERVISED","TD-BASE-SAFETY|TD-BASE-INVENTORY","SUP-LEA-036|SUP-LEA-039","MISSING_PERSONAL_AND_STOCK_DATA","INS-009","Рацион рассчитан по людям; возрасту; состоянию; потерям и сезону; reviewed","Food composition data; scale; clinician/dietitian for medical needs","NOT_APPLICABLE","GROUP_HEALTH_PROFILE_REQUIRED","Spoilage and allergen controls","Medical diet; allergy; pregnancy; child or disease needs unresolved","Monthly stock balance and after composition change","Преемник пересчитывает week plan and flags deficit","Inputs; calculation; assumptions; professional review where needed","MISSING","MISSING","DENY","Калории не равны полноценному рациону","0.5-draft"
"TD-SHELTER","TD-ROOT","SHELTER","OUTCOME","Безопасное жильё; воздух и температурный режим","Сохранить выход; оболочку; вентиляцию; тепло или охлаждение без пожара и CO","S2_TRAINED_SUPERVISED","TRAINED_SUPERVISED","TD-BASE|TD-SHELTER-SURVEY|TD-EXITS-SHUTOFFS|TD-FIRE-CO|TD-VENTILATION|TD-THERMAL|TD-DRAINAGE|TD-SHELTER-SHELTER-IN-PLACE|TD-SHELTER-SAFE-ZONE|TD-SHELTER-ACCESSIBLE-EXIT|TD-SHELTER-SHUTOFF-WATER|TD-SHELTER-SHUTOFF-GAS|TD-SHELTER-SHUTOFF-ELECTRIC|TD-SHELTER-ALARMS|TD-SHELTER-EXTINGUISHER|TD-SHELTER-FIRE-BLANKET|TD-SHELTER-DARK-EXIT|TD-SHELTER-COLLAPSE|TD-SHELTER-HEAT-ZONE|TD-SHELTER-COLD-ZONE|TD-SHELTER-COMBUSTION-AIR|TD-SHELTER-LIGHT|TD-SHELTER-DEPENDENTS|TD-SHELTER-KITCHEN|TD-SHELTER-PESTS|TD-CONSTRUCTION","","MISSING_SITE_ASSETS","INS-001|INS-002|INS-013|INS-017|INS-021|INS-023|INS-024|INS-025|INS-071|INS-072","Safe zones; exits; temperature; humidity; air alarms and defects within reviewed limits","Certified detectors; checked thermometers; professional inspections","MISSING","ADDRESS_AND_BUILDING_REQUIRED","Building waste by known material class","Structural damage; gas; CO; smoke; unknown material; flood electricity","Seasonal inspection; detector replacement; envelope maintenance","Преемник performs drill and identifies no-go defects","Building file; inspections; logs; drills","MISSING","MISSING","DENY","Generic checklist is not a building assessment","0.5-draft"
"TD-SHELTER-SURVEY","TD-SHELTER","SHELTER","SITE_DATA","Технический паспорт здания","Зафиксировать конструкцию; materials; services; defects and safe access","S3_LICENSED_PROFESSIONAL","LICENSED_ONLY","TD-BASE-SITE|TD-BASE-SAFETY","SUP-PHY-042|SUP-PHY-043","MISSING_PRO_INSPECTIONS","INS-001|INS-002|INS-040","Current reports cover structure; roof; moisture; electrical; gas; fire; water and access","Qualified inspections and known survey control","MISSING_AS_BUILT","PORTUGAL_BUILDING_AND_OWNER_REQUIRED","Hazardous materials routed professionally","Cracking; movement; gas; live wiring; asbestos or unknown dust","By risk and after event","Преемник locates reports and escalation criteria","Reports; drawings; photos; defect register","MISSING","MISSING","DENY","Household visual survey does not authorize structural work","0.5-draft"
"TD-EXITS-SHUTOFFS","TD-SHELTER","SHELTER","DRAWING","План выходов и штатных отключений","Обеспечить безопасную эвакуацию и известные user-operable shutoffs","S1_LOW_RISK_HOUSEHOLD","HOUSEHOLD_S1_AFTER_GATE","TD-SHELTER-SURVEY|TD-BASE-DRAWINGS","","MISSING_BUILDING_PLAN","INS-001|INS-002|INS-040","Два выхода где возможно; paths clear; labels visible; only user-authorized shutoffs identified","Walk-through and timed drill; no opening of panels or gas work","MISSING","HOUSEHOLD_REQUIRED","Не применимо","Smoke; gas; structural damage; blocked path; unauthorized shutoff","Monthly clear-path check; semiannual drill","Преемник exits in darkness simulation and points to safe controls","Plan; photos; drill time; issues","MISSING","MISSING","DENY","Map template has zero printed copies","0.5-draft"
"TD-FIRE-CO","TD-SHELTER","SHELTER","OUTCOME","Пожар; дым и CO detection","Получить раннее предупреждение и выйти без поиска источника в опасной зоне","S1_LOW_RISK_HOUSEHOLD","HOUSEHOLD_S1_AFTER_GATE","TD-SHELTER-SURVEY|TD-BASE-INVENTORY","","DETECTORS_MISSING","INS-024|INS-071","Certified exact models; siting by manual; test button; dates; audible coverage and drill pass","Manufacturer test only; replacement date; independent alarm path","MISSING_SITING_PLAN","PORTUGAL_RULES_AND_BUILDING_REQUIRED","Expired detectors and batteries handled safely","Alarm; smoke; symptoms; heat; unknown combustion source","Test by manual; replacement by date; spare batteries if allowed","Преемник reacts; evacuates; calls 112 and does not investigate","Model manuals; install photos; tests; drill","MISSING","MISSING","DENY","CO example remains planned","0.5-draft"
"TD-VENTILATION","TD-SHELTER","SHELTER","PROCESS","Вентиляция и качество воздуха","Управлять влагой; CO2; particles and heat without introducing smoke or contaminants","S2_TRAINED_SUPERVISED","TRAINED_SUPERVISED","TD-SHELTER-SURVEY|TD-BASE-METROLOGY","","MISSING_AIRFLOW_ASSESSMENT","INS-017|INS-019|INS-023|INS-025","Room-specific airflow strategy; measurements; outdoor-air conditions and stop criteria recorded","Co-location checks; professional assessment where combustion or code applies","MISSING_AIRFLOW_DIAGRAM","PORTUGAL_BUILDING_REQUIRED","Filter disposal by contamination class","CO alarm; outdoor smoke; chemical release; mold; unsafe opening","Filter schedule; seasonal modes; fan spares","Преемник selects safe mode for three scenarios","Measurements; plan; maintenance; drill","MISSING","MISSING","DENY","CO2 monitor is not full air-safety proof","0.5-draft"
"TD-THERMAL","TD-SHELTER","SHELTER","OUTCOME","Безопасный тепловой режим","Поддержать допустимую температуру для людей; лекарств; воды and food","S2_TRAINED_SUPERVISED","TRAINED_SUPERVISED","TD-SHELTER-SURVEY|TD-ENERGY-LOADS|TD-BASE-METROLOGY","","MISSING_HEAT_BALANCE","INS-013|INS-014|INS-015|INS-017","Measured temperature and humidity stay within person-specific and asset limits through test period","Two-point thermometer comparison; independent non-combustion fallback","MISSING_ZONE_PLAN","GROUP_AND_CLIMATE_REQUIRED","Fuel and heating waste only by approved system","CO; fire; overheating; hypothermia; medical vulnerability; damaged heater","Seasonal test; spare blankets; seals; shading","Преемник establishes warm or cool room and records limits","Load test; temperatures; energy use; alarms","MISSING","MISSING","DENY","No combustion in living volume","0.5-draft"
"TD-DRAINAGE","TD-SHELTER","SHELTER","MAINTENANCE","Кровля; водоотвод и влагозащита","Не допустить разрушения и плесени из-за воды","S2_TRAINED_SUPERVISED","TRAINED_SUPERVISED","TD-SHELTER-SURVEY|TD-BASE-DRAWINGS","","MISSING_ROOF_AND_DRAIN_ASSESSMENT","INS-001|INS-002|INS-006|INS-040","Safe visual inspection; flow path; defects and maintenance plan documented","Known level/reversal check; professional roof or structural review","MISSING_DRAINAGE_PLAN","SITE_AND_RAINFALL_REQUIRED","Debris and contaminated materials routed safely","Height; live electrical; structural damage; asbestos; storm conditions","Before rainy season and after storm","Преемник inspects from safe location and escalates defects","Photos; plan; work orders; post-rain check","MISSING","MISSING","DENY","No roof climbing in household layer","0.5-draft"
"TD-ENERGY","TD-ROOT","ENERGY","OUTCOME","Энергия для критических функций","Питать приоритетные нагрузки с безопасным отключением and recovery","S3_LICENSED_PROFESSIONAL","LICENSED_ONLY","TD-BASE|TD-ENERGY-LOADS|TD-ENERGY-DC|TD-ENERGY-GENERATION|TD-ENERGY-STORAGE|TD-ENERGY-PROTECTION|TD-ENERGY-BLACKSTART|TD-ENERGY-LIGHT|TD-ENERGY-COMMS|TD-ENERGY-MEDICAL|TD-ENERGY-COLD-CHAIN|TD-ENERGY-LOAD-SHED|TD-ENERGY-FLASHLIGHT|TD-ENERGY-BATTERY-STANDARD|TD-ENERGY-POWERBANK|TD-ENERGY-SOURCE|TD-ENERGY-CHARGE|TD-ENERGY-FAILURE|TD-ENERGY-SPARES","","MISSING_SYSTEM","INS-045|INS-047|INS-048|INS-052|INS-053|INS-054","Measured Wh/day; autonomy; protection; isolation; thermal limits and black-start test pass","Reference meter; professional electrical inspection; OEM checks","MISSING_SINGLE_LINE_AND_BOM","PORTUGAL_ELECTRICAL_RULES_AND_SITE_REQUIRED","Batteries; electronics and fuel routed legally","Live mains; backfeed; damaged battery; heat; smoke; unknown wiring","Scheduled load test; firmware/manuals; spares; manual fallback","Qualified successor performs authorized start and shutdown","Single-line; BOM; inspection; logs; drill","MISSING","MISSING","DENY","Household may operate only exact user controls","0.5-draft"
"TD-ENERGY-LOADS","TD-ENERGY","ENERGY","TEST","Измеренный реестр нагрузок","Знать фактические Wh/day; surge; duty and priorities","S1_LOW_RISK_HOUSEHOLD","HOUSEHOLD_S1_AFTER_GATE","TD-BASE-INVENTORY|TD-BASE-METROLOGY","","MISSING_LOAD_MEASUREMENTS","INS-047|INS-052|INS-053","Each critical load has measured power; energy; duty; priority and manual alternative","Reference load or meter comparison within task range","NOT_APPLICABLE","EXACT_ASSETS_REQUIRED","Не применимо","Damaged cord; heat; mains access beyond plug-in approved meter","Seasonal and after asset change","Преемник recalculates budget from raw logs","Asset list; raw measurements; uncertainty; budget","MISSING","MISSING","DENY","Nameplate is not energy-use proof","0.5-draft"
"TD-ENERGY-DC","TD-ENERGY","ENERGY","DRAWING","Безопасная низковольтная DC архитектура","Стандартизировать маломощные loads; connectors; fusing and labels","S2_TRAINED_SUPERVISED","TRAINED_SUPERVISED","TD-ENERGY-LOADS|TD-BASE-DRAWINGS|TD-BASE-METROLOGY","","MISSING_DESIGN","INS-003|INS-045|INS-046|INS-047|INS-048","Voltage drop; current; polarity; fuse and thermal tests pass under reviewed load","Reference meter and known load; independent polarity check","MISSING_SCHEMATIC_BOM","EXACT_VOLTAGES_AND_SITE_REQUIRED","Electronic waste and batteries separated","Unknown battery; overcurrent; hot connector; damaged insulation; mains coupling","Connector inspection; fuse stock; cable and adapter spares","Преемник assembles only low-energy approved branch and tests polarity","Schematic; BOM; calculations; thermal test; review","MISSING","MISSING","DENY","Does not authorize high-current battery construction","0.5-draft"
"TD-ENERGY-GENERATION","TD-ENERGY","ENERGY","OUTCOME","Возобновляемая и ручная генерация","Produce energy without one fuel or controller dependency","S3_LICENSED_PROFESSIONAL","LICENSED_ONLY","TD-ENERGY-LOADS|TD-ENERGY-DC|TD-BASE-SITE","PSP-064|PSP-065","MISSING_GENERATORS","INS-045|INS-052|INS-054","Site yield; energy; protection; mounting and weather performance verified","Reference cell or official model cross-check plus measured output","MISSING_DESIGN_AND_MOUNTING","PORTUGAL_PERMIT_AND_SITE_REQUIRED","Panels; electronics and lubricants routed legally","Roof or height; mains; high-current DC; storm; structural load","Cleaning; connectors; spares; alternate manual source","Qualified successor performs safe shutdown and records output","Design; permits; inspection; yield log; spares","MISSING","MISSING","DENY","No PV string work in household layer","0.5-draft"
"TD-ENERGY-STORAGE","TD-ENERGY","ENERGY","MATERIAL","Сертифицированное накопление энергии","Bridge outages without fire; toxic exposure or single-pack failure","S3_LICENSED_PROFESSIONAL","LICENSED_ONLY","TD-ENERGY-LOADS|TD-BASE-SAFETY|TD-BASE-INVENTORY","","MISSING_CERTIFIED_SYSTEM","INS-045|INS-047|INS-052","Only exact certified system; OEM limits; professional installation and tested alarms","OEM BMS and professional service instruments","MISSING_OEM_MANUALS","PORTUGAL_FIRE_AND_ELECTRICAL_RULES_REQUIRED","Battery recycling route","Swelling; heat; odor; smoke; damage; unknown charger or pack","OEM service and replacement plan; no cell rebuilding","Преемник recognizes alarms and evacuates; no pack repair","Purchase; manuals; inspection; alarm drill","MISSING","MISSING","DENY","No DIY lithium or traction-pack rebuilding","0.5-draft"
"TD-ENERGY-PROTECTION","TD-ENERGY","ENERGY","TEST","Изоляция; защита и отсутствие backfeed","Prevent shock; fire and energizing external circuits","S3_LICENSED_PROFESSIONAL","LICENSED_ONLY","TD-ENERGY-DC|TD-ENERGY-GENERATION|TD-ENERGY-STORAGE","SUP-PHY-036","MISSING_PROTECTION_ASSESSMENT","INS-045|INS-073","Qualified inspection and documented functional tests pass","Calibrated tester and jurisdiction-specific method","MISSING_SINGLE_LINE","PORTUGAL_LICENSED_ELECTRICIAN_REQUIRED","Failed protection devices disposed legally","Live work; unknown circuit; failed RCD; backfeed possibility","Periodic test per device and regulation","Household successor only recognizes status and calls electrician","Inspection certificate; test records; labels","MISSING","MISSING","DENY","Do not open panels","0.5-draft"
"TD-ENERGY-BLACKSTART","TD-ENERGY","ENERGY","PROCESS","Black start и безопасное отключение","Restore critical loads from zero without internet or original installer","S2_TRAINED_SUPERVISED","TRAINED_SUPERVISED","TD-ENERGY-PROTECTION|TD-ENERGY-LOADS|TD-BASE-TRAINING","","MISSING_TEST","INS-011|INS-047|INS-052","Cold start; priority sequence; runtime; shutdown and fault handling pass","Known clock; energy meter; prewritten acceptance","MISSING_ACTION_CARD","EXACT_SYSTEM_REQUIRED","Не применимо","Alarm; heat; smoke; abnormal voltage; failed isolation","Quarterly or per risk; keep paper card and spares","Authorized successor completes drill without author","Timed drill; energy log; faults; corrective actions","MISSING","MISSING","DENY","No system exists to test","0.5-draft"
"TD-WORKSHOP","TD-ROOT","WORKSHOP","OUTCOME","Мастерская; материалы и ремонт","Изготавливать и восстанавливать безопасные низкоэнергетические предметы","S2_TRAINED_SUPERVISED","TRAINED_SUPERVISED","TD-BASE|TD-WORKSHOP-HANDTOOLS|TD-WORKSHOP-FIXTURES|TD-WORKSHOP-MEASURE|TD-WORKSHOP-WOOD|TD-WORKSHOP-TEXTILE|TD-WORKSHOP-LOWV|TD-WORKSHOP-SALVAGE|TD-WORKSHOP-SPACE|TD-WORKSHOP-LIGHT|TD-WORKSHOP-VENT|TD-WORKSHOP-FIRE|TD-WORKSHOP-PPE|TD-WORKSHOP-CUSTODY|TD-WORKSHOP-MARK|TD-WORKSHOP-TEMPLATES|TD-WORKSHOP-HOLD|TD-WORKSHOP-CUT|TD-WORKSHOP-DRILL|TD-WORKSHOP-FILE|TD-WORKSHOP-PLANE|TD-WORKSHOP-ABRASIVE|TD-WORKSHOP-SHARPEN|TD-WORKSHOP-FASTEN|TD-WORKSHOP-TORQUE|TD-WORKSHOP-ADHESIVE|TD-WORKSHOP-SEW|TD-WORKSHOP-ROPE|TD-WORKSHOP-METAL-COLD|TD-WORKSHOP-PLUMBING|TD-WORKSHOP-PUMPS|TD-WORKSHOP-BICYCLE|TD-WORKSHOP-CART|TD-WORKSHOP-FOOTWEAR|TD-WORKSHOP-DONOR|TD-WORKSHOP-CONSUMABLES|TD-WORKSHOP-INTERFACES|TD-WORKSHOP-POST-TEST","","MISSING_WORKSHOP","INS-001|INS-002|INS-003|INS-004|INS-005|INS-006|INS-007|INS-009|INS-045","Exact safe task meets drawing; dimensions; fit; function and inspection criteria","Checked measuring tools and reference samples","MISSING_PRODUCTION_PACKAGES","SITE_AND_SKILLS_REQUIRED","Sharps; dust; metal; electronics and oils separated","Unknown material; stored energy; guards removed; hot work; pressure; mains","Tool inspection; sharpening by safe method; standard spares","Преемник completes one S1 production package","Inventory; drawings; raw measurements; acceptance and repair log","MISSING","MISSING","DENY","No verified tools or bench currently","0.5-draft"
"TD-WORKSHOP-HANDTOOLS","TD-WORKSHOP","WORKSHOP","TOOL","Ручной базовый набор","Measure; hold; cut; drill; fasten and finish without grid power where safe","S1_LOW_RISK_HOUSEHOLD","HOUSEHOLD_S1_AFTER_GATE","TD-BASE-INVENTORY|TD-BASE-SAFETY","","MISSING_TOOLS","INS-001|INS-002|INS-003|INS-005|INS-006","Each tool has task; condition; safe-use boundary and sample cut or fastening test","Known straightedge; sample material; torque only where approved","MISSING_TOOL_SHADOW_BOARD","EXACT_TASKS_REQUIRED","Sharps protected; swarf and dust controlled","Cracked handle; dull or damaged edge; unknown material; unstable work","Before use; corrosion control; spare blades and handles","Преемник inspects and rejects defective tool","Photos; condition; sample test; training","MISSING","MISSING","DENY","Buying a kit is not proof of safe use","0.5-draft"
"TD-WORKSHOP-FIXTURES","TD-WORKSHOP","WORKSHOP","TOOL","Верстак; тиски и безопасная оснастка","Secure work and keep hands away from cutting path","S2_TRAINED_SUPERVISED","TRAINED_SUPERVISED","TD-WORKSHOP-HANDTOOLS|TD-BASE-DRAWINGS|TD-BASE-SITE","","MISSING_BENCH","INS-001|INS-002|INS-005|INS-006","Stability; clamping; load within reviewed limit; clear egress and lighting pass","Level reversal; known test workpiece; no unreviewed structural anchoring","MISSING_BENCH_DRAWING","WORKSPACE_REQUIRED","Dust and swarf collection","Instability; pinch point; excessive load; structural anchoring uncertainty","Periodic fastener and surface inspection","Преемник sets up one safe workholding task","Drawing; BOM; load assumption; inspection","MISSING","MISSING","DENY","Heavy load and stored-energy work remain specialist","0.5-draft"
"TD-WORKSHOP-MEASURE","TD-WORKSHOP","WORKSHOP","INSTRUMENT","Размерный и угловой контроль","Transfer dimensions and identify out-of-tolerance parts","S1_LOW_RISK_HOUSEHOLD","HOUSEHOLD_S1_AFTER_GATE","TD-BASE-METROLOGY|TD-WORKSHOP-HANDTOOLS","","INSTRUMENTS_MISSING","INS-001|INS-002|INS-003|INS-004|INS-005|INS-006|INS-007|INS-059|INS-060","Gauge R&R appropriate to task; control points pass; unit and uncertainty recorded","Gauge blocks or documented reference; zero and reversal checks","NOT_APPLICABLE","TASK_SPECIFIC_REQUIRED","Не применимо","Dirty jaws; burr; drop; failed zero; out-of-range","Clean; protect; periodic comparison","Преемник measures blind part and reaches same decision","Instrument IDs; checks; raw readings; decision","MISSING","MISSING","DENY","Resolution is not accuracy","0.5-draft"
"TD-WORKSHOP-WOOD","TD-WORKSHOP","WORKSHOP","PROCESS","Низкорисковая работа с древесиной","Repair simple non-structural items using known dry material","S2_TRAINED_SUPERVISED","TRAINED_SUPERVISED","TD-WORKSHOP-HANDTOOLS|TD-WORKSHOP-FIXTURES|TD-WORKSHOP-MEASURE|TD-BASE-MATERIALS","SUP-PHY-041|SUP-PHY-038","MISSING_MATERIAL_AND_PACKAGES","INS-001|INS-002|INS-003|INS-005|INS-006|INS-009|INS-017","Part dimensions; moisture suitability; joints and safe service load meet exact package","Known samples; measurement checks; no structural rating without professional method","MISSING","PORTUGAL_MATERIAL_AND_BUILDING_RULES_REQUIRED","Dust collection; finishes and treated wood separated","Treated or unknown wood; structural task; powered machinery without guard; fire","Tool care; dry storage; standard fasteners","Преемник builds one non-structural S1 item from released package","Drawing; BOM; measurements; load test within safe limit","MISSING","MISSING","DENY","Wood handbook is reference; not a construction approval","0.5-draft"
"TD-WORKSHOP-TEXTILE","TD-WORKSHOP","WORKSHOP","PROCESS","Шитьё; ремонт ткани и мягкого снаряжения","Repair clothing; covers and non-life-safety textile items","S1_LOW_RISK_HOUSEHOLD","HOUSEHOLD_S1_AFTER_GATE","TD-WORKSHOP-HANDTOOLS|TD-BASE-MATERIALS","","MISSING_SEWING_KIT","INS-001|INS-002","Seam dimensions; stitch consistency and sample pull check meet item-specific criterion","Known ruler and control sample","MISSING_PATTERNS","USER_AND_ITEM_REQUIRED","Needles and damaged blades contained","Life-safety harness; medical sterile item; unknown contaminated textile","Needle; thread; patch and machine maintenance","Преемник repairs sample and inspects seam","Pattern; BOM; photos; test","MISSING","MISSING","DENY","No PPE or climbing harness repair in S1","0.5-draft"
"TD-WORKSHOP-LOWV","TD-WORKSHOP","WORKSHOP","PROCESS","Низковольтная электроника на учебном стенде","Diagnose and repair isolated low-energy circuits","S2_TRAINED_SUPERVISED","TRAINED_SUPERVISED","TD-ENERGY-DC|TD-WORKSHOP-MEASURE|TD-BASE-DRAWINGS","PSP-081|SUP-PHY-028","MISSING_BENCH_AND_COMPONENTS","INS-045|INS-046|INS-049|INS-050|INS-051|INS-052","Current limit; polarity; expected signals; temperature and function pass","Reference meter; known pattern or load; isolation from mains","MISSING_SCHEMATICS","LOW_VOLTAGE_LIMIT_REQUIRED","Lead and electronic waste separated","Mains connection; unknown capacitor; battery pack; heat; smoke; damaged insulation","Tip and lead inspection; spare fuses and known components","Преемник diagnoses planted safe fault","Schematic; BOM; raw traces; repair and retest","MISSING","MISSING","DENY","Strictly isolated low energy; no mains or high current","0.5-draft"
"TD-WORKSHOP-SALVAGE","TD-WORKSHOP","WORKSHOP","PROCESS","Безопасный разбор доноров и повторное использование","Recover known standard parts without importing hidden hazards","S2_TRAINED_SUPERVISED","TRAINED_SUPERVISED","TD-BASE-SAFETY|TD-BASE-MATERIALS|TD-BASE-INVENTORY","","MISSING_DONOR_PROTOCOL","INS-001|INS-003|INS-040|INS-045","Part identity; condition; dimensions and safe application verified before stock","Known part datasheet and comparison sample","MISSING_PART_MAP","WASTE_AND_OWNERSHIP_RULES_REQUIRED","Unknown and hazardous parts routed to licensed waste","Lithium; capacitors; CRT; pressure; refrigerant; asbestos; contamination; stolen property","Quarantine; periodic stock review","Преемник rejects unsafe donor examples","Provenance; photos; test; quarantine record","MISSING","MISSING","DENY","Salvage is not permission to dismantle hazardous systems","0.5-draft"
"TD-HEALTH","TD-ROOT","HEALTH","OUTCOME","Здоровье и первая помощь","Prevent harm; recognize emergencies; give trained first aid and maintain continuity","S2_TRAINED_SUPERVISED","TRAINED_SUPERVISED","TD-BASE|TD-HEALTH-PREVENTION|TD-HEALTH-FIRSTAID|TD-HEALTH-CARDS|TD-HEALTH-MEDS|TD-HEALTH-PRO|TD-HEALTH-SCENE-PPE|TD-HEALTH-CONTACTS|TD-HEALTH-PRIMARY-ASSESS|TD-HEALTH-BLS-AED|TD-HEALTH-AIRWAY|TD-HEALTH-BLEED-SHOCK|TD-HEALTH-ANAPHYLAXIS|TD-HEALTH-CHEST-STROKE|TD-HEALTH-RESP|TD-HEALTH-SEIZURE|TD-HEALTH-DIABETES|TD-HEALTH-BURNS|TD-HEALTH-ELECTRIC|TD-HEALTH-DROWNING|TD-HEALTH-THERMAL-STRESS|TD-HEALTH-DEHYDRATION|TD-HEALTH-POISON|TD-HEALTH-HEAD-SPINE|TD-HEALTH-FRACTURE|TD-HEALTH-WOUNDS|TD-HEALTH-MATERNAL-NEONATAL|TD-HEALTH-PEDIATRIC|TD-HEALTH-MENTAL-CRISIS|TD-HEALTH-RECORDS|TD-HEALTH-KIT-INVENTORY|TD-HEALTH-MEDICATION-INVENTORY|TD-HEALTH-COLD-CHAIN|TD-HEALTH-IPC|TD-HEALTH-MED-WASTE|TD-HEALTH-DELAYED-CARE|TD-HEALTH-DENTAL|TD-HEALTH-REHAB|TD-HEALTH-PALLIATIVE|TD-HEALTH-DEATH|TD-HEALTH-LONE-PERSON|TD-HEALTH-GEO-LANGUAGE|TD-HEALTH-BLS-ADULT|TD-HEALTH-BLS-CHILD|TD-HEALTH-BLS-INFANT|TD-HEALTH-BLS-PREGNANCY|TD-HEALTH-BLS-DROWNING|TD-HEALTH-AMPUTATION-IMPALED|TD-HEALTH-TRAUMA-CHEST|TD-HEALTH-TRAUMA-ABDOMEN|TD-HEALTH-TRAUMA-CRUSH-BLAST|TD-HEALTH-MOVE-HANDOVER|TD-HEALTH-BURN-THERMAL|TD-HEALTH-BURN-CHEMICAL|TD-HEALTH-BURN-ELECTRICAL|TD-HEALTH-EYE-CHEMICAL|TD-HEALTH-SMOKE-CO|TD-HEALTH-FROSTBITE|TD-HEALTH-SYNCOPE|TD-HEALTH-ACUTE-ABDOMEN|TD-HEALTH-HEADACHE|TD-HEALTH-URINARY|TD-HEALTH-FEVER|TD-HEALTH-BITES-STINGS|TD-HEALTH-SNAKE-MARINE|TD-HEALTH-RABIES-TETANUS|TD-HEALTH-OB-BLEED|TD-HEALTH-OB-ECTOPIC|TD-HEALTH-OB-PREECLAMPSIA|TD-HEALTH-OB-BIRTH|TD-HEALTH-OB-POSTPARTUM-BLEED|TD-HEALTH-NEWBORN|TD-HEALTH-SEXUAL-VIOLENCE|TD-HEALTH-MH-SUICIDE|TD-HEALTH-MH-PSYCHOSIS|TD-HEALTH-MH-AGITATION|TD-HEALTH-MH-WITHDRAWAL|TD-HEALTH-DEVICE-OXYGEN-CPAP|TD-HEALTH-DEVICE-DIALYSIS|TD-HEALTH-DEVICE-TUBE-FEED|TD-HEALTH-ISOLATION-IMMEDIATE|TD-HEALTH-CONTACT-LOG|TD-HEALTH-EVAC-ACCESS|TD-HEALTH-TEAM-ROLES|TD-HEALTH-CASUALTY-CAPACITY|TD-HEALTH-CARE-NURSING|TD-HEALTH-CARE-SWALLOW|TD-HEALTH-CONT-CARDIO|TD-HEALTH-CONT-DIABETES|TD-HEALTH-CONT-RESP|TD-HEALTH-CONT-EPILEPSY|TD-HEALTH-CONT-ENDOCRINE|TD-HEALTH-CONT-ANTICOAG|TD-HEALTH-CONT-PSYCH|TD-HEALTH-CONT-RENAL|TD-HEALTH-CONT-ONCOLOGY|TD-HEALTH-CONT-TRANSPLANT|TD-HEALTH-CONT-HIV-TB|TD-HEALTH-CONT-AUTOIMMUNE|TD-HEALTH-CONT-HEMOPHILIA|TD-HEALTH-CONT-PAIN|TD-HEALTH-CONT-STOMA-CATH|TD-HEALTH-ASSISTIVE|TD-HEALTH-POSTPARTUM|TD-HEALTH-REPRODUCTIVE|TD-HEALTH-SKIN-EYE-EAR|TD-HEALTH-GRIEF-CAREGIVER|TD-HEALTH-CARE-HANDOVER|TD-HEALTH-PREVENT-VACCINE|TD-HEALTH-CHILD-GROWTH|TD-HEALTH-FALLS-DECONDITION|TD-HEALTH-OCC-HEALTH|TD-HEALTH-VECTOR|TD-HEALTH-SURVEILLANCE|TD-HEALTH-ISOLATION-ROOM|TD-HEALTH-SUPPLY-REGISTER|TD-HEALTH-DEVICE-QC|TD-HEALTH-AED-LIFECYCLE|TD-HEALTH-SKILL-MATRIX|TD-HEALTH-REFERRAL-NET|TD-HEALTH-CARE-ROOM|TD-HEALTH-PROF-ANATOMY|TD-HEALTH-PROF-EMERGENCY|TD-HEALTH-PROF-PRIMARY|TD-HEALTH-PROF-NURSING|TD-HEALTH-PROF-PHARMACY|TD-HEALTH-PROF-INTERNAL|TD-HEALTH-PROF-INFECTIOUS|TD-HEALTH-PROF-OB|TD-HEALTH-PROF-PEDIATRICS|TD-HEALTH-PROF-GERIATRICS|TD-HEALTH-PROF-MENTAL|TD-HEALTH-PROF-REHAB|TD-HEALTH-PROF-PALLIATIVE|TD-HEALTH-PROF-DENTISTRY|TD-HEALTH-PROF-OPHTH-ENT|TD-HEALTH-PROF-DERM|TD-HEALTH-PROF-NUTRITION|TD-HEALTH-PROF-TOX|TD-HEALTH-PROF-SURGERY|TD-HEALTH-PROF-BLOOD|TD-HEALTH-PROF-LAB|TD-HEALTH-PROF-IMAGING|TD-HEALTH-PROF-OXYGEN|TD-HEALTH-PROF-BIOMED|TD-HEALTH-PROF-STERILE|TD-HEALTH-PROF-CLINIC|TD-HEALTH-PROF-SUPPLY|TD-HEALTH-PROF-RECORDS|TD-HEALTH-PROF-EPIDEMIOLOGY|TD-HEALTH-PROF-ENVIRONMENT|TD-HEALTH-PROF-OCCUPATIONAL|TD-HEALTH-PROF-ONE-HEALTH|TD-HEALTH-PROF-ETHICS|TD-HEALTH-PROF-PORTUGAL|TD-HEALTH-P4-EDUCATION|TD-HEALTH-P4-SUCCESSION|TD-HEALTH-P4-QA-PEER|TD-HEALTH-P4-GUIDELINE|TD-HEALTH-P4-INSTITUTION|TD-HEALTH-P4-PUBLIC-RECORDS|TD-HEALTH-P4-GMP-PHARMA|TD-HEALTH-P4-VACCINE|TD-HEALTH-P4-DEVICE-MAKE|TD-HEALTH-P4-RESEARCH|TD-HEALTH-P4-GENETICS|TD-HEALTH-P4-LEGACY","","MISSING_KIT_TRAINING_AND_PLANS","INS-041|INS-042|INS-043|INS-044","Role-specific current training; exact equipment; patient plan; drill and escalation pass","Validated devices; current official protocols; clinician review where required","MISSING_ACTION_CARDS","PORTUGAL_SNS_AND_PERSON_REQUIRED","Sharps; medicines and contaminated materials by legal route","Beyond training; invasive care; unknown drug; deterioration; no consent","Medication and equipment review; recertification; drills","Преемник recognizes limits and hands over structured information","Credentials; kit inventory; personal plans; drill logs","MISSING","MISSING","DENY","Offline books do not create clinical competence","0.5-draft"
"TD-HEALTH-PREVENTION","TD-HEALTH","HEALTH","PROCESS","Профилактика; гигиена и наблюдение","Reduce avoidable illness before advanced care is needed","S1_LOW_RISK_HOUSEHOLD","HOUSEHOLD_S1_AFTER_GATE","TD-WATER|TD-FOOD|TD-SHELTER|TD-BASE-SAFETY","SUP-LEA-027|SUP-LEA-030","MISSING_PERSONAL_PLAN","INS-009|INS-013|INS-017","Clean water; hand hygiene; ventilation; nutrition; sleep and person-specific preventive plan logged","Validated devices and clinician/public-health guidance","MISSING_DAILY_CHECKLIST","GROUP_PROFILE_REQUIRED","Household and medical waste separated","Outbreak; vulnerable person deterioration; unknown exposure","Daily/weekly routines and scheduled care","Преемник maintains routine and flags red signs","Routine log; appointments; risk review","MISSING","MISSING","DENY","No substitute for vaccination or professional care","0.5-draft"
"TD-HEALTH-FIRSTAID","TD-HEALTH","HEALTH","TRAINING","Очное обучение первой помощи; BLS и AED","Perform only current trained lifesaving actions while arranging help","S2_TRAINED_SUPERVISED","TRAINED_SUPERVISED","TD-BASE-SAFETY|TD-BASE-TRAINING","SRC-IFRC-FIRST-AID-2025|SRC-ERC-FA-2025","MISSING_COURSE_AND_KIT","INS-044","Current course completion; skill check and scenario drill pass","Instructor assessment and current protocol","NOT_APPLICABLE","PORTUGAL_PROVIDER_AND_PROTOCOL_REQUIRED","Training consumables and contaminated items handled safely","Unsafe scene; action outside training; expired credential; no equipment","Reassessment per provider and after lapse","Another trained participant demonstrates and explains stop","Certificate; assessor; skill sheet; drill","MISSING","MISSING","DENY","Reading guidelines does not certify skill","0.5-draft"
"TD-HEALTH-CARDS","TD-HEALTH","HEALTH","KNOWLEDGE","Краткие action cards","Retrieve safe first actions in seconds without mixing audiences","S2_TRAINED_SUPERVISED","TRAINED_SUPERVISED","TD-HEALTH-FIRSTAID|TD-BASE-ARCHIVE","SRC-IFRC-FIRST-AID-2025|SRC-ERC-FA-2025","NO_RELEASED_CARDS","","Each card has audience; source section; version; 112; stop and review; professional approval","Cross-check against exact current protocol","MISSING_CARD_LAYOUT","PORTUGAL_AND_LANGUAGE_REQUIRED","Old cards superseded; not silently overwritten","Conflicting guideline system; expired review; untrained intervention","Review after guideline change and at least annually","User finds correct card in timed drill","Card; provenance; reviewer; drill time","MISSING","MISSING","DENY","133 scenarios are index only","0.5-draft"
"TD-HEALTH-MEDS","TD-HEALTH","HEALTH","MATERIAL","Личные лекарства и continuity plans","Maintain prescribed therapy through disruption without self-prescribing","S3_LICENSED_PROFESSIONAL","LICENSED_ONLY","TD-BASE-INVENTORY|TD-BASE-ARCHIVE","","MISSING_PERSON_SPECIFIC_RECONCILIATION","INS-011|INS-013","Exact person; medicine; dose; prescriber; pharmacy; storage; expiry and fallback reviewed","Pharmacist or clinician reconciliation; temperature logger where needed","NOT_APPLICABLE","PORTUGAL_PERSON_AND_PRESCRIBER_REQUIRED","Expired and unused medicines returned through legal route","Unknown medicine; wrong person; storage excursion; missed critical dose; severe symptom","Monthly expiry and supply review; legal rotation","Caregiver successor explains plan without changing treatment","Current list; orders; contacts; storage logs","MISSING","MISSING","DENY","No shared prescription stock","0.5-draft"
"TD-HEALTH-PRO","TD-HEALTH","HEALTH","KNOWLEDGE","Профессиональная медицинская полка","Preserve clinician reference for qualified personnel in resource-limited settings","S3_LICENSED_PROFESSIONAL","LICENSED_ONLY","TD-BASE-ARCHIVE|TD-BASE-SAFETY","SRC-WHO-BEC|PSP-055|PSP-056","STARTER_FILES_CANDIDATE","","Exact editions open offline; audience and section boundaries preserved","Publisher provenance and hash","NOT_APPLICABLE","CLINICIAN_SCOPE_AND_PORTUGAL_REQUIRED","Not applicable","Unqualified user; obsolete guideline; missing equipment; no infection control","Scheduled guideline review","Qualified person retrieves source and documents limits","Files; hashes; rights; content review; credentials","LOCAL_UNREVIEWED","ARCHITECTURE_ONLY","DENY","Reference availability is not permission to treat","0.5-draft"
"TD-MAPS-COMMS","TD-ROOT","MAPS_COMMS","OUTCOME","Карты; навигация; время и связь","Navigate and exchange verified short information without internet or GPS dependence","S1_LOW_RISK_HOUSEHOLD","HOUSEHOLD_S1_AFTER_GATE","TD-BASE|TD-MAPS|TD-ROUTES|TD-NAVIGATION|TD-COMMS-RECEIVE|TD-COMMS-PACE|TD-TIME|TD-COMMS-CONTACTS-PAPER|TD-COMMS-WARNINGS|TD-COMMS-CHECKIN|TD-COMMS-MISSED|TD-COMMS-ACCOUNTABILITY|TD-COMMS-REUNION|TD-COMMS-LOCAL-SIGNAL|TD-COMMS-MESSAGE|TD-COMMS-LOG|TD-COMMS-BUILDING-MAP|TD-COMMS-LOCAL-MAP|TD-COMMS-SERVICE-POINTS|TD-COMMS-HAZARD-MAP|TD-COMMS-R1-R3|TD-COMMS-SLOWEST|TD-COMMS-PRIVACY","","MISSING_MAPS_RADIOS_AND_DRILLS","INS-011|INS-012|INS-061|INS-062|INS-063|INS-064","Offline and paper routes; message delivery and independent time checks pass","Known control points; multiple time sources; field verification","MISSING_MAP_PACK","PORTUGAL_ADDRESS_REQUIRED","Batteries and print waste handled","Active hazard; closed route; radio illegality; stale map; GPS disagreement","Quarterly checks and after event","Преемник navigates route and sends structured message","Maps; hashes; print; field log; comms log","MISSING","MISSING","DENY","Current map register has zero actual files","0.5-draft"
"TD-MAPS","TD-MAPS-COMMS","MAPS_COMMS","DRAWING","Адресный map pack","Provide building; local; municipal; hazard; regional and national layers","S1_LOW_RISK_HOUSEHOLD","HOUSEHOLD_S1_AFTER_GATE","TD-BASE-SITE|TD-BASE-ARCHIVE","PSP-089","NO_MAP_FILES","INS-001|INS-002|INS-061|INS-062","Raw and derived hashes; CRS; scale; legend; north; print scale and freshness pass","Known control points and scale measurement","MISSING","MUNICIPALITY_AND_BBOX_REQUIRED","Superseded maps retained and marked","Wrong CRS; stale event layer; missing coverage; privacy exposure","Review per source and after infrastructure change","Преемник opens offline and locates five points","GeoPackage or MBTiles; PDF; print; metadata; field check","MISSING","MISSING","DENY","Generic Portugal map is not a home route","0.5-draft"
"TD-ROUTES","TD-MAPS-COMMS","MAPS_COMMS","TEST","Маршруты A/B/C и точки решения","Reach safe destinations despite one blocked route","S1_LOW_RISK_HOUSEHOLD","HOUSEHOLD_S1_AFTER_GATE","TD-MAPS|TD-BASE-TRAINING","","NO_FIELD_ROUTES","INS-011|INS-061|INS-062","Desk; field; load and timed drills pass; chokepoints and no-go criteria recorded","Independent GNSS/compass/map cross-check","MISSING_ROUTE_CARDS","HOUSEHOLD_AND_ACCESSIBILITY_REQUIRED","Not applicable","Official closure; fire; flood; structural damage; violence; medical limit","Seasonal and after event","Преемник completes alternate route with required load","GPX or geometry; paper card; times; field log","MISSING","MISSING","DENY","No route tested","0.5-draft"
"TD-NAVIGATION","TD-MAPS-COMMS","MAPS_COMMS","TRAINING","Карта; компас; GNSS и нивелирование","Maintain position and direction with independent methods","S2_TRAINED_SUPERVISED","TRAINED_SUPERVISED","TD-MAPS|TD-BASE-METROLOGY","PSP-003","INSTRUMENTS_MISSING","INS-061|INS-062|INS-063|INS-064","Known-course error; closure and repeatability meet task criterion","Known baseline; control points; declination date; two-peg test where applicable","NOT_APPLICABLE","LOCAL_DECLINATION_AND_CRS_REQUIRED","Not applicable","Laser misuse; unsafe terrain; GPS-only decision; magnetic interference","Before trip and scheduled instrument checks","Преемник navigates without GPS and explains uncertainty","Course log; control points; error; evaluator","MISSING","MISSING","DENY","Laser and surveying have separate safety boundaries","0.5-draft"
"TD-COMMS-RECEIVE","TD-MAPS-COMMS","MAPS_COMMS","TOOL","Официальная информация без сети","Receive radio and stored public instructions during outage","S1_LOW_RISK_HOUSEHOLD","HOUSEHOLD_S1_AFTER_GATE","TD-BASE-INVENTORY|TD-BASE-ARCHIVE","","RADIO_MISSING","INS-011","Battery receiver works; frequencies or stations documented; alternate power tested","Known broadcast before outage; battery load test","MISSING_QUICK_CARD","PORTUGAL_BROADCAST_PLAN_REQUIRED","Batteries handled safely","Confusing unofficial source; stale recording; failed power","Quarterly test; battery rotation","Преемник tunes and records source/time","Receiver; manual; test log; station list","MISSING","MISSING","DENY","Receive-only does not equal two-way communication","0.5-draft"
"TD-COMMS-PACE","TD-MAPS-COMMS","MAPS_COMMS","PROCESS","PACE-план связи","Use primary; alternate; contingency and emergency channels in distinct failure domains","S2_TRAINED_SUPERVISED","TRAINED_SUPERVISED","TD-COMMS-RECEIVE|TD-BASE-TRAINING","","MISSING_CHANNELS_AND_CONTACTS","INS-011|INS-012","Message delivered and acknowledged on at least two independent methods; missed-check-in action timed","Known test contacts and clocks","MISSING_MESSAGE_CARDS","PORTUGAL_LAW_AND_REAL_CONTACTS_REQUIRED","Not applicable","Illegal transmission; sensitive disclosure; exhausted power; no acknowledgement","Quarterly drill and after membership change","Преемник executes missed check-in protocol","Contact list; consent; logs; drill","MISSING","MISSING","DENY","Radio transmission needs current legal scope","0.5-draft"
"TD-TIME","TD-MAPS-COMMS","MAPS_COMMS","INSTRUMENT","Автономное время и календарь","Keep timestamps; maintenance and schedules through network loss","S1_LOW_RISK_HOUSEHOLD","HOUSEHOLD_S1_AFTER_GATE","TD-BASE-METROLOGY","","CLOCKS_NOT_INVENTORIED","INS-011|INS-012|INS-066","Two independent clocks compared; drift logged; timezone and calendar convention printed","Multiple sources before disconnect; periodic cross-check","NOT_APPLICABLE","EUROPE_LISBON_RULES_AND_UTC_REQUIRED","Batteries handled safely","Large unexplained divergence; dead backup; ambiguous local time","Monthly compare; spare cells; printed calendar rules","Преемник reconciles clocks and records correction","Clock IDs; comparisons; drift; procedure","MISSING","MISSING","DENY","Time source appliance is only a candidate","0.5-draft"
"TD-KNOWLEDGE","TD-ROOT","KNOWLEDGE","OUTCOME","Офлайн-знания и вычисления","Read; search; verify; reproduce and migrate critical knowledge without network","S1_LOW_RISK_HOUSEHOLD","HOUSEHOLD_S1_AFTER_GATE","TD-BASE|TD-KNOWLEDGE-CORPUS|TD-KNOWLEDGE-READERS|TD-KNOWLEDGE-INDEX|TD-KNOWLEDGE-RESTORE|TD-KNOWLEDGE-TOOLCHAINS|TD-KNOWLEDGE-FIXITY|TD-KNOWLEDGE-COPIES|TD-KNOWLEDGE-MIGRATION|TD-KNOWLEDGE-SEARCH|TD-KNOWLEDGE-PRINT-CORE|TD-KNOWLEDGE-SOURCE-CODE|TD-KNOWLEDGE-COMPILERS|TD-KNOWLEDGE-GIS|TD-KNOWLEDGE-EDA-CAD|TD-KNOWLEDGE-HARDWARE|TD-KNOWLEDGE-READERS-SPARE|TD-KNOWLEDGE-PAPER-FALLBACK|TD-KNOWLEDGE-LANGUAGE|TD-KNOWLEDGE-RIGHTS|TD-KNOWLEDGE-SUCCESSOR","","STARTER_CORPUS_IN_BUILD","INS-065|INS-066|INS-067|INS-068|INS-069|INS-070","Released corpus opens; hashes pass; search and blank-device restore succeed","Two hash tools; known test vectors; independent media","NOT_APPLICABLE","PUBLIC_PRIVATE_RIGHTS_SPLIT_REQUIRED","Media and personal data disposed securely","Single device; rights unclear; corrupted file; no reader; unreviewed candidate mixed with released","Full read; restore; migration rehearsal and refresh schedule","Преемник restores and finds assigned procedures","Payload manifest; rights; hashes; tests; restore logs","LOCAL_UNREVIEWED","ARCHITECTURE_ONLY","DENY","Current base kit is tiny architecture only","0.5-draft"
"TD-KNOWLEDGE-CORPUS","TD-KNOWLEDGE","KNOWLEDGE","KNOWLEDGE","Локальный критический корпус","Materialize exact books; manuals; maps; drawings and datasets","S0_OBSERVE_READ","HOUSEHOLD_S0","TD-BASE-ARCHIVE|TD-BASE-SAFETY","","STARTER_DOWNLOADS_CANDIDATE","","Every file has source; edition; rights; audience; local path; bytes; SHA-256; open and content-review states","Publisher provenance and optional upstream checksum","NOT_APPLICABLE","PORTUGAL_PLUS_GENERAL_SEPARATED","Superseded and quarantined content separated","Rights unclear; executable unscanned; medical audience mismatch; stale law","Per update class and annual manifest review","Преемник distinguishes candidate from released","Register; license evidence; hashes; review","LOCAL_UNREVIEWED","ARCHITECTURE_ONLY","DENY","Downloaded does not mean released","0.5-draft"
"TD-KNOWLEDGE-READERS","TD-KNOWLEDGE","KNOWLEDGE","TOOL","Офлайн readers и установщики","Open PDF; ZIM; EPUB; GIS; CAD and common archives without app store","S1_LOW_RISK_HOUSEHOLD","HOUSEHOLD_S1_AFTER_GATE","TD-KNOWLEDGE-CORPUS|TD-BASE-INVENTORY","","READERS_MISSING_OR_UNTESTED","INS-065","Each critical format opens on primary and backup device; installer hash and license stored","Known sample files; OS and architecture recorded","NOT_APPLICABLE","ACTUAL_HARDWARE_AND_OS_REQUIRED","Old executables quarantined rather than silently run","Unsigned executable; incompatible architecture; no clean device","Annual offline launch and after OS change","Преемник installs on clean backup and opens samples","Installers; source; signatures; launch log","MISSING","MISSING","DENY","Kiwix reader candidate must be tested; DMG alone is not capability","0.5-draft"
"TD-KNOWLEDGE-INDEX","TD-KNOWLEDGE","KNOWLEDGE","PROCESS","Поисковый индекс released-корпуса","Find answers without mixing candidates and approved content","S1_LOW_RISK_HOUSEHOLD","HOUSEHOLD_S1_AFTER_GATE","TD-KNOWLEDGE-CORPUS|TD-KNOWLEDGE-READERS","","NO_RELEASED_INDEX","INS-065","Index includes only allowed root; page or section traceability; test queries pass","Manifest-to-index reconciliation and known query set","NOT_APPLICABLE","LANGUAGE_AND_ACCESS_REQUIRED","Index can be rebuilt; no sole copy","Candidate contamination; missing source pointer; corrupt index","After corpus change; annual rebuild rehearsal","Преемник answers ten retrieval tasks and cites local path","Index; build command; query results; reconciliation","MISSING","MISSING","DENY","Current tool does not extract PDF/ZIM automatically","0.5-draft"
"TD-KNOWLEDGE-RESTORE","TD-KNOWLEDGE","KNOWLEDGE","TEST","Blank-device restore","Prove archive survival beyond current computer","S1_LOW_RISK_HOUSEHOLD","HOUSEHOLD_S1_AFTER_GATE","TD-KNOWLEDGE-CORPUS|TD-KNOWLEDGE-READERS|TD-KNOWLEDGE-INDEX","","NO_MEDIA_OR_TEST","INS-011|INS-065|INS-069","Network disabled; different person; clean device; manifests; readers; index and samples pass within measured RTO","Previously recorded hashes and independent tool","NOT_APPLICABLE","OFFSITE_AND_PRIVATE_KEYS_REQUIRED","Secure wipe only when authorized; preserve failed media evidence","Only one copy; lost key; reader absent; hash mismatch","Annual and after media migration","Преемник completes restore without author","Full log; RTO; power used; errors; signatures","MISSING","MISSING","DENY","No physical media records exist","0.5-draft"
"TD-KNOWLEDGE-TOOLCHAINS","TD-KNOWLEDGE","KNOWLEDGE","TOOL","Открытые CAD; EDA; code and data toolchains","Edit drawings; rebuild software and migrate formats offline","S2_TRAINED_SUPERVISED","TRAINED_SUPERVISED","TD-KNOWLEDGE-READERS|TD-BASE-TRAINING","PSP-072|PSP-074|PSP-080|PSP-081|PSP-109|SUP-MDE-023|SUP-MDE-027","NOT_DOWNLOADED","INS-065|INS-066","Installer/source/dependencies build or launch offline on documented platform; sample project round-trip passes","Known sample project and reproducible hashes where possible","NOT_APPLICABLE","HARDWARE_OS_AND_LICENSE_REQUIRED","Build artifacts and old dependencies quarantined","Untrusted package; unsigned binary; dependency gap; unsafe hardware output","Version-pinned refresh and rebuild rehearsal","Преемник edits and exports sample without network","Source; installer; lockfiles; build log; sample output","MISSING","MISSING","DENY","A URL to FreeCAD or KiCad is not a toolchain","0.5-draft"
"TD-GOV","TD-ROOT","GOVERNANCE","OUTCOME","Управление группы; права и экономика","Coordinate one to seven people without single-leader failure or coercion","S1_LOW_RISK_HOUSEHOLD","HOUSEHOLD_S1_AFTER_GATE","TD-BASE|TD-GOV-ROLES|TD-GOV-LEDGER|TD-GOV-SAFEGUARD|TD-GOV-SUCCESSION|TD-GOV-CONFLICT|TD-GOV-LIMITS|TD-GOV-AUDIT|TD-GOV-GRIEVANCE|TD-GOV-VULNERABLE|TD-GOV-LAW|TD-GOV-BIRTH-DEATH|TD-GOV-TRADE|TD-GOV-COMMUNITY|TD-GOV-PROCUREMENT|TD-GOV-STOCK|TD-GOV-WAREHOUSE|TD-GOV-DISTRIBUTION|TD-GOV-LABOR|TD-GOV-RECOVERY|TD-GOV-RELOCATION","","NOT_ADOPTED","","Roles accepted; rights protected; resources traceable; succession and appeal drills pass","Signed current version and tabletop exercises","NOT_APPLICABLE","PORTUGAL_LAW_AND_REAL_PEOPLE_REQUIRED","Not applicable","No consent; abuse; hidden ledger; exhausted decision-maker; unresolved legal authority","Monthly operational; annual charter and succession review","Преемник assumes role lawfully and produces complete handoff","Signed charter; roster; logs; exercises","MISSING","MISSING","DENY","Templates are not agreements","0.5-draft"
"TD-GOV-ROLES","TD-GOV","GOVERNANCE","GOVERNANCE","Функции; primary; backup и пределы полномочий","Ensure every critical function has an owner and safe fallback","S1_LOW_RISK_HOUSEHOLD","HOUSEHOLD_S1_AFTER_GATE","TD-BASE-TRAINING","","PLANNED_PSEUDONYMS_ONLY","","Every real person accepts role; availability; limits and conflicts checked","Roster revision and consent cross-check","NOT_APPLICABLE","REAL_GROUP_REQUIRED","Not applicable","Unaccepted role; unavailable backup; medical or legal scope missing","After membership or health change","Backup runs one shift with handoff","Accepted roster; availability; role gates","MISSING","MISSING","DENY","Current profiles are templates","0.5-draft"
"TD-GOV-LEDGER","TD-GOV","GOVERNANCE","PROCESS","Прозрачный ресурсный журнал","Track stock; ration decisions; transfers and discrepancies","S1_LOW_RISK_HOUSEHOLD","HOUSEHOLD_S1_AFTER_GATE","TD-BASE-INVENTORY|TD-GOV-ROLES","","NO_REAL_TRANSACTIONS","INS-009|INS-011","Opening plus receipts minus use minus closing reconciles; variances signed","Blind count and arithmetic cross-check","NOT_APPLICABLE","GROUP_PRIVACY_REQUIRED","Spoilage and waste dispositions recorded","Hidden allocation; unexplained loss; coercive rationing; falsified record","Daily during incident; monthly otherwise","Преемник reconciles sample period","Ledger; counts; approvals; variances","MISSING","MISSING","DENY","Two example rows do not prove an accounting system","0.5-draft"
"TD-GOV-SAFEGUARD","TD-GOV","GOVERNANCE","GOVERNANCE","Согласие; защита уязвимых и жалоба","Prevent emergency power from becoming abuse","S0_OBSERVE_READ","HOUSEHOLD_S0","TD-GOV-ROLES","","POLICY_NOT_ADOPTED","","People know rights; private complaint route; mandatory escalation and review exist","Independent review where possible","NOT_APPLICABLE","PORTUGAL_RIGHTS_AND_CARE_RULES_REQUIRED","Not applicable","Violence; coercion; exploitation; retaliation; unsafe care","Regular check-ins and after incident","Another participant demonstrates complaint and emergency bypass","Signed policy; contact routes; case review","MISSING","MISSING","DENY","Full isolation increases rather than removes safeguarding need","0.5-draft"
"TD-GOV-SUCCESSION","TD-GOV","GOVERNANCE","TEST","Передача ролей; ключей и знаний","Continue operation when a person is absent; incapacitated or dead","S1_LOW_RISK_HOUSEHOLD","HOUSEHOLD_S1_AFTER_GATE","TD-GOV-ROLES|TD-BASE-ARCHIVE|TD-BASE-TRAINING","","NO_TESTED_SUCCESSION","","Successor receives lawful access; finds records; runs safe shift and documents handoff","Tabletop plus live low-risk exercise","NOT_APPLICABLE","REAL_PEOPLE_ASSETS_AND_LAW_REQUIRED","Not applicable","Unauthorized access; missing consent; lost key; competency gap","Annual and after role change","Named successor completes blind handoff","Succession record; access test; exercise","MISSING","MISSING","DENY","Single author is current failure mode","0.5-draft"
"TD-GOV-CONFLICT","TD-GOV","GOVERNANCE","PROCESS","Разрешение конфликтов и право апелляции","Resolve disputes without violence; coercion or permanent emergency rule","S0_OBSERVE_READ","HOUSEHOLD_S0","TD-GOV-SAFEGUARD|TD-GOV-ROLES","","PROCESS_NOT_ADOPTED","","Neutral facilitation path; temporary decision limits; review and record exist","Scenario tabletop and participant feedback","NOT_APPLICABLE","PORTUGAL_LAW_AND_EXTERNAL_ROUTE_WHERE_AVAILABLE","Not applicable","Threat; violence; vulnerable person risk; conflict of interest","After exercise and incident","Another person chairs a tabletop fairly","Procedure; cases; decisions; review","MISSING","MISSING","DENY","External isolation does not justify authoritarian control","0.5-draft"
"TD-HAZARDS","TD-ROOT","HAZARD","OUTCOME","Опасные технологии только как границы","Recognize; isolate; evacuate and obtain competent help without household fabrication","S4_REFERENCE_ONLY_PROHIBITED_HOUSEHOLD","REFERENCE_ONLY_NO_BUILD","TD-BASE-SAFETY","SG-01|SG-02|SG-03|SG-04|SG-05|SG-06|SG-07|SG-08|SG-09|SG-10|SG-11|SG-12|SG-13|SG-14|SG-15|SG-16|SG-17","NO_BUILD_MATERIALS","","Recognition and emergency route are documented; no synthesis or build steps exist","Official hazard labels; SDS; emergency authority sources","NO_BUILD_DRAWINGS","PORTUGAL_EMERGENCY_AND_WASTE_ROUTES_REQUIRED","Competent legal disposal only","Any contact; mixing; heating; pressure; unknown identity or damaged container","Review labels and emergency contacts","Преемник chooses distance; isolation and 112 rather than experimenting","Boundary card; source; drill without material","BOUNDARY_DEFINED","REFERENCE_ONLY","REFERENCE_ONLY","Permanent no-build parent","0.5-draft"
"TD-HAZ-OXIDIZERS","TD-HAZARDS","HAZARD","HAZARD_BOUNDARY","Селитра; нитраты и окислители","Recognize oxidizer hazard and prevent incompatible storage","S4_REFERENCE_ONLY_PROHIBITED_HOUSEHOLD","REFERENCE_ONLY_NO_BUILD","TD-BASE-SAFETY","","NO_EXTRACTION_OR_SYNTHESIS","","Correct label recognition; separation; evacuation and authority route only","Official label; SDS and competent authority","NO_PROCESS_OR_BUILD_DRAWINGS","PORTUGAL_CHEMICAL_RULES_REQUIRED","Competent legal disposal","Unknown material; contamination; damaged pack; heat; smoke; fire","Label and storage audit only","Преемник identifies no-touch scenario and calls correct route","Boundary card; SDS for owned legal product; drill","BOUNDARY_DEFINED","REFERENCE_ONLY","REFERENCE_ONLY","No extraction; purification; concentration or synthesis","0.5-draft"
"TD-HAZ-ENERGETICS","TD-HAZARDS","HAZARD","HAZARD_BOUNDARY","Порох; взрывчатые и зажигательные составы","Avoid handling and move people away from suspected energetic material","S4_REFERENCE_ONLY_PROHIBITED_HOUSEHOLD","REFERENCE_ONLY_NO_BUILD","TD-BASE-SAFETY","","NO_RECIPES_NO_MATERIALS","","Correct no-touch; isolation; evacuation and 112 or police notification","Competent authority only","NO_RECIPES_NO_DRAWINGS","PORTUGAL_POLICE_AND_EMERGENCY_ROUTE_REQUIRED","Competent legal disposal only","Suspected device or material; heat; friction; smoke; damaged ammunition","Emergency contacts only","Преемник does not touch and controls access from safe distance","Boundary card and tabletop","BOUNDARY_DEFINED","REFERENCE_ONLY","REFERENCE_ONLY","No proportions; manufacture; testing or optimization","0.5-draft"
"TD-HAZ-REACTIVE-CHEM","TD-HAZARDS","HAZARD","HAZARD_BOUNDARY","Реактивная и неизвестная химия","Prevent mixing; toxic gas; burns and contaminated food or water","S4_REFERENCE_ONLY_PROHIBITED_HOUSEHOLD","REFERENCE_ONLY_NO_BUILD","TD-BASE-SAFETY","","NO_HOME_REACTIVE_CHEMISTRY","","Unknowns remain unidentified by home experimentation; area isolated","Official label; SDS; CIAV or competent laboratory","NO_BUILD_DRAWINGS","PORTUGAL_CIAV_AND_WASTE_ROUTE_REQUIRED","Licensed hazardous-waste route","Unknown identity; leak; odor; reaction; heat; damaged container","Storage audit only","Преемник isolates and communicates label information","Boundary card; owned-product SDS; contact drill","BOUNDARY_DEFINED","REFERENCE_ONLY","REFERENCE_ONLY","SDS does not create a laboratory","0.5-draft"
"TD-HAZ-MED-SYNTH","TD-HAZARDS","HAZARD","HAZARD_BOUNDARY","Синтез лекарств; анестетиков и инъекций","Block unregulated manufacture and route health needs safely","S4_REFERENCE_ONLY_PROHIBITED_HOUSEHOLD","REFERENCE_ONLY_NO_BUILD","TD-BASE-SAFETY|TD-HEALTH-MEDS","","NO_SYNTHESIS","","Only legitimate medicine reconciliation; storage and professional supply routes","Licensed pharmacist or clinician","NO_RECIPES_NO_DRAWINGS","PORTUGAL_MEDICINE_LAW_REQUIRED","Pharmacy return or regulated disposal","Unknown substance; counterfeit; expired or wrong-person medicine","Inventory and expiry review","Преемник refuses synthesis and follows patient plan","Boundary card; medication plan; contacts","BOUNDARY_DEFINED","REFERENCE_ONLY","REFERENCE_ONLY","No compounding or injectable manufacture in household layer","0.5-draft"
"TD-HAZ-MAINS","TD-HAZARDS","HAZARD","HAZARD_BOUNDARY","Сеть 230 V; щиты и высокое напряжение","Recognize electrical danger; isolate only by user-operable controls and call qualified help","S3_LICENSED_PROFESSIONAL","LICENSED_ONLY","TD-BASE-SAFETY","","NO_HOUSEHOLD_PANEL_WORK","INS-073","Qualified inspection and test only","Calibrated jurisdiction-approved test equipment","NO_DIY_PANEL_DRAWINGS","PORTUGAL_LICENSED_ELECTRICIAN_REQUIRED","Electrical waste route","Live parts; water; arcing; burning odor; unknown circuit; backfeed","Professional inspection","Household successor recognizes no-go and evacuates if needed","Boundary card; inspection certificate; drill","BOUNDARY_DEFINED","REFERENCE_ONLY","REFERENCE_ONLY","No live work or panel opening","0.5-draft"
"TD-HAZ-PRESSURE-GAS","TD-HAZARDS","HAZARD","HAZARD_BOUNDARY","Газ; давление и герметично нагреваемые сосуды","Avoid explosion; leak and CO risk","S4_REFERENCE_ONLY_PROHIBITED_HOUSEHOLD","REFERENCE_ONLY_NO_BUILD","TD-BASE-SAFETY","","NO_DIY_PRESSURE_OR_GAS","INS-024","Only certified equipment; professional inspection; alarms and emergency route","OEM and licensed service","NO_DIY_DESIGN","PORTUGAL_GAS_AND_PRESSURE_RULES_REQUIRED","Certified disposal and cylinder route","Odor; hiss; damaged valve; heat; corrosion; failed relief; CO alarm","Professional schedule","Преемник evacuates and calls service without manipulating leak","Boundary card; manuals; inspection and alarm drill","BOUNDARY_DEFINED","REFERENCE_ONLY","REFERENCE_ONLY","No pressure-vessel fabrication or repair","0.5-draft"
"TD-HAZ-STRUCTURE","TD-HAZARDS","HAZARD","HAZARD_BOUNDARY","Несущие конструкции; склоны и фундаменты","Prevent collapse from unreviewed modification","S3_LICENSED_PROFESSIONAL","LICENSED_ONLY","TD-BASE-SAFETY|TD-SHELTER-SURVEY","","NO_HOUSEHOLD_STRUCTURAL_WORK","","Qualified design; permit and inspection only","Licensed engineer and survey control","PROFESSIONAL_ONLY","PORTUGAL_BUILDING_RULES_REQUIRED","Construction waste by material class","Crack movement; settlement; storm damage; unknown load; excavation","Professional inspection","Преемник closes access and escalates defect","Boundary card; reports; permits; inspection","BOUNDARY_DEFINED","REFERENCE_ONLY","REFERENCE_ONLY","No structural build instructions in household execution","0.5-draft"
"TD-FUELS","TD-ROOT","ENERGY_FUELS","OUTCOME","Топливо; смазки и тепловые носители","Сократить спрос; законно хранить готовое топливо; сохранить промышленное знание без опасной домашней переработки","S3_LICENSED_PROFESSIONAL","LICENSED_ONLY","TD-BASE|TD-FUEL-DEMAND|TD-FUEL-STORAGE|TD-FUEL-SOLID|TD-FUEL-VEGOIL|TD-FUEL-LUBRICANTS|TD-FUEL-ENGINE-COMPAT|TD-FUEL-PETROLEUM-REFINING|TD-FUEL-ETHANOL|TD-FUEL-BIODIESEL|TD-FUEL-BIOGAS|TD-FUEL-PRODUCER-GAS|TD-FUEL-USE-COOK|TD-FUEL-USE-HEAT|TD-FUEL-USE-POWER|TD-FUEL-USE-TRANSPORT|TD-FUEL-PRODUCT-ID|TD-FUEL-BATCH-ACCEPT|TD-FUEL-ROTATION|TD-FUEL-SPILL|TD-FUEL-EXHAUST|TD-FUEL-ASH|TD-FUEL-CONSUMPTION|TD-FUEL-ALTERNATIVE|TD-FUEL-WOODLOT|TD-FUEL-WOOD-DRY","","NO_FUEL_SYSTEM_OR_STOCK","INS-009|INS-011|INS-013|INS-017|INS-023|INS-024|INS-045|INS-053","Demand; legal storage; fire separation; compatibility; turnover and professional production boundaries documented","Certified containers; OEM data; qualified fire and process review","MISSING_SYSTEM_LAYOUT","PORTUGAL_FIRE_ENVIRONMENT_TAX_AND_FUEL_RULES_REQUIRED","Fuel; oils; filters; contaminated soil and containers use licensed routes","Leak; vapor; heat; smoke; wrong fuel; unknown mixture; pressure; confined space","Stock rotation; seals; filters; spill kit; fire systems; alternative mobility","Преемник identifies products; performs safe shutdown and refuses prohibited production","Inventory; SDS; site plan; inspections; consumption log; professional sources","MISSING","MISSING","DENY","This branch catalogs gasoline; diesel; kerosene and alternatives without household refining recipes","0.5-draft"
"TD-FUEL-DEMAND","TD-FUELS","ENERGY_FUELS","TEST","Топливный баланс и сокращение спроса","Measure real liters or kilograms per service unit and prioritize non-fuel alternatives","S1_LOW_RISK_HOUSEHOLD","HOUSEHOLD_S1_AFTER_GATE","TD-BASE-INVENTORY|TD-ENERGY-LOADS","","NO_CONSUMPTION_LOG","INS-009|INS-011","Consumption by device; task; season and reserve days reconciles to stock changes","Known container volume or mass check; odometer or runtime cross-check","NOT_APPLICABLE","EXACT_ASSETS_AND_SITE_REQUIRED","Spills and waste recorded","Unknown leak; inconsistent reconciliation; unsafe measurement near ignition","Each refill and monthly balance","Преемник reconciles one period and finds a planted discrepancy","Raw stock counts; receipts; runtime; service output; uncertainty","MISSING","MISSING","DENY","Do not open fuel systems to measure consumption","0.5-draft"
"TD-FUEL-STORAGE","TD-FUELS","ENERGY_FUELS","MATERIAL","Хранение готового законного топлива","Retain only permitted quantities in certified compatible containers away from people; food; water and ignition","S3_LICENSED_PROFESSIONAL","LICENSED_ONLY","TD-BASE-SITE|TD-BASE-MATERIALS|TD-FUEL-DEMAND","","NO_APPROVED_STORAGE","INS-013|INS-017|INS-024|INS-071","Fire-code and environmental review; container compatibility; labels; secondary containment; turnover and emergency access pass","Manufacturer container specification; fire professional inspection","MISSING_STORAGE_PLAN","PORTUGAL_LOCAL_RULES_REQUIRED","Licensed fuel and contaminated-absorbent disposal","Odor; leak; bulging; corrosion; heat; ignition source; flood; living-space storage","Frequent visual check; dated rotation; spare seals only if OEM-approved","Преемник evacuates and uses emergency route; does not improvise transfer","Permits where needed; SDS; photos; inspections; stock log","MISSING","MISSING","DENY","Not a household permission to stockpile","0.5-draft"
"TD-FUEL-SOLID","TD-FUELS","ENERGY_FUELS","MATERIAL","Древесное топливо; пеллеты; брикеты и древесный уголь","Catalog sustainable ready solid fuels; moisture; storage; combustion device and ash route","S2_TRAINED_SUPERVISED","TRAINED_SUPERVISED","TD-SHELTER-SURVEY|TD-FIRE-CO|TD-BASE-MATERIALS","","NO_APPROVED_APPLIANCE_OR_STOCK","INS-009|INS-013|INS-017|INS-024","Known fuel; dry storage; certified appliance; flue inspection; CO and fire tests; measured consumption","Moisture method; certified detector and professional flue check","MISSING_FUEL_STORE_AND_APPLIANCE_MANUALS","PORTUGAL_FIRE_AIR_AND_FORESTRY_RULES_REQUIRED","Ash cooled and managed only after contamination and soil-use review","Indoor smoke; CO; chimney defect; treated wood; wildfire restrictions; hot ash","Chimney and appliance service; dry stock; seals and detector replacement","Преемник operates only certified appliance and completes shutdown drill","Fuel provenance; moisture; appliance manual; inspections; consumption log","MISSING","MISSING","DENY","Charcoal manufacture is a separate high-CO and fire process; not authorized here","0.5-draft"
"TD-FUEL-CHARCOAL-MAKING","TD-FUELS","ENERGY_FUELS","HAZARD_BOUNDARY","Производство древесного угля и пиролиз","Preserve only industrial or professionally supervised knowledge while preventing CO; fire and wildfire harm","S4_REFERENCE_ONLY_PROHIBITED_HOUSEHOLD","REFERENCE_ONLY_NO_BUILD","TD-BASE-SAFETY","","NO_HOME_PYROLYSIS","","No-build boundary; recognition of CO; uncontrolled heat and wildfire risk","Competent fire and process authority","NO_BUILD_DRAWINGS","PORTUGAL_FIRE_FORESTRY_AND_EMISSIONS_RULES_REQUIRED","Licensed ash; tar and contaminated-condensate routes","CO; smoke; hot vessel; pressure; wildfire condition; unknown feedstock","Authority review only","Преемник refuses household kiln construction and evacuates on CO or fire signs","Boundary card; official sources; tabletop","BOUNDARY_DEFINED","REFERENCE_ONLY","REFERENCE_ONLY","No kiln recipe; temperature schedule or yield optimization","0.5-draft"
"TD-FUEL-VEGOIL","TD-FUELS","ENERGY_FUELS","PROCESS","Механическое получение растительного масла","Catalog crop; food-versus-fuel tradeoff; pressing; filtration; storage and safe non-engine uses","S2_TRAINED_SUPERVISED","TRAINED_SUPERVISED","TD-FOOD-SITE|TD-HARVEST-STORAGE|TD-WORKSHOP|TD-BASE-MATERIALS","","NO_PRESS_OR_CROP_EVIDENCE","INS-009|INS-011|INS-013|INS-017","Known seed; measured oil yield; contamination controls; food allocation and storage stability reviewed","Scale; reference sample; crop-specific quality method","MISSING_PRESS_PACKAGE","PORTUGAL_FOOD_FEED_WASTE_AND_FUEL_RULES_REQUIRED","Press cake; rancid oil and filters routed by intended use and contamination","Unknown or treated seed; mold; machinery pinch; hot bearing; solvent extraction","Press inspection; food-contact cleaning; spare wear parts","Преемник conducts only an approved low-energy mechanical demonstration","Crop lot; yield log; machine guards; quality and allocation review","MISSING","MISSING","DENY","Solvent extraction and direct engine use are not included","0.5-draft"
"TD-FUEL-LUBRICANTS","TD-FUELS","ENERGY_FUELS","MATERIAL","Смазки; гидравлические и охлаждающие жидкости","Keep exact specifications; compatibility; shelf life; contamination control and substitutes","S2_TRAINED_SUPERVISED","TRAINED_SUPERVISED","TD-BASE-MATERIALS|TD-BASE-INVENTORY|TD-BASE-MAINTENANCE","","NO_ASSET_SPECIFIC_LUBE_REGISTER","INS-009|INS-013|INS-017","Every asset maps to exact grade; quantity; change interval; contamination check and approved substitute","OEM manual; batch label; temperature range","NOT_APPLICABLE","PORTUGAL_CHEMICAL_AND_WASTE_RULES_REQUIRED","Used oils and fluids via licensed collection","Wrong grade; water contamination; unknown mix; leak; hot system; pressure","Per OEM; sealed stock rotation; filters and seals","Преемник selects correct product and rejects unsafe substitution","OEM refs; SDS; lot; service logs; substitute approval","MISSING","MISSING","DENY","Vegetable oil is not automatically a safe machinery lubricant","0.5-draft"
"TD-FUEL-ENGINE-COMPAT","TD-FUELS","ENERGY_FUELS","TEST","Совместимость топлива с двигателем или горелкой","Prevent damage; fire; emissions and unsafe improvisation from alternative fuel","S3_LICENSED_PROFESSIONAL","LICENSED_ONLY","TD-FUEL-STORAGE|TD-BASE-MAINTENANCE","","NO_ENGINE_OR_FUEL_TEST","INS-013|INS-017|INS-023|INS-024|INS-045","OEM or qualified conversion approval; materials compatibility; emissions; thermal and shutdown tests pass","Calibrated professional instruments and manufacturer data","MISSING_ASSET_SCHEMATIC","PORTUGAL_VEHICLE_EMISSIONS_FIRE_AND_TAX_RULES_REQUIRED","Fuel; filters; oils and contaminated parts use licensed routes","Wrong fuel; leak; knock; overheating; smoke; CO; warranty or legal noncompliance","Qualified service; filters; seals; injectors; safe standard-fuel fallback","Qualified successor performs only authorized inspection and shutdown","Approval; test report; emissions; service records","MISSING","MISSING","DENY","No direct vegetable-oil; homemade-fuel or improvised burner instructions","0.5-draft"
"TD-FUEL-PETROLEUM-REFINING","TD-FUELS","ENERGY_FUELS","HAZARD_BOUNDARY","Нефть; нефтепереработка и фракции","Preserve conceptual industrial knowledge for gasoline; diesel; kerosene; LPG and feedstocks without household processing","S4_REFERENCE_ONLY_PROHIBITED_HOUSEHOLD","REFERENCE_ONLY_NO_BUILD","TD-BASE-SAFETY","","NO_HOME_REFINING","","No-build boundary; only product identification; hazards; storage compatibility and industrial system overview","Accredited petroleum engineering and safety sources","NO_PROCESS_CONDITIONS_OR_BUILD_DRAWINGS","PORTUGAL_INDUSTRIAL_ENVIRONMENT_FIRE_AND_TAX_RULES_REQUIRED","Industrial hazardous-waste and emissions controls","Flammable vapor; toxic gas; hot oil; pressure; static; catalyst; confined space; unknown feed","Industrial integrity management only","Преемник explains why domestic distillation or cracking is prohibited","Boundary card; professional source shelf; hazard taxonomy","BOUNDARY_DEFINED","REFERENCE_ONLY","REFERENCE_ONLY","Covers gasoline; diesel and kerosene as outputs; no recipes; cut points or operating parameters","0.5-draft"
"TD-FUEL-GASOLINE","TD-FUEL-PETROLEUM-REFINING","ENERGY_FUELS","HAZARD_BOUNDARY","Бензин","Identify finished product; extreme vapor and ignition risk; storage and engine compatibility","S4_REFERENCE_ONLY_PROHIBITED_HOUSEHOLD","REFERENCE_ONLY_NO_BUILD","TD-FUEL-PETROLEUM-REFINING|TD-FUEL-STORAGE","","NO_PRODUCTION_DATA","","No-build; correct label; certified storage and spill or fire response only","Product SDS and competent fire authority","NO_REFINING_DRAWINGS","PORTUGAL_FUEL_RULES_REQUIRED","Licensed fuel and contaminated-material disposal","Vapor; leak; ignition; wrong container; static; ingestion; water contamination","Stock inspection only","Преемник identifies emergency response and refuses transfer in unsafe conditions","Boundary card; SDS; inventory","BOUNDARY_DEFINED","REFERENCE_ONLY","REFERENCE_ONLY","No distillation; blending; octane modification or engine experiments","0.5-draft"
"TD-FUEL-DIESEL","TD-FUEL-PETROLEUM-REFINING","ENERGY_FUELS","HAZARD_BOUNDARY","Дизельное топливо","Identify finished product; contamination; storage and exact-engine compatibility","S4_REFERENCE_ONLY_PROHIBITED_HOUSEHOLD","REFERENCE_ONLY_NO_BUILD","TD-FUEL-PETROLEUM-REFINING|TD-FUEL-STORAGE","","NO_PRODUCTION_DATA","","No-build; label; certified storage; water and microbial contamination routed to qualified service","Product SDS; OEM specification","NO_REFINING_DRAWINGS","PORTUGAL_FUEL_RULES_REQUIRED","Licensed disposal","Leak; contamination; wrong grade; hot surface; unsafe transfer","Stock rotation and qualified fuel-system service","Преемник identifies product and shutdown route","Boundary card; SDS; inventory; OEM refs","BOUNDARY_DEFINED","REFERENCE_ONLY","REFERENCE_ONLY","No homemade diesel or refinery procedure","0.5-draft"
"TD-FUEL-KEROSENE","TD-FUEL-PETROLEUM-REFINING","ENERGY_FUELS","HAZARD_BOUNDARY","Керосин и реактивные средние дистилляты","Identify exact finished product and prevent substitution; vapor; indoor combustion and contamination harm","S4_REFERENCE_ONLY_PROHIBITED_HOUSEHOLD","REFERENCE_ONLY_NO_BUILD","TD-FUEL-PETROLEUM-REFINING|TD-FUEL-STORAGE","","NO_PRODUCTION_DATA","","No-build; exact label; certified appliance or engine approval; safe storage only","Product SDS and OEM specification","NO_REFINING_DRAWINGS","PORTUGAL_FUEL_AND_FIRE_RULES_REQUIRED","Licensed disposal","Indoor combustion; CO; leak; wrong product; ingestion; water contamination","Stock inspection; qualified appliance service","Преемник refuses unapproved substitution and follows alarm response","Boundary card; SDS; inventory; OEM refs","BOUNDARY_DEFINED","REFERENCE_ONLY","REFERENCE_ONLY","No household distillation or fractionation","0.5-draft"
"TD-FUEL-ETHANOL","TD-FUELS","ENERGY_FUELS","HAZARD_BOUNDARY","Топливный этанол и перегонка","Preserve regulatory and industrial overview without home distillation or fuel blending","S4_REFERENCE_ONLY_PROHIBITED_HOUSEHOLD","REFERENCE_ONLY_NO_BUILD","TD-BASE-SAFETY","","NO_DISTILLATION_OR_FUEL_BLEND","","No-build; product identification; legal storage and fire response only","Competent excise; fire and process authorities","NO_STILL_OR_PROCESS_DRAWINGS","PORTUGAL_EXCISE_FIRE_AND_ENVIRONMENT_RULES_REQUIRED","Licensed alcohol and contaminated-waste routes","Flammable vapor; fire; toxic contamination; pressure; hot still; illegal production","Industrial controls only","Преемник recognizes no-go and uses legal supplier","Boundary card; professional sources","BOUNDARY_DEFINED","REFERENCE_ONLY","REFERENCE_ONLY","No mash; distillation; dehydration or blend recipe","0.5-draft"
"TD-FUEL-BIODIESEL","TD-FUELS","ENERGY_FUELS","HAZARD_BOUNDARY","Биодизель и переэтерификация","Preserve industrial overview while blocking toxic; caustic and flammable home processing","S4_REFERENCE_ONLY_PROHIBITED_HOUSEHOLD","REFERENCE_ONLY_NO_BUILD","TD-BASE-SAFETY|TD-FUEL-ENGINE-COMPAT","","NO_CHEMICAL_PROCESS","","No-build; finished certified product identification and compatibility only","Qualified chemical process; fuel standard and OEM sources","NO_REACTOR_OR_PROCESS_DRAWINGS","PORTUGAL_CHEMICAL_FUEL_ENVIRONMENT_AND_TAX_RULES_REQUIRED","Licensed methanol; catalyst; glycerol and wash-waste routes","Methanol; caustic; vapor; heat; pressure; wrong fuel; contaminated wash water","Industrial process controls only","Преемник refuses home reaction and checks certified product standard","Boundary card; professional sources; OEM compatibility","BOUNDARY_DEFINED","REFERENCE_ONLY","REFERENCE_ONLY","No proportions; reaction conditions; washing or quality shortcuts","0.5-draft"
"TD-FUEL-BIOGAS","TD-FUELS","ENERGY_FUELS","HAZARD_BOUNDARY","Биогаз; digesters and gas storage","Preserve agricultural and industrial overview while preventing confined-space; pathogen; pressure and explosion harm","S4_REFERENCE_ONLY_PROHIBITED_HOUSEHOLD","REFERENCE_ONLY_NO_BUILD","TD-BASE-SAFETY","","NO_DIGESTER_OR_GAS_SYSTEM","","No-build; hazard recognition; site exclusion and qualified system operation only","Qualified process; gas; sanitation and environmental sources","NO_DIGESTER_DRAWINGS","PORTUGAL_GAS_WASTE_AGRICULTURE_AND_BUILDING_RULES_REQUIRED","Digestate and gas-system waste under approved plan","Methane; H2S; CO2; pressure; confined space; pathogens; leak; fire","Professional gas integrity and process monitoring","Преемник evacuates on alarm and never enters vessel","Boundary card; professional sources; emergency drill","BOUNDARY_DEFINED","REFERENCE_ONLY","REFERENCE_ONLY","No digester sizing; inoculation; gas purification or burner instructions","0.5-draft"
"TD-FUEL-PRODUCER-GAS","TD-FUELS","ENERGY_FUELS","HAZARD_BOUNDARY","Газификация; producer gas and syngas","Preserve conceptual industrial knowledge while blocking lethal CO and fire hazards","S4_REFERENCE_ONLY_PROHIBITED_HOUSEHOLD","REFERENCE_ONLY_NO_BUILD","TD-BASE-SAFETY","","NO_GASIFIER","","No-build; recognize CO; tar; hot surfaces and gas leak; evacuate","Qualified combustion and process safety sources","NO_GASIFIER_DRAWINGS","PORTUGAL_FIRE_EMISSIONS_AND_EQUIPMENT_RULES_REQUIRED","Tar; ash and condensate under licensed route","CO; explosion; backfire; hot char; tar; confined space; unknown fuel","Industrial inspection only","Преемник refuses indoor or improvised system and follows CO alarm response","Boundary card; professional sources","BOUNDARY_DEFINED","REFERENCE_ONLY","REFERENCE_ONLY","No gasifier construction; dimensions; operating conditions or engine feed","0.5-draft"
"TD-FERTILIZERS","TD-FOOD","FOOD_AGRI","OUTCOME","Плодородие; удобрения и замыкание питательных циклов","Maintain soil function from measured deficits using lowest-risk lawful sources","S2_TRAINED_SUPERVISED","TRAINED_SUPERVISED","TD-FOOD-SITE|TD-BASE-MATERIALS|TD-FERT-NUTRIENT-BUDGET|TD-FERT-CROP-ROTATION|TD-FERT-COMPOST|TD-FERT-MANURE|TD-FERT-ASH|TD-FERT-LIME-USE|TD-FERT-STORAGE|TD-FERT-INDUSTRIAL-N|TD-FERT-PHOSPHATE-POTASH|TD-FERT-BIOLOGICAL|TD-FERT-CROP-REMOVAL|TD-FERT-LEGUMES|TD-FERT-RESIDUES|TD-FERT-LABELED|TD-FERT-MICRONUTRIENTS|TD-FERT-RUNOFF|TD-FERT-TRACEABILITY","","NO_SOIL_PLAN_OR_INPUTS","INS-009|INS-011|INS-013|INS-017|INS-029|INS-030|INS-033|INS-034|INS-035","Soil and crop-specific nutrient budget; source identity; application record; water-risk and crop response reviewed","Accredited soil analysis; scale; area measurement; crop-specific guidance","MISSING_FIELD_PLAN","PORTUGAL_FERTILIZER_WATER_WASTE_AND_FARM_RULES_REQUIRED","Nutrient; packaging; manure; ash and contaminated-soil routes defined","Unknown material; overapplication; runoff; pathogen; heavy metal; protected water; unsafe mixing","Seasonal soil and crop monitoring; storage inspection","Преемник calculates one approved application from reviewed analysis without changing product","Soil report; product labels; mass; area; crop and water monitoring","MISSING","MISSING","DENY","A fertilizer recipe without soil data is not a capability","0.5-draft"
"TD-FERT-NUTRIENT-BUDGET","TD-FERTILIZERS","FOOD_AGRI","TEST","Баланс N-P-K; pH; органического вещества и микроэлементов","Identify actual deficit; surplus; removal and loss pathways before adding inputs","S2_TRAINED_SUPERVISED","TRAINED_SUPERVISED","TD-FOOD-SITE|TD-BASE-METROLOGY","PSP-041|PSP-045|SUP-LEA-011|SUP-LEA-012|SUP-LEA-014|SUP-LEA-016","NO_LAB_AND_HARVEST_DATA","INS-001|INS-002|INS-009|INS-029|INS-030|INS-033|INS-034","Representative sampling; lab results; crop removal; water balance and uncertainty yield approved range","Accredited lab; sample controls; verified area and mass","MISSING_SAMPLING_MAP","PORTUGAL_LAB_AND_CROP_REQUIRED","Samples and reagents handled per lab instructions","Unrepresentative sample; unknown contamination; runoff risk; no crop target","Before new field plan and periodically","Преемник repeats calculation and flags unsupported result","Sampling map; lab report; equations; reviewer","MISSING","MISSING","DENY","Do not infer N-P-K needs from plant color alone","0.5-draft"
"TD-FERT-CROP-ROTATION","TD-FERTILIZERS","FOOD_AGRI","PROCESS","Севооборот; покровные культуры и сидераты","Reduce erosion; improve structure and biologically support nutrient management","S1_LOW_RISK_HOUSEHOLD","HOUSEHOLD_S1_AFTER_GATE","TD-CROP-PLAN|TD-FERT-NUTRIENT-BUDGET","","NO_SITE_ROTATION_TRIAL","INS-001|INS-002|INS-009|INS-011|INS-035","Species identity; legal status; area; biomass; water use; crop response and pest effects logged","Known seed lot; measured plots and scale","MISSING_ROTATION_MAP","PORTUGAL_SPECIES_CLIMATE_AND_WATER_REQUIRED","Diseased or regulated biomass managed safely","Invasive species; toxic forage; disease bridge; water deficit; unknown seed","Each season and multi-year review","Преемник runs one approved plot and records tradeoffs","Plan; seed provenance; plot logs; soil and yield response","MISSING","MISSING","DENY","Nitrogen fixation is not equal to immediate fertilizer dose","0.5-draft"
"TD-FERT-COMPOST","TD-FERTILIZERS","FOOD_AGRI","PROCESS","Компост из известных низкорисковых растительных и пищевых материалов","Convert known organics to a stable soil amendment without contaminating food or water","S2_TRAINED_SUPERVISED","TRAINED_SUPERVISED","TD-BASE-SITE|TD-BASE-MATERIALS|TD-FERT-NUTRIENT-BUDGET","","NO_SITE_OR_FEEDSTOCK_PROTOCOL","INS-009|INS-011|INS-013|INS-017","Only approved inputs; site drainage; temperature or maturation method; odor; vectors; final-use limits and records pass","Checked thermometer; known feedstock list; crop and pathogen guidance","MISSING_COMPOST_SITE_PLAN","PORTUGAL_BIOWASTE_WATER_AND_NEIGHBOR_RULES_REQUIRED","Rejected contaminated input and leachate managed legally","Unknown material; meat or manure outside method; pests; leachate; fire heat; mold exposure; flooding","Routine turning only if safe; moisture; cover; site inspection","Преемник classifies inputs and rejects prohibited material","Input log; temperature or time record; site inspection; use record","MISSING","MISSING","DENY","No universal pile recipe; exact method must be sourced and localized","0.5-draft"
"TD-FERT-MANURE","TD-FERTILIZERS","FOOD_AGRI","PROCESS","Навоз; подстилка и животные питательные потоки","Manage known animal waste without pathogen; antibiotic; nutrient or water contamination","S2_TRAINED_SUPERVISED","TRAINED_SUPERVISED","TD-BASE-SITE|TD-FERT-NUTRIENT-BUDGET|TD-BASE-SAFETY","","NO_ANIMALS_OR_MANURE_PLAN","INS-009|INS-011|INS-013|INS-017","Animal source; medications; storage; pathogen controls; nutrient analysis; setback and crop-use rules approved","Lab analysis and veterinary or agronomic review","MISSING_MANURE_PLAN","PORTUGAL_ANIMAL_WASTE_WATER_AND_FOOD_RULES_REQUIRED","Approved manure; bedding and dead-animal routes","Unknown disease; runoff; aerosol; contaminated feed; medicine residues; flood","Daily containment and seasonal capacity review","Преемник recognizes no-go conditions and maintains logs","Animal records; volumes; lab; storage and field application","MISSING","MISSING","DENY","Not interchangeable with household plant compost","0.5-draft"
"TD-FERT-HUMAN-WASTE","TD-FERTILIZERS","FOOD_AGRI","HAZARD_BOUNDARY","Человеческие экскременты; urine diversion and biosolids","Prevent pathogen; pharmaceutical and water contamination from improvised fertilizer use","S4_REFERENCE_ONLY_PROHIBITED_HOUSEHOLD","REFERENCE_ONLY_NO_BUILD","TD-BASE-SAFETY|TD-SANITATION","","NO_HOUSEHOLD_FERTILIZER_USE","","No-build and no crop-use boundary unless a lawful professionally designed sanitation system exists","Public-health; sanitation and environmental authority","NO_PROCESS_OR_SYSTEM_DRAWINGS","PORTUGAL_SANITATION_WATER_FOOD_AND_WASTE_RULES_REQUIRED","Approved sanitation route only","Pathogens; medication residues; helminths; runoff; aerosol; unknown treatment","Professional system only","Преемник routes waste to sanitation and refuses garden improvisation","Boundary card; official sanitation sources","BOUNDARY_DEFINED","REFERENCE_ONLY","REFERENCE_ONLY","No treatment recipe or application instructions","0.5-draft"
"TD-FERT-ASH","TD-FERTILIZERS","FOOD_AGRI","PROCESS","Зола как потенциальная почвенная добавка","Determine whether clean source and measured soil need justify any use","S2_TRAINED_SUPERVISED","TRAINED_SUPERVISED","TD-FUEL-SOLID|TD-FERT-NUTRIENT-BUDGET|TD-BASE-MATERIALS","","NO_ASH_OR_SOIL_EVIDENCE","INS-009|INS-029|INS-033","Only known untreated biomass ash; contaminant and pH risk reviewed; measured bounded application and crop response documented","Lab or qualified soil guidance; checked scale and area","NOT_APPLICABLE","PORTUGAL_WASTE_SOIL_AND_WATER_RULES_REQUIRED","Unknown or contaminated ash disposed legally","Hot ash; treated wood; coal; trash; heavy metals; alkaline burn; runoff","Dry sealed labeled storage; periodic soil review","Преемник rejects unknown ash and documents decision","Fuel provenance; ash analysis where needed; soil report; use log","MISSING","MISSING","DENY","Ash can harm soil and water; not a default fertilizer","0.5-draft"
"TD-FERT-LIME-USE","TD-FERTILIZERS","FOOD_AGRI","PROCESS","Применение готового известкового материала по анализу почвы","Correct acidity only when laboratory and crop plan justify it","S2_TRAINED_SUPERVISED","TRAINED_SUPERVISED","TD-FERT-NUTRIENT-BUDGET|TD-BASE-MATERIALS","","NO_PRODUCT_OR_RECOMMENDATION","INS-001|INS-002|INS-009|INS-029","Exact labeled product; neutralizing value; soil recommendation; area and mass verified; follow-up pH scheduled","Accredited soil report; checked scale and area","NOT_APPLICABLE","PORTUGAL_FERTILIZER_AND_DUST_RULES_REQUIRED","Packaging and spills managed by label","Caustic dust; wrong product; no analysis; overapplication; wind; water proximity","Dry storage; PPE by label; follow-up soil test","Преемник calculates only from written recommendation and rejects missing data","Label; SDS; lab report; calculation; application and follow-up","MISSING","MISSING","DENY","This is product use; not lime manufacture","0.5-draft"
"TD-FERT-LIME-MAKING","TD-FERTILIZERS","FOOD_AGRI","HAZARD_BOUNDARY","Производство негашёной и гашёной извести","Preserve industrial materials knowledge while blocking extreme heat and caustic reaction at household level","S4_REFERENCE_ONLY_PROHIBITED_HOUSEHOLD","REFERENCE_ONLY_NO_BUILD","TD-BASE-SAFETY","","NO_KILN_OR_REACTIVE_PROCESS","","No-build; recognize caustic and uncontrolled heat hazards; use certified products only","Qualified materials; kiln and chemical safety sources","NO_KILN_OR_PROCESS_DRAWINGS","PORTUGAL_INDUSTRIAL_FIRE_EMISSIONS_AND_CHEMICAL_RULES_REQUIRED","Industrial dust and caustic-waste controls","Kiln fire; CO; hot solids; caustic dust; violent hydration; structural kiln failure","Industrial integrity only","Преемник refuses home kiln or slaking experiment","Boundary card; professional source shelf","BOUNDARY_DEFINED","REFERENCE_ONLY","REFERENCE_ONLY","No temperatures; ratios; kiln design or process steps","0.5-draft"
"TD-FERT-STORAGE","TD-FERTILIZERS","FOOD_AGRI","MATERIAL","Хранение готовых удобрений и почвенных добавок","Prevent moisture; contamination; incompatible mixing; diversion and water pollution","S3_LICENSED_PROFESSIONAL","LICENSED_ONLY","TD-BASE-SITE|TD-BASE-MATERIALS|TD-FERT-NUTRIENT-BUDGET","","NO_PRODUCTS_OR_APPROVED_STORE","INS-009|INS-013|INS-017|INS-071|INS-072","Inventory; legal quantity; segregation; secondary containment; labels; access and fire review pass","Product label; SDS and qualified storage review","MISSING_STORAGE_PLAN","PORTUGAL_FERTILIZER_CHEMICAL_FIRE_AND_SECURITY_RULES_REQUIRED","Spills and expired products via legal route","Unknown product; damaged bag; moisture; heat; incompatible material; drain or well proximity","Frequent inspection; stock rotation; spill response","Преемник identifies segregation and emergency route without mixing","Inventory; labels; SDS; photos; inspections","MISSING","MISSING","DENY","Oxidizing nitrate products also inherit hazardous-chemical boundaries","0.5-draft"
"TD-FERT-INDUSTRIAL-N","TD-FERTILIZERS","FOOD_AGRI","HAZARD_BOUNDARY","Промышленное получение аммиака и азотных удобрений","Preserve conceptual nitrogen-cycle and industrial-process knowledge without household synthesis","S4_REFERENCE_ONLY_PROHIBITED_HOUSEHOLD","REFERENCE_ONLY_NO_BUILD","TD-BASE-SAFETY","","NO_REACTOR_OR_SYNTHESIS","","No-build; product identification; lawful use and industrial overview only","Qualified chemical engineering; fertilizer safety and environmental sources","NO_PROCESS_CONDITIONS_OR_PLANT_DRAWINGS","PORTUGAL_INDUSTRIAL_CHEMICAL_ENVIRONMENT_AND_SECURITY_RULES_REQUIRED","Industrial emissions and hazardous-waste controls","High pressure; toxic ammonia; hydrogen; catalyst; heat; oxidizers; explosion","Industrial process safety only","Преемник explains no-go and uses soil-first lawful alternatives","Boundary card; professional source shelf","BOUNDARY_DEFINED","REFERENCE_ONLY","REFERENCE_ONLY","Includes Haber-Bosch and nitrate production only as reference; no operating data","0.5-draft"
"TD-FERT-PHOSPHATE-POTASH","TD-FERTILIZERS","FOOD_AGRI","HAZARD_BOUNDARY","Добыча и промышленная переработка фосфатных и калийных материалов","Preserve geology; resource and contamination overview without unsafe extraction or chemical processing","S3_LICENSED_PROFESSIONAL","LICENSED_ONLY","TD-BASE-SAFETY|TD-FERT-NUTRIENT-BUDGET","","NO_MINE_OR_PROCESS","","Licensed extraction; environmental assessment and product standards only","Qualified mining; agronomy and environmental sources","PROFESSIONAL_ONLY","PORTUGAL_MINING_ENVIRONMENT_WATER_AND_LAND_RULES_REQUIRED","Tailings; brine; dust and process waste under licensed system","Mine; slope; dust; radionuclides; acid process; brine; water contamination","Professional monitoring only","Преемник recognizes limits and relies on certified product or nutrient recycling","Boundary; professional shelf; permits if any","BOUNDARY_DEFINED","REFERENCE_ONLY","REFERENCE_ONLY","No mining; beneficiation or acidulation instructions","0.5-draft"
"TD-FERT-BIOLOGICAL","TD-FERTILIZERS","FOOD_AGRI","HAZARD_BOUNDARY","Микробные инокулянты и biofertilizers","Prevent cultivation or release of unknown biology while preserving regulated-product knowledge","S4_REFERENCE_ONLY_PROHIBITED_HOUSEHOLD","REFERENCE_ONLY_NO_BUILD","TD-BASE-SAFETY","","NO_CULTURE_OR_INOCULANT","","No culturing; isolation; amplification or field release of unknown microorganisms","Regulated product label; qualified microbiology and agronomy sources","NO_CULTURE_PROTOCOL","PORTUGAL_BIOSECURITY_FERTILIZER_AND_ENVIRONMENT_RULES_REQUIRED","Expired product and contaminated culture material through approved route","Unknown organism; contamination; aerosol; immunocompromised person; unregistered product","Sealed certified product only; label controls","Преемник refuses home culture and isolates damaged package","Boundary card; product registration; label","BOUNDARY_DEFINED","REFERENCE_ONLY","REFERENCE_ONLY","No microbial growth conditions or inoculation recipe","0.5-draft"
"TD-PEOPLE-PROFILE","TD-PEOPLE","PEOPLE_CARE","SITE_DATA","Профиль каждого человека","Иметь измеримую и проверяемую способность: профиль каждого человека","S1_LOW_RISK_HOUSEHOLD","HOUSEHOLD_S1_AFTER_GATE","TD-BASE-SAFETY|TD-BASE-SITE|TD-BASE-INVENTORY","","MISSING","","До использования задать service level, единицу, объём, срок и критерий приёмки","Точный метод, прибор/reference и неопределённость TBD до исполнения","MISSING_OR_NOT_APPLICABLE","PORTUGAL_AND_SITE_REVIEW_REQUIRED","Потоки, совместимость, хранение и законный маршрут TBD до исполнения","Неизвестная идентичность; отсутствующее полномочие; опасная среда; непроверенный источник; выход за подготовку","Периодичность, расходники, запасные части и failure signs TBD","Другой назначенный участник находит карточку и демонстрирует допустимую часть без устной помощи автора","Профиль; источник; инвентарь; измерения; acceptance log; reviewer; дата","MISSING","MISSING","DENY","Каталожный узел; процедуры и рабочие параметры ещё не созданы","0.5-draft"
"TD-PEOPLE-MEDICAL","TD-PEOPLE","PEOPLE_CARE","SITE_DATA","Аллергии; диагнозы; лекарства и медицинские устройства","Иметь измеримую и проверяемую способность: аллергии; диагнозы; лекарства и медицинские устройства","S2_TRAINED_SUPERVISED","TRAINED_SUPERVISED","TD-BASE-SAFETY|TD-BASE-SITE|TD-BASE-INVENTORY","","MISSING","","До использования задать service level, единицу, объём, срок и критерий приёмки","Точный метод, прибор/reference и неопределённость TBD до исполнения","MISSING_OR_NOT_APPLICABLE","PORTUGAL_AND_SITE_REVIEW_REQUIRED","Потоки, совместимость, хранение и законный маршрут TBD до исполнения","Неизвестная идентичность; отсутствующее полномочие; опасная среда; непроверенный источник; выход за подготовку","Периодичность, расходники, запасные части и failure signs TBD","Другой назначенный участник находит карточку и демонстрирует допустимую часть без устной помощи автора","Профиль; источник; инвентарь; измерения; acceptance log; reviewer; дата","MISSING","MISSING","DENY","Каталожный узел; процедуры и рабочие параметры ещё не созданы","0.5-draft"
"TD-PEOPLE-AGE-MASS","TD-PEOPLE","PEOPLE_CARE","SITE_DATA","Возраст; масса и возрастные ограничения там; где это необходимо","Иметь измеримую и проверяемую способность: возраст; масса и возрастные ограничения там; где это необходимо","S2_TRAINED_SUPERVISED","TRAINED_SUPERVISED","TD-BASE-SAFETY|TD-BASE-SITE|TD-BASE-INVENTORY","","MISSING","","До использования задать service level, единицу, объём, срок и критерий приёмки","Точный метод, прибор/reference и неопределённость TBD до исполнения","MISSING_OR_NOT_APPLICABLE","PORTUGAL_AND_SITE_REVIEW_REQUIRED","Потоки, совместимость, хранение и законный маршрут TBD до исполнения","Неизвестная идентичность; отсутствующее полномочие; опасная среда; непроверенный источник; выход за подготовку","Периодичность, расходники, запасные части и failure signs TBD","Другой назначенный участник находит карточку и демонстрирует допустимую часть без устной помощи автора","Профиль; источник; инвентарь; измерения; acceptance log; reviewer; дата","MISSING","MISSING","DENY","Каталожный узел; процедуры и рабочие параметры ещё не созданы","0.5-draft"
"TD-PEOPLE-PREGNANCY","TD-PEOPLE","PEOPLE_CARE","SITE_DATA","Беременность; новорождённые и репродуктивные потребности","Иметь измеримую и проверяемую способность: беременность; новорождённые и репродуктивные потребности","S3_LICENSED_PROFESSIONAL","LICENSED_ONLY","TD-BASE-SAFETY|TD-BASE-SITE|TD-BASE-INVENTORY","","MISSING","","До использования задать service level, единицу, объём, срок и критерий приёмки","Точный метод, прибор/reference и неопределённость TBD до исполнения","MISSING_OR_NOT_APPLICABLE","PORTUGAL_AND_SITE_REVIEW_REQUIRED","Потоки, совместимость, хранение и законный маршрут TBD до исполнения","Неизвестная идентичность; отсутствующее полномочие; опасная среда; непроверенный источник; выход за подготовку","Периодичность, расходники, запасные части и failure signs TBD","Другой назначенный участник находит карточку и демонстрирует допустимую часть без устной помощи автора","Профиль; источник; инвентарь; измерения; acceptance log; reviewer; дата","MISSING","MISSING","DENY","Каталожный узел; процедуры и рабочие параметры ещё не созданы","0.5-draft"
"TD-PEOPLE-CHILD","TD-PEOPLE","PEOPLE_CARE","GOVERNANCE","Младенцы; дети и зависимые несовершеннолетние","Иметь измеримую и проверяемую способность: младенцы; дети и зависимые несовершеннолетние","S2_TRAINED_SUPERVISED","TRAINED_SUPERVISED","TD-BASE-SAFETY|TD-BASE-SITE|TD-BASE-INVENTORY","","MISSING","","До использования задать service level, единицу, объём, срок и критерий приёмки","Точный метод, прибор/reference и неопределённость TBD до исполнения","MISSING_OR_NOT_APPLICABLE","PORTUGAL_AND_SITE_REVIEW_REQUIRED","Потоки, совместимость, хранение и законный маршрут TBD до исполнения","Неизвестная идентичность; отсутствующее полномочие; опасная среда; непроверенный источник; выход за подготовку","Периодичность, расходники, запасные части и failure signs TBD","Другой назначенный участник находит карточку и демонстрирует допустимую часть без устной помощи автора","Профиль; источник; инвентарь; измерения; acceptance log; reviewer; дата","MISSING","MISSING","DENY","Каталожный узел; процедуры и рабочие параметры ещё не созданы","0.5-draft"
"TD-PEOPLE-ELDER","TD-PEOPLE","PEOPLE_CARE","GOVERNANCE","Пожилые люди и возрастная уязвимость","Иметь измеримую и проверяемую способность: пожилые люди и возрастная уязвимость","S2_TRAINED_SUPERVISED","TRAINED_SUPERVISED","TD-BASE-SAFETY|TD-BASE-SITE|TD-BASE-INVENTORY","","MISSING","","До использования задать service level, единицу, объём, срок и критерий приёмки","Точный метод, прибор/reference и неопределённость TBD до исполнения","MISSING_OR_NOT_APPLICABLE","PORTUGAL_AND_SITE_REVIEW_REQUIRED","Потоки, совместимость, хранение и законный маршрут TBD до исполнения","Неизвестная идентичность; отсутствующее полномочие; опасная среда; непроверенный источник; выход за подготовку","Периодичность, расходники, запасные части и failure signs TBD","Другой назначенный участник находит карточку и демонстрирует допустимую часть без устной помощи автора","Профиль; источник; инвентарь; измерения; acceptance log; reviewer; дата","MISSING","MISSING","DENY","Каталожный узел; процедуры и рабочие параметры ещё не созданы","0.5-draft"
"TD-PEOPLE-ACCESS","TD-PEOPLE","PEOPLE_CARE","SITE_DATA","Инвалидность; мобильность; зрение; слух и когнитивные ограничения","Иметь измеримую и проверяемую способность: инвалидность; мобильность; зрение; слух и когнитивные ограничения","S2_TRAINED_SUPERVISED","TRAINED_SUPERVISED","TD-BASE-SAFETY|TD-BASE-SITE|TD-BASE-INVENTORY","","MISSING","","До использования задать service level, единицу, объём, срок и критерий приёмки","Точный метод, прибор/reference и неопределённость TBD до исполнения","MISSING_OR_NOT_APPLICABLE","PORTUGAL_AND_SITE_REVIEW_REQUIRED","Потоки, совместимость, хранение и законный маршрут TBD до исполнения","Неизвестная идентичность; отсутствующее полномочие; опасная среда; непроверенный источник; выход за подготовку","Периодичность, расходники, запасные части и failure signs TBD","Другой назначенный участник находит карточку и демонстрирует допустимую часть без устной помощи автора","Профиль; источник; инвентарь; измерения; acceptance log; reviewer; дата","MISSING","MISSING","DENY","Каталожный узел; процедуры и рабочие параметры ещё не созданы","0.5-draft"
"TD-PEOPLE-LANGUAGE","TD-PEOPLE","PEOPLE_CARE","SITE_DATA","Языки; грамотность и доступный формат информации","Иметь измеримую и проверяемую способность: языки; грамотность и доступный формат информации","S1_LOW_RISK_HOUSEHOLD","HOUSEHOLD_S1_AFTER_GATE","TD-BASE-SAFETY|TD-BASE-SITE|TD-BASE-INVENTORY","","MISSING","","До использования задать service level, единицу, объём, срок и критерий приёмки","Точный метод, прибор/reference и неопределённость TBD до исполнения","MISSING_OR_NOT_APPLICABLE","PORTUGAL_AND_SITE_REVIEW_REQUIRED","Потоки, совместимость, хранение и законный маршрут TBD до исполнения","Неизвестная идентичность; отсутствующее полномочие; опасная среда; непроверенный источник; выход за подготовку","Периодичность, расходники, запасные части и failure signs TBD","Другой назначенный участник находит карточку и демонстрирует допустимую часть без устной помощи автора","Профиль; источник; инвентарь; измерения; acceptance log; reviewer; дата","MISSING","MISSING","DENY","Каталожный узел; процедуры и рабочие параметры ещё не созданы","0.5-draft"
"TD-PEOPLE-CARE-DEPS","TD-PEOPLE","PEOPLE_CARE","GOVERNANCE","Caregiver dependencies и объём ухода","Иметь измеримую и проверяемую способность: caregiver dependencies и объём ухода","S2_TRAINED_SUPERVISED","TRAINED_SUPERVISED","TD-BASE-SAFETY|TD-BASE-SITE|TD-BASE-INVENTORY","","MISSING","","До использования задать service level, единицу, объём, срок и критерий приёмки","Точный метод, прибор/reference и неопределённость TBD до исполнения","MISSING_OR_NOT_APPLICABLE","PORTUGAL_AND_SITE_REVIEW_REQUIRED","Потоки, совместимость, хранение и законный маршрут TBD до исполнения","Неизвестная идентичность; отсутствующее полномочие; опасная среда; непроверенный источник; выход за подготовку","Периодичность, расходники, запасные части и failure signs TBD","Другой назначенный участник находит карточку и демонстрирует допустимую часть без устной помощи автора","Профиль; источник; инвентарь; измерения; acceptance log; reviewer; дата","MISSING","MISSING","DENY","Каталожный узел; процедуры и рабочие параметры ещё не созданы","0.5-draft"
"TD-PEOPLE-ANIMALS","TD-PEOPLE","PEOPLE_CARE","SITE_DATA","Домашние и сельскохозяйственные животные в составе","Иметь измеримую и проверяемую способность: домашние и сельскохозяйственные животные в составе","S1_LOW_RISK_HOUSEHOLD","HOUSEHOLD_S1_AFTER_GATE","TD-BASE-SAFETY|TD-BASE-SITE|TD-BASE-INVENTORY","","MISSING","","До использования задать service level, единицу, объём, срок и критерий приёмки","Точный метод, прибор/reference и неопределённость TBD до исполнения","MISSING_OR_NOT_APPLICABLE","PORTUGAL_AND_SITE_REVIEW_REQUIRED","Потоки, совместимость, хранение и законный маршрут TBD до исполнения","Неизвестная идентичность; отсутствующее полномочие; опасная среда; непроверенный источник; выход за подготовку","Периодичность, расходники, запасные части и failure signs TBD","Другой назначенный участник находит карточку и демонстрирует допустимую часть без устной помощи автора","Профиль; источник; инвентарь; измерения; acceptance log; reviewer; дата","MISSING","MISSING","DENY","Каталожный узел; процедуры и рабочие параметры ещё не созданы","0.5-draft"
"TD-PEOPLE-CONSENT","TD-PEOPLE","PEOPLE_CARE","GOVERNANCE","Контакты; согласия; доверенные лица и приватность","Иметь измеримую и проверяемую способность: контакты; согласия; доверенные лица и приватность","S1_LOW_RISK_HOUSEHOLD","HOUSEHOLD_S1_AFTER_GATE","TD-BASE-SAFETY|TD-BASE-SITE|TD-BASE-INVENTORY","","MISSING","","До использования задать service level, единицу, объём, срок и критерий приёмки","Точный метод, прибор/reference и неопределённость TBD до исполнения","MISSING_OR_NOT_APPLICABLE","PORTUGAL_AND_SITE_REVIEW_REQUIRED","Потоки, совместимость, хранение и законный маршрут TBD до исполнения","Неизвестная идентичность; отсутствующее полномочие; опасная среда; непроверенный источник; выход за подготовку","Периодичность, расходники, запасные части и failure signs TBD","Другой назначенный участник находит карточку и демонстрирует допустимую часть без устной помощи автора","Профиль; источник; инвентарь; измерения; acceptance log; reviewer; дата","MISSING","MISSING","DENY","Каталожный узел; процедуры и рабочие параметры ещё не созданы","0.5-draft"
"TD-PEOPLE-CAPACITY","TD-PEOPLE","PEOPLE_CARE","TEST","Физическая и навыковая способность выполнять функции","Иметь измеримую и проверяемую способность: физическая и навыковая способность выполнять функции","S2_TRAINED_SUPERVISED","TRAINED_SUPERVISED","TD-BASE-SAFETY|TD-BASE-SITE|TD-BASE-INVENTORY","","MISSING","","До использования задать service level, единицу, объём, срок и критерий приёмки","Точный метод, прибор/reference и неопределённость TBD до исполнения","MISSING_OR_NOT_APPLICABLE","PORTUGAL_AND_SITE_REVIEW_REQUIRED","Потоки, совместимость, хранение и законный маршрут TBD до исполнения","Неизвестная идентичность; отсутствующее полномочие; опасная среда; непроверенный источник; выход за подготовку","Периодичность, расходники, запасные части и failure signs TBD","Другой назначенный участник находит карточку и демонстрирует допустимую часть без устной помощи автора","Профиль; источник; инвентарь; измерения; acceptance log; reviewer; дата","MISSING","MISSING","DENY","Каталожный узел; процедуры и рабочие параметры ещё не созданы","0.5-draft"
"TD-PEOPLE-SINGLE-POINT","TD-PEOPLE","PEOPLE_CARE","TEST","Одиночный оператор и human single points of failure","Иметь измеримую и проверяемую способность: одиночный оператор и human single points of failure","S1_LOW_RISK_HOUSEHOLD","HOUSEHOLD_S1_AFTER_GATE","TD-BASE-SAFETY|TD-BASE-SITE|TD-BASE-INVENTORY","","MISSING","","До использования задать service level, единицу, объём, срок и критерий приёмки","Точный метод, прибор/reference и неопределённость TBD до исполнения","MISSING_OR_NOT_APPLICABLE","PORTUGAL_AND_SITE_REVIEW_REQUIRED","Потоки, совместимость, хранение и законный маршрут TBD до исполнения","Неизвестная идентичность; отсутствующее полномочие; опасная среда; непроверенный источник; выход за подготовку","Периодичность, расходники, запасные части и failure signs TBD","Другой назначенный участник находит карточку и демонстрирует допустимую часть без устной помощи автора","Профиль; источник; инвентарь; измерения; acceptance log; reviewer; дата","MISSING","MISSING","DENY","Каталожный узел; процедуры и рабочие параметры ещё не созданы","0.5-draft"
"TD-PEOPLE-REST","TD-PEOPLE","PEOPLE_CARE","PROCESS","Сон; смены; усталость и безопасная нагрузка","Иметь измеримую и проверяемую способность: сон; смены; усталость и безопасная нагрузка","S1_LOW_RISK_HOUSEHOLD","HOUSEHOLD_S1_AFTER_GATE","TD-BASE-SAFETY|TD-BASE-SITE|TD-BASE-INVENTORY","","MISSING","","До использования задать service level, единицу, объём, срок и критерий приёмки","Точный метод, прибор/reference и неопределённость TBD до исполнения","MISSING_OR_NOT_APPLICABLE","PORTUGAL_AND_SITE_REVIEW_REQUIRED","Потоки, совместимость, хранение и законный маршрут TBD до исполнения","Неизвестная идентичность; отсутствующее полномочие; опасная среда; непроверенный источник; выход за подготовку","Периодичность, расходники, запасные части и failure signs TBD","Другой назначенный участник находит карточку и демонстрирует допустимую часть без устной помощи автора","Профиль; источник; инвентарь; измерения; acceptance log; reviewer; дата","MISSING","MISSING","DENY","Каталожный узел; процедуры и рабочие параметры ещё не созданы","0.5-draft"
"TD-PEOPLE-ABSENCE","TD-PEOPLE","PEOPLE_CARE","GOVERNANCE","Потеря; болезнь или отсутствие ключевого человека","Иметь измеримую и проверяемую способность: потеря; болезнь или отсутствие ключевого человека","S2_TRAINED_SUPERVISED","TRAINED_SUPERVISED","TD-BASE-SAFETY|TD-BASE-SITE|TD-BASE-INVENTORY","","MISSING","","До использования задать service level, единицу, объём, срок и критерий приёмки","Точный метод, прибор/reference и неопределённость TBD до исполнения","MISSING_OR_NOT_APPLICABLE","PORTUGAL_AND_SITE_REVIEW_REQUIRED","Потоки, совместимость, хранение и законный маршрут TBD до исполнения","Неизвестная идентичность; отсутствующее полномочие; опасная среда; непроверенный источник; выход за подготовку","Периодичность, расходники, запасные части и failure signs TBD","Другой назначенный участник находит карточку и демонстрирует допустимую часть без устной помощи автора","Профиль; источник; инвентарь; измерения; acceptance log; reviewer; дата","MISSING","MISSING","DENY","Каталожный узел; процедуры и рабочие параметры ещё не созданы","0.5-draft"
"TD-PEOPLE-DEMOGRAPHY","TD-PEOPLE","PEOPLE_CARE","KNOWLEDGE","Демографические пределы и необходимость межгрупповой сети","Иметь измеримую и проверяемую способность: демографические пределы и необходимость межгрупповой сети","S0_OBSERVE_READ","HOUSEHOLD_S0","TD-BASE-SAFETY|TD-BASE-SITE|TD-BASE-INVENTORY","","MISSING","","До использования задать service level, единицу, объём, срок и критерий приёмки","Точный метод, прибор/reference и неопределённость TBD до исполнения","MISSING_OR_NOT_APPLICABLE","PORTUGAL_AND_SITE_REVIEW_REQUIRED","Потоки, совместимость, хранение и законный маршрут TBD до исполнения","Неизвестная идентичность; отсутствующее полномочие; опасная среда; непроверенный источник; выход за подготовку","Периодичность, расходники, запасные части и failure signs TBD","Другой назначенный участник находит карточку и демонстрирует допустимую часть без устной помощи автора","Профиль; источник; инвентарь; измерения; acceptance log; reviewer; дата","MISSING","MISSING","DENY","Каталожный узел; процедуры и рабочие параметры ещё не созданы","0.5-draft"
"TD-PEOPLE","TD-ROOT","PEOPLE_CARE","OUTCOME","Люди; зависимости ухода и пределы группы","Иметь измеримую и проверяемую способность: люди; зависимости ухода и пределы группы","S2_TRAINED_SUPERVISED","TRAINED_SUPERVISED","TD-BASE|TD-PEOPLE-PROFILE|TD-PEOPLE-MEDICAL|TD-PEOPLE-AGE-MASS|TD-PEOPLE-PREGNANCY|TD-PEOPLE-CHILD|TD-PEOPLE-ELDER|TD-PEOPLE-ACCESS|TD-PEOPLE-LANGUAGE|TD-PEOPLE-CARE-DEPS|TD-PEOPLE-ANIMALS|TD-PEOPLE-CONSENT|TD-PEOPLE-CAPACITY|TD-PEOPLE-SINGLE-POINT|TD-PEOPLE-REST|TD-PEOPLE-ABSENCE|TD-PEOPLE-DEMOGRAPHY","","MISSING","","До использования задать service level, единицу, объём, срок и критерий приёмки","Точный метод, прибор/reference и неопределённость TBD до исполнения","MISSING_OR_NOT_APPLICABLE","PORTUGAL_AND_SITE_REVIEW_REQUIRED","Потоки, совместимость, хранение и законный маршрут TBD до исполнения","Неизвестная идентичность; отсутствующее полномочие; опасная среда; непроверенный источник; выход за подготовку","Периодичность, расходники, запасные части и failure signs TBD","Другой назначенный участник находит карточку и демонстрирует допустимую часть без устной помощи автора","Профиль; источник; инвентарь; измерения; acceptance log; reviewer; дата","MISSING","MISSING","DENY","Агрегат: обязательность дочерних узлов определяется technology-dependency-edges.csv","0.5-draft"
"TD-HEALTH-SCENE-PPE","TD-HEALTH","HEALTH","TRAINING","Безопасность места происшествия и PPE","Иметь измеримую и проверяемую способность: безопасность места происшествия и ppe","S2_TRAINED_SUPERVISED","TRAINED_SUPERVISED","TD-BASE-SAFETY|TD-BASE-SITE|TD-BASE-INVENTORY","","MISSING","","До использования задать service level, единицу, объём, срок и критерий приёмки","Точный метод, прибор/reference и неопределённость TBD до исполнения","MISSING_OR_NOT_APPLICABLE","PORTUGAL_AND_SITE_REVIEW_REQUIRED","Потоки, совместимость, хранение и законный маршрут TBD до исполнения","Неизвестная идентичность; отсутствующее полномочие; опасная среда; непроверенный источник; выход за подготовку","Периодичность, расходники, запасные части и failure signs TBD","Другой назначенный участник находит карточку и демонстрирует допустимую часть без устной помощи автора","Профиль; источник; инвентарь; измерения; acceptance log; reviewer; дата","MISSING","MISSING","DENY","Каталожный узел; процедуры и рабочие параметры ещё не созданы","0.5-draft"
"TD-HEALTH-CONTACTS","TD-HEALTH","HEALTH","PROCESS","112; SNS 24; CIAV и структурированный вызов","Иметь измеримую и проверяемую способность: 112; sns 24; ciav и структурированный вызов","S1_LOW_RISK_HOUSEHOLD","HOUSEHOLD_S1_AFTER_GATE","TD-BASE-SAFETY|TD-BASE-SITE|TD-BASE-INVENTORY","","MISSING","","До использования задать service level, единицу, объём, срок и критерий приёмки","Точный метод, прибор/reference и неопределённость TBD до исполнения","MISSING_OR_NOT_APPLICABLE","PORTUGAL_AND_SITE_REVIEW_REQUIRED","Потоки, совместимость, хранение и законный маршрут TBD до исполнения","Неизвестная идентичность; отсутствующее полномочие; опасная среда; непроверенный источник; выход за подготовку","Периодичность, расходники, запасные части и failure signs TBD","Другой назначенный участник находит карточку и демонстрирует допустимую часть без устной помощи автора","Профиль; источник; инвентарь; измерения; acceptance log; reviewer; дата","MISSING","MISSING","DENY","Каталожный узел; процедуры и рабочие параметры ещё не созданы","0.5-draft"
"TD-HEALTH-PRIMARY-ASSESS","TD-HEALTH","HEALTH","TRAINING","Первичная оценка; наблюдение и передача информации","Иметь измеримую и проверяемую способность: первичная оценка; наблюдение и передача информации","S2_TRAINED_SUPERVISED","TRAINED_SUPERVISED","TD-BASE-SAFETY|TD-BASE-SITE|TD-BASE-INVENTORY","","MISSING","","До использования задать service level, единицу, объём, срок и критерий приёмки","Точный метод, прибор/reference и неопределённость TBD до исполнения","MISSING_OR_NOT_APPLICABLE","PORTUGAL_AND_SITE_REVIEW_REQUIRED","Потоки, совместимость, хранение и законный маршрут TBD до исполнения","Неизвестная идентичность; отсутствующее полномочие; опасная среда; непроверенный источник; выход за подготовку","Периодичность, расходники, запасные части и failure signs TBD","Другой назначенный участник находит карточку и демонстрирует допустимую часть без устной помощи автора","Профиль; источник; инвентарь; измерения; acceptance log; reviewer; дата","MISSING","MISSING","DENY","Каталожный узел; процедуры и рабочие параметры ещё не созданы","0.5-draft"
"TD-HEALTH-BLS-AED","TD-HEALTH","HEALTH","TRAINING","BLS и AED","Иметь измеримую и проверяемую способность: bls и aed","S2_TRAINED_SUPERVISED","TRAINED_SUPERVISED","TD-BASE-SAFETY|TD-BASE-SITE|TD-BASE-INVENTORY","","MISSING","","До использования задать service level, единицу, объём, срок и критерий приёмки","Точный метод, прибор/reference и неопределённость TBD до исполнения","MISSING_OR_NOT_APPLICABLE","PORTUGAL_AND_SITE_REVIEW_REQUIRED","Потоки, совместимость, хранение и законный маршрут TBD до исполнения","Неизвестная идентичность; отсутствующее полномочие; опасная среда; непроверенный источник; выход за подготовку","Периодичность, расходники, запасные части и failure signs TBD","Другой назначенный участник находит карточку и демонстрирует допустимую часть без устной помощи автора","Профиль; источник; инвентарь; измерения; acceptance log; reviewer; дата","MISSING","MISSING","DENY","Каталожный узел; процедуры и рабочие параметры ещё не созданы","0.5-draft"
"TD-HEALTH-AIRWAY","TD-HEALTH","HEALTH","TRAINING","Удушье и острая непроходимость дыхательных путей","Иметь измеримую и проверяемую способность: удушье и острая непроходимость дыхательных путей","S2_TRAINED_SUPERVISED","TRAINED_SUPERVISED","TD-BASE-SAFETY|TD-BASE-SITE|TD-BASE-INVENTORY","","MISSING","","До использования задать service level, единицу, объём, срок и критерий приёмки","Точный метод, прибор/reference и неопределённость TBD до исполнения","MISSING_OR_NOT_APPLICABLE","PORTUGAL_AND_SITE_REVIEW_REQUIRED","Потоки, совместимость, хранение и законный маршрут TBD до исполнения","Неизвестная идентичность; отсутствующее полномочие; опасная среда; непроверенный источник; выход за подготовку","Периодичность, расходники, запасные части и failure signs TBD","Другой назначенный участник находит карточку и демонстрирует допустимую часть без устной помощи автора","Профиль; источник; инвентарь; измерения; acceptance log; reviewer; дата","MISSING","MISSING","DENY","Каталожный узел; процедуры и рабочие параметры ещё не созданы","0.5-draft"
"TD-HEALTH-BLEED-SHOCK","TD-HEALTH","HEALTH","TRAINING","Массивное кровотечение и признаки шока","Иметь измеримую и проверяемую способность: массивное кровотечение и признаки шока","S2_TRAINED_SUPERVISED","TRAINED_SUPERVISED","TD-BASE-SAFETY|TD-BASE-SITE|TD-BASE-INVENTORY","","MISSING","","До использования задать service level, единицу, объём, срок и критерий приёмки","Точный метод, прибор/reference и неопределённость TBD до исполнения","MISSING_OR_NOT_APPLICABLE","PORTUGAL_AND_SITE_REVIEW_REQUIRED","Потоки, совместимость, хранение и законный маршрут TBD до исполнения","Неизвестная идентичность; отсутствующее полномочие; опасная среда; непроверенный источник; выход за подготовку","Периодичность, расходники, запасные части и failure signs TBD","Другой назначенный участник находит карточку и демонстрирует допустимую часть без устной помощи автора","Профиль; источник; инвентарь; измерения; acceptance log; reviewer; дата","MISSING","MISSING","DENY","Каталожный узел; процедуры и рабочие параметры ещё не созданы","0.5-draft"
"TD-HEALTH-ANAPHYLAXIS","TD-HEALTH","HEALTH","TRAINING","Анафилаксия и персональные rescue medicines","Иметь измеримую и проверяемую способность: анафилаксия и персональные rescue medicines","S3_LICENSED_PROFESSIONAL","LICENSED_ONLY","TD-BASE-SAFETY|TD-BASE-SITE|TD-BASE-INVENTORY","","MISSING","","До использования задать service level, единицу, объём, срок и критерий приёмки","Точный метод, прибор/reference и неопределённость TBD до исполнения","MISSING_OR_NOT_APPLICABLE","PORTUGAL_AND_SITE_REVIEW_REQUIRED","Потоки, совместимость, хранение и законный маршрут TBD до исполнения","Неизвестная идентичность; отсутствующее полномочие; опасная среда; непроверенный источник; выход за подготовку","Периодичность, расходники, запасные части и failure signs TBD","Другой назначенный участник находит карточку и демонстрирует допустимую часть без устной помощи автора","Профиль; источник; инвентарь; измерения; acceptance log; reviewer; дата","MISSING","MISSING","DENY","Каталожный узел; процедуры и рабочие параметры ещё не созданы","0.5-draft"
"TD-HEALTH-CHEST-STROKE","TD-HEALTH","HEALTH","KNOWLEDGE","Боль в груди и признаки инсульта","Иметь измеримую и проверяемую способность: боль в груди и признаки инсульта","S2_TRAINED_SUPERVISED","TRAINED_SUPERVISED","TD-BASE-SAFETY|TD-BASE-SITE|TD-BASE-INVENTORY","","MISSING","","До использования задать service level, единицу, объём, срок и критерий приёмки","Точный метод, прибор/reference и неопределённость TBD до исполнения","MISSING_OR_NOT_APPLICABLE","PORTUGAL_AND_SITE_REVIEW_REQUIRED","Потоки, совместимость, хранение и законный маршрут TBD до исполнения","Неизвестная идентичность; отсутствующее полномочие; опасная среда; непроверенный источник; выход за подготовку","Периодичность, расходники, запасные части и failure signs TBD","Другой назначенный участник находит карточку и демонстрирует допустимую часть без устной помощи автора","Профиль; источник; инвентарь; измерения; acceptance log; reviewer; дата","MISSING","MISSING","DENY","Каталожный узел; процедуры и рабочие параметры ещё не созданы","0.5-draft"
"TD-HEALTH-RESP","TD-HEALTH","HEALTH","TRAINING","Острая дыхательная проблема; астма и COPD","Иметь измеримую и проверяемую способность: острая дыхательная проблема; астма и copd","S3_LICENSED_PROFESSIONAL","LICENSED_ONLY","TD-BASE-SAFETY|TD-BASE-SITE|TD-BASE-INVENTORY","","MISSING","","До использования задать service level, единицу, объём, срок и критерий приёмки","Точный метод, прибор/reference и неопределённость TBD до исполнения","MISSING_OR_NOT_APPLICABLE","PORTUGAL_AND_SITE_REVIEW_REQUIRED","Потоки, совместимость, хранение и законный маршрут TBD до исполнения","Неизвестная идентичность; отсутствующее полномочие; опасная среда; непроверенный источник; выход за подготовку","Периодичность, расходники, запасные части и failure signs TBD","Другой назначенный участник находит карточку и демонстрирует допустимую часть без устной помощи автора","Профиль; источник; инвентарь; измерения; acceptance log; reviewer; дата","MISSING","MISSING","DENY","Каталожный узел; процедуры и рабочие параметры ещё не созданы","0.5-draft"
"TD-HEALTH-SEIZURE","TD-HEALTH","HEALTH","TRAINING","Судороги и изменённое сознание","Иметь измеримую и проверяемую способность: судороги и изменённое сознание","S2_TRAINED_SUPERVISED","TRAINED_SUPERVISED","TD-BASE-SAFETY|TD-BASE-SITE|TD-BASE-INVENTORY","","MISSING","","До использования задать service level, единицу, объём, срок и критерий приёмки","Точный метод, прибор/reference и неопределённость TBD до исполнения","MISSING_OR_NOT_APPLICABLE","PORTUGAL_AND_SITE_REVIEW_REQUIRED","Потоки, совместимость, хранение и законный маршрут TBD до исполнения","Неизвестная идентичность; отсутствующее полномочие; опасная среда; непроверенный источник; выход за подготовку","Периодичность, расходники, запасные части и failure signs TBD","Другой назначенный участник находит карточку и демонстрирует допустимую часть без устной помощи автора","Профиль; источник; инвентарь; измерения; acceptance log; reviewer; дата","MISSING","MISSING","DENY","Каталожный узел; процедуры и рабочие параметры ещё не созданы","0.5-draft"
"TD-HEALTH-DIABETES","TD-HEALTH","HEALTH","TRAINING","Диабетическая неотложная ситуация","Иметь измеримую и проверяемую способность: диабетическая неотложная ситуация","S3_LICENSED_PROFESSIONAL","LICENSED_ONLY","TD-BASE-SAFETY|TD-BASE-SITE|TD-BASE-INVENTORY","","MISSING","","До использования задать service level, единицу, объём, срок и критерий приёмки","Точный метод, прибор/reference и неопределённость TBD до исполнения","MISSING_OR_NOT_APPLICABLE","PORTUGAL_AND_SITE_REVIEW_REQUIRED","Потоки, совместимость, хранение и законный маршрут TBD до исполнения","Неизвестная идентичность; отсутствующее полномочие; опасная среда; непроверенный источник; выход за подготовку","Периодичность, расходники, запасные части и failure signs TBD","Другой назначенный участник находит карточку и демонстрирует допустимую часть без устной помощи автора","Профиль; источник; инвентарь; измерения; acceptance log; reviewer; дата","MISSING","MISSING","DENY","Каталожный узел; процедуры и рабочие параметры ещё не созданы","0.5-draft"
"TD-HEALTH-BURNS","TD-HEALTH","HEALTH","TRAINING","Термические и химические ожоги","Иметь измеримую и проверяемую способность: термические и химические ожоги","S2_TRAINED_SUPERVISED","TRAINED_SUPERVISED","TD-BASE-SAFETY|TD-BASE-SITE|TD-BASE-INVENTORY","","MISSING","","До использования задать service level, единицу, объём, срок и критерий приёмки","Точный метод, прибор/reference и неопределённость TBD до исполнения","MISSING_OR_NOT_APPLICABLE","PORTUGAL_AND_SITE_REVIEW_REQUIRED","Потоки, совместимость, хранение и законный маршрут TBD до исполнения","Неизвестная идентичность; отсутствующее полномочие; опасная среда; непроверенный источник; выход за подготовку","Периодичность, расходники, запасные части и failure signs TBD","Другой назначенный участник находит карточку и демонстрирует допустимую часть без устной помощи автора","Профиль; источник; инвентарь; измерения; acceptance log; reviewer; дата","MISSING","MISSING","DENY","Каталожный узел; процедуры и рабочие параметры ещё не созданы","0.5-draft"
"TD-HEALTH-ELECTRIC","TD-HEALTH","HEALTH","TRAINING","Электротравма и молния","Иметь измеримую и проверяемую способность: электротравма и молния","S2_TRAINED_SUPERVISED","TRAINED_SUPERVISED","TD-BASE-SAFETY|TD-BASE-SITE|TD-BASE-INVENTORY","","MISSING","","До использования задать service level, единицу, объём, срок и критерий приёмки","Точный метод, прибор/reference и неопределённость TBD до исполнения","MISSING_OR_NOT_APPLICABLE","PORTUGAL_AND_SITE_REVIEW_REQUIRED","Потоки, совместимость, хранение и законный маршрут TBD до исполнения","Неизвестная идентичность; отсутствующее полномочие; опасная среда; непроверенный источник; выход за подготовку","Периодичность, расходники, запасные части и failure signs TBD","Другой назначенный участник находит карточку и демонстрирует допустимую часть без устной помощи автора","Профиль; источник; инвентарь; измерения; acceptance log; reviewer; дата","MISSING","MISSING","DENY","Каталожный узел; процедуры и рабочие параметры ещё не созданы","0.5-draft"
"TD-HEALTH-DROWNING","TD-HEALTH","HEALTH","TRAINING","Утопление и инцидент в воде","Иметь измеримую и проверяемую способность: утопление и инцидент в воде","S2_TRAINED_SUPERVISED","TRAINED_SUPERVISED","TD-BASE-SAFETY|TD-BASE-SITE|TD-BASE-INVENTORY","","MISSING","","До использования задать service level, единицу, объём, срок и критерий приёмки","Точный метод, прибор/reference и неопределённость TBD до исполнения","MISSING_OR_NOT_APPLICABLE","PORTUGAL_AND_SITE_REVIEW_REQUIRED","Потоки, совместимость, хранение и законный маршрут TBD до исполнения","Неизвестная идентичность; отсутствующее полномочие; опасная среда; непроверенный источник; выход за подготовку","Периодичность, расходники, запасные части и failure signs TBD","Другой назначенный участник находит карточку и демонстрирует допустимую часть без устной помощи автора","Профиль; источник; инвентарь; измерения; acceptance log; reviewer; дата","MISSING","MISSING","DENY","Каталожный узел; процедуры и рабочие параметры ещё не созданы","0.5-draft"
"TD-HEALTH-THERMAL-STRESS","TD-HEALTH","HEALTH","TRAINING","Гипотермия; перегрев и тепловая болезнь","Иметь измеримую и проверяемую способность: гипотермия; перегрев и тепловая болезнь","S2_TRAINED_SUPERVISED","TRAINED_SUPERVISED","TD-BASE-SAFETY|TD-BASE-SITE|TD-BASE-INVENTORY","","MISSING","","До использования задать service level, единицу, объём, срок и критерий приёмки","Точный метод, прибор/reference и неопределённость TBD до исполнения","MISSING_OR_NOT_APPLICABLE","PORTUGAL_AND_SITE_REVIEW_REQUIRED","Потоки, совместимость, хранение и законный маршрут TBD до исполнения","Неизвестная идентичность; отсутствующее полномочие; опасная среда; непроверенный источник; выход за подготовку","Периодичность, расходники, запасные части и failure signs TBD","Другой назначенный участник находит карточку и демонстрирует допустимую часть без устной помощи автора","Профиль; источник; инвентарь; измерения; acceptance log; reviewer; дата","MISSING","MISSING","DENY","Каталожный узел; процедуры и рабочие параметры ещё не созданы","0.5-draft"
"TD-HEALTH-DEHYDRATION","TD-HEALTH","HEALTH","TRAINING","Обезвоживание; диарея и рвота","Иметь измеримую и проверяемую способность: обезвоживание; диарея и рвота","S2_TRAINED_SUPERVISED","TRAINED_SUPERVISED","TD-BASE-SAFETY|TD-BASE-SITE|TD-BASE-INVENTORY","","MISSING","","До использования задать service level, единицу, объём, срок и критерий приёмки","Точный метод, прибор/reference и неопределённость TBD до исполнения","MISSING_OR_NOT_APPLICABLE","PORTUGAL_AND_SITE_REVIEW_REQUIRED","Потоки, совместимость, хранение и законный маршрут TBD до исполнения","Неизвестная идентичность; отсутствующее полномочие; опасная среда; непроверенный источник; выход за подготовку","Периодичность, расходники, запасные части и failure signs TBD","Другой назначенный участник находит карточку и демонстрирует допустимую часть без устной помощи автора","Профиль; источник; инвентарь; измерения; acceptance log; reviewer; дата","MISSING","MISSING","DENY","Каталожный узел; процедуры и рабочие параметры ещё не созданы","0.5-draft"
"TD-HEALTH-POISON","TD-HEALTH","HEALTH","TRAINING","Отравление; передозировка и токсикологический маршрут","Иметь измеримую и проверяемую способность: отравление; передозировка и токсикологический маршрут","S3_LICENSED_PROFESSIONAL","LICENSED_ONLY","TD-BASE-SAFETY|TD-BASE-SITE|TD-BASE-INVENTORY","","MISSING","","До использования задать service level, единицу, объём, срок и критерий приёмки","Точный метод, прибор/reference и неопределённость TBD до исполнения","MISSING_OR_NOT_APPLICABLE","PORTUGAL_AND_SITE_REVIEW_REQUIRED","Потоки, совместимость, хранение и законный маршрут TBD до исполнения","Неизвестная идентичность; отсутствующее полномочие; опасная среда; непроверенный источник; выход за подготовку","Периодичность, расходники, запасные части и failure signs TBD","Другой назначенный участник находит карточку и демонстрирует допустимую часть без устной помощи автора","Профиль; источник; инвентарь; измерения; acceptance log; reviewer; дата","MISSING","MISSING","DENY","Каталожный узел; процедуры и рабочие параметры ещё не созданы","0.5-draft"
"TD-HEALTH-HEAD-SPINE","TD-HEALTH","HEALTH","TRAINING","Травма головы; шеи и позвоночника","Иметь измеримую и проверяемую способность: травма головы; шеи и позвоночника","S2_TRAINED_SUPERVISED","TRAINED_SUPERVISED","TD-BASE-SAFETY|TD-BASE-SITE|TD-BASE-INVENTORY","","MISSING","","До использования задать service level, единицу, объём, срок и критерий приёмки","Точный метод, прибор/reference и неопределённость TBD до исполнения","MISSING_OR_NOT_APPLICABLE","PORTUGAL_AND_SITE_REVIEW_REQUIRED","Потоки, совместимость, хранение и законный маршрут TBD до исполнения","Неизвестная идентичность; отсутствующее полномочие; опасная среда; непроверенный источник; выход за подготовку","Периодичность, расходники, запасные части и failure signs TBD","Другой назначенный участник находит карточку и демонстрирует допустимую часть без устной помощи автора","Профиль; источник; инвентарь; измерения; acceptance log; reviewer; дата","MISSING","MISSING","DENY","Каталожный узел; процедуры и рабочие параметры ещё не созданы","0.5-draft"
"TD-HEALTH-FRACTURE","TD-HEALTH","HEALTH","TRAINING","Перелом; вывих и повреждение конечности","Иметь измеримую и проверяемую способность: перелом; вывих и повреждение конечности","S2_TRAINED_SUPERVISED","TRAINED_SUPERVISED","TD-BASE-SAFETY|TD-BASE-SITE|TD-BASE-INVENTORY","","MISSING","","До использования задать service level, единицу, объём, срок и критерий приёмки","Точный метод, прибор/reference и неопределённость TBD до исполнения","MISSING_OR_NOT_APPLICABLE","PORTUGAL_AND_SITE_REVIEW_REQUIRED","Потоки, совместимость, хранение и законный маршрут TBD до исполнения","Неизвестная идентичность; отсутствующее полномочие; опасная среда; непроверенный источник; выход за подготовку","Периодичность, расходники, запасные части и failure signs TBD","Другой назначенный участник находит карточку и демонстрирует допустимую часть без устной помощи автора","Профиль; источник; инвентарь; измерения; acceptance log; reviewer; дата","MISSING","MISSING","DENY","Каталожный узел; процедуры и рабочие параметры ещё не созданы","0.5-draft"
"TD-HEALTH-WOUNDS","TD-HEALTH","HEALTH","PROCESS","Малые раны; перевязочный цикл и красные флаги","Иметь измеримую и проверяемую способность: малые раны; перевязочный цикл и красные флаги","S2_TRAINED_SUPERVISED","TRAINED_SUPERVISED","TD-BASE-SAFETY|TD-BASE-SITE|TD-BASE-INVENTORY","","MISSING","","До использования задать service level, единицу, объём, срок и критерий приёмки","Точный метод, прибор/reference и неопределённость TBD до исполнения","MISSING_OR_NOT_APPLICABLE","PORTUGAL_AND_SITE_REVIEW_REQUIRED","Потоки, совместимость, хранение и законный маршрут TBD до исполнения","Неизвестная идентичность; отсутствующее полномочие; опасная среда; непроверенный источник; выход за подготовку","Периодичность, расходники, запасные части и failure signs TBD","Другой назначенный участник находит карточку и демонстрирует допустимую часть без устной помощи автора","Профиль; источник; инвентарь; измерения; acceptance log; reviewer; дата","MISSING","MISSING","DENY","Каталожный узел; процедуры и рабочие параметры ещё не созданы","0.5-draft"
"TD-HEALTH-MATERNAL-NEONATAL","TD-HEALTH","HEALTH","KNOWLEDGE","Акушерские и неонатальные красные флаги","Иметь измеримую и проверяемую способность: акушерские и неонатальные красные флаги","S3_LICENSED_PROFESSIONAL","LICENSED_ONLY","TD-BASE-SAFETY|TD-BASE-SITE|TD-BASE-INVENTORY","","MISSING","","До использования задать service level, единицу, объём, срок и критерий приёмки","Точный метод, прибор/reference и неопределённость TBD до исполнения","MISSING_OR_NOT_APPLICABLE","PORTUGAL_AND_SITE_REVIEW_REQUIRED","Потоки, совместимость, хранение и законный маршрут TBD до исполнения","Неизвестная идентичность; отсутствующее полномочие; опасная среда; непроверенный источник; выход за подготовку","Периодичность, расходники, запасные части и failure signs TBD","Другой назначенный участник находит карточку и демонстрирует допустимую часть без устной помощи автора","Профиль; источник; инвентарь; измерения; acceptance log; reviewer; дата","MISSING","MISSING","DENY","Каталожный узел; процедуры и рабочие параметры ещё не созданы","0.5-draft"
"TD-HEALTH-PEDIATRIC","TD-HEALTH","HEALTH","KNOWLEDGE","Педиатрические красные флаги и возрастные ограничения","Иметь измеримую и проверяемую способность: педиатрические красные флаги и возрастные ограничения","S3_LICENSED_PROFESSIONAL","LICENSED_ONLY","TD-BASE-SAFETY|TD-BASE-SITE|TD-BASE-INVENTORY","","MISSING","","До использования задать service level, единицу, объём, срок и критерий приёмки","Точный метод, прибор/reference и неопределённость TBD до исполнения","MISSING_OR_NOT_APPLICABLE","PORTUGAL_AND_SITE_REVIEW_REQUIRED","Потоки, совместимость, хранение и законный маршрут TBD до исполнения","Неизвестная идентичность; отсутствующее полномочие; опасная среда; непроверенный источник; выход за подготовку","Периодичность, расходники, запасные части и failure signs TBD","Другой назначенный участник находит карточку и демонстрирует допустимую часть без устной помощи автора","Профиль; источник; инвентарь; измерения; acceptance log; reviewer; дата","MISSING","MISSING","DENY","Каталожный узел; процедуры и рабочие параметры ещё не созданы","0.5-draft"
"TD-HEALTH-MENTAL-CRISIS","TD-HEALTH","HEALTH","TRAINING","Кризис психического здоровья и непосредственный риск","Иметь измеримую и проверяемую способность: кризис психического здоровья и непосредственный риск","S2_TRAINED_SUPERVISED","TRAINED_SUPERVISED","TD-BASE-SAFETY|TD-BASE-SITE|TD-BASE-INVENTORY","","MISSING","","До использования задать service level, единицу, объём, срок и критерий приёмки","Точный метод, прибор/reference и неопределённость TBD до исполнения","MISSING_OR_NOT_APPLICABLE","PORTUGAL_AND_SITE_REVIEW_REQUIRED","Потоки, совместимость, хранение и законный маршрут TBD до исполнения","Неизвестная идентичность; отсутствующее полномочие; опасная среда; непроверенный источник; выход за подготовку","Периодичность, расходники, запасные части и failure signs TBD","Другой назначенный участник находит карточку и демонстрирует допустимую часть без устной помощи автора","Профиль; источник; инвентарь; измерения; acceptance log; reviewer; дата","MISSING","MISSING","DENY","Каталожный узел; процедуры и рабочие параметры ещё не созданы","0.5-draft"
"TD-HEALTH-RECORDS","TD-HEALTH","HEALTH","GOVERNANCE","Медицинская карта; аллергии; согласия и handover","Иметь измеримую и проверяемую способность: медицинская карта; аллергии; согласия и handover","S1_LOW_RISK_HOUSEHOLD","HOUSEHOLD_S1_AFTER_GATE","TD-BASE-SAFETY|TD-BASE-SITE|TD-BASE-INVENTORY","","MISSING","","До использования задать service level, единицу, объём, срок и критерий приёмки","Точный метод, прибор/reference и неопределённость TBD до исполнения","MISSING_OR_NOT_APPLICABLE","PORTUGAL_AND_SITE_REVIEW_REQUIRED","Потоки, совместимость, хранение и законный маршрут TBD до исполнения","Неизвестная идентичность; отсутствующее полномочие; опасная среда; непроверенный источник; выход за подготовку","Периодичность, расходники, запасные части и failure signs TBD","Другой назначенный участник находит карточку и демонстрирует допустимую часть без устной помощи автора","Профиль; источник; инвентарь; измерения; acceptance log; reviewer; дата","MISSING","MISSING","DENY","Каталожный узел; процедуры и рабочие параметры ещё не созданы","0.5-draft"
"TD-HEALTH-KIT-INVENTORY","TD-HEALTH","HEALTH","MATERIAL","Физический инвентарь аптечек и расходников","Иметь измеримую и проверяемую способность: физический инвентарь аптечек и расходников","S1_LOW_RISK_HOUSEHOLD","HOUSEHOLD_S1_AFTER_GATE","TD-BASE-SAFETY|TD-BASE-SITE|TD-BASE-INVENTORY","","MISSING","","До использования задать service level, единицу, объём, срок и критерий приёмки","Точный метод, прибор/reference и неопределённость TBD до исполнения","MISSING_OR_NOT_APPLICABLE","PORTUGAL_AND_SITE_REVIEW_REQUIRED","Потоки, совместимость, хранение и законный маршрут TBD до исполнения","Неизвестная идентичность; отсутствующее полномочие; опасная среда; непроверенный источник; выход за подготовку","Периодичность, расходники, запасные части и failure signs TBD","Другой назначенный участник находит карточку и демонстрирует допустимую часть без устной помощи автора","Профиль; источник; инвентарь; измерения; acceptance log; reviewer; дата","MISSING","MISSING","DENY","Каталожный узел; процедуры и рабочие параметры ещё не созданы","0.5-draft"
"TD-HEALTH-MEDICATION-INVENTORY","TD-HEALTH","HEALTH","MATERIAL","Инвентаризация назначенных лекарств без изменения назначения","Иметь измеримую и проверяемую способность: инвентаризация назначенных лекарств без изменения назначения","S2_TRAINED_SUPERVISED","TRAINED_SUPERVISED","TD-BASE-SAFETY|TD-BASE-SITE|TD-BASE-INVENTORY","","MISSING","","До использования задать service level, единицу, объём, срок и критерий приёмки","Точный метод, прибор/reference и неопределённость TBD до исполнения","MISSING_OR_NOT_APPLICABLE","PORTUGAL_AND_SITE_REVIEW_REQUIRED","Потоки, совместимость, хранение и законный маршрут TBD до исполнения","Неизвестная идентичность; отсутствующее полномочие; опасная среда; непроверенный источник; выход за подготовку","Периодичность, расходники, запасные части и failure signs TBD","Другой назначенный участник находит карточку и демонстрирует допустимую часть без устной помощи автора","Профиль; источник; инвентарь; измерения; acceptance log; reviewer; дата","MISSING","MISSING","DENY","Каталожный узел; процедуры и рабочие параметры ещё не созданы","0.5-draft"
"TD-HEALTH-COLD-CHAIN","TD-HEALTH","HEALTH","PROCESS","Холодовая цепь лекарств и медпитания","Иметь измеримую и проверяемую способность: холодовая цепь лекарств и медпитания","S3_LICENSED_PROFESSIONAL","LICENSED_ONLY","TD-BASE-SAFETY|TD-BASE-SITE|TD-BASE-INVENTORY","","MISSING","","До использования задать service level, единицу, объём, срок и критерий приёмки","Точный метод, прибор/reference и неопределённость TBD до исполнения","MISSING_OR_NOT_APPLICABLE","PORTUGAL_AND_SITE_REVIEW_REQUIRED","Потоки, совместимость, хранение и законный маршрут TBD до исполнения","Неизвестная идентичность; отсутствующее полномочие; опасная среда; непроверенный источник; выход за подготовку","Периодичность, расходники, запасные части и failure signs TBD","Другой назначенный участник находит карточку и демонстрирует допустимую часть без устной помощи автора","Профиль; источник; инвентарь; измерения; acceptance log; reviewer; дата","MISSING","MISSING","DENY","Каталожный узел; процедуры и рабочие параметры ещё не созданы","0.5-draft"
"TD-HEALTH-IPC","TD-HEALTH","HEALTH","PROCESS","Инфекционный контроль; руки; поверхности и вентиляция","Иметь измеримую и проверяемую способность: инфекционный контроль; руки; поверхности и вентиляция","S2_TRAINED_SUPERVISED","TRAINED_SUPERVISED","TD-BASE-SAFETY|TD-BASE-SITE|TD-BASE-INVENTORY","","MISSING","","До использования задать service level, единицу, объём, срок и критерий приёмки","Точный метод, прибор/reference и неопределённость TBD до исполнения","MISSING_OR_NOT_APPLICABLE","PORTUGAL_AND_SITE_REVIEW_REQUIRED","Потоки, совместимость, хранение и законный маршрут TBD до исполнения","Неизвестная идентичность; отсутствующее полномочие; опасная среда; непроверенный источник; выход за подготовку","Периодичность, расходники, запасные части и failure signs TBD","Другой назначенный участник находит карточку и демонстрирует допустимую часть без устной помощи автора","Профиль; источник; инвентарь; измерения; acceptance log; reviewer; дата","MISSING","MISSING","DENY","Каталожный узел; процедуры и рабочие параметры ещё не созданы","0.5-draft"
"TD-HEALTH-MED-WASTE","TD-HEALTH","HEALTH","PROCESS","Острые и загрязнённые медицинские отходы","Иметь измеримую и проверяемую способность: острые и загрязнённые медицинские отходы","S3_LICENSED_PROFESSIONAL","LICENSED_ONLY","TD-BASE-SAFETY|TD-BASE-SITE|TD-BASE-INVENTORY","","MISSING","","До использования задать service level, единицу, объём, срок и критерий приёмки","Точный метод, прибор/reference и неопределённость TBD до исполнения","MISSING_OR_NOT_APPLICABLE","PORTUGAL_AND_SITE_REVIEW_REQUIRED","Потоки, совместимость, хранение и законный маршрут TBD до исполнения","Неизвестная идентичность; отсутствующее полномочие; опасная среда; непроверенный источник; выход за подготовку","Периодичность, расходники, запасные части и failure signs TBD","Другой назначенный участник находит карточку и демонстрирует допустимую часть без устной помощи автора","Профиль; источник; инвентарь; измерения; acceptance log; reviewer; дата","MISSING","MISSING","DENY","Каталожный узел; процедуры и рабочие параметры ещё не созданы","0.5-draft"
"TD-HEALTH-DELAYED-CARE","TD-HEALTH","HEALTH","KNOWLEDGE","Поддерживающий уход при задержке профессиональной помощи","Иметь измеримую и проверяемую способность: поддерживающий уход при задержке профессиональной помощи","S3_LICENSED_PROFESSIONAL","LICENSED_ONLY","TD-BASE-SAFETY|TD-BASE-SITE|TD-BASE-INVENTORY","","MISSING","","До использования задать service level, единицу, объём, срок и критерий приёмки","Точный метод, прибор/reference и неопределённость TBD до исполнения","MISSING_OR_NOT_APPLICABLE","PORTUGAL_AND_SITE_REVIEW_REQUIRED","Потоки, совместимость, хранение и законный маршрут TBD до исполнения","Неизвестная идентичность; отсутствующее полномочие; опасная среда; непроверенный источник; выход за подготовку","Периодичность, расходники, запасные части и failure signs TBD","Другой назначенный участник находит карточку и демонстрирует допустимую часть без устной помощи автора","Профиль; источник; инвентарь; измерения; acceptance log; reviewer; дата","MISSING","MISSING","DENY","Каталожный узел; процедуры и рабочие параметры ещё не созданы","0.5-draft"
"TD-HEALTH-DENTAL","TD-HEALTH","HEALTH","PROCESS","Профилактическая стоматология и срочная маршрутизация","Иметь измеримую и проверяемую способность: профилактическая стоматология и срочная маршрутизация","S2_TRAINED_SUPERVISED","TRAINED_SUPERVISED","TD-BASE-SAFETY|TD-BASE-SITE|TD-BASE-INVENTORY","","MISSING","","До использования задать service level, единицу, объём, срок и критерий приёмки","Точный метод, прибор/reference и неопределённость TBD до исполнения","MISSING_OR_NOT_APPLICABLE","PORTUGAL_AND_SITE_REVIEW_REQUIRED","Потоки, совместимость, хранение и законный маршрут TBD до исполнения","Неизвестная идентичность; отсутствующее полномочие; опасная среда; непроверенный источник; выход за подготовку","Периодичность, расходники, запасные части и failure signs TBD","Другой назначенный участник находит карточку и демонстрирует допустимую часть без устной помощи автора","Профиль; источник; инвентарь; измерения; acceptance log; reviewer; дата","MISSING","MISSING","DENY","Каталожный узел; процедуры и рабочие параметры ещё не созданы","0.5-draft"
"TD-HEALTH-REHAB","TD-HEALTH","HEALTH","PROCESS","Мобильность; реабилитация и профилактика повреждения давлением","Иметь измеримую и проверяемую способность: мобильность; реабилитация и профилактика повреждения давлением","S3_LICENSED_PROFESSIONAL","LICENSED_ONLY","TD-BASE-SAFETY|TD-BASE-SITE|TD-BASE-INVENTORY","","MISSING","","До использования задать service level, единицу, объём, срок и критерий приёмки","Точный метод, прибор/reference и неопределённость TBD до исполнения","MISSING_OR_NOT_APPLICABLE","PORTUGAL_AND_SITE_REVIEW_REQUIRED","Потоки, совместимость, хранение и законный маршрут TBD до исполнения","Неизвестная идентичность; отсутствующее полномочие; опасная среда; непроверенный источник; выход за подготовку","Периодичность, расходники, запасные части и failure signs TBD","Другой назначенный участник находит карточку и демонстрирует допустимую часть без устной помощи автора","Профиль; источник; инвентарь; измерения; acceptance log; reviewer; дата","MISSING","MISSING","DENY","Каталожный узел; процедуры и рабочие параметры ещё не созданы","0.5-draft"
"TD-HEALTH-PALLIATIVE","TD-HEALTH","HEALTH","KNOWLEDGE","Паллиативная поддержка; достоинство и advance plan","Иметь измеримую и проверяемую способность: паллиативная поддержка; достоинство и advance plan","S3_LICENSED_PROFESSIONAL","LICENSED_ONLY","TD-BASE-SAFETY|TD-BASE-SITE|TD-BASE-INVENTORY","","MISSING","","До использования задать service level, единицу, объём, срок и критерий приёмки","Точный метод, прибор/reference и неопределённость TBD до исполнения","MISSING_OR_NOT_APPLICABLE","PORTUGAL_AND_SITE_REVIEW_REQUIRED","Потоки, совместимость, хранение и законный маршрут TBD до исполнения","Неизвестная идентичность; отсутствующее полномочие; опасная среда; непроверенный источник; выход за подготовку","Периодичность, расходники, запасные части и failure signs TBD","Другой назначенный участник находит карточку и демонстрирует допустимую часть без устной помощи автора","Профиль; источник; инвентарь; измерения; acceptance log; reviewer; дата","MISSING","MISSING","DENY","Каталожный узел; процедуры и рабочие параметры ещё не созданы","0.5-draft"
"TD-HEALTH-DEATH","TD-HEALTH","HEALTH","HAZARD_BOUNDARY","Смерть; записи; санитарные и правовые действия","Иметь измеримую и проверяемую способность: смерть; записи; санитарные и правовые действия","S4_REFERENCE_ONLY_PROHIBITED_HOUSEHOLD","REFERENCE_ONLY_NO_BUILD","TD-BASE-SAFETY|TD-BASE-SITE|TD-BASE-INVENTORY","","NO_BUILD_MATERIALS","","Граница распознавания и профессиональный маршрут определены; household execution отсутствует","Official professional references only","NO_BUILD_DRAWINGS","PORTUGAL_AND_SITE_REVIEW_REQUIRED","Потоки, совместимость, хранение и законный маршрут TBD до исполнения","Неизвестная идентичность; отсутствующее полномочие; опасная среда; непроверенный источник; выход за подготовку","Периодичность, расходники, запасные части и failure signs TBD","Другой назначенный участник находит карточку и демонстрирует допустимую часть без устной помощи автора","Профиль; источник; инвентарь; измерения; acceptance log; reviewer; дата","BOUNDARY_DEFINED","REFERENCE_ONLY","REFERENCE_ONLY","Каталожный узел; процедуры и рабочие параметры ещё не созданы","0.5-draft"
"TD-WATER-P0-RESERVE","TD-WATER","WATER_WASH","MATERIAL","Закрытый запас питьевой воды на первые 72 часа","Иметь измеримую и проверяемую способность: закрытый запас питьевой воды на первые 72 часа","S1_LOW_RISK_HOUSEHOLD","HOUSEHOLD_S1_AFTER_GATE","TD-BASE-SAFETY|TD-BASE-SITE|TD-BASE-INVENTORY","","MISSING","","До использования задать service level, единицу, объём, срок и критерий приёмки","Точный метод, прибор/reference и неопределённость TBD до исполнения","MISSING_OR_NOT_APPLICABLE","PORTUGAL_AND_SITE_REVIEW_REQUIRED","Потоки, совместимость, хранение и законный маршрут TBD до исполнения","Неизвестная идентичность; отсутствующее полномочие; опасная среда; непроверенный источник; выход за подготовку","Периодичность, расходники, запасные части и failure signs TBD","Другой назначенный участник находит карточку и демонстрирует допустимую часть без устной помощи автора","Профиль; источник; инвентарь; измерения; acceptance log; reviewer; дата","MISSING","MISSING","DENY","Каталожный узел; процедуры и рабочие параметры ещё не созданы","0.5-draft"
"TD-WATER-DEMAND","TD-WATER","WATER_WASH","TEST","Расчёт потребности 1–7 человек и животных","Иметь измеримую и проверяемую способность: расчёт потребности 1–7 человек и животных","S1_LOW_RISK_HOUSEHOLD","HOUSEHOLD_S1_AFTER_GATE","TD-BASE-SAFETY|TD-BASE-SITE|TD-BASE-INVENTORY","","MISSING","","До использования задать service level, единицу, объём, срок и критерий приёмки","Точный метод, прибор/reference и неопределённость TBD до исполнения","MISSING_OR_NOT_APPLICABLE","PORTUGAL_AND_SITE_REVIEW_REQUIRED","Потоки, совместимость, хранение и законный маршрут TBD до исполнения","Неизвестная идентичность; отсутствующее полномочие; опасная среда; непроверенный источник; выход за подготовку","Периодичность, расходники, запасные части и failure signs TBD","Другой назначенный участник находит карточку и демонстрирует допустимую часть без устной помощи автора","Профиль; источник; инвентарь; измерения; acceptance log; reviewer; дата","MISSING","MISSING","DENY","Каталожный узел; процедуры и рабочие параметры ещё не созданы","0.5-draft"
"TD-WATER-RATION","TD-WATER","WATER_WASH","GOVERNANCE","Выдача; учёт и приоритеты воды","Иметь измеримую и проверяемую способность: выдача; учёт и приоритеты воды","S1_LOW_RISK_HOUSEHOLD","HOUSEHOLD_S1_AFTER_GATE","TD-BASE-SAFETY|TD-BASE-SITE|TD-BASE-INVENTORY","","MISSING","","До использования задать service level, единицу, объём, срок и критерий приёмки","Точный метод, прибор/reference и неопределённость TBD до исполнения","MISSING_OR_NOT_APPLICABLE","PORTUGAL_AND_SITE_REVIEW_REQUIRED","Потоки, совместимость, хранение и законный маршрут TBD до исполнения","Неизвестная идентичность; отсутствующее полномочие; опасная среда; непроверенный источник; выход за подготовку","Периодичность, расходники, запасные части и failure signs TBD","Другой назначенный участник находит карточку и демонстрирует допустимую часть без устной помощи автора","Профиль; источник; инвентарь; измерения; acceptance log; reviewer; дата","MISSING","MISSING","DENY","Каталожный узел; процедуры и рабочие параметры ещё не созданы","0.5-draft"
"TD-WATER-VULNERABLE","TD-WATER","WATER_WASH","SITE_DATA","Вода для лекарств; младенцев и уязвимых людей","Иметь измеримую и проверяемую способность: вода для лекарств; младенцев и уязвимых людей","S2_TRAINED_SUPERVISED","TRAINED_SUPERVISED","TD-BASE-SAFETY|TD-BASE-SITE|TD-BASE-INVENTORY","","MISSING","","До использования задать service level, единицу, объём, срок и критерий приёмки","Точный метод, прибор/reference и неопределённость TBD до исполнения","MISSING_OR_NOT_APPLICABLE","PORTUGAL_AND_SITE_REVIEW_REQUIRED","Потоки, совместимость, хранение и законный маршрут TBD до исполнения","Неизвестная идентичность; отсутствующее полномочие; опасная среда; непроверенный источник; выход за подготовку","Периодичность, расходники, запасные части и failure signs TBD","Другой назначенный участник находит карточку и демонстрирует допустимую часть без устной помощи автора","Профиль; источник; инвентарь; измерения; acceptance log; reviewer; дата","MISSING","MISSING","DENY","Каталожный узел; процедуры и рабочие параметры ещё не созданы","0.5-draft"
"TD-WATER-COLLECTION","TD-WATER","WATER_WASH","PROCESS","Законный сбор воды","Иметь измеримую и проверяемую способность: законный сбор воды","S2_TRAINED_SUPERVISED","TRAINED_SUPERVISED","TD-BASE-SAFETY|TD-BASE-SITE|TD-BASE-INVENTORY","","MISSING","","До использования задать service level, единицу, объём, срок и критерий приёмки","Точный метод, прибор/reference и неопределённость TBD до исполнения","MISSING_OR_NOT_APPLICABLE","PORTUGAL_AND_SITE_REVIEW_REQUIRED","Потоки, совместимость, хранение и законный маршрут TBD до исполнения","Неизвестная идентичность; отсутствующее полномочие; опасная среда; непроверенный источник; выход за подготовку","Периодичность, расходники, запасные части и failure signs TBD","Другой назначенный участник находит карточку и демонстрирует допустимую часть без устной помощи автора","Профиль; источник; инвентарь; измерения; acceptance log; reviewer; дата","MISSING","MISSING","DENY","Каталожный узел; процедуры и рабочие параметры ещё не созданы","0.5-draft"
"TD-WATER-CARRY","TD-WATER","WATER_WASH","PROCESS","Ручная переноска без травмы и загрязнения","Иметь измеримую и проверяемую способность: ручная переноска без травмы и загрязнения","S1_LOW_RISK_HOUSEHOLD","HOUSEHOLD_S1_AFTER_GATE","TD-BASE-SAFETY|TD-BASE-SITE|TD-BASE-INVENTORY","","MISSING","","До использования задать service level, единицу, объём, срок и критерий приёмки","Точный метод, прибор/reference и неопределённость TBD до исполнения","MISSING_OR_NOT_APPLICABLE","PORTUGAL_AND_SITE_REVIEW_REQUIRED","Потоки, совместимость, хранение и законный маршрут TBD до исполнения","Неизвестная идентичность; отсутствующее полномочие; опасная среда; непроверенный источник; выход за подготовку","Периодичность, расходники, запасные части и failure signs TBD","Другой назначенный участник находит карточку и демонстрирует допустимую часть без устной помощи автора","Профиль; источник; инвентарь; измерения; acceptance log; reviewer; дата","MISSING","MISSING","DENY","Каталожный узел; процедуры и рабочие параметры ещё не созданы","0.5-draft"
"TD-WATER-CROSS-CONTAM","TD-WATER","WATER_WASH","PROCESS","Предотвращение перекрёстного загрязнения","Иметь измеримую и проверяемую способность: предотвращение перекрёстного загрязнения","S2_TRAINED_SUPERVISED","TRAINED_SUPERVISED","TD-BASE-SAFETY|TD-BASE-SITE|TD-BASE-INVENTORY","","MISSING","","До использования задать service level, единицу, объём, срок и критерий приёмки","Точный метод, прибор/reference и неопределённость TBD до исполнения","MISSING_OR_NOT_APPLICABLE","PORTUGAL_AND_SITE_REVIEW_REQUIRED","Потоки, совместимость, хранение и законный маршрут TBD до исполнения","Неизвестная идентичность; отсутствующее полномочие; опасная среда; непроверенный источник; выход за подготовку","Периодичность, расходники, запасные части и failure signs TBD","Другой назначенный участник находит карточку и демонстрирует допустимую часть без устной помощи автора","Профиль; источник; инвентарь; измерения; acceptance log; reviewer; дата","MISSING","MISSING","DENY","Каталожный узел; процедуры и рабочие параметры ещё не созданы","0.5-draft"
"TD-WATER-LABEL","TD-WATER","WATER_WASH","PROCESS","Разделение и маркировка питьевой и технической воды","Иметь измеримую и проверяемую способность: разделение и маркировка питьевой и технической воды","S1_LOW_RISK_HOUSEHOLD","HOUSEHOLD_S1_AFTER_GATE","TD-BASE-SAFETY|TD-BASE-SITE|TD-BASE-INVENTORY","","MISSING","","До использования задать service level, единицу, объём, срок и критерий приёмки","Точный метод, прибор/reference и неопределённость TBD до исполнения","MISSING_OR_NOT_APPLICABLE","PORTUGAL_AND_SITE_REVIEW_REQUIRED","Потоки, совместимость, хранение и законный маршрут TBD до исполнения","Неизвестная идентичность; отсутствующее полномочие; опасная среда; непроверенный источник; выход за подготовку","Периодичность, расходники, запасные части и failure signs TBD","Другой назначенный участник находит карточку и демонстрирует допустимую часть без устной помощи автора","Профиль; источник; инвентарь; измерения; acceptance log; reviewer; дата","MISSING","MISSING","DENY","Каталожный узел; процедуры и рабочие параметры ещё не созданы","0.5-draft"
"TD-WATER-EMERGENCY-PRODUCT","TD-WATER","WATER_WASH","PROCESS","Аварийная обработка точным готовым продуктом по официальной инструкции","Иметь измеримую и проверяемую способность: аварийная обработка точным готовым продуктом по официальной инструкции","S2_TRAINED_SUPERVISED","TRAINED_SUPERVISED","TD-BASE-SAFETY|TD-BASE-SITE|TD-BASE-INVENTORY","","MISSING","","До использования задать service level, единицу, объём, срок и критерий приёмки","Точный метод, прибор/reference и неопределённость TBD до исполнения","MISSING_OR_NOT_APPLICABLE","PORTUGAL_AND_SITE_REVIEW_REQUIRED","Потоки, совместимость, хранение и законный маршрут TBD до исполнения","Неизвестная идентичность; отсутствующее полномочие; опасная среда; непроверенный источник; выход за подготовку","Периодичность, расходники, запасные части и failure signs TBD","Другой назначенный участник находит карточку и демонстрирует допустимую часть без устной помощи автора","Профиль; источник; инвентарь; измерения; acceptance log; reviewer; дата","MISSING","MISSING","DENY","Каталожный узел; процедуры и рабочие параметры ещё не созданы","0.5-draft"
"TD-WATER-CONTAINER-CLEAN","TD-WATER","WATER_WASH","MAINTENANCE","Очистка; ротация и браковка ёмкостей","Иметь измеримую и проверяемую способность: очистка; ротация и браковка ёмкостей","S2_TRAINED_SUPERVISED","TRAINED_SUPERVISED","TD-BASE-SAFETY|TD-BASE-SITE|TD-BASE-INVENTORY","","MISSING","","До использования задать service level, единицу, объём, срок и критерий приёмки","Точный метод, прибор/reference и неопределённость TBD до исполнения","MISSING_OR_NOT_APPLICABLE","PORTUGAL_AND_SITE_REVIEW_REQUIRED","Потоки, совместимость, хранение и законный маршрут TBD до исполнения","Неизвестная идентичность; отсутствующее полномочие; опасная среда; непроверенный источник; выход за подготовку","Периодичность, расходники, запасные части и failure signs TBD","Другой назначенный участник находит карточку и демонстрирует допустимую часть без устной помощи автора","Профиль; источник; инвентарь; измерения; acceptance log; reviewer; дата","MISSING","MISSING","DENY","Каталожный узел; процедуры и рабочие параметры ещё не созданы","0.5-draft"
"TD-WATER-PORTFOLIO","TD-WATER","WATER_WASH","OUTCOME","Портфель независимых источников воды","Иметь измеримую и проверяемую способность: портфель независимых источников воды","S1_LOW_RISK_HOUSEHOLD","HOUSEHOLD_S1_AFTER_GATE","TD-BASE-SAFETY|TD-BASE-SITE|TD-BASE-INVENTORY","","MISSING","","До использования задать service level, единицу, объём, срок и критерий приёмки","Точный метод, прибор/reference и неопределённость TBD до исполнения","MISSING_OR_NOT_APPLICABLE","PORTUGAL_AND_SITE_REVIEW_REQUIRED","Потоки, совместимость, хранение и законный маршрут TBD до исполнения","Неизвестная идентичность; отсутствующее полномочие; опасная среда; непроверенный источник; выход за подготовку","Периодичность, расходники, запасные части и failure signs TBD","Другой назначенный участник находит карточку и демонстрирует допустимую часть без устной помощи автора","Профиль; источник; инвентарь; измерения; acceptance log; reviewer; дата","MISSING","MISSING","DENY","Каталожный узел; процедуры и рабочие параметры ещё не созданы","0.5-draft"
"TD-WATER-RAIN","TD-WATER","WATER_WASH","PROCESS","Дождевая вода; право; first flush и отдельный risk profile","Иметь измеримую и проверяемую способность: дождевая вода; право; first flush и отдельный risk profile","S2_TRAINED_SUPERVISED","TRAINED_SUPERVISED","TD-BASE-SAFETY|TD-BASE-SITE|TD-BASE-INVENTORY","","MISSING","","До использования задать service level, единицу, объём, срок и критерий приёмки","Точный метод, прибор/reference и неопределённость TBD до исполнения","MISSING_OR_NOT_APPLICABLE","PORTUGAL_AND_SITE_REVIEW_REQUIRED","Потоки, совместимость, хранение и законный маршрут TBD до исполнения","Неизвестная идентичность; отсутствующее полномочие; опасная среда; непроверенный источник; выход за подготовку","Периодичность, расходники, запасные части и failure signs TBD","Другой назначенный участник находит карточку и демонстрирует допустимую часть без устной помощи автора","Профиль; источник; инвентарь; измерения; acceptance log; reviewer; дата","MISSING","MISSING","DENY","Каталожный узел; процедуры и рабочие параметры ещё не созданы","0.5-draft"
"TD-WATER-DELIVERED","TD-WATER","WATER_WASH","PROCESS","Привозная вода и приёмка партии","Иметь измеримую и проверяемую способность: привозная вода и приёмка партии","S1_LOW_RISK_HOUSEHOLD","HOUSEHOLD_S1_AFTER_GATE","TD-BASE-SAFETY|TD-BASE-SITE|TD-BASE-INVENTORY","","MISSING","","До использования задать service level, единицу, объём, срок и критерий приёмки","Точный метод, прибор/reference и неопределённость TBD до исполнения","MISSING_OR_NOT_APPLICABLE","PORTUGAL_AND_SITE_REVIEW_REQUIRED","Потоки, совместимость, хранение и законный маршрут TBD до исполнения","Неизвестная идентичность; отсутствующее полномочие; опасная среда; непроверенный источник; выход за подготовку","Периодичность, расходники, запасные части и failure signs TBD","Другой назначенный участник находит карточку и демонстрирует допустимую часть без устной помощи автора","Профиль; источник; инвентарь; измерения; acceptance log; reviewer; дата","MISSING","MISSING","DENY","Каталожный узел; процедуры и рабочие параметры ещё не созданы","0.5-draft"
"TD-WATER-WELL","TD-WATER","WATER_WASH","PROCESS","Колодец или скважина; строительство и эксплуатация","Иметь измеримую и проверяемую способность: колодец или скважина; строительство и эксплуатация","S3_LICENSED_PROFESSIONAL","LICENSED_ONLY","TD-BASE-SAFETY|TD-BASE-SITE|TD-BASE-INVENTORY","","MISSING","","До использования задать service level, единицу, объём, срок и критерий приёмки","Точный метод, прибор/reference и неопределённость TBD до исполнения","MISSING_OR_NOT_APPLICABLE","PORTUGAL_AND_SITE_REVIEW_REQUIRED","Потоки, совместимость, хранение и законный маршрут TBD до исполнения","Неизвестная идентичность; отсутствующее полномочие; опасная среда; непроверенный источник; выход за подготовку","Периодичность, расходники, запасные части и failure signs TBD","Другой назначенный участник находит карточку и демонстрирует допустимую часть без устной помощи автора","Профиль; источник; инвентарь; измерения; acceptance log; reviewer; дата","MISSING","MISSING","DENY","Каталожный узел; процедуры и рабочие параметры ещё не созданы","0.5-draft"
"TD-WATER-SURFACE","TD-WATER","WATER_WASH","PROCESS","Поверхностная вода как высокорисковый источник","Иметь измеримую и проверяемую способность: поверхностная вода как высокорисковый источник","S3_LICENSED_PROFESSIONAL","LICENSED_ONLY","TD-BASE-SAFETY|TD-BASE-SITE|TD-BASE-INVENTORY","","MISSING","","До использования задать service level, единицу, объём, срок и критерий приёмки","Точный метод, прибор/reference и неопределённость TBD до исполнения","MISSING_OR_NOT_APPLICABLE","PORTUGAL_AND_SITE_REVIEW_REQUIRED","Потоки, совместимость, хранение и законный маршрут TBD до исполнения","Неизвестная идентичность; отсутствующее полномочие; опасная среда; непроверенный источник; выход за подготовку","Периодичность, расходники, запасные части и failure signs TBD","Другой назначенный участник находит карточку и демонстрирует допустимую часть без устной помощи автора","Профиль; источник; инвентарь; измерения; acceptance log; reviewer; дата","MISSING","MISSING","DENY","Каталожный узел; процедуры и рабочие параметры ещё не созданы","0.5-draft"
"TD-WATER-GRAVITY","TD-WATER","WATER_WASH","PROCESS","Гравитационная подача","Иметь измеримую и проверяемую способность: гравитационная подача","S2_TRAINED_SUPERVISED","TRAINED_SUPERVISED","TD-BASE-SAFETY|TD-BASE-SITE|TD-BASE-INVENTORY","","MISSING","","До использования задать service level, единицу, объём, срок и критерий приёмки","Точный метод, прибор/reference и неопределённость TBD до исполнения","MISSING_OR_NOT_APPLICABLE","PORTUGAL_AND_SITE_REVIEW_REQUIRED","Потоки, совместимость, хранение и законный маршрут TBD до исполнения","Неизвестная идентичность; отсутствующее полномочие; опасная среда; непроверенный источник; выход за подготовку","Периодичность, расходники, запасные части и failure signs TBD","Другой назначенный участник находит карточку и демонстрирует допустимую часть без устной помощи автора","Профиль; источник; инвентарь; измерения; acceptance log; reviewer; дата","MISSING","MISSING","DENY","Каталожный узел; процедуры и рабочие параметры ещё не созданы","0.5-draft"
"TD-WATER-HAND-PUMP","TD-WATER","WATER_WASH","TOOL","Ручной насос и его ремонт","Иметь измеримую и проверяемую способность: ручной насос и его ремонт","S2_TRAINED_SUPERVISED","TRAINED_SUPERVISED","TD-BASE-SAFETY|TD-BASE-SITE|TD-BASE-INVENTORY","","MISSING","","До использования задать service level, единицу, объём, срок и критерий приёмки","Точный метод, прибор/reference и неопределённость TBD до исполнения","MISSING_OR_NOT_APPLICABLE","PORTUGAL_AND_SITE_REVIEW_REQUIRED","Потоки, совместимость, хранение и законный маршрут TBD до исполнения","Неизвестная идентичность; отсутствующее полномочие; опасная среда; непроверенный источник; выход за подготовку","Периодичность, расходники, запасные части и failure signs TBD","Другой назначенный участник находит карточку и демонстрирует допустимую часть без устной помощи автора","Профиль; источник; инвентарь; измерения; acceptance log; reviewer; дата","MISSING","MISSING","DENY","Каталожный узел; процедуры и рабочие параметры ещё не созданы","0.5-draft"
"TD-WATER-LOWE-PUMP","TD-WATER","WATER_WASH","PROCESS","Низкоэнергетический насос и резерв питания","Иметь измеримую и проверяемую способность: низкоэнергетический насос и резерв питания","S2_TRAINED_SUPERVISED","TRAINED_SUPERVISED","TD-BASE-SAFETY|TD-BASE-SITE|TD-BASE-INVENTORY","","MISSING","","До использования задать service level, единицу, объём, срок и критерий приёмки","Точный метод, прибор/reference и неопределённость TBD до исполнения","MISSING_OR_NOT_APPLICABLE","PORTUGAL_AND_SITE_REVIEW_REQUIRED","Потоки, совместимость, хранение и законный маршрут TBD до исполнения","Неизвестная идентичность; отсутствующее полномочие; опасная среда; непроверенный источник; выход за подготовку","Периодичность, расходники, запасные части и failure signs TBD","Другой назначенный участник находит карточку и демонстрирует допустимую часть без устной помощи автора","Профиль; источник; инвентарь; измерения; acceptance log; reviewer; дата","MISSING","MISSING","DENY","Каталожный узел; процедуры и рабочие параметры ещё не созданы","0.5-draft"
"TD-WATER-DISTRIBUTION","TD-WATER","WATER_WASH","DRAWING","Распределение воды и точки отбора","Иметь измеримую и проверяемую способность: распределение воды и точки отбора","S2_TRAINED_SUPERVISED","TRAINED_SUPERVISED","TD-BASE-SAFETY|TD-BASE-SITE|TD-BASE-INVENTORY","","MISSING","","До использования задать service level, единицу, объём, срок и критерий приёмки","Точный метод, прибор/reference и неопределённость TBD до исполнения","MISSING_OR_NOT_APPLICABLE","PORTUGAL_AND_SITE_REVIEW_REQUIRED","Потоки, совместимость, хранение и законный маршрут TBD до исполнения","Неизвестная идентичность; отсутствующее полномочие; опасная среда; непроверенный источник; выход за подготовку","Периодичность, расходники, запасные части и failure signs TBD","Другой назначенный участник находит карточку и демонстрирует допустимую часть без устной помощи автора","Профиль; источник; инвентарь; измерения; acceptance log; reviewer; дата","MISSING","MISSING","DENY","Каталожный узел; процедуры и рабочие параметры ещё не созданы","0.5-draft"
"TD-WATER-BACKFLOW","TD-WATER","WATER_WASH","PROCESS","Защита от обратного потока","Иметь измеримую и проверяемую способность: защита от обратного потока","S3_LICENSED_PROFESSIONAL","LICENSED_ONLY","TD-BASE-SAFETY|TD-BASE-SITE|TD-BASE-INVENTORY","","MISSING","","До использования задать service level, единицу, объём, срок и критерий приёмки","Точный метод, прибор/reference и неопределённость TBD до исполнения","MISSING_OR_NOT_APPLICABLE","PORTUGAL_AND_SITE_REVIEW_REQUIRED","Потоки, совместимость, хранение и законный маршрут TBD до исполнения","Неизвестная идентичность; отсутствующее полномочие; опасная среда; непроверенный источник; выход за подготовку","Периодичность, расходники, запасные части и failure signs TBD","Другой назначенный участник находит карточку и демонстрирует допустимую часть без устной помощи автора","Профиль; источник; инвентарь; измерения; acceptance log; reviewer; дата","MISSING","MISSING","DENY","Каталожный узел; процедуры и рабочие параметры ещё не созданы","0.5-draft"
"TD-WATER-LEAK","TD-WATER","WATER_WASH","TEST","Испытание на утечки и потери","Иметь измеримую и проверяемую способность: испытание на утечки и потери","S2_TRAINED_SUPERVISED","TRAINED_SUPERVISED","TD-BASE-SAFETY|TD-BASE-SITE|TD-BASE-INVENTORY","","MISSING","","До использования задать service level, единицу, объём, срок и критерий приёмки","Точный метод, прибор/reference и неопределённость TBD до исполнения","MISSING_OR_NOT_APPLICABLE","PORTUGAL_AND_SITE_REVIEW_REQUIRED","Потоки, совместимость, хранение и законный маршрут TBD до исполнения","Неизвестная идентичность; отсутствующее полномочие; опасная среда; непроверенный источник; выход за подготовку","Периодичность, расходники, запасные части и failure signs TBD","Другой назначенный участник находит карточку и демонстрирует допустимую часть без устной помощи автора","Профиль; источник; инвентарь; измерения; acceptance log; reviewer; дата","MISSING","MISSING","DENY","Каталожный узел; процедуры и рабочие параметры ещё не созданы","0.5-draft"
"TD-WATER-SPARES","TD-WATER","WATER_WASH","MAINTENANCE","Запас фитингов; уплотнений и ремонтных деталей","Иметь измеримую и проверяемую способность: запас фитингов; уплотнений и ремонтных деталей","S1_LOW_RISK_HOUSEHOLD","HOUSEHOLD_S1_AFTER_GATE","TD-BASE-SAFETY|TD-BASE-SITE|TD-BASE-INVENTORY","","MISSING","","До использования задать service level, единицу, объём, срок и критерий приёмки","Точный метод, прибор/reference и неопределённость TBD до исполнения","MISSING_OR_NOT_APPLICABLE","PORTUGAL_AND_SITE_REVIEW_REQUIRED","Потоки, совместимость, хранение и законный маршрут TBD до исполнения","Неизвестная идентичность; отсутствующее полномочие; опасная среда; непроверенный источник; выход за подготовку","Периодичность, расходники, запасные части и failure signs TBD","Другой назначенный участник находит карточку и демонстрирует допустимую часть без устной помощи автора","Профиль; источник; инвентарь; измерения; acceptance log; reviewer; дата","MISSING","MISSING","DENY","Каталожный узел; процедуры и рабочие параметры ещё не созданы","0.5-draft"
"TD-WATER-LAB","TD-WATER","WATER_WASH","PROCESS","Маршрут лабораторного анализа воды","Иметь измеримую и проверяемую способность: маршрут лабораторного анализа воды","S3_LICENSED_PROFESSIONAL","LICENSED_ONLY","TD-BASE-SAFETY|TD-BASE-SITE|TD-BASE-INVENTORY","","MISSING","","До использования задать service level, единицу, объём, срок и критерий приёмки","Точный метод, прибор/reference и неопределённость TBD до исполнения","MISSING_OR_NOT_APPLICABLE","PORTUGAL_AND_SITE_REVIEW_REQUIRED","Потоки, совместимость, хранение и законный маршрут TBD до исполнения","Неизвестная идентичность; отсутствующее полномочие; опасная среда; непроверенный источник; выход за подготовку","Периодичность, расходники, запасные части и failure signs TBD","Другой назначенный участник находит карточку и демонстрирует допустимую часть без устной помощи автора","Профиль; источник; инвентарь; измерения; acceptance log; reviewer; дата","MISSING","MISSING","DENY","Каталожный узел; процедуры и рабочие параметры ещё не созданы","0.5-draft"
"TD-WATER-REDUNDANCY","TD-WATER","WATER_WASH","TEST","Отказ одного источника и независимый резерв","Иметь измеримую и проверяемую способность: отказ одного источника и независимый резерв","S2_TRAINED_SUPERVISED","TRAINED_SUPERVISED","TD-BASE-SAFETY|TD-BASE-SITE|TD-BASE-INVENTORY","","MISSING","","До использования задать service level, единицу, объём, срок и критерий приёмки","Точный метод, прибор/reference и неопределённость TBD до исполнения","MISSING_OR_NOT_APPLICABLE","PORTUGAL_AND_SITE_REVIEW_REQUIRED","Потоки, совместимость, хранение и законный маршрут TBD до исполнения","Неизвестная идентичность; отсутствующее полномочие; опасная среда; непроверенный источник; выход за подготовку","Периодичность, расходники, запасные части и failure signs TBD","Другой назначенный участник находит карточку и демонстрирует допустимую часть без устной помощи автора","Профиль; источник; инвентарь; измерения; acceptance log; reviewer; дата","MISSING","MISSING","DENY","Каталожный узел; процедуры и рабочие параметры ещё не созданы","0.5-draft"
"TD-SAN-TOILET","TD-SANITATION","WATER_WASH","PROCESS","Аварийный туалет и пропускная способность","Иметь измеримую и проверяемую способность: аварийный туалет и пропускная способность","S2_TRAINED_SUPERVISED","TRAINED_SUPERVISED","TD-BASE-SAFETY|TD-BASE-SITE|TD-BASE-INVENTORY","","MISSING","","До использования задать service level, единицу, объём, срок и критерий приёмки","Точный метод, прибор/reference и неопределённость TBD до исполнения","MISSING_OR_NOT_APPLICABLE","PORTUGAL_AND_SITE_REVIEW_REQUIRED","Потоки, совместимость, хранение и законный маршрут TBD до исполнения","Неизвестная идентичность; отсутствующее полномочие; опасная среда; непроверенный источник; выход за подготовку","Периодичность, расходники, запасные части и failure signs TBD","Другой назначенный участник находит карточку и демонстрирует допустимую часть без устной помощи автора","Профиль; источник; инвентарь; измерения; acceptance log; reviewer; дата","MISSING","MISSING","DENY","Каталожный узел; процедуры и рабочие параметры ещё не созданы","0.5-draft"
"TD-SAN-HANDWASH","TD-SANITATION","WATER_WASH","PROCESS","Станция мытья рук","Иметь измеримую и проверяемую способность: станция мытья рук","S1_LOW_RISK_HOUSEHOLD","HOUSEHOLD_S1_AFTER_GATE","TD-BASE-SAFETY|TD-BASE-SITE|TD-BASE-INVENTORY","","MISSING","","До использования задать service level, единицу, объём, срок и критерий приёмки","Точный метод, прибор/reference и неопределённость TBD до исполнения","MISSING_OR_NOT_APPLICABLE","PORTUGAL_AND_SITE_REVIEW_REQUIRED","Потоки, совместимость, хранение и законный маршрут TBD до исполнения","Неизвестная идентичность; отсутствующее полномочие; опасная среда; непроверенный источник; выход за подготовку","Периодичность, расходники, запасные части и failure signs TBD","Другой назначенный участник находит карточку и демонстрирует допустимую часть без устной помощи автора","Профиль; источник; инвентарь; измерения; acceptance log; reviewer; дата","MISSING","MISSING","DENY","Каталожный узел; процедуры и рабочие параметры ещё не созданы","0.5-draft"
"TD-SAN-ZONING","TD-SANITATION","WATER_WASH","DRAWING","Чистая и грязная зоны","Иметь измеримую и проверяемую способность: чистая и грязная зоны","S2_TRAINED_SUPERVISED","TRAINED_SUPERVISED","TD-BASE-SAFETY|TD-BASE-SITE|TD-BASE-INVENTORY","","MISSING","","До использования задать service level, единицу, объём, срок и критерий приёмки","Точный метод, прибор/reference и неопределённость TBD до исполнения","MISSING_OR_NOT_APPLICABLE","PORTUGAL_AND_SITE_REVIEW_REQUIRED","Потоки, совместимость, хранение и законный маршрут TBD до исполнения","Неизвестная идентичность; отсутствующее полномочие; опасная среда; непроверенный источник; выход за подготовку","Периодичность, расходники, запасные части и failure signs TBD","Другой назначенный участник находит карточку и демонстрирует допустимую часть без устной помощи автора","Профиль; источник; инвентарь; измерения; acceptance log; reviewer; дата","MISSING","MISSING","DENY","Каталожный узел; процедуры и рабочие параметры ещё не созданы","0.5-draft"
"TD-SAN-SOAP","TD-SANITATION","WATER_WASH","MATERIAL","Мыло; расходники и ротация","Иметь измеримую и проверяемую способность: мыло; расходники и ротация","S1_LOW_RISK_HOUSEHOLD","HOUSEHOLD_S1_AFTER_GATE","TD-BASE-SAFETY|TD-BASE-SITE|TD-BASE-INVENTORY","","MISSING","","До использования задать service level, единицу, объём, срок и критерий приёмки","Точный метод, прибор/reference и неопределённость TBD до исполнения","MISSING_OR_NOT_APPLICABLE","PORTUGAL_AND_SITE_REVIEW_REQUIRED","Потоки, совместимость, хранение и законный маршрут TBD до исполнения","Неизвестная идентичность; отсутствующее полномочие; опасная среда; непроверенный источник; выход за подготовку","Периодичность, расходники, запасные части и failure signs TBD","Другой назначенный участник находит карточку и демонстрирует допустимую часть без устной помощи автора","Профиль; источник; инвентарь; измерения; acceptance log; reviewer; дата","MISSING","MISSING","DENY","Каталожный узел; процедуры и рабочие параметры ещё не созданы","0.5-draft"
"TD-SAN-MENSTRUAL","TD-SANITATION","WATER_WASH","MATERIAL","Менструальная гигиена","Иметь измеримую и проверяемую способность: менструальная гигиена","S1_LOW_RISK_HOUSEHOLD","HOUSEHOLD_S1_AFTER_GATE","TD-BASE-SAFETY|TD-BASE-SITE|TD-BASE-INVENTORY","","MISSING","","До использования задать service level, единицу, объём, срок и критерий приёмки","Точный метод, прибор/reference и неопределённость TBD до исполнения","MISSING_OR_NOT_APPLICABLE","PORTUGAL_AND_SITE_REVIEW_REQUIRED","Потоки, совместимость, хранение и законный маршрут TBD до исполнения","Неизвестная идентичность; отсутствующее полномочие; опасная среда; непроверенный источник; выход за подготовку","Периодичность, расходники, запасные части и failure signs TBD","Другой назначенный участник находит карточку и демонстрирует допустимую часть без устной помощи автора","Профиль; источник; инвентарь; измерения; acceptance log; reviewer; дата","MISSING","MISSING","DENY","Каталожный узел; процедуры и рабочие параметры ещё не созданы","0.5-draft"
"TD-SAN-DIAPERS","TD-SANITATION","WATER_WASH","MATERIAL","Подгузники и детские санитарные потребности","Иметь измеримую и проверяемую способность: подгузники и детские санитарные потребности","S1_LOW_RISK_HOUSEHOLD","HOUSEHOLD_S1_AFTER_GATE","TD-BASE-SAFETY|TD-BASE-SITE|TD-BASE-INVENTORY","","MISSING","","До использования задать service level, единицу, объём, срок и критерий приёмки","Точный метод, прибор/reference и неопределённость TBD до исполнения","MISSING_OR_NOT_APPLICABLE","PORTUGAL_AND_SITE_REVIEW_REQUIRED","Потоки, совместимость, хранение и законный маршрут TBD до исполнения","Неизвестная идентичность; отсутствующее полномочие; опасная среда; непроверенный источник; выход за подготовку","Периодичность, расходники, запасные части и failure signs TBD","Другой назначенный участник находит карточку и демонстрирует допустимую часть без устной помощи автора","Профиль; источник; инвентарь; измерения; acceptance log; reviewer; дата","MISSING","MISSING","DENY","Каталожный узел; процедуры и рабочие параметры ещё не созданы","0.5-draft"
"TD-SAN-INCONTINENCE","TD-SANITATION","WATER_WASH","PROCESS","Недержание и caregiver hygiene","Иметь измеримую и проверяемую способность: недержание и caregiver hygiene","S2_TRAINED_SUPERVISED","TRAINED_SUPERVISED","TD-BASE-SAFETY|TD-BASE-SITE|TD-BASE-INVENTORY","","MISSING","","До использования задать service level, единицу, объём, срок и критерий приёмки","Точный метод, прибор/reference и неопределённость TBD до исполнения","MISSING_OR_NOT_APPLICABLE","PORTUGAL_AND_SITE_REVIEW_REQUIRED","Потоки, совместимость, хранение и законный маршрут TBD до исполнения","Неизвестная идентичность; отсутствующее полномочие; опасная среда; непроверенный источник; выход за подготовку","Периодичность, расходники, запасные части и failure signs TBD","Другой назначенный участник находит карточку и демонстрирует допустимую часть без устной помощи автора","Профиль; источник; инвентарь; измерения; acceptance log; reviewer; дата","MISSING","MISSING","DENY","Каталожный узел; процедуры и рабочие параметры ещё не созданы","0.5-draft"
"TD-SAN-BATHING","TD-SANITATION","WATER_WASH","PROCESS","Безопасное купание и личная гигиена","Иметь измеримую и проверяемую способность: безопасное купание и личная гигиена","S1_LOW_RISK_HOUSEHOLD","HOUSEHOLD_S1_AFTER_GATE","TD-BASE-SAFETY|TD-BASE-SITE|TD-BASE-INVENTORY","","MISSING","","До использования задать service level, единицу, объём, срок и критерий приёмки","Точный метод, прибор/reference и неопределённость TBD до исполнения","MISSING_OR_NOT_APPLICABLE","PORTUGAL_AND_SITE_REVIEW_REQUIRED","Потоки, совместимость, хранение и законный маршрут TBD до исполнения","Неизвестная идентичность; отсутствующее полномочие; опасная среда; непроверенный источник; выход за подготовку","Периодичность, расходники, запасные части и failure signs TBD","Другой назначенный участник находит карточку и демонстрирует допустимую часть без устной помощи автора","Профиль; источник; инвентарь; измерения; acceptance log; reviewer; дата","MISSING","MISSING","DENY","Каталожный узел; процедуры и рабочие параметры ещё не созданы","0.5-draft"
"TD-SAN-LAUNDRY","TD-SANITATION","WATER_WASH","PROCESS","Стирка; сушка и разделение загрязнённого белья","Иметь измеримую и проверяемую способность: стирка; сушка и разделение загрязнённого белья","S2_TRAINED_SUPERVISED","TRAINED_SUPERVISED","TD-BASE-SAFETY|TD-BASE-SITE|TD-BASE-INVENTORY","","MISSING","","До использования задать service level, единицу, объём, срок и критерий приёмки","Точный метод, прибор/reference и неопределённость TBD до исполнения","MISSING_OR_NOT_APPLICABLE","PORTUGAL_AND_SITE_REVIEW_REQUIRED","Потоки, совместимость, хранение и законный маршрут TBD до исполнения","Неизвестная идентичность; отсутствующее полномочие; опасная среда; непроверенный источник; выход за подготовку","Периодичность, расходники, запасные части и failure signs TBD","Другой назначенный участник находит карточку и демонстрирует допустимую часть без устной помощи автора","Профиль; источник; инвентарь; измерения; acceptance log; reviewer; дата","MISSING","MISSING","DENY","Каталожный узел; процедуры и рабочие параметры ещё не созданы","0.5-draft"
"TD-SAN-BLACKWATER","TD-SANITATION","WATER_WASH","HAZARD_BOUNDARY","Чёрные стоки и фекальные загрязнения","Иметь измеримую и проверяемую способность: чёрные стоки и фекальные загрязнения","S4_REFERENCE_ONLY_PROHIBITED_HOUSEHOLD","REFERENCE_ONLY_NO_BUILD","TD-BASE-SAFETY|TD-BASE-SITE|TD-BASE-INVENTORY","","NO_BUILD_MATERIALS","","Граница распознавания и профессиональный маршрут определены; household execution отсутствует","Official professional references only","NO_BUILD_DRAWINGS","PORTUGAL_AND_SITE_REVIEW_REQUIRED","Потоки, совместимость, хранение и законный маршрут TBD до исполнения","Неизвестная идентичность; отсутствующее полномочие; опасная среда; непроверенный источник; выход за подготовку","Периодичность, расходники, запасные части и failure signs TBD","Другой назначенный участник находит карточку и демонстрирует допустимую часть без устной помощи автора","Профиль; источник; инвентарь; измерения; acceptance log; reviewer; дата","BOUNDARY_DEFINED","REFERENCE_ONLY","REFERENCE_ONLY","Каталожный узел; процедуры и рабочие параметры ещё не созданы","0.5-draft"
"TD-SAN-GREYWATER","TD-SANITATION","WATER_WASH","PROCESS","Серые воды и законный сброс/повторное использование","Иметь измеримую и проверяемую способность: серые воды и законный сброс/повторное использование","S3_LICENSED_PROFESSIONAL","LICENSED_ONLY","TD-BASE-SAFETY|TD-BASE-SITE|TD-BASE-INVENTORY","","MISSING","","До использования задать service level, единицу, объём, срок и критерий приёмки","Точный метод, прибор/reference и неопределённость TBD до исполнения","MISSING_OR_NOT_APPLICABLE","PORTUGAL_AND_SITE_REVIEW_REQUIRED","Потоки, совместимость, хранение и законный маршрут TBD до исполнения","Неизвестная идентичность; отсутствующее полномочие; опасная среда; непроверенный источник; выход за подготовку","Периодичность, расходники, запасные части и failure signs TBD","Другой назначенный участник находит карточку и демонстрирует допустимую часть без устной помощи автора","Профиль; источник; инвентарь; измерения; acceptance log; reviewer; дата","MISSING","MISSING","DENY","Каталожный узел; процедуры и рабочие параметры ещё не созданы","0.5-draft"
"TD-SAN-HOUSEHOLD-WASTE","TD-SANITATION","WATER_WASH","PROCESS","Твёрдые бытовые отходы","Иметь измеримую и проверяемую способность: твёрдые бытовые отходы","S1_LOW_RISK_HOUSEHOLD","HOUSEHOLD_S1_AFTER_GATE","TD-BASE-SAFETY|TD-BASE-SITE|TD-BASE-INVENTORY","","MISSING","","До использования задать service level, единицу, объём, срок и критерий приёмки","Точный метод, прибор/reference и неопределённость TBD до исполнения","MISSING_OR_NOT_APPLICABLE","PORTUGAL_AND_SITE_REVIEW_REQUIRED","Потоки, совместимость, хранение и законный маршрут TBD до исполнения","Неизвестная идентичность; отсутствующее полномочие; опасная среда; непроверенный источник; выход за подготовку","Периодичность, расходники, запасные части и failure signs TBD","Другой назначенный участник находит карточку и демонстрирует допустимую часть без устной помощи автора","Профиль; источник; инвентарь; измерения; acceptance log; reviewer; дата","MISSING","MISSING","DENY","Каталожный узел; процедуры и рабочие параметры ещё не созданы","0.5-draft"
"TD-SAN-FOOD-WASTE","TD-SANITATION","WATER_WASH","PROCESS","Пищевые отходы","Иметь измеримую и проверяемую способность: пищевые отходы","S2_TRAINED_SUPERVISED","TRAINED_SUPERVISED","TD-BASE-SAFETY|TD-BASE-SITE|TD-BASE-INVENTORY","","MISSING","","До использования задать service level, единицу, объём, срок и критерий приёмки","Точный метод, прибор/reference и неопределённость TBD до исполнения","MISSING_OR_NOT_APPLICABLE","PORTUGAL_AND_SITE_REVIEW_REQUIRED","Потоки, совместимость, хранение и законный маршрут TBD до исполнения","Неизвестная идентичность; отсутствующее полномочие; опасная среда; непроверенный источник; выход за подготовку","Периодичность, расходники, запасные части и failure signs TBD","Другой назначенный участник находит карточку и демонстрирует допустимую часть без устной помощи автора","Профиль; источник; инвентарь; измерения; acceptance log; reviewer; дата","MISSING","MISSING","DENY","Каталожный узел; процедуры и рабочие параметры ещё не созданы","0.5-draft"
"TD-SAN-HAZARDOUS-WASTE","TD-SANITATION","WATER_WASH","HAZARD_BOUNDARY","Опасные химические отходы","Иметь измеримую и проверяемую способность: опасные химические отходы","S4_REFERENCE_ONLY_PROHIBITED_HOUSEHOLD","REFERENCE_ONLY_NO_BUILD","TD-BASE-SAFETY|TD-BASE-SITE|TD-BASE-INVENTORY","","NO_BUILD_MATERIALS","","Граница распознавания и профессиональный маршрут определены; household execution отсутствует","Official professional references only","NO_BUILD_DRAWINGS","PORTUGAL_AND_SITE_REVIEW_REQUIRED","Потоки, совместимость, хранение и законный маршрут TBD до исполнения","Неизвестная идентичность; отсутствующее полномочие; опасная среда; непроверенный источник; выход за подготовку","Периодичность, расходники, запасные части и failure signs TBD","Другой назначенный участник находит карточку и демонстрирует допустимую часть без устной помощи автора","Профиль; источник; инвентарь; измерения; acceptance log; reviewer; дата","BOUNDARY_DEFINED","REFERENCE_ONLY","REFERENCE_ONLY","Каталожный узел; процедуры и рабочие параметры ещё не созданы","0.5-draft"
"TD-SAN-BATTERIES","TD-SANITATION","WATER_WASH","PROCESS","Отработанные батареи и аккумуляторы","Иметь измеримую и проверяемую способность: отработанные батареи и аккумуляторы","S3_LICENSED_PROFESSIONAL","LICENSED_ONLY","TD-BASE-SAFETY|TD-BASE-SITE|TD-BASE-INVENTORY","","MISSING","","До использования задать service level, единицу, объём, срок и критерий приёмки","Точный метод, прибор/reference и неопределённость TBD до исполнения","MISSING_OR_NOT_APPLICABLE","PORTUGAL_AND_SITE_REVIEW_REQUIRED","Потоки, совместимость, хранение и законный маршрут TBD до исполнения","Неизвестная идентичность; отсутствующее полномочие; опасная среда; непроверенный источник; выход за подготовку","Периодичность, расходники, запасные части и failure signs TBD","Другой назначенный участник находит карточку и демонстрирует допустимую часть без устной помощи автора","Профиль; источник; инвентарь; измерения; acceptance log; reviewer; дата","MISSING","MISSING","DENY","Каталожный узел; процедуры и рабочие параметры ещё не созданы","0.5-draft"
"TD-SAN-OILS","TD-SANITATION","WATER_WASH","PROCESS","Отработанные масла и топливо","Иметь измеримую и проверяемую способность: отработанные масла и топливо","S3_LICENSED_PROFESSIONAL","LICENSED_ONLY","TD-BASE-SAFETY|TD-BASE-SITE|TD-BASE-INVENTORY","","MISSING","","До использования задать service level, единицу, объём, срок и критерий приёмки","Точный метод, прибор/reference и неопределённость TBD до исполнения","MISSING_OR_NOT_APPLICABLE","PORTUGAL_AND_SITE_REVIEW_REQUIRED","Потоки, совместимость, хранение и законный маршрут TBD до исполнения","Неизвестная идентичность; отсутствующее полномочие; опасная среда; непроверенный источник; выход за подготовку","Периодичность, расходники, запасные части и failure signs TBD","Другой назначенный участник находит карточку и демонстрирует допустимую часть без устной помощи автора","Профиль; источник; инвентарь; измерения; acceptance log; reviewer; дата","MISSING","MISSING","DENY","Каталожный узел; процедуры и рабочие параметры ещё не созданы","0.5-draft"
"TD-SAN-SHARPS","TD-SANITATION","WATER_WASH","PROCESS","Острые предметы","Иметь измеримую и проверяемую способность: острые предметы","S3_LICENSED_PROFESSIONAL","LICENSED_ONLY","TD-BASE-SAFETY|TD-BASE-SITE|TD-BASE-INVENTORY","","MISSING","","До использования задать service level, единицу, объём, срок и критерий приёмки","Точный метод, прибор/reference и неопределённость TBD до исполнения","MISSING_OR_NOT_APPLICABLE","PORTUGAL_AND_SITE_REVIEW_REQUIRED","Потоки, совместимость, хранение и законный маршрут TBD до исполнения","Неизвестная идентичность; отсутствующее полномочие; опасная среда; непроверенный источник; выход за подготовку","Периодичность, расходники, запасные части и failure signs TBD","Другой назначенный участник находит карточку и демонстрирует допустимую часть без устной помощи автора","Профиль; источник; инвентарь; измерения; acceptance log; reviewer; дата","MISSING","MISSING","DENY","Каталожный узел; процедуры и рабочие параметры ещё не созданы","0.5-draft"
"TD-SAN-MEDICAL","TD-SANITATION","WATER_WASH","PROCESS","Загрязнённые медицинские материалы","Иметь измеримую и проверяемую способность: загрязнённые медицинские материалы","S3_LICENSED_PROFESSIONAL","LICENSED_ONLY","TD-BASE-SAFETY|TD-BASE-SITE|TD-BASE-INVENTORY","","MISSING","","До использования задать service level, единицу, объём, срок и критерий приёмки","Точный метод, прибор/reference и неопределённость TBD до исполнения","MISSING_OR_NOT_APPLICABLE","PORTUGAL_AND_SITE_REVIEW_REQUIRED","Потоки, совместимость, хранение и законный маршрут TBD до исполнения","Неизвестная идентичность; отсутствующее полномочие; опасная среда; непроверенный источник; выход за подготовку","Периодичность, расходники, запасные части и failure signs TBD","Другой назначенный участник находит карточку и демонстрирует допустимую часть без устной помощи автора","Профиль; источник; инвентарь; измерения; acceptance log; reviewer; дата","MISSING","MISSING","DENY","Каталожный узел; процедуры и рабочие параметры ещё не созданы","0.5-draft"
"TD-SAN-ANIMAL","TD-SANITATION","WATER_WASH","PROCESS","Отходы животных","Иметь измеримую и проверяемую способность: отходы животных","S3_LICENSED_PROFESSIONAL","LICENSED_ONLY","TD-BASE-SAFETY|TD-BASE-SITE|TD-BASE-INVENTORY","","MISSING","","До использования задать service level, единицу, объём, срок и критерий приёмки","Точный метод, прибор/reference и неопределённость TBD до исполнения","MISSING_OR_NOT_APPLICABLE","PORTUGAL_AND_SITE_REVIEW_REQUIRED","Потоки, совместимость, хранение и законный маршрут TBD до исполнения","Неизвестная идентичность; отсутствующее полномочие; опасная среда; непроверенный источник; выход за подготовку","Периодичность, расходники, запасные части и failure signs TBD","Другой назначенный участник находит карточку и демонстрирует допустимую часть без устной помощи автора","Профиль; источник; инвентарь; измерения; acceptance log; reviewer; дата","MISSING","MISSING","DENY","Каталожный узел; процедуры и рабочие параметры ещё не созданы","0.5-draft"
"TD-SAN-CONSTRUCTION","TD-SANITATION","WATER_WASH","PROCESS","Строительные отходы и опасные материалы","Иметь измеримую и проверяемую способность: строительные отходы и опасные материалы","S3_LICENSED_PROFESSIONAL","LICENSED_ONLY","TD-BASE-SAFETY|TD-BASE-SITE|TD-BASE-INVENTORY","","MISSING","","До использования задать service level, единицу, объём, срок и критерий приёмки","Точный метод, прибор/reference и неопределённость TBD до исполнения","MISSING_OR_NOT_APPLICABLE","PORTUGAL_AND_SITE_REVIEW_REQUIRED","Потоки, совместимость, хранение и законный маршрут TBD до исполнения","Неизвестная идентичность; отсутствующее полномочие; опасная среда; непроверенный источник; выход за подготовку","Периодичность, расходники, запасные части и failure signs TBD","Другой назначенный участник находит карточку и демонстрирует допустимую часть без устной помощи автора","Профиль; источник; инвентарь; измерения; acceptance log; reviewer; дата","MISSING","MISSING","DENY","Каталожный узел; процедуры и рабочие параметры ещё не созданы","0.5-draft"
"TD-SAN-DEAD-ANIMAL","TD-SANITATION","WATER_WASH","HAZARD_BOUNDARY","Павшие животные","Иметь измеримую и проверяемую способность: павшие животные","S4_REFERENCE_ONLY_PROHIBITED_HOUSEHOLD","REFERENCE_ONLY_NO_BUILD","TD-BASE-SAFETY|TD-BASE-SITE|TD-BASE-INVENTORY","","NO_BUILD_MATERIALS","","Граница распознавания и профессиональный маршрут определены; household execution отсутствует","Official professional references only","NO_BUILD_DRAWINGS","PORTUGAL_AND_SITE_REVIEW_REQUIRED","Потоки, совместимость, хранение и законный маршрут TBD до исполнения","Неизвестная идентичность; отсутствующее полномочие; опасная среда; непроверенный источник; выход за подготовку","Периодичность, расходники, запасные части и failure signs TBD","Другой назначенный участник находит карточку и демонстрирует допустимую часть без устной помощи автора","Профиль; источник; инвентарь; измерения; acceptance log; reviewer; дата","BOUNDARY_DEFINED","REFERENCE_ONLY","REFERENCE_ONLY","Каталожный узел; процедуры и рабочие параметры ещё не созданы","0.5-draft"
"TD-SAN-HUMAN-DEATH","TD-SANITATION","WATER_WASH","HAZARD_BOUNDARY","Санитарная и правовая маршрутизация смерти человека","Иметь измеримую и проверяемую способность: санитарная и правовая маршрутизация смерти человека","S4_REFERENCE_ONLY_PROHIBITED_HOUSEHOLD","REFERENCE_ONLY_NO_BUILD","TD-BASE-SAFETY|TD-BASE-SITE|TD-BASE-INVENTORY","","NO_BUILD_MATERIALS","","Граница распознавания и профессиональный маршрут определены; household execution отсутствует","Official professional references only","NO_BUILD_DRAWINGS","PORTUGAL_AND_SITE_REVIEW_REQUIRED","Потоки, совместимость, хранение и законный маршрут TBD до исполнения","Неизвестная идентичность; отсутствующее полномочие; опасная среда; непроверенный источник; выход за подготовку","Периодичность, расходники, запасные части и failure signs TBD","Другой назначенный участник находит карточку и демонстрирует допустимую часть без устной помощи автора","Профиль; источник; инвентарь; измерения; acceptance log; reviewer; дата","BOUNDARY_DEFINED","REFERENCE_ONLY","REFERENCE_ONLY","Каталожный узел; процедуры и рабочие параметры ещё не созданы","0.5-draft"
"TD-SAN-PESTS","TD-SANITATION","WATER_WASH","PROCESS","Вредители и переносчики","Иметь измеримую и проверяемую способность: вредители и переносчики","S2_TRAINED_SUPERVISED","TRAINED_SUPERVISED","TD-BASE-SAFETY|TD-BASE-SITE|TD-BASE-INVENTORY","","MISSING","","До использования задать service level, единицу, объём, срок и критерий приёмки","Точный метод, прибор/reference и неопределённость TBD до исполнения","MISSING_OR_NOT_APPLICABLE","PORTUGAL_AND_SITE_REVIEW_REQUIRED","Потоки, совместимость, хранение и законный маршрут TBD до исполнения","Неизвестная идентичность; отсутствующее полномочие; опасная среда; непроверенный источник; выход за подготовку","Периодичность, расходники, запасные части и failure signs TBD","Другой назначенный участник находит карточку и демонстрирует допустимую часть без устной помощи автора","Профиль; источник; инвентарь; измерения; acceptance log; reviewer; дата","MISSING","MISSING","DENY","Каталожный узел; процедуры и рабочие параметры ещё не созданы","0.5-draft"
"TD-FOOD-P0-RESERVE","TD-FOOD","FOOD_AGRI","MATERIAL","Пищевой запас на первые 72 часа","Иметь измеримую и проверяемую способность: пищевой запас на первые 72 часа","S1_LOW_RISK_HOUSEHOLD","HOUSEHOLD_S1_AFTER_GATE","TD-BASE-SAFETY|TD-BASE-SITE|TD-BASE-INVENTORY","","MISSING","","До использования задать service level, единицу, объём, срок и критерий приёмки","Точный метод, прибор/reference и неопределённость TBD до исполнения","MISSING_OR_NOT_APPLICABLE","PORTUGAL_AND_SITE_REVIEW_REQUIRED","Потоки, совместимость, хранение и законный маршрут TBD до исполнения","Неизвестная идентичность; отсутствующее полномочие; опасная среда; непроверенный источник; выход за подготовку","Периодичность, расходники, запасные части и failure signs TBD","Другой назначенный участник находит карточку и демонстрирует допустимую часть без устной помощи автора","Профиль; источник; инвентарь; измерения; acceptance log; reviewer; дата","MISSING","MISSING","DENY","Каталожный узел; процедуры и рабочие параметры ещё не созданы","0.5-draft"
"TD-FOOD-P1-PANTRY","TD-FOOD","FOOD_AGRI","MATERIAL","Ротационная кладовая на 14 дней","Иметь измеримую и проверяемую способность: ротационная кладовая на 14 дней","S1_LOW_RISK_HOUSEHOLD","HOUSEHOLD_S1_AFTER_GATE","TD-BASE-SAFETY|TD-BASE-SITE|TD-BASE-INVENTORY","","MISSING","","До использования задать service level, единицу, объём, срок и критерий приёмки","Точный метод, прибор/reference и неопределённость TBD до исполнения","MISSING_OR_NOT_APPLICABLE","PORTUGAL_AND_SITE_REVIEW_REQUIRED","Потоки, совместимость, хранение и законный маршрут TBD до исполнения","Неизвестная идентичность; отсутствующее полномочие; опасная среда; непроверенный источник; выход за подготовку","Периодичность, расходники, запасные части и failure signs TBD","Другой назначенный участник находит карточку и демонстрирует допустимую часть без устной помощи автора","Профиль; источник; инвентарь; измерения; acceptance log; reviewer; дата","MISSING","MISSING","DENY","Каталожный узел; процедуры и рабочие параметры ещё не созданы","0.5-draft"
"TD-FOOD-NO-COOK","TD-FOOD","FOOD_AGRI","MATERIAL","Пища без готовки при потере энергии","Иметь измеримую и проверяемую способность: пища без готовки при потере энергии","S1_LOW_RISK_HOUSEHOLD","HOUSEHOLD_S1_AFTER_GATE","TD-BASE-SAFETY|TD-BASE-SITE|TD-BASE-INVENTORY","","MISSING","","До использования задать service level, единицу, объём, срок и критерий приёмки","Точный метод, прибор/reference и неопределённость TBD до исполнения","MISSING_OR_NOT_APPLICABLE","PORTUGAL_AND_SITE_REVIEW_REQUIRED","Потоки, совместимость, хранение и законный маршрут TBD до исполнения","Неизвестная идентичность; отсутствующее полномочие; опасная среда; непроверенный источник; выход за подготовку","Периодичность, расходники, запасные части и failure signs TBD","Другой назначенный участник находит карточку и демонстрирует допустимую часть без устной помощи автора","Профиль; источник; инвентарь; измерения; acceptance log; reviewer; дата","MISSING","MISSING","DENY","Каталожный узел; процедуры и рабочие параметры ещё не созданы","0.5-draft"
"TD-FOOD-MENU","TD-FOOD","FOOD_AGRI","TEST","Фактическое меню и порции для состава группы","Иметь измеримую и проверяемую способность: фактическое меню и порции для состава группы","S1_LOW_RISK_HOUSEHOLD","HOUSEHOLD_S1_AFTER_GATE","TD-BASE-SAFETY|TD-BASE-SITE|TD-BASE-INVENTORY","","MISSING","","До использования задать service level, единицу, объём, срок и критерий приёмки","Точный метод, прибор/reference и неопределённость TBD до исполнения","MISSING_OR_NOT_APPLICABLE","PORTUGAL_AND_SITE_REVIEW_REQUIRED","Потоки, совместимость, хранение и законный маршрут TBD до исполнения","Неизвестная идентичность; отсутствующее полномочие; опасная среда; непроверенный источник; выход за подготовку","Периодичность, расходники, запасные части и failure signs TBD","Другой назначенный участник находит карточку и демонстрирует допустимую часть без устной помощи автора","Профиль; источник; инвентарь; измерения; acceptance log; reviewer; дата","MISSING","MISSING","DENY","Каталожный узел; процедуры и рабочие параметры ещё не созданы","0.5-draft"
"TD-FOOD-ALLERGENS","TD-FOOD","FOOD_AGRI","PROCESS","Аллергены и перекрёстный контакт","Иметь измеримую и проверяемую способность: аллергены и перекрёстный контакт","S2_TRAINED_SUPERVISED","TRAINED_SUPERVISED","TD-BASE-SAFETY|TD-BASE-SITE|TD-BASE-INVENTORY","","MISSING","","До использования задать service level, единицу, объём, срок и критерий приёмки","Точный метод, прибор/reference и неопределённость TBD до исполнения","MISSING_OR_NOT_APPLICABLE","PORTUGAL_AND_SITE_REVIEW_REQUIRED","Потоки, совместимость, хранение и законный маршрут TBD до исполнения","Неизвестная идентичность; отсутствующее полномочие; опасная среда; непроверенный источник; выход за подготовку","Периодичность, расходники, запасные части и failure signs TBD","Другой назначенный участник находит карточку и демонстрирует допустимую часть без устной помощи автора","Профиль; источник; инвентарь; измерения; acceptance log; reviewer; дата","MISSING","MISSING","DENY","Каталожный узел; процедуры и рабочие параметры ещё не созданы","0.5-draft"
"TD-FOOD-SPECIAL-DIET","TD-FOOD","FOOD_AGRI","SITE_DATA","Лечебные; возрастные и религиозные диеты","Иметь измеримую и проверяемую способность: лечебные; возрастные и религиозные диеты","S2_TRAINED_SUPERVISED","TRAINED_SUPERVISED","TD-BASE-SAFETY|TD-BASE-SITE|TD-BASE-INVENTORY","","MISSING","","До использования задать service level, единицу, объём, срок и критерий приёмки","Точный метод, прибор/reference и неопределённость TBD до исполнения","MISSING_OR_NOT_APPLICABLE","PORTUGAL_AND_SITE_REVIEW_REQUIRED","Потоки, совместимость, хранение и законный маршрут TBD до исполнения","Неизвестная идентичность; отсутствующее полномочие; опасная среда; непроверенный источник; выход за подготовку","Периодичность, расходники, запасные части и failure signs TBD","Другой назначенный участник находит карточку и демонстрирует допустимую часть без устной помощи автора","Профиль; источник; инвентарь; измерения; acceptance log; reviewer; дата","MISSING","MISSING","DENY","Каталожный узел; процедуры и рабочие параметры ещё не созданы","0.5-draft"
"TD-FOOD-INFANT","TD-FOOD","FOOD_AGRI","PROCESS","Безопасное питание младенцев","Иметь измеримую и проверяемую способность: безопасное питание младенцев","S3_LICENSED_PROFESSIONAL","LICENSED_ONLY","TD-BASE-SAFETY|TD-BASE-SITE|TD-BASE-INVENTORY","","MISSING","","До использования задать service level, единицу, объём, срок и критерий приёмки","Точный метод, прибор/reference и неопределённость TBD до исполнения","MISSING_OR_NOT_APPLICABLE","PORTUGAL_AND_SITE_REVIEW_REQUIRED","Потоки, совместимость, хранение и законный маршрут TBD до исполнения","Неизвестная идентичность; отсутствующее полномочие; опасная среда; непроверенный источник; выход за подготовку","Периодичность, расходники, запасные части и failure signs TBD","Другой назначенный участник находит карточку и демонстрирует допустимую часть без устной помощи автора","Профиль; источник; инвентарь; измерения; acceptance log; reviewer; дата","MISSING","MISSING","DENY","Каталожный узел; процедуры и рабочие параметры ещё не созданы","0.5-draft"
"TD-FOOD-COOK-WATER","TD-FOOD","FOOD_AGRI","MATERIAL","Питьевая вода для приготовления пищи","Иметь измеримую и проверяемую способность: питьевая вода для приготовления пищи","S1_LOW_RISK_HOUSEHOLD","HOUSEHOLD_S1_AFTER_GATE","TD-BASE-SAFETY|TD-BASE-SITE|TD-BASE-INVENTORY","","MISSING","","До использования задать service level, единицу, объём, срок и критерий приёмки","Точный метод, прибор/reference и неопределённость TBD до исполнения","MISSING_OR_NOT_APPLICABLE","PORTUGAL_AND_SITE_REVIEW_REQUIRED","Потоки, совместимость, хранение и законный маршрут TBD до исполнения","Неизвестная идентичность; отсутствующее полномочие; опасная среда; непроверенный источник; выход за подготовку","Периодичность, расходники, запасные части и failure signs TBD","Другой назначенный участник находит карточку и демонстрирует допустимую часть без устной помощи автора","Профиль; источник; инвентарь; измерения; acceptance log; reviewer; дата","MISSING","MISSING","DENY","Каталожный узел; процедуры и рабочие параметры ещё не созданы","0.5-draft"
"TD-FOOD-HAND-TOOLS","TD-FOOD","FOOD_AGRI","TOOL","Ручной открыватель; посуда и базовые кухонные инструменты","Иметь измеримую и проверяемую способность: ручной открыватель; посуда и базовые кухонные инструменты","S1_LOW_RISK_HOUSEHOLD","HOUSEHOLD_S1_AFTER_GATE","TD-BASE-SAFETY|TD-BASE-SITE|TD-BASE-INVENTORY","","MISSING","","До использования задать service level, единицу, объём, срок и критерий приёмки","Точный метод, прибор/reference и неопределённость TBD до исполнения","MISSING_OR_NOT_APPLICABLE","PORTUGAL_AND_SITE_REVIEW_REQUIRED","Потоки, совместимость, хранение и законный маршрут TBD до исполнения","Неизвестная идентичность; отсутствующее полномочие; опасная среда; непроверенный источник; выход за подготовку","Периодичность, расходники, запасные части и failure signs TBD","Другой назначенный участник находит карточку и демонстрирует допустимую часть без устной помощи автора","Профиль; источник; инвентарь; измерения; acceptance log; reviewer; дата","MISSING","MISSING","DENY","Каталожный узел; процедуры и рабочие параметры ещё не созданы","0.5-draft"
"TD-FOOD-COOK-SAFETY","TD-FOOD","FOOD_AGRI","PROCESS","Пожар; CO; вентиляция и пищевая безопасность при готовке","Иметь измеримую и проверяемую способность: пожар; co; вентиляция и пищевая безопасность при готовке","S2_TRAINED_SUPERVISED","TRAINED_SUPERVISED","TD-BASE-SAFETY|TD-BASE-SITE|TD-BASE-INVENTORY","","MISSING","","До использования задать service level, единицу, объём, срок и критерий приёмки","Точный метод, прибор/reference и неопределённость TBD до исполнения","MISSING_OR_NOT_APPLICABLE","PORTUGAL_AND_SITE_REVIEW_REQUIRED","Потоки, совместимость, хранение и законный маршрут TBD до исполнения","Неизвестная идентичность; отсутствующее полномочие; опасная среда; непроверенный источник; выход за подготовку","Периодичность, расходники, запасные части и failure signs TBD","Другой назначенный участник находит карточку и демонстрирует допустимую часть без устной помощи автора","Профиль; источник; инвентарь; измерения; acceptance log; reviewer; дата","MISSING","MISSING","DENY","Каталожный узел; процедуры и рабочие параметры ещё не созданы","0.5-draft"
"TD-FOOD-COOK-FUEL","TD-FOOD","FOOD_AGRI","TEST","Измеренный расход топлива для готовки","Иметь измеримую и проверяемую способность: измеренный расход топлива для готовки","S2_TRAINED_SUPERVISED","TRAINED_SUPERVISED","TD-BASE-SAFETY|TD-BASE-SITE|TD-BASE-INVENTORY","","MISSING","","До использования задать service level, единицу, объём, срок и критерий приёмки","Точный метод, прибор/reference и неопределённость TBD до исполнения","MISSING_OR_NOT_APPLICABLE","PORTUGAL_AND_SITE_REVIEW_REQUIRED","Потоки, совместимость, хранение и законный маршрут TBD до исполнения","Неизвестная идентичность; отсутствующее полномочие; опасная среда; непроверенный источник; выход за подготовку","Периодичность, расходники, запасные части и failure signs TBD","Другой назначенный участник находит карточку и демонстрирует допустимую часть без устной помощи автора","Профиль; источник; инвентарь; измерения; acceptance log; reviewer; дата","MISSING","MISSING","DENY","Каталожный узел; процедуры и рабочие параметры ещё не созданы","0.5-draft"
"TD-FOOD-PEST","TD-FOOD","FOOD_AGRI","PROCESS","Защита запасов от вредителей","Иметь измеримую и проверяемую способность: защита запасов от вредителей","S2_TRAINED_SUPERVISED","TRAINED_SUPERVISED","TD-BASE-SAFETY|TD-BASE-SITE|TD-BASE-INVENTORY","","MISSING","","До использования задать service level, единицу, объём, срок и критерий приёмки","Точный метод, прибор/reference и неопределённость TBD до исполнения","MISSING_OR_NOT_APPLICABLE","PORTUGAL_AND_SITE_REVIEW_REQUIRED","Потоки, совместимость, хранение и законный маршрут TBD до исполнения","Неизвестная идентичность; отсутствующее полномочие; опасная среда; непроверенный источник; выход за подготовку","Периодичность, расходники, запасные части и failure signs TBD","Другой назначенный участник находит карточку и демонстрирует допустимую часть без устной помощи автора","Профиль; источник; инвентарь; измерения; acceptance log; reviewer; дата","MISSING","MISSING","DENY","Каталожный узел; процедуры и рабочие параметры ещё не созданы","0.5-draft"
"TD-FOOD-WASTE","TD-FOOD","FOOD_AGRI","PROCESS","Пищевые отходы без загрязнения воды и хранилища","Иметь измеримую и проверяемую способность: пищевые отходы без загрязнения воды и хранилища","S2_TRAINED_SUPERVISED","TRAINED_SUPERVISED","TD-BASE-SAFETY|TD-BASE-SITE|TD-BASE-INVENTORY","","MISSING","","До использования задать service level, единицу, объём, срок и критерий приёмки","Точный метод, прибор/reference и неопределённость TBD до исполнения","MISSING_OR_NOT_APPLICABLE","PORTUGAL_AND_SITE_REVIEW_REQUIRED","Потоки, совместимость, хранение и законный маршрут TBD до исполнения","Неизвестная идентичность; отсутствующее полномочие; опасная среда; непроверенный источник; выход за подготовку","Периодичность, расходники, запасные части и failure signs TBD","Другой назначенный участник находит карточку и демонстрирует допустимую часть без устной помощи автора","Профиль; источник; инвентарь; измерения; acceptance log; reviewer; дата","MISSING","MISSING","DENY","Каталожный узел; процедуры и рабочие параметры ещё не созданы","0.5-draft"
"TD-FOOD-ROTATION","TD-FOOD","FOOD_AGRI","MAINTENANCE","FEFO; сроки; осмотр и пополнение","Иметь измеримую и проверяемую способность: fefo; сроки; осмотр и пополнение","S1_LOW_RISK_HOUSEHOLD","HOUSEHOLD_S1_AFTER_GATE","TD-BASE-SAFETY|TD-BASE-SITE|TD-BASE-INVENTORY","","MISSING","","До использования задать service level, единицу, объём, срок и критерий приёмки","Точный метод, прибор/reference и неопределённость TBD до исполнения","MISSING_OR_NOT_APPLICABLE","PORTUGAL_AND_SITE_REVIEW_REQUIRED","Потоки, совместимость, хранение и законный маршрут TBD до исполнения","Неизвестная идентичность; отсутствующее полномочие; опасная среда; непроверенный источник; выход за подготовку","Периодичность, расходники, запасные части и failure signs TBD","Другой назначенный участник находит карточку и демонстрирует допустимую часть без устной помощи автора","Профиль; источник; инвентарь; измерения; acceptance log; reviewer; дата","MISSING","MISSING","DENY","Каталожный узел; процедуры и рабочие параметры ещё не созданы","0.5-draft"
"TD-FOOD-RATION","TD-FOOD","FOOD_AGRI","GOVERNANCE","Распределение пищи и журнал дефицита","Иметь измеримую и проверяемую способность: распределение пищи и журнал дефицита","S1_LOW_RISK_HOUSEHOLD","HOUSEHOLD_S1_AFTER_GATE","TD-BASE-SAFETY|TD-BASE-SITE|TD-BASE-INVENTORY","","MISSING","","До использования задать service level, единицу, объём, срок и критерий приёмки","Точный метод, прибор/reference и неопределённость TBD до исполнения","MISSING_OR_NOT_APPLICABLE","PORTUGAL_AND_SITE_REVIEW_REQUIRED","Потоки, совместимость, хранение и законный маршрут TBD до исполнения","Неизвестная идентичность; отсутствующее полномочие; опасная среда; непроверенный источник; выход за подготовку","Периодичность, расходники, запасные части и failure signs TBD","Другой назначенный участник находит карточку и демонстрирует допустимую часть без устной помощи автора","Профиль; источник; инвентарь; измерения; acceptance log; reviewer; дата","MISSING","MISSING","DENY","Каталожный узел; процедуры и рабочие параметры ещё не созданы","0.5-draft"
"TD-AGRI-LAND-RIGHTS","TD-FOOD","FOOD_AGRI","GOVERNANCE","Право пользования землёй и водой","Иметь измеримую и проверяемую способность: право пользования землёй и водой","S0_OBSERVE_READ","HOUSEHOLD_S0","TD-BASE-SAFETY|TD-BASE-SITE|TD-BASE-INVENTORY","","MISSING","","До использования задать service level, единицу, объём, срок и критерий приёмки","Точный метод, прибор/reference и неопределённость TBD до исполнения","MISSING_OR_NOT_APPLICABLE","PORTUGAL_AND_SITE_REVIEW_REQUIRED","Потоки, совместимость, хранение и законный маршрут TBD до исполнения","Неизвестная идентичность; отсутствующее полномочие; опасная среда; непроверенный источник; выход за подготовку","Периодичность, расходники, запасные части и failure signs TBD","Другой назначенный участник находит карточку и демонстрирует допустимую часть без устной помощи автора","Профиль; источник; инвентарь; измерения; acceptance log; reviewer; дата","MISSING","MISSING","DENY","Каталожный узел; процедуры и рабочие параметры ещё не созданы","0.5-draft"
"TD-AGRI-TOPO","TD-FOOD","FOOD_AGRI","SITE_DATA","Топография; уклоны и зоны стока участка","Иметь измеримую и проверяемую способность: топография; уклоны и зоны стока участка","S2_TRAINED_SUPERVISED","TRAINED_SUPERVISED","TD-BASE-SAFETY|TD-BASE-SITE|TD-BASE-INVENTORY","","MISSING","","До использования задать service level, единицу, объём, срок и критерий приёмки","Точный метод, прибор/reference и неопределённость TBD до исполнения","MISSING_OR_NOT_APPLICABLE","PORTUGAL_AND_SITE_REVIEW_REQUIRED","Потоки, совместимость, хранение и законный маршрут TBD до исполнения","Неизвестная идентичность; отсутствующее полномочие; опасная среда; непроверенный источник; выход за подготовку","Периодичность, расходники, запасные части и failure signs TBD","Другой назначенный участник находит карточку и демонстрирует допустимую часть без устной помощи автора","Профиль; источник; инвентарь; измерения; acceptance log; reviewer; дата","MISSING","MISSING","DENY","Каталожный узел; процедуры и рабочие параметры ещё не созданы","0.5-draft"
"TD-AGRI-SOIL-MAP","TD-FOOD","FOOD_AGRI","SITE_DATA","Карта почв и неоднородности","Иметь измеримую и проверяемую способность: карта почв и неоднородности","S1_LOW_RISK_HOUSEHOLD","HOUSEHOLD_S1_AFTER_GATE","TD-BASE-SAFETY|TD-BASE-SITE|TD-BASE-INVENTORY","","MISSING","","До использования задать service level, единицу, объём, срок и критерий приёмки","Точный метод, прибор/reference и неопределённость TBD до исполнения","MISSING_OR_NOT_APPLICABLE","PORTUGAL_AND_SITE_REVIEW_REQUIRED","Потоки, совместимость, хранение и законный маршрут TBD до исполнения","Неизвестная идентичность; отсутствующее полномочие; опасная среда; непроверенный источник; выход за подготовку","Периодичность, расходники, запасные части и failure signs TBD","Другой назначенный участник находит карточку и демонстрирует допустимую часть без устной помощи автора","Профиль; источник; инвентарь; измерения; acceptance log; reviewer; дата","MISSING","MISSING","DENY","Каталожный узел; процедуры и рабочие параметры ещё не созданы","0.5-draft"
"TD-AGRI-SOIL-TEST","TD-FOOD","FOOD_AGRI","TEST","Анализ почвы и корректная интерпретация","Иметь измеримую и проверяемую способность: анализ почвы и корректная интерпретация","S2_TRAINED_SUPERVISED","TRAINED_SUPERVISED","TD-BASE-SAFETY|TD-BASE-SITE|TD-BASE-INVENTORY","","MISSING","","До использования задать service level, единицу, объём, срок и критерий приёмки","Точный метод, прибор/reference и неопределённость TBD до исполнения","MISSING_OR_NOT_APPLICABLE","PORTUGAL_AND_SITE_REVIEW_REQUIRED","Потоки, совместимость, хранение и законный маршрут TBD до исполнения","Неизвестная идентичность; отсутствующее полномочие; опасная среда; непроверенный источник; выход за подготовку","Периодичность, расходники, запасные части и failure signs TBD","Другой назначенный участник находит карточку и демонстрирует допустимую часть без устной помощи автора","Профиль; источник; инвентарь; измерения; acceptance log; reviewer; дата","MISSING","MISSING","DENY","Каталожный узел; процедуры и рабочие параметры ещё не созданы","0.5-draft"
"TD-AGRI-SOIL-OM","TD-FOOD","FOOD_AGRI","TEST","Органическое вещество и структура почвы","Иметь измеримую и проверяемую способность: органическое вещество и структура почвы","S1_LOW_RISK_HOUSEHOLD","HOUSEHOLD_S1_AFTER_GATE","TD-BASE-SAFETY|TD-BASE-SITE|TD-BASE-INVENTORY","","MISSING","","До использования задать service level, единицу, объём, срок и критерий приёмки","Точный метод, прибор/reference и неопределённость TBD до исполнения","MISSING_OR_NOT_APPLICABLE","PORTUGAL_AND_SITE_REVIEW_REQUIRED","Потоки, совместимость, хранение и законный маршрут TBD до исполнения","Неизвестная идентичность; отсутствующее полномочие; опасная среда; непроверенный источник; выход за подготовку","Периодичность, расходники, запасные части и failure signs TBD","Другой назначенный участник находит карточку и демонстрирует допустимую часть без устной помощи автора","Профиль; источник; инвентарь; измерения; acceptance log; reviewer; дата","MISSING","MISSING","DENY","Каталожный узел; процедуры и рабочие параметры ещё не созданы","0.5-draft"
"TD-AGRI-SOIL-PH","TD-FOOD","FOOD_AGRI","TEST","pH почвы","Иметь измеримую и проверяемую способность: ph почвы","S2_TRAINED_SUPERVISED","TRAINED_SUPERVISED","TD-BASE-SAFETY|TD-BASE-SITE|TD-BASE-INVENTORY","","MISSING","","До использования задать service level, единицу, объём, срок и критерий приёмки","Точный метод, прибор/reference и неопределённость TBD до исполнения","MISSING_OR_NOT_APPLICABLE","PORTUGAL_AND_SITE_REVIEW_REQUIRED","Потоки, совместимость, хранение и законный маршрут TBD до исполнения","Неизвестная идентичность; отсутствующее полномочие; опасная среда; непроверенный источник; выход за подготовку","Периодичность, расходники, запасные части и failure signs TBD","Другой назначенный участник находит карточку и демонстрирует допустимую часть без устной помощи автора","Профиль; источник; инвентарь; измерения; acceptance log; reviewer; дата","MISSING","MISSING","DENY","Каталожный узел; процедуры и рабочие параметры ещё не созданы","0.5-draft"
"TD-AGRI-SOIL-SALINITY","TD-FOOD","FOOD_AGRI","TEST","Солёность и электропроводность почвы","Иметь измеримую и проверяемую способность: солёность и электропроводность почвы","S2_TRAINED_SUPERVISED","TRAINED_SUPERVISED","TD-BASE-SAFETY|TD-BASE-SITE|TD-BASE-INVENTORY","","MISSING","","До использования задать service level, единицу, объём, срок и критерий приёмки","Точный метод, прибор/reference и неопределённость TBD до исполнения","MISSING_OR_NOT_APPLICABLE","PORTUGAL_AND_SITE_REVIEW_REQUIRED","Потоки, совместимость, хранение и законный маршрут TBD до исполнения","Неизвестная идентичность; отсутствующее полномочие; опасная среда; непроверенный источник; выход за подготовку","Периодичность, расходники, запасные части и failure signs TBD","Другой назначенный участник находит карточку и демонстрирует допустимую часть без устной помощи автора","Профиль; источник; инвентарь; измерения; acceptance log; reviewer; дата","MISSING","MISSING","DENY","Каталожный узел; процедуры и рабочие параметры ещё не созданы","0.5-draft"
"TD-AGRI-IRRIGATION-BUDGET","TD-FOOD","FOOD_AGRI","TEST","Водный бюджет орошения","Иметь измеримую и проверяемую способность: водный бюджет орошения","S2_TRAINED_SUPERVISED","TRAINED_SUPERVISED","TD-BASE-SAFETY|TD-BASE-SITE|TD-BASE-INVENTORY","","MISSING","","До использования задать service level, единицу, объём, срок и критерий приёмки","Точный метод, прибор/reference и неопределённость TBD до исполнения","MISSING_OR_NOT_APPLICABLE","PORTUGAL_AND_SITE_REVIEW_REQUIRED","Потоки, совместимость, хранение и законный маршрут TBD до исполнения","Неизвестная идентичность; отсутствующее полномочие; опасная среда; непроверенный источник; выход за подготовку","Периодичность, расходники, запасные части и failure signs TBD","Другой назначенный участник находит карточку и демонстрирует допустимую часть без устной помощи автора","Профиль; источник; инвентарь; измерения; acceptance log; reviewer; дата","MISSING","MISSING","DENY","Каталожный узел; процедуры и рабочие параметры ещё не созданы","0.5-draft"
"TD-AGRI-MICROCLIMATE","TD-FOOD","FOOD_AGRI","SITE_DATA","Микроклимат; мороз; жара; ветер и экспозиция","Иметь измеримую и проверяемую способность: микроклимат; мороз; жара; ветер и экспозиция","S1_LOW_RISK_HOUSEHOLD","HOUSEHOLD_S1_AFTER_GATE","TD-BASE-SAFETY|TD-BASE-SITE|TD-BASE-INVENTORY","","MISSING","","До использования задать service level, единицу, объём, срок и критерий приёмки","Точный метод, прибор/reference и неопределённость TBD до исполнения","MISSING_OR_NOT_APPLICABLE","PORTUGAL_AND_SITE_REVIEW_REQUIRED","Потоки, совместимость, хранение и законный маршрут TBD до исполнения","Неизвестная идентичность; отсутствующее полномочие; опасная среда; непроверенный источник; выход за подготовку","Периодичность, расходники, запасные части и failure signs TBD","Другой назначенный участник находит карточку и демонстрирует допустимую часть без устной помощи автора","Профиль; источник; инвентарь; измерения; acceptance log; reviewer; дата","MISSING","MISSING","DENY","Каталожный узел; процедуры и рабочие параметры ещё не созданы","0.5-draft"
"TD-AGRI-PT-CALENDAR","TD-FOOD","FOOD_AGRI","KNOWLEDGE","Календарь культур для конкретной зоны Португалии","Иметь измеримую и проверяемую способность: календарь культур для конкретной зоны португалии","S1_LOW_RISK_HOUSEHOLD","HOUSEHOLD_S1_AFTER_GATE","TD-BASE-SAFETY|TD-BASE-SITE|TD-BASE-INVENTORY","","MISSING","","До использования задать service level, единицу, объём, срок и критерий приёмки","Точный метод, прибор/reference и неопределённость TBD до исполнения","MISSING_OR_NOT_APPLICABLE","PORTUGAL_AND_SITE_REVIEW_REQUIRED","Потоки, совместимость, хранение и законный маршрут TBD до исполнения","Неизвестная идентичность; отсутствующее полномочие; опасная среда; непроверенный источник; выход за подготовку","Периодичность, расходники, запасные части и failure signs TBD","Другой назначенный участник находит карточку и демонстрирует допустимую часть без устной помощи автора","Профиль; источник; инвентарь; измерения; acceptance log; reviewer; дата","MISSING","MISSING","DENY","Каталожный узел; процедуры и рабочие параметры ещё не созданы","0.5-draft"
"TD-AGRI-NURSERY","TD-FOOD","FOOD_AGRI","PROCESS","Питомник и рассада","Иметь измеримую и проверяемую способность: питомник и рассада","S2_TRAINED_SUPERVISED","TRAINED_SUPERVISED","TD-BASE-SAFETY|TD-BASE-SITE|TD-BASE-INVENTORY","","MISSING","","До использования задать service level, единицу, объём, срок и критерий приёмки","Точный метод, прибор/reference и неопределённость TBD до исполнения","MISSING_OR_NOT_APPLICABLE","PORTUGAL_AND_SITE_REVIEW_REQUIRED","Потоки, совместимость, хранение и законный маршрут TBD до исполнения","Неизвестная идентичность; отсутствующее полномочие; опасная среда; непроверенный источник; выход за подготовку","Периодичность, расходники, запасные части и failure signs TBD","Другой назначенный участник находит карточку и демонстрирует допустимую часть без устной помощи автора","Профиль; источник; инвентарь; измерения; acceptance log; reviewer; дата","MISSING","MISSING","DENY","Каталожный узел; процедуры и рабочие параметры ещё не созданы","0.5-draft"
"TD-AGRI-GREENHOUSE","TD-FOOD","FOOD_AGRI","PROCESS","Теплица; вентиляция и перегрев","Иметь измеримую и проверяемую способность: теплица; вентиляция и перегрев","S2_TRAINED_SUPERVISED","TRAINED_SUPERVISED","TD-BASE-SAFETY|TD-BASE-SITE|TD-BASE-INVENTORY","","MISSING","","До использования задать service level, единицу, объём, срок и критерий приёмки","Точный метод, прибор/reference и неопределённость TBD до исполнения","MISSING_OR_NOT_APPLICABLE","PORTUGAL_AND_SITE_REVIEW_REQUIRED","Потоки, совместимость, хранение и законный маршрут TBD до исполнения","Неизвестная идентичность; отсутствующее полномочие; опасная среда; непроверенный источник; выход за подготовку","Периодичность, расходники, запасные части и failure signs TBD","Другой назначенный участник находит карточку и демонстрирует допустимую часть без устной помощи автора","Профиль; источник; инвентарь; измерения; acceptance log; reviewer; дата","MISSING","MISSING","DENY","Каталожный узел; процедуры и рабочие параметры ещё не созданы","0.5-draft"
"TD-AGRI-IRRIGATION","TD-FOOD","FOOD_AGRI","PROCESS","Орошение и обслуживание","Иметь измеримую и проверяемую способность: орошение и обслуживание","S2_TRAINED_SUPERVISED","TRAINED_SUPERVISED","TD-BASE-SAFETY|TD-BASE-SITE|TD-BASE-INVENTORY","","MISSING","","До использования задать service level, единицу, объём, срок и критерий приёмки","Точный метод, прибор/reference и неопределённость TBD до исполнения","MISSING_OR_NOT_APPLICABLE","PORTUGAL_AND_SITE_REVIEW_REQUIRED","Потоки, совместимость, хранение и законный маршрут TBD до исполнения","Неизвестная идентичность; отсутствующее полномочие; опасная среда; непроверенный источник; выход за подготовку","Периодичность, расходники, запасные части и failure signs TBD","Другой назначенный участник находит карточку и демонстрирует допустимую часть без устной помощи автора","Профиль; источник; инвентарь; измерения; acceptance log; reviewer; дата","MISSING","MISSING","DENY","Каталожный узел; процедуры и рабочие параметры ещё не созданы","0.5-draft"
"TD-AGRI-IRRIGATION-UNIFORM","TD-FOOD","FOOD_AGRI","TEST","Равномерность полива","Иметь измеримую и проверяемую способность: равномерность полива","S2_TRAINED_SUPERVISED","TRAINED_SUPERVISED","TD-BASE-SAFETY|TD-BASE-SITE|TD-BASE-INVENTORY","","MISSING","","До использования задать service level, единицу, объём, срок и критерий приёмки","Точный метод, прибор/reference и неопределённость TBD до исполнения","MISSING_OR_NOT_APPLICABLE","PORTUGAL_AND_SITE_REVIEW_REQUIRED","Потоки, совместимость, хранение и законный маршрут TBD до исполнения","Неизвестная идентичность; отсутствующее полномочие; опасная среда; непроверенный источник; выход за подготовку","Периодичность, расходники, запасные части и failure signs TBD","Другой назначенный участник находит карточку и демонстрирует допустимую часть без устной помощи автора","Профиль; источник; инвентарь; измерения; acceptance log; reviewer; дата","MISSING","MISSING","DENY","Каталожный узел; процедуры и рабочие параметры ещё не созданы","0.5-draft"
"TD-AGRI-DRAINAGE","TD-FOOD","FOOD_AGRI","PROCESS","Дренаж; эрозия и заболачивание","Иметь измеримую и проверяемую способность: дренаж; эрозия и заболачивание","S2_TRAINED_SUPERVISED","TRAINED_SUPERVISED","TD-BASE-SAFETY|TD-BASE-SITE|TD-BASE-INVENTORY","","MISSING","","До использования задать service level, единицу, объём, срок и критерий приёмки","Точный метод, прибор/reference и неопределённость TBD до исполнения","MISSING_OR_NOT_APPLICABLE","PORTUGAL_AND_SITE_REVIEW_REQUIRED","Потоки, совместимость, хранение и законный маршрут TBD до исполнения","Неизвестная идентичность; отсутствующее полномочие; опасная среда; непроверенный источник; выход за подготовку","Периодичность, расходники, запасные части и failure signs TBD","Другой назначенный участник находит карточку и демонстрирует допустимую часть без устной помощи автора","Профиль; источник; инвентарь; измерения; acceptance log; reviewer; дата","MISSING","MISSING","DENY","Каталожный узел; процедуры и рабочие параметры ещё не созданы","0.5-draft"
"TD-AGRI-STAPLES","TD-FOOD","FOOD_AGRI","PROCESS","Калорийные основные культуры","Иметь измеримую и проверяемую способность: калорийные основные культуры","S2_TRAINED_SUPERVISED","TRAINED_SUPERVISED","TD-BASE-SAFETY|TD-BASE-SITE|TD-BASE-INVENTORY","","MISSING","","До использования задать service level, единицу, объём, срок и критерий приёмки","Точный метод, прибор/reference и неопределённость TBD до исполнения","MISSING_OR_NOT_APPLICABLE","PORTUGAL_AND_SITE_REVIEW_REQUIRED","Потоки, совместимость, хранение и законный маршрут TBD до исполнения","Неизвестная идентичность; отсутствующее полномочие; опасная среда; непроверенный источник; выход за подготовку","Периодичность, расходники, запасные части и failure signs TBD","Другой назначенный участник находит карточку и демонстрирует допустимую часть без устной помощи автора","Профиль; источник; инвентарь; измерения; acceptance log; reviewer; дата","MISSING","MISSING","DENY","Каталожный узел; процедуры и рабочие параметры ещё не созданы","0.5-draft"
"TD-AGRI-LEGUMES","TD-FOOD","FOOD_AGRI","PROCESS","Бобовые и пищевой белок","Иметь измеримую и проверяемую способность: бобовые и пищевой белок","S2_TRAINED_SUPERVISED","TRAINED_SUPERVISED","TD-BASE-SAFETY|TD-BASE-SITE|TD-BASE-INVENTORY","","MISSING","","До использования задать service level, единицу, объём, срок и критерий приёмки","Точный метод, прибор/reference и неопределённость TBD до исполнения","MISSING_OR_NOT_APPLICABLE","PORTUGAL_AND_SITE_REVIEW_REQUIRED","Потоки, совместимость, хранение и законный маршрут TBD до исполнения","Неизвестная идентичность; отсутствующее полномочие; опасная среда; непроверенный источник; выход за подготовку","Периодичность, расходники, запасные части и failure signs TBD","Другой назначенный участник находит карточку и демонстрирует допустимую часть без устной помощи автора","Профиль; источник; инвентарь; измерения; acceptance log; reviewer; дата","MISSING","MISSING","DENY","Каталожный узел; процедуры и рабочие параметры ещё не созданы","0.5-draft"
"TD-AGRI-OILSEEDS","TD-FOOD","FOOD_AGRI","PROCESS","Масличные культуры","Иметь измеримую и проверяемую способность: масличные культуры","S2_TRAINED_SUPERVISED","TRAINED_SUPERVISED","TD-BASE-SAFETY|TD-BASE-SITE|TD-BASE-INVENTORY","","MISSING","","До использования задать service level, единицу, объём, срок и критерий приёмки","Точный метод, прибор/reference и неопределённость TBD до исполнения","MISSING_OR_NOT_APPLICABLE","PORTUGAL_AND_SITE_REVIEW_REQUIRED","Потоки, совместимость, хранение и законный маршрут TBD до исполнения","Неизвестная идентичность; отсутствующее полномочие; опасная среда; непроверенный источник; выход за подготовку","Периодичность, расходники, запасные части и failure signs TBD","Другой назначенный участник находит карточку и демонстрирует допустимую часть без устной помощи автора","Профиль; источник; инвентарь; измерения; acceptance log; reviewer; дата","MISSING","MISSING","DENY","Каталожный узел; процедуры и рабочие параметры ещё не созданы","0.5-draft"
"TD-AGRI-VEGETABLES","TD-FOOD","FOOD_AGRI","PROCESS","Овощные культуры и нутриентное разнообразие","Иметь измеримую и проверяемую способность: овощные культуры и нутриентное разнообразие","S2_TRAINED_SUPERVISED","TRAINED_SUPERVISED","TD-BASE-SAFETY|TD-BASE-SITE|TD-BASE-INVENTORY","","MISSING","","До использования задать service level, единицу, объём, срок и критерий приёмки","Точный метод, прибор/reference и неопределённость TBD до исполнения","MISSING_OR_NOT_APPLICABLE","PORTUGAL_AND_SITE_REVIEW_REQUIRED","Потоки, совместимость, хранение и законный маршрут TBD до исполнения","Неизвестная идентичность; отсутствующее полномочие; опасная среда; непроверенный источник; выход за подготовку","Периодичность, расходники, запасные части и failure signs TBD","Другой назначенный участник находит карточку и демонстрирует допустимую часть без устной помощи автора","Профиль; источник; инвентарь; измерения; acceptance log; reviewer; дата","MISSING","MISSING","DENY","Каталожный узел; процедуры и рабочие параметры ещё не созданы","0.5-draft"
"TD-AGRI-PERENNIALS","TD-FOOD","FOOD_AGRI","PROCESS","Многолетние плодовые и орехоплодные","Иметь измеримую и проверяемую способность: многолетние плодовые и орехоплодные","S2_TRAINED_SUPERVISED","TRAINED_SUPERVISED","TD-BASE-SAFETY|TD-BASE-SITE|TD-BASE-INVENTORY","","MISSING","","До использования задать service level, единицу, объём, срок и критерий приёмки","Точный метод, прибор/reference и неопределённость TBD до исполнения","MISSING_OR_NOT_APPLICABLE","PORTUGAL_AND_SITE_REVIEW_REQUIRED","Потоки, совместимость, хранение и законный маршрут TBD до исполнения","Неизвестная идентичность; отсутствующее полномочие; опасная среда; непроверенный источник; выход за подготовку","Периодичность, расходники, запасные части и failure signs TBD","Другой назначенный участник находит карточку и демонстрирует допустимую часть без устной помощи автора","Профиль; источник; инвентарь; измерения; acceptance log; reviewer; дата","MISSING","MISSING","DENY","Каталожный узел; процедуры и рабочие параметры ещё не созданы","0.5-draft"
"TD-AGRI-CLONAL","TD-FOOD","FOOD_AGRI","PROCESS","Клоновые культуры и санитарный посадочный материал","Иметь измеримую и проверяемую способность: клоновые культуры и санитарный посадочный материал","S3_LICENSED_PROFESSIONAL","LICENSED_ONLY","TD-BASE-SAFETY|TD-BASE-SITE|TD-BASE-INVENTORY","","MISSING","","До использования задать service level, единицу, объём, срок и критерий приёмки","Точный метод, прибор/reference и неопределённость TBD до исполнения","MISSING_OR_NOT_APPLICABLE","PORTUGAL_AND_SITE_REVIEW_REQUIRED","Потоки, совместимость, хранение и законный маршрут TBD до исполнения","Неизвестная идентичность; отсутствующее полномочие; опасная среда; непроверенный источник; выход за подготовку","Периодичность, расходники, запасные части и failure signs TBD","Другой назначенный участник находит карточку и демонстрирует допустимую часть без устной помощи автора","Профиль; источник; инвентарь; измерения; acceptance log; reviewer; дата","MISSING","MISSING","DENY","Каталожный узел; процедуры и рабочие параметры ещё не созданы","0.5-draft"
"TD-AGRI-POTATO","TD-FOOD","FOOD_AGRI","MATERIAL","Посадочный картофель","Иметь измеримую и проверяемую способность: посадочный картофель","S2_TRAINED_SUPERVISED","TRAINED_SUPERVISED","TD-BASE-SAFETY|TD-BASE-SITE|TD-BASE-INVENTORY","","MISSING","","До использования задать service level, единицу, объём, срок и критерий приёмки","Точный метод, прибор/reference и неопределённость TBD до исполнения","MISSING_OR_NOT_APPLICABLE","PORTUGAL_AND_SITE_REVIEW_REQUIRED","Потоки, совместимость, хранение и законный маршрут TBD до исполнения","Неизвестная идентичность; отсутствующее полномочие; опасная среда; непроверенный источник; выход за подготовку","Периодичность, расходники, запасные части и failure signs TBD","Другой назначенный участник находит карточку и демонстрирует допустимую часть без устной помощи автора","Профиль; источник; инвентарь; измерения; acceptance log; reviewer; дата","MISSING","MISSING","DENY","Каталожный узел; процедуры и рабочие параметры ещё не созданы","0.5-draft"
"TD-AGRI-GARLIC","TD-FOOD","FOOD_AGRI","MATERIAL","Посадочный чеснок","Иметь измеримую и проверяемую способность: посадочный чеснок","S2_TRAINED_SUPERVISED","TRAINED_SUPERVISED","TD-BASE-SAFETY|TD-BASE-SITE|TD-BASE-INVENTORY","","MISSING","","До использования задать service level, единицу, объём, срок и критерий приёмки","Точный метод, прибор/reference и неопределённость TBD до исполнения","MISSING_OR_NOT_APPLICABLE","PORTUGAL_AND_SITE_REVIEW_REQUIRED","Потоки, совместимость, хранение и законный маршрут TBD до исполнения","Неизвестная идентичность; отсутствующее полномочие; опасная среда; непроверенный источник; выход за подготовку","Периодичность, расходники, запасные части и failure signs TBD","Другой назначенный участник находит карточку и демонстрирует допустимую часть без устной помощи автора","Профиль; источник; инвентарь; измерения; acceptance log; reviewer; дата","MISSING","MISSING","DENY","Каталожный узел; процедуры и рабочие параметры ещё не созданы","0.5-draft"
"TD-AGRI-SWEET-POTATO","TD-FOOD","FOOD_AGRI","MATERIAL","Батат и вегетативное размножение","Иметь измеримую и проверяемую способность: батат и вегетативное размножение","S2_TRAINED_SUPERVISED","TRAINED_SUPERVISED","TD-BASE-SAFETY|TD-BASE-SITE|TD-BASE-INVENTORY","","MISSING","","До использования задать service level, единицу, объём, срок и критерий приёмки","Точный метод, прибор/reference и неопределённость TBD до исполнения","MISSING_OR_NOT_APPLICABLE","PORTUGAL_AND_SITE_REVIEW_REQUIRED","Потоки, совместимость, хранение и законный маршрут TBD до исполнения","Неизвестная идентичность; отсутствующее полномочие; опасная среда; непроверенный источник; выход за подготовку","Периодичность, расходники, запасные части и failure signs TBD","Другой назначенный участник находит карточку и демонстрирует допустимую часть без устной помощи автора","Профиль; источник; инвентарь; измерения; acceptance log; reviewer; дата","MISSING","MISSING","DENY","Каталожный узел; процедуры и рабочие параметры ещё не созданы","0.5-draft"
"TD-AGRI-VARIETY-STATUS","TD-FOOD","FOOD_AGRI","SITE_DATA","OP; landrace; F1 hybrid и правовой статус сорта","Иметь измеримую и проверяемую способность: op; landrace; f1 hybrid и правовой статус сорта","S1_LOW_RISK_HOUSEHOLD","HOUSEHOLD_S1_AFTER_GATE","TD-BASE-SAFETY|TD-BASE-SITE|TD-BASE-INVENTORY","","MISSING","","До использования задать service level, единицу, объём, срок и критерий приёмки","Точный метод, прибор/reference и неопределённость TBD до исполнения","MISSING_OR_NOT_APPLICABLE","PORTUGAL_AND_SITE_REVIEW_REQUIRED","Потоки, совместимость, хранение и законный маршрут TBD до исполнения","Неизвестная идентичность; отсутствующее полномочие; опасная среда; непроверенный источник; выход за подготовку","Периодичность, расходники, запасные части и failure signs TBD","Другой назначенный участник находит карточку и демонстрирует допустимую часть без устной помощи автора","Профиль; источник; инвентарь; измерения; acceptance log; reviewer; дата","MISSING","MISSING","DENY","Каталожный узел; процедуры и рабочие параметры ещё не созданы","0.5-draft"
"TD-AGRI-TWO-LOTS","TD-FOOD","FOOD_AGRI","MATERIAL","Два независимых лота критических культур","Иметь измеримую и проверяемую способность: два независимых лота критических культур","S1_LOW_RISK_HOUSEHOLD","HOUSEHOLD_S1_AFTER_GATE","TD-BASE-SAFETY|TD-BASE-SITE|TD-BASE-INVENTORY","","MISSING","","До использования задать service level, единицу, объём, срок и критерий приёмки","Точный метод, прибор/reference и неопределённость TBD до исполнения","MISSING_OR_NOT_APPLICABLE","PORTUGAL_AND_SITE_REVIEW_REQUIRED","Потоки, совместимость, хранение и законный маршрут TBD до исполнения","Неизвестная идентичность; отсутствующее полномочие; опасная среда; непроверенный источник; выход за подготовку","Периодичность, расходники, запасные части и failure signs TBD","Другой назначенный участник находит карточку и демонстрирует допустимую часть без устной помощи автора","Профиль; источник; инвентарь; измерения; acceptance log; reviewer; дата","MISSING","MISSING","DENY","Каталожный узел; процедуры и рабочие параметры ещё не созданы","0.5-draft"
"TD-AGRI-OFFSITE","TD-FOOD","FOOD_AGRI","MATERIAL","Географически разнесённая копия семенного фонда","Иметь измеримую и проверяемую способность: географически разнесённая копия семенного фонда","S1_LOW_RISK_HOUSEHOLD","HOUSEHOLD_S1_AFTER_GATE","TD-BASE-SAFETY|TD-BASE-SITE|TD-BASE-INVENTORY","","MISSING","","До использования задать service level, единицу, объём, срок и критерий приёмки","Точный метод, прибор/reference и неопределённость TBD до исполнения","MISSING_OR_NOT_APPLICABLE","PORTUGAL_AND_SITE_REVIEW_REQUIRED","Потоки, совместимость, хранение и законный маршрут TBD до исполнения","Неизвестная идентичность; отсутствующее полномочие; опасная среда; непроверенный источник; выход за подготовку","Периодичность, расходники, запасные части и failure signs TBD","Другой назначенный участник находит карточку и демонстрирует допустимую часть без устной помощи автора","Профиль; источник; инвентарь; измерения; acceptance log; reviewer; дата","MISSING","MISSING","DENY","Каталожный узел; процедуры и рабочие параметры ещё не созданы","0.5-draft"
"TD-AGRI-SEED-STORAGE","TD-FOOD","FOOD_AGRI","PROCESS","Температура; влажность; упаковка и мониторинг семян","Иметь измеримую и проверяемую способность: температура; влажность; упаковка и мониторинг семян","S2_TRAINED_SUPERVISED","TRAINED_SUPERVISED","TD-BASE-SAFETY|TD-BASE-SITE|TD-BASE-INVENTORY","","MISSING","","До использования задать service level, единицу, объём, срок и критерий приёмки","Точный метод, прибор/reference и неопределённость TBD до исполнения","MISSING_OR_NOT_APPLICABLE","PORTUGAL_AND_SITE_REVIEW_REQUIRED","Потоки, совместимость, хранение и законный маршрут TBD до исполнения","Неизвестная идентичность; отсутствующее полномочие; опасная среда; непроверенный источник; выход за подготовку","Периодичность, расходники, запасные части и failure signs TBD","Другой назначенный участник находит карточку и демонстрирует допустимую часть без устной помощи автора","Профиль; источник; инвентарь; измерения; acceptance log; reviewer; дата","MISSING","MISSING","DENY","Каталожный узел; процедуры и рабочие параметры ещё не созданы","0.5-draft"
"TD-AGRI-RESEED","TD-FOOD","FOOD_AGRI","MATERIAL","Резерв пересева после отказа","Иметь измеримую и проверяемую способность: резерв пересева после отказа","S1_LOW_RISK_HOUSEHOLD","HOUSEHOLD_S1_AFTER_GATE","TD-BASE-SAFETY|TD-BASE-SITE|TD-BASE-INVENTORY","","MISSING","","До использования задать service level, единицу, объём, срок и критерий приёмки","Точный метод, прибор/reference и неопределённость TBD до исполнения","MISSING_OR_NOT_APPLICABLE","PORTUGAL_AND_SITE_REVIEW_REQUIRED","Потоки, совместимость, хранение и законный маршрут TBD до исполнения","Неизвестная идентичность; отсутствующее полномочие; опасная среда; непроверенный источник; выход за подготовку","Периодичность, расходники, запасные части и failure signs TBD","Другой назначенный участник находит карточку и демонстрирует допустимую часть без устной помощи автора","Профиль; источник; инвентарь; измерения; acceptance log; reviewer; дата","MISSING","MISSING","DENY","Каталожный узел; процедуры и рабочие параметры ещё не созданы","0.5-draft"
"TD-AGRI-ISOLATION","TD-FOOD","FOOD_AGRI","PROCESS","Видоспецифическая изоляция при семеноводстве","Иметь измеримую и проверяемую способность: видоспецифическая изоляция при семеноводстве","S2_TRAINED_SUPERVISED","TRAINED_SUPERVISED","TD-BASE-SAFETY|TD-BASE-SITE|TD-BASE-INVENTORY","","MISSING","","До использования задать service level, единицу, объём, срок и критерий приёмки","Точный метод, прибор/reference и неопределённость TBD до исполнения","MISSING_OR_NOT_APPLICABLE","PORTUGAL_AND_SITE_REVIEW_REQUIRED","Потоки, совместимость, хранение и законный маршрут TBD до исполнения","Неизвестная идентичность; отсутствующее полномочие; опасная среда; непроверенный источник; выход за подготовку","Периодичность, расходники, запасные части и failure signs TBD","Другой назначенный участник находит карточку и демонстрирует допустимую часть без устной помощи автора","Профиль; источник; инвентарь; измерения; acceptance log; reviewer; дата","MISSING","MISSING","DENY","Каталожный узел; процедуры и рабочие параметры ещё не созданы","0.5-draft"
"TD-AGRI-POPULATION","TD-FOOD","FOOD_AGRI","TEST","Размер репродуктивной популяции","Иметь измеримую и проверяемую способность: размер репродуктивной популяции","S2_TRAINED_SUPERVISED","TRAINED_SUPERVISED","TD-BASE-SAFETY|TD-BASE-SITE|TD-BASE-INVENTORY","","MISSING","","До использования задать service level, единицу, объём, срок и критерий приёмки","Точный метод, прибор/reference и неопределённость TBD до исполнения","MISSING_OR_NOT_APPLICABLE","PORTUGAL_AND_SITE_REVIEW_REQUIRED","Потоки, совместимость, хранение и законный маршрут TBD до исполнения","Неизвестная идентичность; отсутствующее полномочие; опасная среда; непроверенный источник; выход за подготовку","Периодичность, расходники, запасные части и failure signs TBD","Другой назначенный участник находит карточку и демонстрирует допустимую часть без устной помощи автора","Профиль; источник; инвентарь; измерения; acceptance log; reviewer; дата","MISSING","MISSING","DENY","Каталожный узел; процедуры и рабочие параметры ещё не созданы","0.5-draft"
"TD-AGRI-POLLINATION","TD-FOOD","FOOD_AGRI","PROCESS","Опыление и управление опылителями","Иметь измеримую и проверяемую способность: опыление и управление опылителями","S2_TRAINED_SUPERVISED","TRAINED_SUPERVISED","TD-BASE-SAFETY|TD-BASE-SITE|TD-BASE-INVENTORY","","MISSING","","До использования задать service level, единицу, объём, срок и критерий приёмки","Точный метод, прибор/reference и неопределённость TBD до исполнения","MISSING_OR_NOT_APPLICABLE","PORTUGAL_AND_SITE_REVIEW_REQUIRED","Потоки, совместимость, хранение и законный маршрут TBD до исполнения","Неизвестная идентичность; отсутствующее полномочие; опасная среда; непроверенный источник; выход за подготовку","Периодичность, расходники, запасные части и failure signs TBD","Другой назначенный участник находит карточку и демонстрирует допустимую часть без устной помощи автора","Профиль; источник; инвентарь; измерения; acceptance log; reviewer; дата","MISSING","MISSING","DENY","Каталожный узел; процедуры и рабочие параметры ещё не созданы","0.5-draft"
"TD-AGRI-PURITY","TD-FOOD","FOOD_AGRI","TEST","Сортовая идентичность и чистота","Иметь измеримую и проверяемую способность: сортовая идентичность и чистота","S2_TRAINED_SUPERVISED","TRAINED_SUPERVISED","TD-BASE-SAFETY|TD-BASE-SITE|TD-BASE-INVENTORY","","MISSING","","До использования задать service level, единицу, объём, срок и критерий приёмки","Точный метод, прибор/reference и неопределённость TBD до исполнения","MISSING_OR_NOT_APPLICABLE","PORTUGAL_AND_SITE_REVIEW_REQUIRED","Потоки, совместимость, хранение и законный маршрут TBD до исполнения","Неизвестная идентичность; отсутствующее полномочие; опасная среда; непроверенный источник; выход за подготовку","Периодичность, расходники, запасные части и failure signs TBD","Другой назначенный участник находит карточку и демонстрирует допустимую часть без устной помощи автора","Профиль; источник; инвентарь; измерения; acceptance log; reviewer; дата","MISSING","MISSING","DENY","Каталожный узел; процедуры и рабочие параметры ещё не созданы","0.5-draft"
"TD-AGRI-QUARANTINE","TD-FOOD","FOOD_AGRI","PROCESS","Карантин болезней и неизвестного посадочного материала","Иметь измеримую и проверяемую способность: карантин болезней и неизвестного посадочного материала","S3_LICENSED_PROFESSIONAL","LICENSED_ONLY","TD-BASE-SAFETY|TD-BASE-SITE|TD-BASE-INVENTORY","","MISSING","","До использования задать service level, единицу, объём, срок и критерий приёмки","Точный метод, прибор/reference и неопределённость TBD до исполнения","MISSING_OR_NOT_APPLICABLE","PORTUGAL_AND_SITE_REVIEW_REQUIRED","Потоки, совместимость, хранение и законный маршрут TBD до исполнения","Неизвестная идентичность; отсутствующее полномочие; опасная среда; непроверенный источник; выход за подготовку","Периодичность, расходники, запасные части и failure signs TBD","Другой назначенный участник находит карточку и демонстрирует допустимую часть без устной помощи автора","Профиль; источник; инвентарь; измерения; acceptance log; reviewer; дата","MISSING","MISSING","DENY","Каталожный узел; процедуры и рабочие параметры ещё не созданы","0.5-draft"
"TD-AGRI-IPM","TD-FOOD","FOOD_AGRI","PROCESS","Интегрированная защита растений","Иметь измеримую и проверяемую способность: интегрированная защита растений","S2_TRAINED_SUPERVISED","TRAINED_SUPERVISED","TD-BASE-SAFETY|TD-BASE-SITE|TD-BASE-INVENTORY","","MISSING","","До использования задать service level, единицу, объём, срок и критерий приёмки","Точный метод, прибор/reference и неопределённость TBD до исполнения","MISSING_OR_NOT_APPLICABLE","PORTUGAL_AND_SITE_REVIEW_REQUIRED","Потоки, совместимость, хранение и законный маршрут TBD до исполнения","Неизвестная идентичность; отсутствующее полномочие; опасная среда; непроверенный источник; выход за подготовку","Периодичность, расходники, запасные части и failure signs TBD","Другой назначенный участник находит карточку и демонстрирует допустимую часть без устной помощи автора","Профиль; источник; инвентарь; измерения; acceptance log; reviewer; дата","MISSING","MISSING","DENY","Каталожный узел; процедуры и рабочие параметры ещё не созданы","0.5-draft"
"TD-AGRI-THRESH","TD-FOOD","FOOD_AGRI","PROCESS","Обмолот и отделение семян","Иметь измеримую и проверяемую способность: обмолот и отделение семян","S2_TRAINED_SUPERVISED","TRAINED_SUPERVISED","TD-BASE-SAFETY|TD-BASE-SITE|TD-BASE-INVENTORY","","MISSING","","До использования задать service level, единицу, объём, срок и критерий приёмки","Точный метод, прибор/reference и неопределённость TBD до исполнения","MISSING_OR_NOT_APPLICABLE","PORTUGAL_AND_SITE_REVIEW_REQUIRED","Потоки, совместимость, хранение и законный маршрут TBD до исполнения","Неизвестная идентичность; отсутствующее полномочие; опасная среда; непроверенный источник; выход за подготовку","Периодичность, расходники, запасные части и failure signs TBD","Другой назначенный участник находит карточку и демонстрирует допустимую часть без устной помощи автора","Профиль; источник; инвентарь; измерения; acceptance log; reviewer; дата","MISSING","MISSING","DENY","Каталожный узел; процедуры и рабочие параметры ещё не созданы","0.5-draft"
"TD-AGRI-CLEAN","TD-FOOD","FOOD_AGRI","PROCESS","Очистка семян и урожая","Иметь измеримую и проверяемую способность: очистка семян и урожая","S2_TRAINED_SUPERVISED","TRAINED_SUPERVISED","TD-BASE-SAFETY|TD-BASE-SITE|TD-BASE-INVENTORY","","MISSING","","До использования задать service level, единицу, объём, срок и критерий приёмки","Точный метод, прибор/reference и неопределённость TBD до исполнения","MISSING_OR_NOT_APPLICABLE","PORTUGAL_AND_SITE_REVIEW_REQUIRED","Потоки, совместимость, хранение и законный маршрут TBD до исполнения","Неизвестная идентичность; отсутствующее полномочие; опасная среда; непроверенный источник; выход за подготовку","Периодичность, расходники, запасные части и failure signs TBD","Другой назначенный участник находит карточку и демонстрирует допустимую часть без устной помощи автора","Профиль; источник; инвентарь; измерения; acceptance log; reviewer; дата","MISSING","MISSING","DENY","Каталожный узел; процедуры и рабочие параметры ещё не созданы","0.5-draft"
"TD-AGRI-DRY","TD-FOOD","FOOD_AGRI","PROCESS","Сушка урожая и семян","Иметь измеримую и проверяемую способность: сушка урожая и семян","S2_TRAINED_SUPERVISED","TRAINED_SUPERVISED","TD-BASE-SAFETY|TD-BASE-SITE|TD-BASE-INVENTORY","","MISSING","","До использования задать service level, единицу, объём, срок и критерий приёмки","Точный метод, прибор/reference и неопределённость TBD до исполнения","MISSING_OR_NOT_APPLICABLE","PORTUGAL_AND_SITE_REVIEW_REQUIRED","Потоки, совместимость, хранение и законный маршрут TBD до исполнения","Неизвестная идентичность; отсутствующее полномочие; опасная среда; непроверенный источник; выход за подготовку","Периодичность, расходники, запасные части и failure signs TBD","Другой назначенный участник находит карточку и демонстрирует допустимую часть без устной помощи автора","Профиль; источник; инвентарь; измерения; acceptance log; reviewer; дата","MISSING","MISSING","DENY","Каталожный узел; процедуры и рабочие параметры ещё не созданы","0.5-draft"
"TD-AGRI-LOSS","TD-FOOD","FOOD_AGRI","TEST","Измерение потерь при хранении","Иметь измеримую и проверяемую способность: измерение потерь при хранении","S1_LOW_RISK_HOUSEHOLD","HOUSEHOLD_S1_AFTER_GATE","TD-BASE-SAFETY|TD-BASE-SITE|TD-BASE-INVENTORY","","MISSING","","До использования задать service level, единицу, объём, срок и критерий приёмки","Точный метод, прибор/reference и неопределённость TBD до исполнения","MISSING_OR_NOT_APPLICABLE","PORTUGAL_AND_SITE_REVIEW_REQUIRED","Потоки, совместимость, хранение и законный маршрут TBD до исполнения","Неизвестная идентичность; отсутствующее полномочие; опасная среда; непроверенный источник; выход за подготовку","Периодичность, расходники, запасные части и failure signs TBD","Другой назначенный участник находит карточку и демонстрирует допустимую часть без устной помощи автора","Профиль; источник; инвентарь; измерения; acceptance log; reviewer; дата","MISSING","MISSING","DENY","Каталожный узел; процедуры и рабочие параметры ещё не созданы","0.5-draft"
"TD-AGRI-CROP-FAIL","TD-FOOD","FOOD_AGRI","GOVERNANCE","Резерв при неурожае и повторный сезон","Иметь измеримую и проверяемую способность: резерв при неурожае и повторный сезон","S2_TRAINED_SUPERVISED","TRAINED_SUPERVISED","TD-BASE-SAFETY|TD-BASE-SITE|TD-BASE-INVENTORY","","MISSING","","До использования задать service level, единицу, объём, срок и критерий приёмки","Точный метод, прибор/reference и неопределённость TBD до исполнения","MISSING_OR_NOT_APPLICABLE","PORTUGAL_AND_SITE_REVIEW_REQUIRED","Потоки, совместимость, хранение и законный маршрут TBD до исполнения","Неизвестная идентичность; отсутствующее полномочие; опасная среда; непроверенный источник; выход за подготовку","Периодичность, расходники, запасные части и failure signs TBD","Другой назначенный участник находит карточку и демонстрирует допустимую часть без устной помощи автора","Профиль; источник; инвентарь; измерения; acceptance log; reviewer; дата","MISSING","MISSING","DENY","Каталожный узел; процедуры и рабочие параметры ещё не созданы","0.5-draft"
"TD-FERT-CROP-REMOVAL","TD-FERTILIZERS","FOOD_AGRI","TEST","Вынос питательных веществ урожаем","Иметь измеримую и проверяемую способность: вынос питательных веществ урожаем","S2_TRAINED_SUPERVISED","TRAINED_SUPERVISED","TD-BASE-SAFETY|TD-BASE-SITE|TD-BASE-INVENTORY","","MISSING","","До использования задать service level, единицу, объём, срок и критерий приёмки","Точный метод, прибор/reference и неопределённость TBD до исполнения","MISSING_OR_NOT_APPLICABLE","PORTUGAL_AND_SITE_REVIEW_REQUIRED","Потоки, совместимость, хранение и законный маршрут TBD до исполнения","Неизвестная идентичность; отсутствующее полномочие; опасная среда; непроверенный источник; выход за подготовку","Периодичность, расходники, запасные части и failure signs TBD","Другой назначенный участник находит карточку и демонстрирует допустимую часть без устной помощи автора","Профиль; источник; инвентарь; измерения; acceptance log; reviewer; дата","MISSING","MISSING","DENY","Каталожный узел; процедуры и рабочие параметры ещё не созданы","0.5-draft"
"TD-FERT-LEGUMES","TD-FERTILIZERS","FOOD_AGRI","PROCESS","Бобовые; покровные культуры и сидераты","Иметь измеримую и проверяемую способность: бобовые; покровные культуры и сидераты","S2_TRAINED_SUPERVISED","TRAINED_SUPERVISED","TD-BASE-SAFETY|TD-BASE-SITE|TD-BASE-INVENTORY","","MISSING","","До использования задать service level, единицу, объём, срок и критерий приёмки","Точный метод, прибор/reference и неопределённость TBD до исполнения","MISSING_OR_NOT_APPLICABLE","PORTUGAL_AND_SITE_REVIEW_REQUIRED","Потоки, совместимость, хранение и законный маршрут TBD до исполнения","Неизвестная идентичность; отсутствующее полномочие; опасная среда; непроверенный источник; выход за подготовку","Периодичность, расходники, запасные части и failure signs TBD","Другой назначенный участник находит карточку и демонстрирует допустимую часть без устной помощи автора","Профиль; источник; инвентарь; измерения; acceptance log; reviewer; дата","MISSING","MISSING","DENY","Каталожный узел; процедуры и рабочие параметры ещё не созданы","0.5-draft"
"TD-FERT-RESIDUES","TD-FERTILIZERS","FOOD_AGRI","PROCESS","Возврат известных растительных остатков","Иметь измеримую и проверяемую способность: возврат известных растительных остатков","S2_TRAINED_SUPERVISED","TRAINED_SUPERVISED","TD-BASE-SAFETY|TD-BASE-SITE|TD-BASE-INVENTORY","","MISSING","","До использования задать service level, единицу, объём, срок и критерий приёмки","Точный метод, прибор/reference и неопределённость TBD до исполнения","MISSING_OR_NOT_APPLICABLE","PORTUGAL_AND_SITE_REVIEW_REQUIRED","Потоки, совместимость, хранение и законный маршрут TBD до исполнения","Неизвестная идентичность; отсутствующее полномочие; опасная среда; непроверенный источник; выход за подготовку","Периодичность, расходники, запасные части и failure signs TBD","Другой назначенный участник находит карточку и демонстрирует допустимую часть без устной помощи автора","Профиль; источник; инвентарь; измерения; acceptance log; reviewer; дата","MISSING","MISSING","DENY","Каталожный узел; процедуры и рабочие параметры ещё не созданы","0.5-draft"
"TD-FERT-LABELED","TD-FERTILIZERS","FOOD_AGRI","MATERIAL","Готовые маркированные удобрения по анализу и этикетке","Иметь измеримую и проверяемую способность: готовые маркированные удобрения по анализу и этикетке","S2_TRAINED_SUPERVISED","TRAINED_SUPERVISED","TD-BASE-SAFETY|TD-BASE-SITE|TD-BASE-INVENTORY","","MISSING","","До использования задать service level, единицу, объём, срок и критерий приёмки","Точный метод, прибор/reference и неопределённость TBD до исполнения","MISSING_OR_NOT_APPLICABLE","PORTUGAL_AND_SITE_REVIEW_REQUIRED","Потоки, совместимость, хранение и законный маршрут TBD до исполнения","Неизвестная идентичность; отсутствующее полномочие; опасная среда; непроверенный источник; выход за подготовку","Периодичность, расходники, запасные части и failure signs TBD","Другой назначенный участник находит карточку и демонстрирует допустимую часть без устной помощи автора","Профиль; источник; инвентарь; измерения; acceptance log; reviewer; дата","MISSING","MISSING","DENY","Каталожный узел; процедуры и рабочие параметры ещё не созданы","0.5-draft"
"TD-FERT-MICRONUTRIENTS","TD-FERTILIZERS","FOOD_AGRI","PROCESS","Микроэлементы и риск передозировки","Иметь измеримую и проверяемую способность: микроэлементы и риск передозировки","S3_LICENSED_PROFESSIONAL","LICENSED_ONLY","TD-BASE-SAFETY|TD-BASE-SITE|TD-BASE-INVENTORY","","MISSING","","До использования задать service level, единицу, объём, срок и критерий приёмки","Точный метод, прибор/reference и неопределённость TBD до исполнения","MISSING_OR_NOT_APPLICABLE","PORTUGAL_AND_SITE_REVIEW_REQUIRED","Потоки, совместимость, хранение и законный маршрут TBD до исполнения","Неизвестная идентичность; отсутствующее полномочие; опасная среда; непроверенный источник; выход за подготовку","Периодичность, расходники, запасные части и failure signs TBD","Другой назначенный участник находит карточку и демонстрирует допустимую часть без устной помощи автора","Профиль; источник; инвентарь; измерения; acceptance log; reviewer; дата","MISSING","MISSING","DENY","Каталожный узел; процедуры и рабочие параметры ещё не созданы","0.5-draft"
"TD-FERT-RUNOFF","TD-FERTILIZERS","FOOD_AGRI","TEST","Сток; вымывание и защита воды","Иметь измеримую и проверяемую способность: сток; вымывание и защита воды","S2_TRAINED_SUPERVISED","TRAINED_SUPERVISED","TD-BASE-SAFETY|TD-BASE-SITE|TD-BASE-INVENTORY","","MISSING","","До использования задать service level, единицу, объём, срок и критерий приёмки","Точный метод, прибор/reference и неопределённость TBD до исполнения","MISSING_OR_NOT_APPLICABLE","PORTUGAL_AND_SITE_REVIEW_REQUIRED","Потоки, совместимость, хранение и законный маршрут TBD до исполнения","Неизвестная идентичность; отсутствующее полномочие; опасная среда; непроверенный источник; выход за подготовку","Периодичность, расходники, запасные части и failure signs TBD","Другой назначенный участник находит карточку и демонстрирует допустимую часть без устной помощи автора","Профиль; источник; инвентарь; измерения; acceptance log; reviewer; дата","MISSING","MISSING","DENY","Каталожный узел; процедуры и рабочие параметры ещё не созданы","0.5-draft"
"TD-FERT-TRACEABILITY","TD-FERTILIZERS","FOOD_AGRI","GOVERNANCE","Партия; состав; применение и результат","Иметь измеримую и проверяемую способность: партия; состав; применение и результат","S1_LOW_RISK_HOUSEHOLD","HOUSEHOLD_S1_AFTER_GATE","TD-BASE-SAFETY|TD-BASE-SITE|TD-BASE-INVENTORY","","MISSING","","До использования задать service level, единицу, объём, срок и критерий приёмки","Точный метод, прибор/reference и неопределённость TBD до исполнения","MISSING_OR_NOT_APPLICABLE","PORTUGAL_AND_SITE_REVIEW_REQUIRED","Потоки, совместимость, хранение и законный маршрут TBD до исполнения","Неизвестная идентичность; отсутствующее полномочие; опасная среда; непроверенный источник; выход за подготовку","Периодичность, расходники, запасные части и failure signs TBD","Другой назначенный участник находит карточку и демонстрирует допустимую часть без устной помощи автора","Профиль; источник; инвентарь; измерения; acceptance log; reviewer; дата","MISSING","MISSING","DENY","Каталожный узел; процедуры и рабочие параметры ещё не созданы","0.5-draft"
"TD-ANIMALS-WELFARE","TD-ANIMALS","ANIMALS","PROCESS","Welfare; ежедневное наблюдение и stop-критерии","Иметь измеримую и проверяемую способность: welfare; ежедневное наблюдение и stop-критерии","S2_TRAINED_SUPERVISED","TRAINED_SUPERVISED","TD-BASE-SAFETY|TD-BASE-SITE|TD-BASE-INVENTORY","","MISSING","","До использования задать service level, единицу, объём, срок и критерий приёмки","Точный метод, прибор/reference и неопределённость TBD до исполнения","MISSING_OR_NOT_APPLICABLE","PORTUGAL_AND_SITE_REVIEW_REQUIRED","Потоки, совместимость, хранение и законный маршрут TBD до исполнения","Неизвестная идентичность; отсутствующее полномочие; опасная среда; непроверенный источник; выход за подготовку","Периодичность, расходники, запасные части и failure signs TBD","Другой назначенный участник находит карточку и демонстрирует допустимую часть без устной помощи автора","Профиль; источник; инвентарь; измерения; acceptance log; reviewer; дата","MISSING","MISSING","DENY","Каталожный узел; процедуры и рабочие параметры ещё не созданы","0.5-draft"
"TD-ANIMALS-WATER","TD-ANIMALS","ANIMALS","PROCESS","Вода для животных","Иметь измеримую и проверяемую способность: вода для животных","S2_TRAINED_SUPERVISED","TRAINED_SUPERVISED","TD-BASE-SAFETY|TD-BASE-SITE|TD-BASE-INVENTORY","","MISSING","","До использования задать service level, единицу, объём, срок и критерий приёмки","Точный метод, прибор/reference и неопределённость TBD до исполнения","MISSING_OR_NOT_APPLICABLE","PORTUGAL_AND_SITE_REVIEW_REQUIRED","Потоки, совместимость, хранение и законный маршрут TBD до исполнения","Неизвестная идентичность; отсутствующее полномочие; опасная среда; непроверенный источник; выход за подготовку","Периодичность, расходники, запасные части и failure signs TBD","Другой назначенный участник находит карточку и демонстрирует допустимую часть без устной помощи автора","Профиль; источник; инвентарь; измерения; acceptance log; reviewer; дата","MISSING","MISSING","DENY","Каталожный узел; процедуры и рабочие параметры ещё не созданы","0.5-draft"
"TD-ANIMALS-FEED","TD-ANIMALS","ANIMALS","MATERIAL","Корма; питание и запас","Иметь измеримую и проверяемую способность: корма; питание и запас","S2_TRAINED_SUPERVISED","TRAINED_SUPERVISED","TD-BASE-SAFETY|TD-BASE-SITE|TD-BASE-INVENTORY","","MISSING","","До использования задать service level, единицу, объём, срок и критерий приёмки","Точный метод, прибор/reference и неопределённость TBD до исполнения","MISSING_OR_NOT_APPLICABLE","PORTUGAL_AND_SITE_REVIEW_REQUIRED","Потоки, совместимость, хранение и законный маршрут TBD до исполнения","Неизвестная идентичность; отсутствующее полномочие; опасная среда; непроверенный источник; выход за подготовку","Периодичность, расходники, запасные части и failure signs TBD","Другой назначенный участник находит карточку и демонстрирует допустимую часть без устной помощи автора","Профиль; источник; инвентарь; измерения; acceptance log; reviewer; дата","MISSING","MISSING","DENY","Каталожный узел; процедуры и рабочие параметры ещё не созданы","0.5-draft"
"TD-ANIMALS-PASTURE","TD-ANIMALS","ANIMALS","SITE_DATA","Пастбище и carrying capacity","Иметь измеримую и проверяемую способность: пастбище и carrying capacity","S2_TRAINED_SUPERVISED","TRAINED_SUPERVISED","TD-BASE-SAFETY|TD-BASE-SITE|TD-BASE-INVENTORY","","MISSING","","До использования задать service level, единицу, объём, срок и критерий приёмки","Точный метод, прибор/reference и неопределённость TBD до исполнения","MISSING_OR_NOT_APPLICABLE","PORTUGAL_AND_SITE_REVIEW_REQUIRED","Потоки, совместимость, хранение и законный маршрут TBD до исполнения","Неизвестная идентичность; отсутствующее полномочие; опасная среда; непроверенный источник; выход за подготовку","Периодичность, расходники, запасные части и failure signs TBD","Другой назначенный участник находит карточку и демонстрирует допустимую часть без устной помощи автора","Профиль; источник; инвентарь; измерения; acceptance log; reviewer; дата","MISSING","MISSING","DENY","Каталожный узел; процедуры и рабочие параметры ещё не созданы","0.5-draft"
"TD-ANIMALS-SHELTER","TD-ANIMALS","ANIMALS","PROCESS","Укрытие; температура и вентиляция","Иметь измеримую и проверяемую способность: укрытие; температура и вентиляция","S2_TRAINED_SUPERVISED","TRAINED_SUPERVISED","TD-BASE-SAFETY|TD-BASE-SITE|TD-BASE-INVENTORY","","MISSING","","До использования задать service level, единицу, объём, срок и критерий приёмки","Точный метод, прибор/reference и неопределённость TBD до исполнения","MISSING_OR_NOT_APPLICABLE","PORTUGAL_AND_SITE_REVIEW_REQUIRED","Потоки, совместимость, хранение и законный маршрут TBD до исполнения","Неизвестная идентичность; отсутствующее полномочие; опасная среда; непроверенный источник; выход за подготовку","Периодичность, расходники, запасные части и failure signs TBD","Другой назначенный участник находит карточку и демонстрирует допустимую часть без устной помощи автора","Профиль; источник; инвентарь; измерения; acceptance log; reviewer; дата","MISSING","MISSING","DENY","Каталожный узел; процедуры и рабочие параметры ещё не созданы","0.5-draft"
"TD-ANIMALS-BIOSECURITY","TD-ANIMALS","ANIMALS","PROCESS","Биобезопасность; карантин и zoonoses","Иметь измеримую и проверяемую способность: биобезопасность; карантин и zoonoses","S3_LICENSED_PROFESSIONAL","LICENSED_ONLY","TD-BASE-SAFETY|TD-BASE-SITE|TD-BASE-INVENTORY","","MISSING","","До использования задать service level, единицу, объём, срок и критерий приёмки","Точный метод, прибор/reference и неопределённость TBD до исполнения","MISSING_OR_NOT_APPLICABLE","PORTUGAL_AND_SITE_REVIEW_REQUIRED","Потоки, совместимость, хранение и законный маршрут TBD до исполнения","Неизвестная идентичность; отсутствующее полномочие; опасная среда; непроверенный источник; выход за подготовку","Периодичность, расходники, запасные части и failure signs TBD","Другой назначенный участник находит карточку и демонстрирует допустимую часть без устной помощи автора","Профиль; источник; инвентарь; измерения; acceptance log; reviewer; дата","MISSING","MISSING","DENY","Каталожный узел; процедуры и рабочие параметры ещё не созданы","0.5-draft"
"TD-ANIMALS-BREEDING","TD-ANIMALS","ANIMALS","PROCESS","Размножение и генетическое разнообразие","Иметь измеримую и проверяемую способность: размножение и генетическое разнообразие","S3_LICENSED_PROFESSIONAL","LICENSED_ONLY","TD-BASE-SAFETY|TD-BASE-SITE|TD-BASE-INVENTORY","","MISSING","","До использования задать service level, единицу, объём, срок и критерий приёмки","Точный метод, прибор/reference и неопределённость TBD до исполнения","MISSING_OR_NOT_APPLICABLE","PORTUGAL_AND_SITE_REVIEW_REQUIRED","Потоки, совместимость, хранение и законный маршрут TBD до исполнения","Неизвестная идентичность; отсутствующее полномочие; опасная среда; непроверенный источник; выход за подготовку","Периодичность, расходники, запасные части и failure signs TBD","Другой назначенный участник находит карточку и демонстрирует допустимую часть без устной помощи автора","Профиль; источник; инвентарь; измерения; acceptance log; reviewer; дата","MISSING","MISSING","DENY","Каталожный узел; процедуры и рабочие параметры ещё не созданы","0.5-draft"
"TD-ANIMALS-VET","TD-ANIMALS","ANIMALS","KNOWLEDGE","Ветеринарная помощь и лекарства","Иметь измеримую и проверяемую способность: ветеринарная помощь и лекарства","S3_LICENSED_PROFESSIONAL","LICENSED_ONLY","TD-BASE-SAFETY|TD-BASE-SITE|TD-BASE-INVENTORY","","MISSING","","До использования задать service level, единицу, объём, срок и критерий приёмки","Точный метод, прибор/reference и неопределённость TBD до исполнения","MISSING_OR_NOT_APPLICABLE","PORTUGAL_AND_SITE_REVIEW_REQUIRED","Потоки, совместимость, хранение и законный маршрут TBD до исполнения","Неизвестная идентичность; отсутствующее полномочие; опасная среда; непроверенный источник; выход за подготовку","Периодичность, расходники, запасные части и failure signs TBD","Другой назначенный участник находит карточку и демонстрирует допустимую часть без устной помощи автора","Профиль; источник; инвентарь; измерения; acceptance log; reviewer; дата","MISSING","MISSING","DENY","Каталожный узел; процедуры и рабочие параметры ещё не созданы","0.5-draft"
"TD-ANIMALS-WASTE","TD-ANIMALS","ANIMALS","PROCESS","Навоз; подстилка и защита воды","Иметь измеримую и проверяемую способность: навоз; подстилка и защита воды","S3_LICENSED_PROFESSIONAL","LICENSED_ONLY","TD-BASE-SAFETY|TD-BASE-SITE|TD-BASE-INVENTORY","","MISSING","","До использования задать service level, единицу, объём, срок и критерий приёмки","Точный метод, прибор/reference и неопределённость TBD до исполнения","MISSING_OR_NOT_APPLICABLE","PORTUGAL_AND_SITE_REVIEW_REQUIRED","Потоки, совместимость, хранение и законный маршрут TBD до исполнения","Неизвестная идентичность; отсутствующее полномочие; опасная среда; непроверенный источник; выход за подготовку","Периодичность, расходники, запасные части и failure signs TBD","Другой назначенный участник находит карточку и демонстрирует допустимую часть без устной помощи автора","Профиль; источник; инвентарь; измерения; acceptance log; reviewer; дата","MISSING","MISSING","DENY","Каталожный узел; процедуры и рабочие параметры ещё не созданы","0.5-draft"
"TD-ANIMALS-EGGS","TD-ANIMALS","ANIMALS","PROCESS","Яйца; сбор и пищевая безопасность","Иметь измеримую и проверяемую способность: яйца; сбор и пищевая безопасность","S2_TRAINED_SUPERVISED","TRAINED_SUPERVISED","TD-BASE-SAFETY|TD-BASE-SITE|TD-BASE-INVENTORY","","MISSING","","До использования задать service level, единицу, объём, срок и критерий приёмки","Точный метод, прибор/reference и неопределённость TBD до исполнения","MISSING_OR_NOT_APPLICABLE","PORTUGAL_AND_SITE_REVIEW_REQUIRED","Потоки, совместимость, хранение и законный маршрут TBD до исполнения","Неизвестная идентичность; отсутствующее полномочие; опасная среда; непроверенный источник; выход за подготовку","Периодичность, расходники, запасные части и failure signs TBD","Другой назначенный участник находит карточку и демонстрирует допустимую часть без устной помощи автора","Профиль; источник; инвентарь; измерения; acceptance log; reviewer; дата","MISSING","MISSING","DENY","Каталожный узел; процедуры и рабочие параметры ещё не созданы","0.5-draft"
"TD-ANIMALS-MILK","TD-ANIMALS","ANIMALS","PROCESS","Молоко; гигиена и холодовая цепь","Иметь измеримую и проверяемую способность: молоко; гигиена и холодовая цепь","S3_LICENSED_PROFESSIONAL","LICENSED_ONLY","TD-BASE-SAFETY|TD-BASE-SITE|TD-BASE-INVENTORY","","MISSING","","До использования задать service level, единицу, объём, срок и критерий приёмки","Точный метод, прибор/reference и неопределённость TBD до исполнения","MISSING_OR_NOT_APPLICABLE","PORTUGAL_AND_SITE_REVIEW_REQUIRED","Потоки, совместимость, хранение и законный маршрут TBD до исполнения","Неизвестная идентичность; отсутствующее полномочие; опасная среда; непроверенный источник; выход за подготовку","Периодичность, расходники, запасные части и failure signs TBD","Другой назначенный участник находит карточку и демонстрирует допустимую часть без устной помощи автора","Профиль; источник; инвентарь; измерения; acceptance log; reviewer; дата","MISSING","MISSING","DENY","Каталожный узел; процедуры и рабочие параметры ещё не созданы","0.5-draft"
"TD-ANIMALS-SLAUGHTER","TD-ANIMALS","ANIMALS","HAZARD_BOUNDARY","Убой; ветеринарный контроль и пищевая безопасность","Иметь измеримую и проверяемую способность: убой; ветеринарный контроль и пищевая безопасность","S4_REFERENCE_ONLY_PROHIBITED_HOUSEHOLD","REFERENCE_ONLY_NO_BUILD","TD-BASE-SAFETY|TD-BASE-SITE|TD-BASE-INVENTORY","","NO_BUILD_MATERIALS","","Граница распознавания и профессиональный маршрут определены; household execution отсутствует","Official professional references only","NO_BUILD_DRAWINGS","PORTUGAL_AND_SITE_REVIEW_REQUIRED","Потоки, совместимость, хранение и законный маршрут TBD до исполнения","Неизвестная идентичность; отсутствующее полномочие; опасная среда; непроверенный источник; выход за подготовку","Периодичность, расходники, запасные части и failure signs TBD","Другой назначенный участник находит карточку и демонстрирует допустимую часть без устной помощи автора","Профиль; источник; инвентарь; измерения; acceptance log; reviewer; дата","BOUNDARY_DEFINED","REFERENCE_ONLY","REFERENCE_ONLY","Каталожный узел; процедуры и рабочие параметры ещё не созданы","0.5-draft"
"TD-ANIMALS-BEES","TD-ANIMALS","ANIMALS","PROCESS","Пчёлы; опыление и продукты пчеловодства","Иметь измеримую и проверяемую способность: пчёлы; опыление и продукты пчеловодства","S3_LICENSED_PROFESSIONAL","LICENSED_ONLY","TD-BASE-SAFETY|TD-BASE-SITE|TD-BASE-INVENTORY","","MISSING","","До использования задать service level, единицу, объём, срок и критерий приёмки","Точный метод, прибор/reference и неопределённость TBD до исполнения","MISSING_OR_NOT_APPLICABLE","PORTUGAL_AND_SITE_REVIEW_REQUIRED","Потоки, совместимость, хранение и законный маршрут TBD до исполнения","Неизвестная идентичность; отсутствующее полномочие; опасная среда; непроверенный источник; выход за подготовку","Периодичность, расходники, запасные части и failure signs TBD","Другой назначенный участник находит карточку и демонстрирует допустимую часть без устной помощи автора","Профиль; источник; инвентарь; измерения; acceptance log; reviewer; дата","MISSING","MISSING","DENY","Каталожный узел; процедуры и рабочие параметры ещё не созданы","0.5-draft"
"TD-ANIMALS-AQUACULTURE","TD-ANIMALS","ANIMALS","PROCESS","Аквакультура и качество воды","Иметь измеримую и проверяемую способность: аквакультура и качество воды","S3_LICENSED_PROFESSIONAL","LICENSED_ONLY","TD-BASE-SAFETY|TD-BASE-SITE|TD-BASE-INVENTORY","","MISSING","","До использования задать service level, единицу, объём, срок и критерий приёмки","Точный метод, прибор/reference и неопределённость TBD до исполнения","MISSING_OR_NOT_APPLICABLE","PORTUGAL_AND_SITE_REVIEW_REQUIRED","Потоки, совместимость, хранение и законный маршрут TBD до исполнения","Неизвестная идентичность; отсутствующее полномочие; опасная среда; непроверенный источник; выход за подготовку","Периодичность, расходники, запасные части и failure signs TBD","Другой назначенный участник находит карточку и демонстрирует допустимую часть без устной помощи автора","Профиль; источник; инвентарь; измерения; acceptance log; reviewer; дата","MISSING","MISSING","DENY","Каталожный узел; процедуры и рабочие параметры ещё не созданы","0.5-draft"
"TD-ANIMALS-HANDLER","TD-ANIMALS","ANIMALS","TRAINING","Дублёр handler и безопасное обращение","Иметь измеримую и проверяемую способность: дублёр handler и безопасное обращение","S2_TRAINED_SUPERVISED","TRAINED_SUPERVISED","TD-BASE-SAFETY|TD-BASE-SITE|TD-BASE-INVENTORY","","MISSING","","До использования задать service level, единицу, объём, срок и критерий приёмки","Точный метод, прибор/reference и неопределённость TBD до исполнения","MISSING_OR_NOT_APPLICABLE","PORTUGAL_AND_SITE_REVIEW_REQUIRED","Потоки, совместимость, хранение и законный маршрут TBD до исполнения","Неизвестная идентичность; отсутствующее полномочие; опасная среда; непроверенный источник; выход за подготовку","Периодичность, расходники, запасные части и failure signs TBD","Другой назначенный участник находит карточку и демонстрирует допустимую часть без устной помощи автора","Профиль; источник; инвентарь; измерения; acceptance log; reviewer; дата","MISSING","MISSING","DENY","Каталожный узел; процедуры и рабочие параметры ещё не созданы","0.5-draft"
"TD-ANIMALS","TD-ROOT","ANIMALS","OUTCOME","Животные; корма; welfare и ветеринарная непрерывность","Иметь измеримую и проверяемую способность: животные; корма; welfare и ветеринарная непрерывность","S2_TRAINED_SUPERVISED","TRAINED_SUPERVISED","TD-BASE|TD-ANIMALS-WELFARE|TD-ANIMALS-WATER|TD-ANIMALS-FEED|TD-ANIMALS-PASTURE|TD-ANIMALS-SHELTER|TD-ANIMALS-BIOSECURITY|TD-ANIMALS-BREEDING|TD-ANIMALS-VET|TD-ANIMALS-WASTE|TD-ANIMALS-EGGS|TD-ANIMALS-MILK|TD-ANIMALS-SLAUGHTER|TD-ANIMALS-BEES|TD-ANIMALS-AQUACULTURE|TD-ANIMALS-HANDLER","","MISSING","","До использования задать service level, единицу, объём, срок и критерий приёмки","Точный метод, прибор/reference и неопределённость TBD до исполнения","MISSING_OR_NOT_APPLICABLE","PORTUGAL_AND_SITE_REVIEW_REQUIRED","Потоки, совместимость, хранение и законный маршрут TBD до исполнения","Неизвестная идентичность; отсутствующее полномочие; опасная среда; непроверенный источник; выход за подготовку","Периодичность, расходники, запасные части и failure signs TBD","Другой назначенный участник находит карточку и демонстрирует допустимую часть без устной помощи автора","Профиль; источник; инвентарь; измерения; acceptance log; reviewer; дата","MISSING","MISSING","DENY","Агрегат: обязательность дочерних узлов определяется technology-dependency-edges.csv","0.5-draft"
"TD-SHELTER-SHELTER-IN-PLACE","TD-SHELTER","SHELTER","PROCESS","Shelter-in-place и критерии эвакуации","Иметь измеримую и проверяемую способность: shelter-in-place и критерии эвакуации","S2_TRAINED_SUPERVISED","TRAINED_SUPERVISED","TD-BASE-SAFETY|TD-BASE-SITE|TD-BASE-INVENTORY","","MISSING","","До использования задать service level, единицу, объём, срок и критерий приёмки","Точный метод, прибор/reference и неопределённость TBD до исполнения","MISSING_OR_NOT_APPLICABLE","PORTUGAL_AND_SITE_REVIEW_REQUIRED","Потоки, совместимость, хранение и законный маршрут TBD до исполнения","Неизвестная идентичность; отсутствующее полномочие; опасная среда; непроверенный источник; выход за подготовку","Периодичность, расходники, запасные части и failure signs TBD","Другой назначенный участник находит карточку и демонстрирует допустимую часть без устной помощи автора","Профиль; источник; инвентарь; измерения; acceptance log; reviewer; дата","MISSING","MISSING","DENY","Каталожный узел; процедуры и рабочие параметры ещё не созданы","0.5-draft"
"TD-SHELTER-SAFE-ZONE","TD-SHELTER","SHELTER","SITE_DATA","Безопасная внутренняя зона","Иметь измеримую и проверяемую способность: безопасная внутренняя зона","S2_TRAINED_SUPERVISED","TRAINED_SUPERVISED","TD-BASE-SAFETY|TD-BASE-SITE|TD-BASE-INVENTORY","","MISSING","","До использования задать service level, единицу, объём, срок и критерий приёмки","Точный метод, прибор/reference и неопределённость TBD до исполнения","MISSING_OR_NOT_APPLICABLE","PORTUGAL_AND_SITE_REVIEW_REQUIRED","Потоки, совместимость, хранение и законный маршрут TBD до исполнения","Неизвестная идентичность; отсутствующее полномочие; опасная среда; непроверенный источник; выход за подготовку","Периодичность, расходники, запасные части и failure signs TBD","Другой назначенный участник находит карточку и демонстрирует допустимую часть без устной помощи автора","Профиль; источник; инвентарь; измерения; acceptance log; reviewer; дата","MISSING","MISSING","DENY","Каталожный узел; процедуры и рабочие параметры ещё не созданы","0.5-draft"
"TD-SHELTER-ACCESSIBLE-EXIT","TD-SHELTER","SHELTER","DRAWING","Доступный путь выхода","Иметь измеримую и проверяемую способность: доступный путь выхода","S2_TRAINED_SUPERVISED","TRAINED_SUPERVISED","TD-BASE-SAFETY|TD-BASE-SITE|TD-BASE-INVENTORY","","MISSING","","До использования задать service level, единицу, объём, срок и критерий приёмки","Точный метод, прибор/reference и неопределённость TBD до исполнения","MISSING_OR_NOT_APPLICABLE","PORTUGAL_AND_SITE_REVIEW_REQUIRED","Потоки, совместимость, хранение и законный маршрут TBD до исполнения","Неизвестная идентичность; отсутствующее полномочие; опасная среда; непроверенный источник; выход за подготовку","Периодичность, расходники, запасные части и failure signs TBD","Другой назначенный участник находит карточку и демонстрирует допустимую часть без устной помощи автора","Профиль; источник; инвентарь; измерения; acceptance log; reviewer; дата","MISSING","MISSING","DENY","Каталожный узел; процедуры и рабочие параметры ещё не созданы","0.5-draft"
"TD-SHELTER-SHUTOFF-WATER","TD-SHELTER","SHELTER","TRAINING","Штатное отключение воды","Иметь измеримую и проверяемую способность: штатное отключение воды","S2_TRAINED_SUPERVISED","TRAINED_SUPERVISED","TD-BASE-SAFETY|TD-BASE-SITE|TD-BASE-INVENTORY","","MISSING","","До использования задать service level, единицу, объём, срок и критерий приёмки","Точный метод, прибор/reference и неопределённость TBD до исполнения","MISSING_OR_NOT_APPLICABLE","PORTUGAL_AND_SITE_REVIEW_REQUIRED","Потоки, совместимость, хранение и законный маршрут TBD до исполнения","Неизвестная идентичность; отсутствующее полномочие; опасная среда; непроверенный источник; выход за подготовку","Периодичность, расходники, запасные части и failure signs TBD","Другой назначенный участник находит карточку и демонстрирует допустимую часть без устной помощи автора","Профиль; источник; инвентарь; измерения; acceptance log; reviewer; дата","MISSING","MISSING","DENY","Каталожный узел; процедуры и рабочие параметры ещё не созданы","0.5-draft"
"TD-SHELTER-SHUTOFF-GAS","TD-SHELTER","SHELTER","TRAINING","Штатное отключение газа квалифицированным способом","Иметь измеримую и проверяемую способность: штатное отключение газа квалифицированным способом","S3_LICENSED_PROFESSIONAL","LICENSED_ONLY","TD-BASE-SAFETY|TD-BASE-SITE|TD-BASE-INVENTORY","","MISSING","","До использования задать service level, единицу, объём, срок и критерий приёмки","Точный метод, прибор/reference и неопределённость TBD до исполнения","MISSING_OR_NOT_APPLICABLE","PORTUGAL_AND_SITE_REVIEW_REQUIRED","Потоки, совместимость, хранение и законный маршрут TBD до исполнения","Неизвестная идентичность; отсутствующее полномочие; опасная среда; непроверенный источник; выход за подготовку","Периодичность, расходники, запасные части и failure signs TBD","Другой назначенный участник находит карточку и демонстрирует допустимую часть без устной помощи автора","Профиль; источник; инвентарь; измерения; acceptance log; reviewer; дата","MISSING","MISSING","DENY","Каталожный узел; процедуры и рабочие параметры ещё не созданы","0.5-draft"
"TD-SHELTER-SHUTOFF-ELECTRIC","TD-SHELTER","SHELTER","TRAINING","Штатное отключение электричества без работ в щите","Иметь измеримую и проверяемую способность: штатное отключение электричества без работ в щите","S2_TRAINED_SUPERVISED","TRAINED_SUPERVISED","TD-BASE-SAFETY|TD-BASE-SITE|TD-BASE-INVENTORY","","MISSING","","До использования задать service level, единицу, объём, срок и критерий приёмки","Точный метод, прибор/reference и неопределённость TBD до исполнения","MISSING_OR_NOT_APPLICABLE","PORTUGAL_AND_SITE_REVIEW_REQUIRED","Потоки, совместимость, хранение и законный маршрут TBD до исполнения","Неизвестная идентичность; отсутствующее полномочие; опасная среда; непроверенный источник; выход за подготовку","Периодичность, расходники, запасные части и failure signs TBD","Другой назначенный участник находит карточку и демонстрирует допустимую часть без устной помощи автора","Профиль; источник; инвентарь; измерения; acceptance log; reviewer; дата","MISSING","MISSING","DENY","Каталожный узел; процедуры и рабочие параметры ещё не созданы","0.5-draft"
"TD-SHELTER-ALARMS","TD-SHELTER","SHELTER","MAINTENANCE","Дымовые и CO извещатели; питание и тест","Иметь измеримую и проверяемую способность: дымовые и co извещатели; питание и тест","S1_LOW_RISK_HOUSEHOLD","HOUSEHOLD_S1_AFTER_GATE","TD-BASE-SAFETY|TD-BASE-SITE|TD-BASE-INVENTORY","","MISSING","","До использования задать service level, единицу, объём, срок и критерий приёмки","Точный метод, прибор/reference и неопределённость TBD до исполнения","MISSING_OR_NOT_APPLICABLE","PORTUGAL_AND_SITE_REVIEW_REQUIRED","Потоки, совместимость, хранение и законный маршрут TBD до исполнения","Неизвестная идентичность; отсутствующее полномочие; опасная среда; непроверенный источник; выход за подготовку","Периодичность, расходники, запасные части и failure signs TBD","Другой назначенный участник находит карточку и демонстрирует допустимую часть без устной помощи автора","Профиль; источник; инвентарь; измерения; acceptance log; reviewer; дата","MISSING","MISSING","DENY","Каталожный узел; процедуры и рабочие параметры ещё не созданы","0.5-draft"
"TD-SHELTER-EXTINGUISHER","TD-SHELTER","SHELTER","TRAINING","Сертифицированный огнетушитель и предел применения","Иметь измеримую и проверяемую способность: сертифицированный огнетушитель и предел применения","S2_TRAINED_SUPERVISED","TRAINED_SUPERVISED","TD-BASE-SAFETY|TD-BASE-SITE|TD-BASE-INVENTORY","","MISSING","","До использования задать service level, единицу, объём, срок и критерий приёмки","Точный метод, прибор/reference и неопределённость TBD до исполнения","MISSING_OR_NOT_APPLICABLE","PORTUGAL_AND_SITE_REVIEW_REQUIRED","Потоки, совместимость, хранение и законный маршрут TBD до исполнения","Неизвестная идентичность; отсутствующее полномочие; опасная среда; непроверенный источник; выход за подготовку","Периодичность, расходники, запасные части и failure signs TBD","Другой назначенный участник находит карточку и демонстрирует допустимую часть без устной помощи автора","Профиль; источник; инвентарь; измерения; acceptance log; reviewer; дата","MISSING","MISSING","DENY","Каталожный узел; процедуры и рабочие параметры ещё не созданы","0.5-draft"
"TD-SHELTER-FIRE-BLANKET","TD-SHELTER","SHELTER","TOOL","Пожарное покрывало и размещение","Иметь измеримую и проверяемую способность: пожарное покрывало и размещение","S2_TRAINED_SUPERVISED","TRAINED_SUPERVISED","TD-BASE-SAFETY|TD-BASE-SITE|TD-BASE-INVENTORY","","MISSING","","До использования задать service level, единицу, объём, срок и критерий приёмки","Точный метод, прибор/reference и неопределённость TBD до исполнения","MISSING_OR_NOT_APPLICABLE","PORTUGAL_AND_SITE_REVIEW_REQUIRED","Потоки, совместимость, хранение и законный маршрут TBD до исполнения","Неизвестная идентичность; отсутствующее полномочие; опасная среда; непроверенный источник; выход за подготовку","Периодичность, расходники, запасные части и failure signs TBD","Другой назначенный участник находит карточку и демонстрирует допустимую часть без устной помощи автора","Профиль; источник; инвентарь; измерения; acceptance log; reviewer; дата","MISSING","MISSING","DENY","Каталожный узел; процедуры и рабочие параметры ещё не созданы","0.5-draft"
"TD-SHELTER-DARK-EXIT","TD-SHELTER","SHELTER","TEST","Тренировка выхода в темноте","Иметь измеримую и проверяемую способность: тренировка выхода в темноте","S2_TRAINED_SUPERVISED","TRAINED_SUPERVISED","TD-BASE-SAFETY|TD-BASE-SITE|TD-BASE-INVENTORY","","MISSING","","До использования задать service level, единицу, объём, срок и критерий приёмки","Точный метод, прибор/reference и неопределённость TBD до исполнения","MISSING_OR_NOT_APPLICABLE","PORTUGAL_AND_SITE_REVIEW_REQUIRED","Потоки, совместимость, хранение и законный маршрут TBD до исполнения","Неизвестная идентичность; отсутствующее полномочие; опасная среда; непроверенный источник; выход за подготовку","Периодичность, расходники, запасные части и failure signs TBD","Другой назначенный участник находит карточку и демонстрирует допустимую часть без устной помощи автора","Профиль; источник; инвентарь; измерения; acceptance log; reviewer; дата","MISSING","MISSING","DENY","Каталожный узел; процедуры и рабочие параметры ещё не созданы","0.5-draft"
"TD-SHELTER-COLLAPSE","TD-SHELTER","SHELTER","HAZARD_BOUNDARY","Признаки риска обрушения и запрет входа","Иметь измеримую и проверяемую способность: признаки риска обрушения и запрет входа","S4_REFERENCE_ONLY_PROHIBITED_HOUSEHOLD","REFERENCE_ONLY_NO_BUILD","TD-BASE-SAFETY|TD-BASE-SITE|TD-BASE-INVENTORY","","NO_BUILD_MATERIALS","","Граница распознавания и профессиональный маршрут определены; household execution отсутствует","Official professional references only","NO_BUILD_DRAWINGS","PORTUGAL_AND_SITE_REVIEW_REQUIRED","Потоки, совместимость, хранение и законный маршрут TBD до исполнения","Неизвестная идентичность; отсутствующее полномочие; опасная среда; непроверенный источник; выход за подготовку","Периодичность, расходники, запасные части и failure signs TBD","Другой назначенный участник находит карточку и демонстрирует допустимую часть без устной помощи автора","Профиль; источник; инвентарь; измерения; acceptance log; reviewer; дата","BOUNDARY_DEFINED","REFERENCE_ONLY","REFERENCE_ONLY","Каталожный узел; процедуры и рабочие параметры ещё не созданы","0.5-draft"
"TD-SHELTER-HEAT-ZONE","TD-SHELTER","SHELTER","PROCESS","Безопасная прохладная зона при жаре","Иметь измеримую и проверяемую способность: безопасная прохладная зона при жаре","S1_LOW_RISK_HOUSEHOLD","HOUSEHOLD_S1_AFTER_GATE","TD-BASE-SAFETY|TD-BASE-SITE|TD-BASE-INVENTORY","","MISSING","","До использования задать service level, единицу, объём, срок и критерий приёмки","Точный метод, прибор/reference и неопределённость TBD до исполнения","MISSING_OR_NOT_APPLICABLE","PORTUGAL_AND_SITE_REVIEW_REQUIRED","Потоки, совместимость, хранение и законный маршрут TBD до исполнения","Неизвестная идентичность; отсутствующее полномочие; опасная среда; непроверенный источник; выход за подготовку","Периодичность, расходники, запасные части и failure signs TBD","Другой назначенный участник находит карточку и демонстрирует допустимую часть без устной помощи автора","Профиль; источник; инвентарь; измерения; acceptance log; reviewer; дата","MISSING","MISSING","DENY","Каталожный узел; процедуры и рабочие параметры ещё не созданы","0.5-draft"
"TD-SHELTER-COLD-ZONE","TD-SHELTER","SHELTER","PROCESS","Безопасная тёплая зона при холоде","Иметь измеримую и проверяемую способность: безопасная тёплая зона при холоде","S2_TRAINED_SUPERVISED","TRAINED_SUPERVISED","TD-BASE-SAFETY|TD-BASE-SITE|TD-BASE-INVENTORY","","MISSING","","До использования задать service level, единицу, объём, срок и критерий приёмки","Точный метод, прибор/reference и неопределённость TBD до исполнения","MISSING_OR_NOT_APPLICABLE","PORTUGAL_AND_SITE_REVIEW_REQUIRED","Потоки, совместимость, хранение и законный маршрут TBD до исполнения","Неизвестная идентичность; отсутствующее полномочие; опасная среда; непроверенный источник; выход за подготовку","Периодичность, расходники, запасные части и failure signs TBD","Другой назначенный участник находит карточку и демонстрирует допустимую часть без устной помощи автора","Профиль; источник; инвентарь; измерения; acceptance log; reviewer; дата","MISSING","MISSING","DENY","Каталожный узел; процедуры и рабочие параметры ещё не созданы","0.5-draft"
"TD-SHELTER-COMBUSTION-AIR","TD-SHELTER","SHELTER","PROCESS","Вентиляция при готовке и отоплении","Иметь измеримую и проверяемую способность: вентиляция при готовке и отоплении","S3_LICENSED_PROFESSIONAL","LICENSED_ONLY","TD-BASE-SAFETY|TD-BASE-SITE|TD-BASE-INVENTORY","","MISSING","","До использования задать service level, единицу, объём, срок и критерий приёмки","Точный метод, прибор/reference и неопределённость TBD до исполнения","MISSING_OR_NOT_APPLICABLE","PORTUGAL_AND_SITE_REVIEW_REQUIRED","Потоки, совместимость, хранение и законный маршрут TBD до исполнения","Неизвестная идентичность; отсутствующее полномочие; опасная среда; непроверенный источник; выход за подготовку","Периодичность, расходники, запасные части и failure signs TBD","Другой назначенный участник находит карточку и демонстрирует допустимую часть без устной помощи автора","Профиль; источник; инвентарь; измерения; acceptance log; reviewer; дата","MISSING","MISSING","DENY","Каталожный узел; процедуры и рабочие параметры ещё не созданы","0.5-draft"
"TD-SHELTER-LIGHT","TD-SHELTER","SHELTER","MATERIAL","Аварийное освещение путей выхода","Иметь измеримую и проверяемую способность: аварийное освещение путей выхода","S1_LOW_RISK_HOUSEHOLD","HOUSEHOLD_S1_AFTER_GATE","TD-BASE-SAFETY|TD-BASE-SITE|TD-BASE-INVENTORY","","MISSING","","До использования задать service level, единицу, объём, срок и критерий приёмки","Точный метод, прибор/reference и неопределённость TBD до исполнения","MISSING_OR_NOT_APPLICABLE","PORTUGAL_AND_SITE_REVIEW_REQUIRED","Потоки, совместимость, хранение и законный маршрут TBD до исполнения","Неизвестная идентичность; отсутствующее полномочие; опасная среда; непроверенный источник; выход за подготовку","Периодичность, расходники, запасные части и failure signs TBD","Другой назначенный участник находит карточку и демонстрирует допустимую часть без устной помощи автора","Профиль; источник; инвентарь; измерения; acceptance log; reviewer; дата","MISSING","MISSING","DENY","Каталожный узел; процедуры и рабочие параметры ещё не созданы","0.5-draft"
"TD-SHELTER-DEPENDENTS","TD-SHELTER","SHELTER","DRAWING","Выход и укрытие для маломобильных людей; детей и животных","Иметь измеримую и проверяемую способность: выход и укрытие для маломобильных людей; детей и животных","S2_TRAINED_SUPERVISED","TRAINED_SUPERVISED","TD-BASE-SAFETY|TD-BASE-SITE|TD-BASE-INVENTORY","","MISSING","","До использования задать service level, единицу, объём, срок и критерий приёмки","Точный метод, прибор/reference и неопределённость TBD до исполнения","MISSING_OR_NOT_APPLICABLE","PORTUGAL_AND_SITE_REVIEW_REQUIRED","Потоки, совместимость, хранение и законный маршрут TBD до исполнения","Неизвестная идентичность; отсутствующее полномочие; опасная среда; непроверенный источник; выход за подготовку","Периодичность, расходники, запасные части и failure signs TBD","Другой назначенный участник находит карточку и демонстрирует допустимую часть без устной помощи автора","Профиль; источник; инвентарь; измерения; acceptance log; reviewer; дата","MISSING","MISSING","DENY","Каталожный узел; процедуры и рабочие параметры ещё не созданы","0.5-draft"
"TD-SHELTER-KITCHEN","TD-SHELTER","SHELTER","PROCESS","Кухонная санитария и безопасное хранение","Иметь измеримую и проверяемую способность: кухонная санитария и безопасное хранение","S2_TRAINED_SUPERVISED","TRAINED_SUPERVISED","TD-BASE-SAFETY|TD-BASE-SITE|TD-BASE-INVENTORY","","MISSING","","До использования задать service level, единицу, объём, срок и критерий приёмки","Точный метод, прибор/reference и неопределённость TBD до исполнения","MISSING_OR_NOT_APPLICABLE","PORTUGAL_AND_SITE_REVIEW_REQUIRED","Потоки, совместимость, хранение и законный маршрут TBD до исполнения","Неизвестная идентичность; отсутствующее полномочие; опасная среда; непроверенный источник; выход за подготовку","Периодичность, расходники, запасные части и failure signs TBD","Другой назначенный участник находит карточку и демонстрирует допустимую часть без устной помощи автора","Профиль; источник; инвентарь; измерения; acceptance log; reviewer; дата","MISSING","MISSING","DENY","Каталожный узел; процедуры и рабочие параметры ещё не созданы","0.5-draft"
"TD-SHELTER-PESTS","TD-SHELTER","SHELTER","PROCESS","Вредители; точки входа и безопасный контроль","Иметь измеримую и проверяемую способность: вредители; точки входа и безопасный контроль","S2_TRAINED_SUPERVISED","TRAINED_SUPERVISED","TD-BASE-SAFETY|TD-BASE-SITE|TD-BASE-INVENTORY","","MISSING","","До использования задать service level, единицу, объём, срок и критерий приёмки","Точный метод, прибор/reference и неопределённость TBD до исполнения","MISSING_OR_NOT_APPLICABLE","PORTUGAL_AND_SITE_REVIEW_REQUIRED","Потоки, совместимость, хранение и законный маршрут TBD до исполнения","Неизвестная идентичность; отсутствующее полномочие; опасная среда; непроверенный источник; выход за подготовку","Периодичность, расходники, запасные части и failure signs TBD","Другой назначенный участник находит карточку и демонстрирует допустимую часть без устной помощи автора","Профиль; источник; инвентарь; измерения; acceptance log; reviewer; дата","MISSING","MISSING","DENY","Каталожный узел; процедуры и рабочие параметры ещё не созданы","0.5-draft"
"TD-CONSTRUCTION-SITE","TD-CONSTRUCTION","CONSTRUCTION","SITE_DATA","Обследование площадки; геология и склон","Иметь измеримую и проверяемую способность: обследование площадки; геология и склон","S3_LICENSED_PROFESSIONAL","LICENSED_ONLY","TD-BASE-SAFETY|TD-BASE-SITE|TD-BASE-INVENTORY","","MISSING","","До использования задать service level, единицу, объём, срок и критерий приёмки","Точный метод, прибор/reference и неопределённость TBD до исполнения","MISSING_OR_NOT_APPLICABLE","PORTUGAL_AND_SITE_REVIEW_REQUIRED","Потоки, совместимость, хранение и законный маршрут TBD до исполнения","Неизвестная идентичность; отсутствующее полномочие; опасная среда; непроверенный источник; выход за подготовку","Периодичность, расходники, запасные части и failure signs TBD","Другой назначенный участник находит карточку и демонстрирует допустимую часть без устной помощи автора","Профиль; источник; инвентарь; измерения; acceptance log; reviewer; дата","MISSING","MISSING","DENY","Каталожный узел; процедуры и рабочие параметры ещё не созданы","0.5-draft"
"TD-CONSTRUCTION-EARTHWORKS","TD-CONSTRUCTION","CONSTRUCTION","HAZARD_BOUNDARY","Земляные работы и устойчивость выемок","Иметь измеримую и проверяемую способность: земляные работы и устойчивость выемок","S4_REFERENCE_ONLY_PROHIBITED_HOUSEHOLD","REFERENCE_ONLY_NO_BUILD","TD-BASE-SAFETY|TD-BASE-SITE|TD-BASE-INVENTORY","","NO_BUILD_MATERIALS","","Граница распознавания и профессиональный маршрут определены; household execution отсутствует","Official professional references only","NO_BUILD_DRAWINGS","PORTUGAL_AND_SITE_REVIEW_REQUIRED","Потоки, совместимость, хранение и законный маршрут TBD до исполнения","Неизвестная идентичность; отсутствующее полномочие; опасная среда; непроверенный источник; выход за подготовку","Периодичность, расходники, запасные части и failure signs TBD","Другой назначенный участник находит карточку и демонстрирует допустимую часть без устной помощи автора","Профиль; источник; инвентарь; измерения; acceptance log; reviewer; дата","BOUNDARY_DEFINED","REFERENCE_ONLY","REFERENCE_ONLY","Каталожный узел; процедуры и рабочие параметры ещё не созданы","0.5-draft"
"TD-CONSTRUCTION-FOUNDATION","TD-CONSTRUCTION","CONSTRUCTION","HAZARD_BOUNDARY","Фундаменты","Иметь измеримую и проверяемую способность: фундаменты","S4_REFERENCE_ONLY_PROHIBITED_HOUSEHOLD","REFERENCE_ONLY_NO_BUILD","TD-BASE-SAFETY|TD-BASE-SITE|TD-BASE-INVENTORY","","NO_BUILD_MATERIALS","","Граница распознавания и профессиональный маршрут определены; household execution отсутствует","Official professional references only","NO_BUILD_DRAWINGS","PORTUGAL_AND_SITE_REVIEW_REQUIRED","Потоки, совместимость, хранение и законный маршрут TBD до исполнения","Неизвестная идентичность; отсутствующее полномочие; опасная среда; непроверенный источник; выход за подготовку","Периодичность, расходники, запасные части и failure signs TBD","Другой назначенный участник находит карточку и демонстрирует допустимую часть без устной помощи автора","Профиль; источник; инвентарь; измерения; acceptance log; reviewer; дата","BOUNDARY_DEFINED","REFERENCE_ONLY","REFERENCE_ONLY","Каталожный узел; процедуры и рабочие параметры ещё не созданы","0.5-draft"
"TD-CONSTRUCTION-FRAME","TD-CONSTRUCTION","CONSTRUCTION","HAZARD_BOUNDARY","Несущий каркас","Иметь измеримую и проверяемую способность: несущий каркас","S4_REFERENCE_ONLY_PROHIBITED_HOUSEHOLD","REFERENCE_ONLY_NO_BUILD","TD-BASE-SAFETY|TD-BASE-SITE|TD-BASE-INVENTORY","","NO_BUILD_MATERIALS","","Граница распознавания и профессиональный маршрут определены; household execution отсутствует","Official professional references only","NO_BUILD_DRAWINGS","PORTUGAL_AND_SITE_REVIEW_REQUIRED","Потоки, совместимость, хранение и законный маршрут TBD до исполнения","Неизвестная идентичность; отсутствующее полномочие; опасная среда; непроверенный источник; выход за подготовку","Периодичность, расходники, запасные части и failure signs TBD","Другой назначенный участник находит карточку и демонстрирует допустимую часть без устной помощи автора","Профиль; источник; инвентарь; измерения; acceptance log; reviewer; дата","BOUNDARY_DEFINED","REFERENCE_ONLY","REFERENCE_ONLY","Каталожный узел; процедуры и рабочие параметры ещё не созданы","0.5-draft"
"TD-CONSTRUCTION-WALLS","TD-CONSTRUCTION","CONSTRUCTION","PROCESS","Стены и ненесущие ремонтные работы","Иметь измеримую и проверяемую способность: стены и ненесущие ремонтные работы","S3_LICENSED_PROFESSIONAL","LICENSED_ONLY","TD-BASE-SAFETY|TD-BASE-SITE|TD-BASE-INVENTORY","","MISSING","","До использования задать service level, единицу, объём, срок и критерий приёмки","Точный метод, прибор/reference и неопределённость TBD до исполнения","MISSING_OR_NOT_APPLICABLE","PORTUGAL_AND_SITE_REVIEW_REQUIRED","Потоки, совместимость, хранение и законный маршрут TBD до исполнения","Неизвестная идентичность; отсутствующее полномочие; опасная среда; непроверенный источник; выход за подготовку","Периодичность, расходники, запасные части и failure signs TBD","Другой назначенный участник находит карточку и демонстрирует допустимую часть без устной помощи автора","Профиль; источник; инвентарь; измерения; acceptance log; reviewer; дата","MISSING","MISSING","DENY","Каталожный узел; процедуры и рабочие параметры ещё не созданы","0.5-draft"
"TD-CONSTRUCTION-FLOORS","TD-CONSTRUCTION","CONSTRUCTION","PROCESS","Перекрытия и полы","Иметь измеримую и проверяемую способность: перекрытия и полы","S3_LICENSED_PROFESSIONAL","LICENSED_ONLY","TD-BASE-SAFETY|TD-BASE-SITE|TD-BASE-INVENTORY","","MISSING","","До использования задать service level, единицу, объём, срок и критерий приёмки","Точный метод, прибор/reference и неопределённость TBD до исполнения","MISSING_OR_NOT_APPLICABLE","PORTUGAL_AND_SITE_REVIEW_REQUIRED","Потоки, совместимость, хранение и законный маршрут TBD до исполнения","Неизвестная идентичность; отсутствующее полномочие; опасная среда; непроверенный источник; выход за подготовку","Периодичность, расходники, запасные части и failure signs TBD","Другой назначенный участник находит карточку и демонстрирует допустимую часть без устной помощи автора","Профиль; источник; инвентарь; измерения; acceptance log; reviewer; дата","MISSING","MISSING","DENY","Каталожный узел; процедуры и рабочие параметры ещё не созданы","0.5-draft"
"TD-CONSTRUCTION-ROOF","TD-CONSTRUCTION","CONSTRUCTION","HAZARD_BOUNDARY","Крыша; высота и временная погодозащита","Иметь измеримую и проверяемую способность: крыша; высота и временная погодозащита","S4_REFERENCE_ONLY_PROHIBITED_HOUSEHOLD","REFERENCE_ONLY_NO_BUILD","TD-BASE-SAFETY|TD-BASE-SITE|TD-BASE-INVENTORY","","NO_BUILD_MATERIALS","","Граница распознавания и профессиональный маршрут определены; household execution отсутствует","Official professional references only","NO_BUILD_DRAWINGS","PORTUGAL_AND_SITE_REVIEW_REQUIRED","Потоки, совместимость, хранение и законный маршрут TBD до исполнения","Неизвестная идентичность; отсутствующее полномочие; опасная среда; непроверенный источник; выход за подготовку","Периодичность, расходники, запасные части и failure signs TBD","Другой назначенный участник находит карточку и демонстрирует допустимую часть без устной помощи автора","Профиль; источник; инвентарь; измерения; acceptance log; reviewer; дата","BOUNDARY_DEFINED","REFERENCE_ONLY","REFERENCE_ONLY","Каталожный узел; процедуры и рабочие параметры ещё не созданы","0.5-draft"
"TD-CONSTRUCTION-WEATHER","TD-CONSTRUCTION","CONSTRUCTION","PROCESS","Ветрозащита и водозащитная оболочка","Иметь измеримую и проверяемую способность: ветрозащита и водозащитная оболочка","S3_LICENSED_PROFESSIONAL","LICENSED_ONLY","TD-BASE-SAFETY|TD-BASE-SITE|TD-BASE-INVENTORY","","MISSING","","До использования задать service level, единицу, объём, срок и критерий приёмки","Точный метод, прибор/reference и неопределённость TBD до исполнения","MISSING_OR_NOT_APPLICABLE","PORTUGAL_AND_SITE_REVIEW_REQUIRED","Потоки, совместимость, хранение и законный маршрут TBD до исполнения","Неизвестная идентичность; отсутствующее полномочие; опасная среда; непроверенный источник; выход за подготовку","Периодичность, расходники, запасные части и failure signs TBD","Другой назначенный участник находит карточку и демонстрирует допустимую часть без устной помощи автора","Профиль; источник; инвентарь; измерения; acceptance log; reviewer; дата","MISSING","MISSING","DENY","Каталожный узел; процедуры и рабочие параметры ещё не созданы","0.5-draft"
"TD-CONSTRUCTION-WINDOWS","TD-CONSTRUCTION","CONSTRUCTION","PROCESS","Окна; остекление и временное закрытие","Иметь измеримую и проверяемую способность: окна; остекление и временное закрытие","S3_LICENSED_PROFESSIONAL","LICENSED_ONLY","TD-BASE-SAFETY|TD-BASE-SITE|TD-BASE-INVENTORY","","MISSING","","До использования задать service level, единицу, объём, срок и критерий приёмки","Точный метод, прибор/reference и неопределённость TBD до исполнения","MISSING_OR_NOT_APPLICABLE","PORTUGAL_AND_SITE_REVIEW_REQUIRED","Потоки, совместимость, хранение и законный маршрут TBD до исполнения","Неизвестная идентичность; отсутствующее полномочие; опасная среда; непроверенный источник; выход за подготовку","Периодичность, расходники, запасные части и failure signs TBD","Другой назначенный участник находит карточку и демонстрирует допустимую часть без устной помощи автора","Профиль; источник; инвентарь; измерения; acceptance log; reviewer; дата","MISSING","MISSING","DENY","Каталожный узел; процедуры и рабочие параметры ещё не созданы","0.5-draft"
"TD-CONSTRUCTION-DOORS","TD-CONSTRUCTION","CONSTRUCTION","PROCESS","Двери; выход и доступность","Иметь измеримую и проверяемую способность: двери; выход и доступность","S3_LICENSED_PROFESSIONAL","LICENSED_ONLY","TD-BASE-SAFETY|TD-BASE-SITE|TD-BASE-INVENTORY","","MISSING","","До использования задать service level, единицу, объём, срок и критерий приёмки","Точный метод, прибор/reference и неопределённость TBD до исполнения","MISSING_OR_NOT_APPLICABLE","PORTUGAL_AND_SITE_REVIEW_REQUIRED","Потоки, совместимость, хранение и законный маршрут TBD до исполнения","Неизвестная идентичность; отсутствующее полномочие; опасная среда; непроверенный источник; выход за подготовку","Периодичность, расходники, запасные части и failure signs TBD","Другой назначенный участник находит карточку и демонстрирует допустимую часть без устной помощи автора","Профиль; источник; инвентарь; измерения; acceptance log; reviewer; дата","MISSING","MISSING","DENY","Каталожный узел; процедуры и рабочие параметры ещё не созданы","0.5-draft"
"TD-CONSTRUCTION-INSULATION","TD-CONSTRUCTION","CONSTRUCTION","PROCESS","Теплоизоляция и безопасные материалы","Иметь измеримую и проверяемую способность: теплоизоляция и безопасные материалы","S3_LICENSED_PROFESSIONAL","LICENSED_ONLY","TD-BASE-SAFETY|TD-BASE-SITE|TD-BASE-INVENTORY","","MISSING","","До использования задать service level, единицу, объём, срок и критерий приёмки","Точный метод, прибор/reference и неопределённость TBD до исполнения","MISSING_OR_NOT_APPLICABLE","PORTUGAL_AND_SITE_REVIEW_REQUIRED","Потоки, совместимость, хранение и законный маршрут TBD до исполнения","Неизвестная идентичность; отсутствующее полномочие; опасная среда; непроверенный источник; выход за подготовку","Периодичность, расходники, запасные части и failure signs TBD","Другой назначенный участник находит карточку и демонстрирует допустимую часть без устной помощи автора","Профиль; источник; инвентарь; измерения; acceptance log; reviewer; дата","MISSING","MISSING","DENY","Каталожный узел; процедуры и рабочие параметры ещё не созданы","0.5-draft"
"TD-CONSTRUCTION-MOISTURE","TD-CONSTRUCTION","CONSTRUCTION","PROCESS","Влага; плесень и контроль источника","Иметь измеримую и проверяемую способность: влага; плесень и контроль источника","S3_LICENSED_PROFESSIONAL","LICENSED_ONLY","TD-BASE-SAFETY|TD-BASE-SITE|TD-BASE-INVENTORY","","MISSING","","До использования задать service level, единицу, объём, срок и критерий приёмки","Точный метод, прибор/reference и неопределённость TBD до исполнения","MISSING_OR_NOT_APPLICABLE","PORTUGAL_AND_SITE_REVIEW_REQUIRED","Потоки, совместимость, хранение и законный маршрут TBD до исполнения","Неизвестная идентичность; отсутствующее полномочие; опасная среда; непроверенный источник; выход за подготовку","Периодичность, расходники, запасные части и failure signs TBD","Другой назначенный участник находит карточку и демонстрирует допустимую часть без устной помощи автора","Профиль; источник; инвентарь; измерения; acceptance log; reviewer; дата","MISSING","MISSING","DENY","Каталожный узел; процедуры и рабочие параметры ещё не созданы","0.5-draft"
"TD-CONSTRUCTION-PLUMBING","TD-CONSTRUCTION","CONSTRUCTION","PROCESS","Сантехника; давление и обратный поток","Иметь измеримую и проверяемую способность: сантехника; давление и обратный поток","S3_LICENSED_PROFESSIONAL","LICENSED_ONLY","TD-BASE-SAFETY|TD-BASE-SITE|TD-BASE-INVENTORY","","MISSING","","До использования задать service level, единицу, объём, срок и критерий приёмки","Точный метод, прибор/reference и неопределённость TBD до исполнения","MISSING_OR_NOT_APPLICABLE","PORTUGAL_AND_SITE_REVIEW_REQUIRED","Потоки, совместимость, хранение и законный маршрут TBD до исполнения","Неизвестная идентичность; отсутствующее полномочие; опасная среда; непроверенный источник; выход за подготовку","Периодичность, расходники, запасные части и failure signs TBD","Другой назначенный участник находит карточку и демонстрирует допустимую часть без устной помощи автора","Профиль; источник; инвентарь; измерения; acceptance log; reviewer; дата","MISSING","MISSING","DENY","Каталожный узел; процедуры и рабочие параметры ещё не созданы","0.5-draft"
"TD-CONSTRUCTION-SANITATION","TD-CONSTRUCTION","CONSTRUCTION","HAZARD_BOUNDARY","Канализация; septic и санитарные разрывы","Иметь измеримую и проверяемую способность: канализация; septic и санитарные разрывы","S4_REFERENCE_ONLY_PROHIBITED_HOUSEHOLD","REFERENCE_ONLY_NO_BUILD","TD-BASE-SAFETY|TD-BASE-SITE|TD-BASE-INVENTORY","","NO_BUILD_MATERIALS","","Граница распознавания и профессиональный маршрут определены; household execution отсутствует","Official professional references only","NO_BUILD_DRAWINGS","PORTUGAL_AND_SITE_REVIEW_REQUIRED","Потоки, совместимость, хранение и законный маршрут TBD до исполнения","Неизвестная идентичность; отсутствующее полномочие; опасная среда; непроверенный источник; выход за подготовку","Периодичность, расходники, запасные части и failure signs TBD","Другой назначенный участник находит карточку и демонстрирует допустимую часть без устной помощи автора","Профиль; источник; инвентарь; измерения; acceptance log; reviewer; дата","BOUNDARY_DEFINED","REFERENCE_ONLY","REFERENCE_ONLY","Каталожный узел; процедуры и рабочие параметры ещё не созданы","0.5-draft"
"TD-CONSTRUCTION-ELECTRICAL","TD-CONSTRUCTION","CONSTRUCTION","HAZARD_BOUNDARY","Стационарная электрика 230 V","Иметь измеримую и проверяемую способность: стационарная электрика 230 v","S4_REFERENCE_ONLY_PROHIBITED_HOUSEHOLD","REFERENCE_ONLY_NO_BUILD","TD-BASE-SAFETY|TD-BASE-SITE|TD-BASE-INVENTORY","","NO_BUILD_MATERIALS","","Граница распознавания и профессиональный маршрут определены; household execution отсутствует","Official professional references only","NO_BUILD_DRAWINGS","PORTUGAL_AND_SITE_REVIEW_REQUIRED","Потоки, совместимость, хранение и законный маршрут TBD до исполнения","Неизвестная идентичность; отсутствующее полномочие; опасная среда; непроверенный источник; выход за подготовку","Периодичность, расходники, запасные части и failure signs TBD","Другой назначенный участник находит карточку и демонстрирует допустимую часть без устной помощи автора","Профиль; источник; инвентарь; измерения; acceptance log; reviewer; дата","BOUNDARY_DEFINED","REFERENCE_ONLY","REFERENCE_ONLY","Каталожный узел; процедуры и рабочие параметры ещё не созданы","0.5-draft"
"TD-CONSTRUCTION-VENTILATION","TD-CONSTRUCTION","CONSTRUCTION","PROCESS","Расчёт и обслуживание вентиляции","Иметь измеримую и проверяемую способность: расчёт и обслуживание вентиляции","S3_LICENSED_PROFESSIONAL","LICENSED_ONLY","TD-BASE-SAFETY|TD-BASE-SITE|TD-BASE-INVENTORY","","MISSING","","До использования задать service level, единицу, объём, срок и критерий приёмки","Точный метод, прибор/reference и неопределённость TBD до исполнения","MISSING_OR_NOT_APPLICABLE","PORTUGAL_AND_SITE_REVIEW_REQUIRED","Потоки, совместимость, хранение и законный маршрут TBD до исполнения","Неизвестная идентичность; отсутствующее полномочие; опасная среда; непроверенный источник; выход за подготовку","Периодичность, расходники, запасные части и failure signs TBD","Другой назначенный участник находит карточку и демонстрирует допустимую часть без устной помощи автора","Профиль; источник; инвентарь; измерения; acceptance log; reviewer; дата","MISSING","MISSING","DENY","Каталожный узел; процедуры и рабочие параметры ещё не созданы","0.5-draft"
"TD-CONSTRUCTION-HVAC","TD-CONSTRUCTION","CONSTRUCTION","PROCESS","Отопление и охлаждение здания","Иметь измеримую и проверяемую способность: отопление и охлаждение здания","S3_LICENSED_PROFESSIONAL","LICENSED_ONLY","TD-BASE-SAFETY|TD-BASE-SITE|TD-BASE-INVENTORY","","MISSING","","До использования задать service level, единицу, объём, срок и критерий приёмки","Точный метод, прибор/reference и неопределённость TBD до исполнения","MISSING_OR_NOT_APPLICABLE","PORTUGAL_AND_SITE_REVIEW_REQUIRED","Потоки, совместимость, хранение и законный маршрут TBD до исполнения","Неизвестная идентичность; отсутствующее полномочие; опасная среда; непроверенный источник; выход за подготовку","Периодичность, расходники, запасные части и failure signs TBD","Другой назначенный участник находит карточку и демонстрирует допустимую часть без устной помощи автора","Профиль; источник; инвентарь; измерения; acceptance log; reviewer; дата","MISSING","MISSING","DENY","Каталожный узел; процедуры и рабочие параметры ещё не созданы","0.5-draft"
"TD-CONSTRUCTION-FIRE","TD-CONSTRUCTION","CONSTRUCTION","HAZARD_BOUNDARY","Пожарные преграды и безопасная эвакуация","Иметь измеримую и проверяемую способность: пожарные преграды и безопасная эвакуация","S4_REFERENCE_ONLY_PROHIBITED_HOUSEHOLD","REFERENCE_ONLY_NO_BUILD","TD-BASE-SAFETY|TD-BASE-SITE|TD-BASE-INVENTORY","","NO_BUILD_MATERIALS","","Граница распознавания и профессиональный маршрут определены; household execution отсутствует","Official professional references only","NO_BUILD_DRAWINGS","PORTUGAL_AND_SITE_REVIEW_REQUIRED","Потоки, совместимость, хранение и законный маршрут TBD до исполнения","Неизвестная идентичность; отсутствующее полномочие; опасная среда; непроверенный источник; выход за подготовку","Периодичность, расходники, запасные части и failure signs TBD","Другой назначенный участник находит карточку и демонстрирует допустимую часть без устной помощи автора","Профиль; источник; инвентарь; измерения; acceptance log; reviewer; дата","BOUNDARY_DEFINED","REFERENCE_ONLY","REFERENCE_ONLY","Каталожный узел; процедуры и рабочие параметры ещё не созданы","0.5-draft"
"TD-CONSTRUCTION-SEISMIC","TD-CONSTRUCTION","CONSTRUCTION","HAZARD_BOUNDARY","Сейсмическая оценка","Иметь измеримую и проверяемую способность: сейсмическая оценка","S4_REFERENCE_ONLY_PROHIBITED_HOUSEHOLD","REFERENCE_ONLY_NO_BUILD","TD-BASE-SAFETY|TD-BASE-SITE|TD-BASE-INVENTORY","","NO_BUILD_MATERIALS","","Граница распознавания и профессиональный маршрут определены; household execution отсутствует","Official professional references only","NO_BUILD_DRAWINGS","PORTUGAL_AND_SITE_REVIEW_REQUIRED","Потоки, совместимость, хранение и законный маршрут TBD до исполнения","Неизвестная идентичность; отсутствующее полномочие; опасная среда; непроверенный источник; выход за подготовку","Периодичность, расходники, запасные части и failure signs TBD","Другой назначенный участник находит карточку и демонстрирует допустимую часть без устной помощи автора","Профиль; источник; инвентарь; измерения; acceptance log; reviewer; дата","BOUNDARY_DEFINED","REFERENCE_ONLY","REFERENCE_ONLY","Каталожный узел; процедуры и рабочие параметры ещё не созданы","0.5-draft"
"TD-CONSTRUCTION-WIND","TD-CONSTRUCTION","CONSTRUCTION","HAZARD_BOUNDARY","Ветровая устойчивость","Иметь измеримую и проверяемую способность: ветровая устойчивость","S4_REFERENCE_ONLY_PROHIBITED_HOUSEHOLD","REFERENCE_ONLY_NO_BUILD","TD-BASE-SAFETY|TD-BASE-SITE|TD-BASE-INVENTORY","","NO_BUILD_MATERIALS","","Граница распознавания и профессиональный маршрут определены; household execution отсутствует","Official professional references only","NO_BUILD_DRAWINGS","PORTUGAL_AND_SITE_REVIEW_REQUIRED","Потоки, совместимость, хранение и законный маршрут TBD до исполнения","Неизвестная идентичность; отсутствующее полномочие; опасная среда; непроверенный источник; выход за подготовку","Периодичность, расходники, запасные части и failure signs TBD","Другой назначенный участник находит карточку и демонстрирует допустимую часть без устной помощи автора","Профиль; источник; инвентарь; измерения; acceptance log; reviewer; дата","BOUNDARY_DEFINED","REFERENCE_ONLY","REFERENCE_ONLY","Каталожный узел; процедуры и рабочие параметры ещё не созданы","0.5-draft"
"TD-CONSTRUCTION-FLOOD","TD-CONSTRUCTION","CONSTRUCTION","SITE_DATA","Наводнение; отметки и водоустойчивость","Иметь измеримую и проверяемую способность: наводнение; отметки и водоустойчивость","S3_LICENSED_PROFESSIONAL","LICENSED_ONLY","TD-BASE-SAFETY|TD-BASE-SITE|TD-BASE-INVENTORY","","MISSING","","До использования задать service level, единицу, объём, срок и критерий приёмки","Точный метод, прибор/reference и неопределённость TBD до исполнения","MISSING_OR_NOT_APPLICABLE","PORTUGAL_AND_SITE_REVIEW_REQUIRED","Потоки, совместимость, хранение и законный маршрут TBD до исполнения","Неизвестная идентичность; отсутствующее полномочие; опасная среда; непроверенный источник; выход за подготовку","Периодичность, расходники, запасные части и failure signs TBD","Другой назначенный участник находит карточку и демонстрирует допустимую часть без устной помощи автора","Профиль; источник; инвентарь; измерения; acceptance log; reviewer; дата","MISSING","MISSING","DENY","Каталожный узел; процедуры и рабочие параметры ещё не созданы","0.5-draft"
"TD-CONSTRUCTION-WILDFIRE","TD-CONSTRUCTION","CONSTRUCTION","PROCESS","Wildfire interface и defensible space","Иметь измеримую и проверяемую способность: wildfire interface и defensible space","S3_LICENSED_PROFESSIONAL","LICENSED_ONLY","TD-BASE-SAFETY|TD-BASE-SITE|TD-BASE-INVENTORY","","MISSING","","До использования задать service level, единицу, объём, срок и критерий приёмки","Точный метод, прибор/reference и неопределённость TBD до исполнения","MISSING_OR_NOT_APPLICABLE","PORTUGAL_AND_SITE_REVIEW_REQUIRED","Потоки, совместимость, хранение и законный маршрут TBD до исполнения","Неизвестная идентичность; отсутствующее полномочие; опасная среда; непроверенный источник; выход за подготовку","Периодичность, расходники, запасные части и failure signs TBD","Другой назначенный участник находит карточку и демонстрирует допустимую часть без устной помощи автора","Профиль; источник; инвентарь; измерения; acceptance log; reviewer; дата","MISSING","MISSING","DENY","Каталожный узел; процедуры и рабочие параметры ещё не созданы","0.5-draft"
"TD-CONSTRUCTION-ACCESS","TD-CONSTRUCTION","CONSTRUCTION","DRAWING","Доступность и универсальный дизайн","Иметь измеримую и проверяемую способность: доступность и универсальный дизайн","S3_LICENSED_PROFESSIONAL","LICENSED_ONLY","TD-BASE-SAFETY|TD-BASE-SITE|TD-BASE-INVENTORY","","MISSING","","До использования задать service level, единицу, объём, срок и критерий приёмки","Точный метод, прибор/reference и неопределённость TBD до исполнения","MISSING_OR_NOT_APPLICABLE","PORTUGAL_AND_SITE_REVIEW_REQUIRED","Потоки, совместимость, хранение и законный маршрут TBD до исполнения","Неизвестная идентичность; отсутствующее полномочие; опасная среда; непроверенный источник; выход за подготовку","Периодичность, расходники, запасные части и failure signs TBD","Другой назначенный участник находит карточку и демонстрирует допустимую часть без устной помощи автора","Профиль; источник; инвентарь; измерения; acceptance log; reviewer; дата","MISSING","MISSING","DENY","Каталожный узел; процедуры и рабочие параметры ещё не созданы","0.5-draft"
"TD-CONSTRUCTION-TEMP","TD-CONSTRUCTION","CONSTRUCTION","PROCESS","Временные сооружения и пределы нагрузки","Иметь измеримую и проверяемую способность: временные сооружения и пределы нагрузки","S3_LICENSED_PROFESSIONAL","LICENSED_ONLY","TD-BASE-SAFETY|TD-BASE-SITE|TD-BASE-INVENTORY","","MISSING","","До использования задать service level, единицу, объём, срок и критерий приёмки","Точный метод, прибор/reference и неопределённость TBD до исполнения","MISSING_OR_NOT_APPLICABLE","PORTUGAL_AND_SITE_REVIEW_REQUIRED","Потоки, совместимость, хранение и законный маршрут TBD до исполнения","Неизвестная идентичность; отсутствующее полномочие; опасная среда; непроверенный источник; выход за подготовку","Периодичность, расходники, запасные части и failure signs TBD","Другой назначенный участник находит карточку и демонстрирует допустимую часть без устной помощи автора","Профиль; источник; инвентарь; измерения; acceptance log; reviewer; дата","MISSING","MISSING","DENY","Каталожный узел; процедуры и рабочие параметры ещё не созданы","0.5-draft"
"TD-CONSTRUCTION-PERMITS","TD-CONSTRUCTION","CONSTRUCTION","GOVERNANCE","Разрешения; PDM и профессиональные подписи","Иметь измеримую и проверяемую способность: разрешения; pdm и профессиональные подписи","S0_OBSERVE_READ","HOUSEHOLD_S0","TD-BASE-SAFETY|TD-BASE-SITE|TD-BASE-INVENTORY","","MISSING","","До использования задать service level, единицу, объём, срок и критерий приёмки","Точный метод, прибор/reference и неопределённость TBD до исполнения","MISSING_OR_NOT_APPLICABLE","PORTUGAL_AND_SITE_REVIEW_REQUIRED","Потоки, совместимость, хранение и законный маршрут TBD до исполнения","Неизвестная идентичность; отсутствующее полномочие; опасная среда; непроверенный источник; выход за подготовку","Периодичность, расходники, запасные части и failure signs TBD","Другой назначенный участник находит карточку и демонстрирует допустимую часть без устной помощи автора","Профиль; источник; инвентарь; измерения; acceptance log; reviewer; дата","MISSING","MISSING","DENY","Каталожный узел; процедуры и рабочие параметры ещё не созданы","0.5-draft"
"TD-CONSTRUCTION-INSPECTION","TD-CONSTRUCTION","CONSTRUCTION","TEST","Инспекция; дефекты и запрет эксплуатации","Иметь измеримую и проверяемую способность: инспекция; дефекты и запрет эксплуатации","S3_LICENSED_PROFESSIONAL","LICENSED_ONLY","TD-BASE-SAFETY|TD-BASE-SITE|TD-BASE-INVENTORY","","MISSING","","До использования задать service level, единицу, объём, срок и критерий приёмки","Точный метод, прибор/reference и неопределённость TBD до исполнения","MISSING_OR_NOT_APPLICABLE","PORTUGAL_AND_SITE_REVIEW_REQUIRED","Потоки, совместимость, хранение и законный маршрут TBD до исполнения","Неизвестная идентичность; отсутствующее полномочие; опасная среда; непроверенный источник; выход за подготовку","Периодичность, расходники, запасные части и failure signs TBD","Другой назначенный участник находит карточку и демонстрирует допустимую часть без устной помощи автора","Профиль; источник; инвентарь; измерения; acceptance log; reviewer; дата","MISSING","MISSING","DENY","Каталожный узел; процедуры и рабочие параметры ещё не созданы","0.5-draft"
"TD-CONSTRUCTION-AS-BUILT","TD-CONSTRUCTION","CONSTRUCTION","DRAWING","As-built чертежи; скрытые сети и ревизии","Иметь измеримую и проверяемую способность: as-built чертежи; скрытые сети и ревизии","S2_TRAINED_SUPERVISED","TRAINED_SUPERVISED","TD-BASE-SAFETY|TD-BASE-SITE|TD-BASE-INVENTORY","","MISSING","","До использования задать service level, единицу, объём, срок и критерий приёмки","Точный метод, прибор/reference и неопределённость TBD до исполнения","MISSING_OR_NOT_APPLICABLE","PORTUGAL_AND_SITE_REVIEW_REQUIRED","Потоки, совместимость, хранение и законный маршрут TBD до исполнения","Неизвестная идентичность; отсутствующее полномочие; опасная среда; непроверенный источник; выход за подготовку","Периодичность, расходники, запасные части и failure signs TBD","Другой назначенный участник находит карточку и демонстрирует допустимую часть без устной помощи автора","Профиль; источник; инвентарь; измерения; acceptance log; reviewer; дата","MISSING","MISSING","DENY","Каталожный узел; процедуры и рабочие параметры ещё не созданы","0.5-draft"
"TD-CONSTRUCTION","TD-ROOT","CONSTRUCTION","OUTCOME","Строительство; обследование и as-built обслуживание","Иметь измеримую и проверяемую способность: строительство; обследование и as-built обслуживание","S3_LICENSED_PROFESSIONAL","LICENSED_ONLY","TD-BASE|TD-CONSTRUCTION-SITE|TD-CONSTRUCTION-EARTHWORKS|TD-CONSTRUCTION-FOUNDATION|TD-CONSTRUCTION-FRAME|TD-CONSTRUCTION-WALLS|TD-CONSTRUCTION-FLOORS|TD-CONSTRUCTION-ROOF|TD-CONSTRUCTION-WEATHER|TD-CONSTRUCTION-WINDOWS|TD-CONSTRUCTION-DOORS|TD-CONSTRUCTION-INSULATION|TD-CONSTRUCTION-MOISTURE|TD-CONSTRUCTION-PLUMBING|TD-CONSTRUCTION-SANITATION|TD-CONSTRUCTION-ELECTRICAL|TD-CONSTRUCTION-VENTILATION|TD-CONSTRUCTION-HVAC|TD-CONSTRUCTION-FIRE|TD-CONSTRUCTION-SEISMIC|TD-CONSTRUCTION-WIND|TD-CONSTRUCTION-FLOOD|TD-CONSTRUCTION-WILDFIRE|TD-CONSTRUCTION-ACCESS|TD-CONSTRUCTION-TEMP|TD-CONSTRUCTION-PERMITS|TD-CONSTRUCTION-INSPECTION|TD-CONSTRUCTION-AS-BUILT","","MISSING","","До использования задать service level, единицу, объём, срок и критерий приёмки","Точный метод, прибор/reference и неопределённость TBD до исполнения","MISSING_OR_NOT_APPLICABLE","PORTUGAL_AND_SITE_REVIEW_REQUIRED","Потоки, совместимость, хранение и законный маршрут TBD до исполнения","Неизвестная идентичность; отсутствующее полномочие; опасная среда; непроверенный источник; выход за подготовку","Периодичность, расходники, запасные части и failure signs TBD","Другой назначенный участник находит карточку и демонстрирует допустимую часть без устной помощи автора","Профиль; источник; инвентарь; измерения; acceptance log; reviewer; дата","MISSING","MISSING","DENY","Агрегат: обязательность дочерних узлов определяется technology-dependency-edges.csv","0.5-draft"
"TD-ENERGY-LIGHT","TD-ENERGY","ENERGY","OUTCOME","Критическое освещение","Иметь измеримую и проверяемую способность: критическое освещение","S1_LOW_RISK_HOUSEHOLD","HOUSEHOLD_S1_AFTER_GATE","TD-BASE-SAFETY|TD-BASE-SITE|TD-BASE-INVENTORY","","MISSING","","До использования задать service level, единицу, объём, срок и критерий приёмки","Точный метод, прибор/reference и неопределённость TBD до исполнения","MISSING_OR_NOT_APPLICABLE","PORTUGAL_AND_SITE_REVIEW_REQUIRED","Потоки, совместимость, хранение и законный маршрут TBD до исполнения","Неизвестная идентичность; отсутствующее полномочие; опасная среда; непроверенный источник; выход за подготовку","Периодичность, расходники, запасные части и failure signs TBD","Другой назначенный участник находит карточку и демонстрирует допустимую часть без устной помощи автора","Профиль; источник; инвентарь; измерения; acceptance log; reviewer; дата","MISSING","MISSING","DENY","Каталожный узел; процедуры и рабочие параметры ещё не созданы","0.5-draft"
"TD-ENERGY-COMMS","TD-ENERGY","ENERGY","OUTCOME","Заряд и питание связи","Иметь измеримую и проверяемую способность: заряд и питание связи","S1_LOW_RISK_HOUSEHOLD","HOUSEHOLD_S1_AFTER_GATE","TD-BASE-SAFETY|TD-BASE-SITE|TD-BASE-INVENTORY","","MISSING","","До использования задать service level, единицу, объём, срок и критерий приёмки","Точный метод, прибор/reference и неопределённость TBD до исполнения","MISSING_OR_NOT_APPLICABLE","PORTUGAL_AND_SITE_REVIEW_REQUIRED","Потоки, совместимость, хранение и законный маршрут TBD до исполнения","Неизвестная идентичность; отсутствующее полномочие; опасная среда; непроверенный источник; выход за подготовку","Периодичность, расходники, запасные части и failure signs TBD","Другой назначенный участник находит карточку и демонстрирует допустимую часть без устной помощи автора","Профиль; источник; инвентарь; измерения; acceptance log; reviewer; дата","MISSING","MISSING","DENY","Каталожный узел; процедуры и рабочие параметры ещё не созданы","0.5-draft"
"TD-ENERGY-MEDICAL","TD-ENERGY","ENERGY","OUTCOME","Питание медицинских устройств","Иметь измеримую и проверяемую способность: питание медицинских устройств","S2_TRAINED_SUPERVISED","TRAINED_SUPERVISED","TD-BASE-SAFETY|TD-BASE-SITE|TD-BASE-INVENTORY","","MISSING","","До использования задать service level, единицу, объём, срок и критерий приёмки","Точный метод, прибор/reference и неопределённость TBD до исполнения","MISSING_OR_NOT_APPLICABLE","PORTUGAL_AND_SITE_REVIEW_REQUIRED","Потоки, совместимость, хранение и законный маршрут TBD до исполнения","Неизвестная идентичность; отсутствующее полномочие; опасная среда; непроверенный источник; выход за подготовку","Периодичность, расходники, запасные части и failure signs TBD","Другой назначенный участник находит карточку и демонстрирует допустимую часть без устной помощи автора","Профиль; источник; инвентарь; измерения; acceptance log; reviewer; дата","MISSING","MISSING","DENY","Каталожный узел; процедуры и рабочие параметры ещё не созданы","0.5-draft"
"TD-ENERGY-COLD-CHAIN","TD-ENERGY","ENERGY","OUTCOME","Энергия для холодовой цепи","Иметь измеримую и проверяемую способность: энергия для холодовой цепи","S2_TRAINED_SUPERVISED","TRAINED_SUPERVISED","TD-BASE-SAFETY|TD-BASE-SITE|TD-BASE-INVENTORY","","MISSING","","До использования задать service level, единицу, объём, срок и критерий приёмки","Точный метод, прибор/reference и неопределённость TBD до исполнения","MISSING_OR_NOT_APPLICABLE","PORTUGAL_AND_SITE_REVIEW_REQUIRED","Потоки, совместимость, хранение и законный маршрут TBD до исполнения","Неизвестная идентичность; отсутствующее полномочие; опасная среда; непроверенный источник; выход за подготовку","Периодичность, расходники, запасные части и failure signs TBD","Другой назначенный участник находит карточку и демонстрирует допустимую часть без устной помощи автора","Профиль; источник; инвентарь; измерения; acceptance log; reviewer; дата","MISSING","MISSING","DENY","Каталожный узел; процедуры и рабочие параметры ещё не созданы","0.5-draft"
"TD-ENERGY-LOAD-SHED","TD-ENERGY","ENERGY","GOVERNANCE","Приоритетное отключение нагрузок","Иметь измеримую и проверяемую способность: приоритетное отключение нагрузок","S2_TRAINED_SUPERVISED","TRAINED_SUPERVISED","TD-BASE-SAFETY|TD-BASE-SITE|TD-BASE-INVENTORY","","MISSING","","До использования задать service level, единицу, объём, срок и критерий приёмки","Точный метод, прибор/reference и неопределённость TBD до исполнения","MISSING_OR_NOT_APPLICABLE","PORTUGAL_AND_SITE_REVIEW_REQUIRED","Потоки, совместимость, хранение и законный маршрут TBD до исполнения","Неизвестная идентичность; отсутствующее полномочие; опасная среда; непроверенный источник; выход за подготовку","Периодичность, расходники, запасные части и failure signs TBD","Другой назначенный участник находит карточку и демонстрирует допустимую часть без устной помощи автора","Профиль; источник; инвентарь; измерения; acceptance log; reviewer; дата","MISSING","MISSING","DENY","Каталожный узел; процедуры и рабочие параметры ещё не созданы","0.5-draft"
"TD-ENERGY-FLASHLIGHT","TD-ENERGY","ENERGY","MATERIAL","Автономные фонари и запас питания","Иметь измеримую и проверяемую способность: автономные фонари и запас питания","S1_LOW_RISK_HOUSEHOLD","HOUSEHOLD_S1_AFTER_GATE","TD-BASE-SAFETY|TD-BASE-SITE|TD-BASE-INVENTORY","","MISSING","","До использования задать service level, единицу, объём, срок и критерий приёмки","Точный метод, прибор/reference и неопределённость TBD до исполнения","MISSING_OR_NOT_APPLICABLE","PORTUGAL_AND_SITE_REVIEW_REQUIRED","Потоки, совместимость, хранение и законный маршрут TBD до исполнения","Неизвестная идентичность; отсутствующее полномочие; опасная среда; непроверенный источник; выход за подготовку","Периодичность, расходники, запасные части и failure signs TBD","Другой назначенный участник находит карточку и демонстрирует допустимую часть без устной помощи автора","Профиль; источник; инвентарь; измерения; acceptance log; reviewer; дата","MISSING","MISSING","DENY","Каталожный узел; процедуры и рабочие параметры ещё не созданы","0.5-draft"
"TD-ENERGY-BATTERY-STANDARD","TD-ENERGY","ENERGY","MATERIAL","Стандартные батарейные платформы","Иметь измеримую и проверяемую способность: стандартные батарейные платформы","S2_TRAINED_SUPERVISED","TRAINED_SUPERVISED","TD-BASE-SAFETY|TD-BASE-SITE|TD-BASE-INVENTORY","","MISSING","","До использования задать service level, единицу, объём, срок и критерий приёмки","Точный метод, прибор/reference и неопределённость TBD до исполнения","MISSING_OR_NOT_APPLICABLE","PORTUGAL_AND_SITE_REVIEW_REQUIRED","Потоки, совместимость, хранение и законный маршрут TBD до исполнения","Неизвестная идентичность; отсутствующее полномочие; опасная среда; непроверенный источник; выход за подготовку","Периодичность, расходники, запасные части и failure signs TBD","Другой назначенный участник находит карточку и демонстрирует допустимую часть без устной помощи автора","Профиль; источник; инвентарь; измерения; acceptance log; reviewer; дата","MISSING","MISSING","DENY","Каталожный узел; процедуры и рабочие параметры ещё не созданы","0.5-draft"
"TD-ENERGY-POWERBANK","TD-ENERGY","ENERGY","MATERIAL","Сертифицированные power banks","Иметь измеримую и проверяемую способность: сертифицированные power banks","S2_TRAINED_SUPERVISED","TRAINED_SUPERVISED","TD-BASE-SAFETY|TD-BASE-SITE|TD-BASE-INVENTORY","","MISSING","","До использования задать service level, единицу, объём, срок и критерий приёмки","Точный метод, прибор/reference и неопределённость TBD до исполнения","MISSING_OR_NOT_APPLICABLE","PORTUGAL_AND_SITE_REVIEW_REQUIRED","Потоки, совместимость, хранение и законный маршрут TBD до исполнения","Неизвестная идентичность; отсутствующее полномочие; опасная среда; непроверенный источник; выход за подготовку","Периодичность, расходники, запасные части и failure signs TBD","Другой назначенный участник находит карточку и демонстрирует допустимую часть без устной помощи автора","Профиль; источник; инвентарь; измерения; acceptance log; reviewer; дата","MISSING","MISSING","DENY","Каталожный узел; процедуры и рабочие параметры ещё не созданы","0.5-draft"
"TD-ENERGY-SOURCE","TD-ENERGY","ENERGY","MATERIAL","Сертифицированный автономный источник","Иметь измеримую и проверяемую способность: сертифицированный автономный источник","S2_TRAINED_SUPERVISED","TRAINED_SUPERVISED","TD-BASE-SAFETY|TD-BASE-SITE|TD-BASE-INVENTORY","","MISSING","","До использования задать service level, единицу, объём, срок и критерий приёмки","Точный метод, прибор/reference и неопределённость TBD до исполнения","MISSING_OR_NOT_APPLICABLE","PORTUGAL_AND_SITE_REVIEW_REQUIRED","Потоки, совместимость, хранение и законный маршрут TBD до исполнения","Неизвестная идентичность; отсутствующее полномочие; опасная среда; непроверенный источник; выход за подготовку","Периодичность, расходники, запасные части и failure signs TBD","Другой назначенный участник находит карточку и демонстрирует допустимую часть без устной помощи автора","Профиль; источник; инвентарь; измерения; acceptance log; reviewer; дата","MISSING","MISSING","DENY","Каталожный узел; процедуры и рабочие параметры ещё не созданы","0.5-draft"
"TD-ENERGY-CHARGE","TD-ENERGY","ENERGY","PROCESS","Безопасная зарядка; кабели и совместимость","Иметь измеримую и проверяемую способность: безопасная зарядка; кабели и совместимость","S2_TRAINED_SUPERVISED","TRAINED_SUPERVISED","TD-BASE-SAFETY|TD-BASE-SITE|TD-BASE-INVENTORY","","MISSING","","До использования задать service level, единицу, объём, срок и критерий приёмки","Точный метод, прибор/reference и неопределённость TBD до исполнения","MISSING_OR_NOT_APPLICABLE","PORTUGAL_AND_SITE_REVIEW_REQUIRED","Потоки, совместимость, хранение и законный маршрут TBD до исполнения","Неизвестная идентичность; отсутствующее полномочие; опасная среда; непроверенный источник; выход за подготовку","Периодичность, расходники, запасные части и failure signs TBD","Другой назначенный участник находит карточку и демонстрирует допустимую часть без устной помощи автора","Профиль; источник; инвентарь; измерения; acceptance log; reviewer; дата","MISSING","MISSING","DENY","Каталожный узел; процедуры и рабочие параметры ещё не созданы","0.5-draft"
"TD-ENERGY-FAILURE","TD-ENERGY","ENERGY","TEST","Отказ; изоляция и восстановление критических нагрузок","Иметь измеримую и проверяемую способность: отказ; изоляция и восстановление критических нагрузок","S2_TRAINED_SUPERVISED","TRAINED_SUPERVISED","TD-BASE-SAFETY|TD-BASE-SITE|TD-BASE-INVENTORY","","MISSING","","До использования задать service level, единицу, объём, срок и критерий приёмки","Точный метод, прибор/reference и неопределённость TBD до исполнения","MISSING_OR_NOT_APPLICABLE","PORTUGAL_AND_SITE_REVIEW_REQUIRED","Потоки, совместимость, хранение и законный маршрут TBD до исполнения","Неизвестная идентичность; отсутствующее полномочие; опасная среда; непроверенный источник; выход за подготовку","Периодичность, расходники, запасные части и failure signs TBD","Другой назначенный участник находит карточку и демонстрирует допустимую часть без устной помощи автора","Профиль; источник; инвентарь; измерения; acceptance log; reviewer; дата","MISSING","MISSING","DENY","Каталожный узел; процедуры и рабочие параметры ещё не созданы","0.5-draft"
"TD-ENERGY-SPARES","TD-ENERGY","ENERGY","MAINTENANCE","Предохранители; кабели; адаптеры и запасные части","Иметь измеримую и проверяемую способность: предохранители; кабели; адаптеры и запасные части","S2_TRAINED_SUPERVISED","TRAINED_SUPERVISED","TD-BASE-SAFETY|TD-BASE-SITE|TD-BASE-INVENTORY","","MISSING","","До использования задать service level, единицу, объём, срок и критерий приёмки","Точный метод, прибор/reference и неопределённость TBD до исполнения","MISSING_OR_NOT_APPLICABLE","PORTUGAL_AND_SITE_REVIEW_REQUIRED","Потоки, совместимость, хранение и законный маршрут TBD до исполнения","Неизвестная идентичность; отсутствующее полномочие; опасная среда; непроверенный источник; выход за подготовку","Периодичность, расходники, запасные части и failure signs TBD","Другой назначенный участник находит карточку и демонстрирует допустимую часть без устной помощи автора","Профиль; источник; инвентарь; измерения; acceptance log; reviewer; дата","MISSING","MISSING","DENY","Каталожный узел; процедуры и рабочие параметры ещё не созданы","0.5-draft"
"TD-FUEL-USE-COOK","TD-FUELS","ENERGY_FUELS","PROCESS","Топливо для готовки и измеренный расход","Иметь измеримую и проверяемую способность: топливо для готовки и измеренный расход","S2_TRAINED_SUPERVISED","TRAINED_SUPERVISED","TD-BASE-SAFETY|TD-BASE-SITE|TD-BASE-INVENTORY","","MISSING","","До использования задать service level, единицу, объём, срок и критерий приёмки","Точный метод, прибор/reference и неопределённость TBD до исполнения","MISSING_OR_NOT_APPLICABLE","PORTUGAL_AND_SITE_REVIEW_REQUIRED","Потоки, совместимость, хранение и законный маршрут TBD до исполнения","Неизвестная идентичность; отсутствующее полномочие; опасная среда; непроверенный источник; выход за подготовку","Периодичность, расходники, запасные части и failure signs TBD","Другой назначенный участник находит карточку и демонстрирует допустимую часть без устной помощи автора","Профиль; источник; инвентарь; измерения; acceptance log; reviewer; дата","MISSING","MISSING","DENY","Каталожный узел; процедуры и рабочие параметры ещё не созданы","0.5-draft"
"TD-FUEL-USE-HEAT","TD-FUELS","ENERGY_FUELS","PROCESS","Топливо для тепла и измеренный расход","Иметь измеримую и проверяемую способность: топливо для тепла и измеренный расход","S3_LICENSED_PROFESSIONAL","LICENSED_ONLY","TD-BASE-SAFETY|TD-BASE-SITE|TD-BASE-INVENTORY","","MISSING","","До использования задать service level, единицу, объём, срок и критерий приёмки","Точный метод, прибор/reference и неопределённость TBD до исполнения","MISSING_OR_NOT_APPLICABLE","PORTUGAL_AND_SITE_REVIEW_REQUIRED","Потоки, совместимость, хранение и законный маршрут TBD до исполнения","Неизвестная идентичность; отсутствующее полномочие; опасная среда; непроверенный источник; выход за подготовку","Периодичность, расходники, запасные части и failure signs TBD","Другой назначенный участник находит карточку и демонстрирует допустимую часть без устной помощи автора","Профиль; источник; инвентарь; измерения; acceptance log; reviewer; дата","MISSING","MISSING","DENY","Каталожный узел; процедуры и рабочие параметры ещё не созданы","0.5-draft"
"TD-FUEL-USE-POWER","TD-FUELS","ENERGY_FUELS","PROCESS","Топливо для генерации; выхлоп и CO","Иметь измеримую и проверяемую способность: топливо для генерации; выхлоп и co","S3_LICENSED_PROFESSIONAL","LICENSED_ONLY","TD-BASE-SAFETY|TD-BASE-SITE|TD-BASE-INVENTORY","","MISSING","","До использования задать service level, единицу, объём, срок и критерий приёмки","Точный метод, прибор/reference и неопределённость TBD до исполнения","MISSING_OR_NOT_APPLICABLE","PORTUGAL_AND_SITE_REVIEW_REQUIRED","Потоки, совместимость, хранение и законный маршрут TBD до исполнения","Неизвестная идентичность; отсутствующее полномочие; опасная среда; непроверенный источник; выход за подготовку","Периодичность, расходники, запасные части и failure signs TBD","Другой назначенный участник находит карточку и демонстрирует допустимую часть без устной помощи автора","Профиль; источник; инвентарь; измерения; acceptance log; reviewer; дата","MISSING","MISSING","DENY","Каталожный узел; процедуры и рабочие параметры ещё не созданы","0.5-draft"
"TD-FUEL-USE-TRANSPORT","TD-FUELS","ENERGY_FUELS","PROCESS","Топливо для транспорта","Иметь измеримую и проверяемую способность: топливо для транспорта","S3_LICENSED_PROFESSIONAL","LICENSED_ONLY","TD-BASE-SAFETY|TD-BASE-SITE|TD-BASE-INVENTORY","","MISSING","","До использования задать service level, единицу, объём, срок и критерий приёмки","Точный метод, прибор/reference и неопределённость TBD до исполнения","MISSING_OR_NOT_APPLICABLE","PORTUGAL_AND_SITE_REVIEW_REQUIRED","Потоки, совместимость, хранение и законный маршрут TBD до исполнения","Неизвестная идентичность; отсутствующее полномочие; опасная среда; непроверенный источник; выход за подготовку","Периодичность, расходники, запасные части и failure signs TBD","Другой назначенный участник находит карточку и демонстрирует допустимую часть без устной помощи автора","Профиль; источник; инвентарь; измерения; acceptance log; reviewer; дата","MISSING","MISSING","DENY","Каталожный узел; процедуры и рабочие параметры ещё не созданы","0.5-draft"
"TD-FUEL-PRODUCT-ID","TD-FUELS","ENERGY_FUELS","SITE_DATA","Идентичность и спецификация готового топлива","Иметь измеримую и проверяемую способность: идентичность и спецификация готового топлива","S2_TRAINED_SUPERVISED","TRAINED_SUPERVISED","TD-BASE-SAFETY|TD-BASE-SITE|TD-BASE-INVENTORY","","MISSING","","До использования задать service level, единицу, объём, срок и критерий приёмки","Точный метод, прибор/reference и неопределённость TBD до исполнения","MISSING_OR_NOT_APPLICABLE","PORTUGAL_AND_SITE_REVIEW_REQUIRED","Потоки, совместимость, хранение и законный маршрут TBD до исполнения","Неизвестная идентичность; отсутствующее полномочие; опасная среда; непроверенный источник; выход за подготовку","Периодичность, расходники, запасные части и failure signs TBD","Другой назначенный участник находит карточку и демонстрирует допустимую часть без устной помощи автора","Профиль; источник; инвентарь; измерения; acceptance log; reviewer; дата","MISSING","MISSING","DENY","Каталожный узел; процедуры и рабочие параметры ещё не созданы","0.5-draft"
"TD-FUEL-BATCH-ACCEPT","TD-FUELS","ENERGY_FUELS","TEST","Приёмка партии без самодельного анализа","Иметь измеримую и проверяемую способность: приёмка партии без самодельного анализа","S2_TRAINED_SUPERVISED","TRAINED_SUPERVISED","TD-BASE-SAFETY|TD-BASE-SITE|TD-BASE-INVENTORY","","MISSING","","До использования задать service level, единицу, объём, срок и критерий приёмки","Точный метод, прибор/reference и неопределённость TBD до исполнения","MISSING_OR_NOT_APPLICABLE","PORTUGAL_AND_SITE_REVIEW_REQUIRED","Потоки, совместимость, хранение и законный маршрут TBD до исполнения","Неизвестная идентичность; отсутствующее полномочие; опасная среда; непроверенный источник; выход за подготовку","Периодичность, расходники, запасные части и failure signs TBD","Другой назначенный участник находит карточку и демонстрирует допустимую часть без устной помощи автора","Профиль; источник; инвентарь; измерения; acceptance log; reviewer; дата","MISSING","MISSING","DENY","Каталожный узел; процедуры и рабочие параметры ещё не созданы","0.5-draft"
"TD-FUEL-ROTATION","TD-FUELS","ENERGY_FUELS","MAINTENANCE","Ротация и срок хранения готового топлива","Иметь измеримую и проверяемую способность: ротация и срок хранения готового топлива","S2_TRAINED_SUPERVISED","TRAINED_SUPERVISED","TD-BASE-SAFETY|TD-BASE-SITE|TD-BASE-INVENTORY","","MISSING","","До использования задать service level, единицу, объём, срок и критерий приёмки","Точный метод, прибор/reference и неопределённость TBD до исполнения","MISSING_OR_NOT_APPLICABLE","PORTUGAL_AND_SITE_REVIEW_REQUIRED","Потоки, совместимость, хранение и законный маршрут TBD до исполнения","Неизвестная идентичность; отсутствующее полномочие; опасная среда; непроверенный источник; выход за подготовку","Периодичность, расходники, запасные части и failure signs TBD","Другой назначенный участник находит карточку и демонстрирует допустимую часть без устной помощи автора","Профиль; источник; инвентарь; измерения; acceptance log; reviewer; дата","MISSING","MISSING","DENY","Каталожный узел; процедуры и рабочие параметры ещё не созданы","0.5-draft"
"TD-FUEL-SPILL","TD-FUELS","ENERGY_FUELS","PROCESS","Разлив; изоляция и законная очистка","Иметь измеримую и проверяемую способность: разлив; изоляция и законная очистка","S3_LICENSED_PROFESSIONAL","LICENSED_ONLY","TD-BASE-SAFETY|TD-BASE-SITE|TD-BASE-INVENTORY","","MISSING","","До использования задать service level, единицу, объём, срок и критерий приёмки","Точный метод, прибор/reference и неопределённость TBD до исполнения","MISSING_OR_NOT_APPLICABLE","PORTUGAL_AND_SITE_REVIEW_REQUIRED","Потоки, совместимость, хранение и законный маршрут TBD до исполнения","Неизвестная идентичность; отсутствующее полномочие; опасная среда; непроверенный источник; выход за подготовку","Периодичность, расходники, запасные части и failure signs TBD","Другой назначенный участник находит карточку и демонстрирует допустимую часть без устной помощи автора","Профиль; источник; инвентарь; измерения; acceptance log; reviewer; дата","MISSING","MISSING","DENY","Каталожный узел; процедуры и рабочие параметры ещё не созданы","0.5-draft"
"TD-FUEL-EXHAUST","TD-FUELS","ENERGY_FUELS","PROCESS","Выхлоп; CO; вентиляция и дымоход","Иметь измеримую и проверяемую способность: выхлоп; co; вентиляция и дымоход","S3_LICENSED_PROFESSIONAL","LICENSED_ONLY","TD-BASE-SAFETY|TD-BASE-SITE|TD-BASE-INVENTORY","","MISSING","","До использования задать service level, единицу, объём, срок и критерий приёмки","Точный метод, прибор/reference и неопределённость TBD до исполнения","MISSING_OR_NOT_APPLICABLE","PORTUGAL_AND_SITE_REVIEW_REQUIRED","Потоки, совместимость, хранение и законный маршрут TBD до исполнения","Неизвестная идентичность; отсутствующее полномочие; опасная среда; непроверенный источник; выход за подготовку","Периодичность, расходники, запасные части и failure signs TBD","Другой назначенный участник находит карточку и демонстрирует допустимую часть без устной помощи автора","Профиль; источник; инвентарь; измерения; acceptance log; reviewer; дата","MISSING","MISSING","DENY","Каталожный узел; процедуры и рабочие параметры ещё не созданы","0.5-draft"
"TD-FUEL-ASH","TD-FUELS","ENERGY_FUELS","PROCESS","Зола и безопасный маршрут","Иметь измеримую и проверяемую способность: зола и безопасный маршрут","S3_LICENSED_PROFESSIONAL","LICENSED_ONLY","TD-BASE-SAFETY|TD-BASE-SITE|TD-BASE-INVENTORY","","MISSING","","До использования задать service level, единицу, объём, срок и критерий приёмки","Точный метод, прибор/reference и неопределённость TBD до исполнения","MISSING_OR_NOT_APPLICABLE","PORTUGAL_AND_SITE_REVIEW_REQUIRED","Потоки, совместимость, хранение и законный маршрут TBD до исполнения","Неизвестная идентичность; отсутствующее полномочие; опасная среда; непроверенный источник; выход за подготовку","Периодичность, расходники, запасные части и failure signs TBD","Другой назначенный участник находит карточку и демонстрирует допустимую часть без устной помощи автора","Профиль; источник; инвентарь; измерения; acceptance log; reviewer; дата","MISSING","MISSING","DENY","Каталожный узел; процедуры и рабочие параметры ещё не созданы","0.5-draft"
"TD-FUEL-CONSUMPTION","TD-FUELS","ENERGY_FUELS","TEST","Измеренный расход по конкретному прибору","Иметь измеримую и проверяемую способность: измеренный расход по конкретному прибору","S2_TRAINED_SUPERVISED","TRAINED_SUPERVISED","TD-BASE-SAFETY|TD-BASE-SITE|TD-BASE-INVENTORY","","MISSING","","До использования задать service level, единицу, объём, срок и критерий приёмки","Точный метод, прибор/reference и неопределённость TBD до исполнения","MISSING_OR_NOT_APPLICABLE","PORTUGAL_AND_SITE_REVIEW_REQUIRED","Потоки, совместимость, хранение и законный маршрут TBD до исполнения","Неизвестная идентичность; отсутствующее полномочие; опасная среда; непроверенный источник; выход за подготовку","Периодичность, расходники, запасные части и failure signs TBD","Другой назначенный участник находит карточку и демонстрирует допустимую часть без устной помощи автора","Профиль; источник; инвентарь; измерения; acceptance log; reviewer; дата","MISSING","MISSING","DENY","Каталожный узел; процедуры и рабочие параметры ещё не созданы","0.5-draft"
"TD-FUEL-ALTERNATIVE","TD-FUELS","ENERGY_FUELS","GOVERNANCE","Резервная более безопасная альтернатива функции","Иметь измеримую и проверяемую способность: резервная более безопасная альтернатива функции","S1_LOW_RISK_HOUSEHOLD","HOUSEHOLD_S1_AFTER_GATE","TD-BASE-SAFETY|TD-BASE-SITE|TD-BASE-INVENTORY","","MISSING","","До использования задать service level, единицу, объём, срок и критерий приёмки","Точный метод, прибор/reference и неопределённость TBD до исполнения","MISSING_OR_NOT_APPLICABLE","PORTUGAL_AND_SITE_REVIEW_REQUIRED","Потоки, совместимость, хранение и законный маршрут TBD до исполнения","Неизвестная идентичность; отсутствующее полномочие; опасная среда; непроверенный источник; выход за подготовку","Периодичность, расходники, запасные части и failure signs TBD","Другой назначенный участник находит карточку и демонстрирует допустимую часть без устной помощи автора","Профиль; источник; инвентарь; измерения; acceptance log; reviewer; дата","MISSING","MISSING","DENY","Каталожный узел; процедуры и рабочие параметры ещё не созданы","0.5-draft"
"TD-FUEL-WOODLOT","TD-FUELS","ENERGY_FUELS","PROCESS","Законное древесное хозяйство и восстановление","Иметь измеримую и проверяемую способность: законное древесное хозяйство и восстановление","S3_LICENSED_PROFESSIONAL","LICENSED_ONLY","TD-BASE-SAFETY|TD-BASE-SITE|TD-BASE-INVENTORY","","MISSING","","До использования задать service level, единицу, объём, срок и критерий приёмки","Точный метод, прибор/reference и неопределённость TBD до исполнения","MISSING_OR_NOT_APPLICABLE","PORTUGAL_AND_SITE_REVIEW_REQUIRED","Потоки, совместимость, хранение и законный маршрут TBD до исполнения","Неизвестная идентичность; отсутствующее полномочие; опасная среда; непроверенный источник; выход за подготовку","Периодичность, расходники, запасные части и failure signs TBD","Другой назначенный участник находит карточку и демонстрирует допустимую часть без устной помощи автора","Профиль; источник; инвентарь; измерения; acceptance log; reviewer; дата","MISSING","MISSING","DENY","Каталожный узел; процедуры и рабочие параметры ещё не созданы","0.5-draft"
"TD-FUEL-WOOD-DRY","TD-FUELS","ENERGY_FUELS","PROCESS","Сушка и измерение влажности древесины","Иметь измеримую и проверяемую способность: сушка и измерение влажности древесины","S2_TRAINED_SUPERVISED","TRAINED_SUPERVISED","TD-BASE-SAFETY|TD-BASE-SITE|TD-BASE-INVENTORY","","MISSING","","До использования задать service level, единицу, объём, срок и критерий приёмки","Точный метод, прибор/reference и неопределённость TBD до исполнения","MISSING_OR_NOT_APPLICABLE","PORTUGAL_AND_SITE_REVIEW_REQUIRED","Потоки, совместимость, хранение и законный маршрут TBD до исполнения","Неизвестная идентичность; отсутствующее полномочие; опасная среда; непроверенный источник; выход за подготовку","Периодичность, расходники, запасные части и failure signs TBD","Другой назначенный участник находит карточку и демонстрирует допустимую часть без устной помощи автора","Профиль; источник; инвентарь; измерения; acceptance log; reviewer; дата","MISSING","MISSING","DENY","Каталожный узел; процедуры и рабочие параметры ещё не созданы","0.5-draft"
"TD-COMMS-CONTACTS-PAPER","TD-MAPS-COMMS","MAPS_COMMS","MATERIAL","Бумажные контакты и точки помощи","Иметь измеримую и проверяемую способность: бумажные контакты и точки помощи","S1_LOW_RISK_HOUSEHOLD","HOUSEHOLD_S1_AFTER_GATE","TD-BASE-SAFETY|TD-BASE-SITE|TD-BASE-INVENTORY","","MISSING","","До использования задать service level, единицу, объём, срок и критерий приёмки","Точный метод, прибор/reference и неопределённость TBD до исполнения","MISSING_OR_NOT_APPLICABLE","PORTUGAL_AND_SITE_REVIEW_REQUIRED","Потоки, совместимость, хранение и законный маршрут TBD до исполнения","Неизвестная идентичность; отсутствующее полномочие; опасная среда; непроверенный источник; выход за подготовку","Периодичность, расходники, запасные части и failure signs TBD","Другой назначенный участник находит карточку и демонстрирует допустимую часть без устной помощи автора","Профиль; источник; инвентарь; измерения; acceptance log; reviewer; дата","MISSING","MISSING","DENY","Каталожный узел; процедуры и рабочие параметры ещё не созданы","0.5-draft"
"TD-COMMS-WARNINGS","TD-MAPS-COMMS","MAPS_COMMS","PROCESS","Официальный приём предупреждений","Иметь измеримую и проверяемую способность: официальный приём предупреждений","S1_LOW_RISK_HOUSEHOLD","HOUSEHOLD_S1_AFTER_GATE","TD-BASE-SAFETY|TD-BASE-SITE|TD-BASE-INVENTORY","","MISSING","","До использования задать service level, единицу, объём, срок и критерий приёмки","Точный метод, прибор/reference и неопределённость TBD до исполнения","MISSING_OR_NOT_APPLICABLE","PORTUGAL_AND_SITE_REVIEW_REQUIRED","Потоки, совместимость, хранение и законный маршрут TBD до исполнения","Неизвестная идентичность; отсутствующее полномочие; опасная среда; непроверенный источник; выход за подготовку","Периодичность, расходники, запасные части и failure signs TBD","Другой назначенный участник находит карточку и демонстрирует допустимую часть без устной помощи автора","Профиль; источник; инвентарь; измерения; acceptance log; reviewer; дата","MISSING","MISSING","DENY","Каталожный узел; процедуры и рабочие параметры ещё не созданы","0.5-draft"
"TD-COMMS-CHECKIN","TD-MAPS-COMMS","MAPS_COMMS","PROCESS","План check-in","Иметь измеримую и проверяемую способность: план check-in","S1_LOW_RISK_HOUSEHOLD","HOUSEHOLD_S1_AFTER_GATE","TD-BASE-SAFETY|TD-BASE-SITE|TD-BASE-INVENTORY","","MISSING","","До использования задать service level, единицу, объём, срок и критерий приёмки","Точный метод, прибор/reference и неопределённость TBD до исполнения","MISSING_OR_NOT_APPLICABLE","PORTUGAL_AND_SITE_REVIEW_REQUIRED","Потоки, совместимость, хранение и законный маршрут TBD до исполнения","Неизвестная идентичность; отсутствующее полномочие; опасная среда; непроверенный источник; выход за подготовку","Периодичность, расходники, запасные части и failure signs TBD","Другой назначенный участник находит карточку и демонстрирует допустимую часть без устной помощи автора","Профиль; источник; инвентарь; измерения; acceptance log; reviewer; дата","MISSING","MISSING","DENY","Каталожный узел; процедуры и рабочие параметры ещё не созданы","0.5-draft"
"TD-COMMS-MISSED","TD-MAPS-COMMS","MAPS_COMMS","PROCESS","Missed-check-in escalation","Иметь измеримую и проверяемую способность: missed-check-in escalation","S2_TRAINED_SUPERVISED","TRAINED_SUPERVISED","TD-BASE-SAFETY|TD-BASE-SITE|TD-BASE-INVENTORY","","MISSING","","До использования задать service level, единицу, объём, срок и критерий приёмки","Точный метод, прибор/reference и неопределённость TBD до исполнения","MISSING_OR_NOT_APPLICABLE","PORTUGAL_AND_SITE_REVIEW_REQUIRED","Потоки, совместимость, хранение и законный маршрут TBD до исполнения","Неизвестная идентичность; отсутствующее полномочие; опасная среда; непроверенный источник; выход за подготовку","Периодичность, расходники, запасные части и failure signs TBD","Другой назначенный участник находит карточку и демонстрирует допустимую часть без устной помощи автора","Профиль; источник; инвентарь; измерения; acceptance log; reviewer; дата","MISSING","MISSING","DENY","Каталожный узел; процедуры и рабочие параметры ещё не созданы","0.5-draft"
"TD-COMMS-ACCOUNTABILITY","TD-MAPS-COMMS","MAPS_COMMS","GOVERNANCE","Учёт людей и последнего известного места","Иметь измеримую и проверяемую способность: учёт людей и последнего известного места","S2_TRAINED_SUPERVISED","TRAINED_SUPERVISED","TD-BASE-SAFETY|TD-BASE-SITE|TD-BASE-INVENTORY","","MISSING","","До использования задать service level, единицу, объём, срок и критерий приёмки","Точный метод, прибор/reference и неопределённость TBD до исполнения","MISSING_OR_NOT_APPLICABLE","PORTUGAL_AND_SITE_REVIEW_REQUIRED","Потоки, совместимость, хранение и законный маршрут TBD до исполнения","Неизвестная идентичность; отсутствующее полномочие; опасная среда; непроверенный источник; выход за подготовку","Периодичность, расходники, запасные части и failure signs TBD","Другой назначенный участник находит карточку и демонстрирует допустимую часть без устной помощи автора","Профиль; источник; инвентарь; измерения; acceptance log; reviewer; дата","MISSING","MISSING","DENY","Каталожный узел; процедуры и рабочие параметры ещё не созданы","0.5-draft"
"TD-COMMS-REUNION","TD-MAPS-COMMS","MAPS_COMMS","PROCESS","Reunification plan","Иметь измеримую и проверяемую способность: reunification plan","S2_TRAINED_SUPERVISED","TRAINED_SUPERVISED","TD-BASE-SAFETY|TD-BASE-SITE|TD-BASE-INVENTORY","","MISSING","","До использования задать service level, единицу, объём, срок и критерий приёмки","Точный метод, прибор/reference и неопределённость TBD до исполнения","MISSING_OR_NOT_APPLICABLE","PORTUGAL_AND_SITE_REVIEW_REQUIRED","Потоки, совместимость, хранение и законный маршрут TBD до исполнения","Неизвестная идентичность; отсутствующее полномочие; опасная среда; непроверенный источник; выход за подготовку","Периодичность, расходники, запасные части и failure signs TBD","Другой назначенный участник находит карточку и демонстрирует допустимую часть без устной помощи автора","Профиль; источник; инвентарь; измерения; acceptance log; reviewer; дата","MISSING","MISSING","DENY","Каталожный узел; процедуры и рабочие параметры ещё не созданы","0.5-draft"
"TD-COMMS-LOCAL-SIGNAL","TD-MAPS-COMMS","MAPS_COMMS","PROCESS","Локальные визуальные и звуковые сигналы","Иметь измеримую и проверяемую способность: локальные визуальные и звуковые сигналы","S1_LOW_RISK_HOUSEHOLD","HOUSEHOLD_S1_AFTER_GATE","TD-BASE-SAFETY|TD-BASE-SITE|TD-BASE-INVENTORY","","MISSING","","До использования задать service level, единицу, объём, срок и критерий приёмки","Точный метод, прибор/reference и неопределённость TBD до исполнения","MISSING_OR_NOT_APPLICABLE","PORTUGAL_AND_SITE_REVIEW_REQUIRED","Потоки, совместимость, хранение и законный маршрут TBD до исполнения","Неизвестная идентичность; отсутствующее полномочие; опасная среда; непроверенный источник; выход за подготовку","Периодичность, расходники, запасные части и failure signs TBD","Другой назначенный участник находит карточку и демонстрирует допустимую часть без устной помощи автора","Профиль; источник; инвентарь; измерения; acceptance log; reviewer; дата","MISSING","MISSING","DENY","Каталожный узел; процедуры и рабочие параметры ещё не созданы","0.5-draft"
"TD-COMMS-MESSAGE","TD-MAPS-COMMS","MAPS_COMMS","PROCESS","Короткий формат сообщения и read-back","Иметь измеримую и проверяемую способность: короткий формат сообщения и read-back","S1_LOW_RISK_HOUSEHOLD","HOUSEHOLD_S1_AFTER_GATE","TD-BASE-SAFETY|TD-BASE-SITE|TD-BASE-INVENTORY","","MISSING","","До использования задать service level, единицу, объём, срок и критерий приёмки","Точный метод, прибор/reference и неопределённость TBD до исполнения","MISSING_OR_NOT_APPLICABLE","PORTUGAL_AND_SITE_REVIEW_REQUIRED","Потоки, совместимость, хранение и законный маршрут TBD до исполнения","Неизвестная идентичность; отсутствующее полномочие; опасная среда; непроверенный источник; выход за подготовку","Периодичность, расходники, запасные части и failure signs TBD","Другой назначенный участник находит карточку и демонстрирует допустимую часть без устной помощи автора","Профиль; источник; инвентарь; измерения; acceptance log; reviewer; дата","MISSING","MISSING","DENY","Каталожный узел; процедуры и рабочие параметры ещё не созданы","0.5-draft"
"TD-COMMS-LOG","TD-MAPS-COMMS","MAPS_COMMS","GOVERNANCE","Журнал сообщений; время и решения","Иметь измеримую и проверяемую способность: журнал сообщений; время и решения","S1_LOW_RISK_HOUSEHOLD","HOUSEHOLD_S1_AFTER_GATE","TD-BASE-SAFETY|TD-BASE-SITE|TD-BASE-INVENTORY","","MISSING","","До использования задать service level, единицу, объём, срок и критерий приёмки","Точный метод, прибор/reference и неопределённость TBD до исполнения","MISSING_OR_NOT_APPLICABLE","PORTUGAL_AND_SITE_REVIEW_REQUIRED","Потоки, совместимость, хранение и законный маршрут TBD до исполнения","Неизвестная идентичность; отсутствующее полномочие; опасная среда; непроверенный источник; выход за подготовку","Периодичность, расходники, запасные части и failure signs TBD","Другой назначенный участник находит карточку и демонстрирует допустимую часть без устной помощи автора","Профиль; источник; инвентарь; измерения; acceptance log; reviewer; дата","MISSING","MISSING","DENY","Каталожный узел; процедуры и рабочие параметры ещё не созданы","0.5-draft"
"TD-COMMS-BUILDING-MAP","TD-MAPS-COMMS","MAPS_COMMS","DRAWING","План здания; выходы; отключения и огнетушители","Иметь измеримую и проверяемую способность: план здания; выходы; отключения и огнетушители","S2_TRAINED_SUPERVISED","TRAINED_SUPERVISED","TD-BASE-SAFETY|TD-BASE-SITE|TD-BASE-INVENTORY","","MISSING","","До использования задать service level, единицу, объём, срок и критерий приёмки","Точный метод, прибор/reference и неопределённость TBD до исполнения","MISSING_OR_NOT_APPLICABLE","PORTUGAL_AND_SITE_REVIEW_REQUIRED","Потоки, совместимость, хранение и законный маршрут TBD до исполнения","Неизвестная идентичность; отсутствующее полномочие; опасная среда; непроверенный источник; выход за подготовку","Периодичность, расходники, запасные части и failure signs TBD","Другой назначенный участник находит карточку и демонстрирует допустимую часть без устной помощи автора","Профиль; источник; инвентарь; измерения; acceptance log; reviewer; дата","MISSING","MISSING","DENY","Каталожный узел; процедуры и рабочие параметры ещё не созданы","0.5-draft"
"TD-COMMS-LOCAL-MAP","TD-MAPS-COMMS","MAPS_COMMS","MATERIAL","Локальная бумажная и офлайн-карта","Иметь измеримую и проверяемую способность: локальная бумажная и офлайн-карта","S1_LOW_RISK_HOUSEHOLD","HOUSEHOLD_S1_AFTER_GATE","TD-BASE-SAFETY|TD-BASE-SITE|TD-BASE-INVENTORY","","MISSING","","До использования задать service level, единицу, объём, срок и критерий приёмки","Точный метод, прибор/reference и неопределённость TBD до исполнения","MISSING_OR_NOT_APPLICABLE","PORTUGAL_AND_SITE_REVIEW_REQUIRED","Потоки, совместимость, хранение и законный маршрут TBD до исполнения","Неизвестная идентичность; отсутствующее полномочие; опасная среда; непроверенный источник; выход за подготовку","Периодичность, расходники, запасные части и failure signs TBD","Другой назначенный участник находит карточку и демонстрирует допустимую часть без устной помощи автора","Профиль; источник; инвентарь; измерения; acceptance log; reviewer; дата","MISSING","MISSING","DENY","Каталожный узел; процедуры и рабочие параметры ещё не созданы","0.5-draft"
"TD-COMMS-SERVICE-POINTS","TD-MAPS-COMMS","MAPS_COMMS","SITE_DATA","Медицина; пожар; вода; укрытие и аптеки","Иметь измеримую и проверяемую способность: медицина; пожар; вода; укрытие и аптеки","S1_LOW_RISK_HOUSEHOLD","HOUSEHOLD_S1_AFTER_GATE","TD-BASE-SAFETY|TD-BASE-SITE|TD-BASE-INVENTORY","","MISSING","","До использования задать service level, единицу, объём, срок и критерий приёмки","Точный метод, прибор/reference и неопределённость TBD до исполнения","MISSING_OR_NOT_APPLICABLE","PORTUGAL_AND_SITE_REVIEW_REQUIRED","Потоки, совместимость, хранение и законный маршрут TBD до исполнения","Неизвестная идентичность; отсутствующее полномочие; опасная среда; непроверенный источник; выход за подготовку","Периодичность, расходники, запасные части и failure signs TBD","Другой назначенный участник находит карточку и демонстрирует допустимую часть без устной помощи автора","Профиль; источник; инвентарь; измерения; acceptance log; reviewer; дата","MISSING","MISSING","DENY","Каталожный узел; процедуры и рабочие параметры ещё не созданы","0.5-draft"
"TD-COMMS-HAZARD-MAP","TD-MAPS-COMMS","MAPS_COMMS","SITE_DATA","Пожар; наводнение; склон; цунами и промышленные риски","Иметь измеримую и проверяемую способность: пожар; наводнение; склон; цунами и промышленные риски","S2_TRAINED_SUPERVISED","TRAINED_SUPERVISED","TD-BASE-SAFETY|TD-BASE-SITE|TD-BASE-INVENTORY","","MISSING","","До использования задать service level, единицу, объём, срок и критерий приёмки","Точный метод, прибор/reference и неопределённость TBD до исполнения","MISSING_OR_NOT_APPLICABLE","PORTUGAL_AND_SITE_REVIEW_REQUIRED","Потоки, совместимость, хранение и законный маршрут TBD до исполнения","Неизвестная идентичность; отсутствующее полномочие; опасная среда; непроверенный источник; выход за подготовку","Периодичность, расходники, запасные части и failure signs TBD","Другой назначенный участник находит карточку и демонстрирует допустимую часть без устной помощи автора","Профиль; источник; инвентарь; измерения; acceptance log; reviewer; дата","MISSING","MISSING","DENY","Каталожный узел; процедуры и рабочие параметры ещё не созданы","0.5-draft"
"TD-COMMS-R1-R3","TD-MAPS-COMMS","MAPS_COMMS","DRAWING","Независимые маршруты R1/R2/R3","Иметь измеримую и проверяемую способность: независимые маршруты r1/r2/r3","S2_TRAINED_SUPERVISED","TRAINED_SUPERVISED","TD-BASE-SAFETY|TD-BASE-SITE|TD-BASE-INVENTORY","","MISSING","","До использования задать service level, единицу, объём, срок и критерий приёмки","Точный метод, прибор/reference и неопределённость TBD до исполнения","MISSING_OR_NOT_APPLICABLE","PORTUGAL_AND_SITE_REVIEW_REQUIRED","Потоки, совместимость, хранение и законный маршрут TBD до исполнения","Неизвестная идентичность; отсутствующее полномочие; опасная среда; непроверенный источник; выход за подготовку","Периодичность, расходники, запасные части и failure signs TBD","Другой назначенный участник находит карточку и демонстрирует допустимую часть без устной помощи автора","Профиль; источник; инвентарь; измерения; acceptance log; reviewer; дата","MISSING","MISSING","DENY","Каталожный узел; процедуры и рабочие параметры ещё не созданы","0.5-draft"
"TD-COMMS-SLOWEST","TD-MAPS-COMMS","MAPS_COMMS","TEST","Полевой маршрут для самого медленного участника","Иметь измеримую и проверяемую способность: полевой маршрут для самого медленного участника","S2_TRAINED_SUPERVISED","TRAINED_SUPERVISED","TD-BASE-SAFETY|TD-BASE-SITE|TD-BASE-INVENTORY","","MISSING","","До использования задать service level, единицу, объём, срок и критерий приёмки","Точный метод, прибор/reference и неопределённость TBD до исполнения","MISSING_OR_NOT_APPLICABLE","PORTUGAL_AND_SITE_REVIEW_REQUIRED","Потоки, совместимость, хранение и законный маршрут TBD до исполнения","Неизвестная идентичность; отсутствующее полномочие; опасная среда; непроверенный источник; выход за подготовку","Периодичность, расходники, запасные части и failure signs TBD","Другой назначенный участник находит карточку и демонстрирует допустимую часть без устной помощи автора","Профиль; источник; инвентарь; измерения; acceptance log; reviewer; дата","MISSING","MISSING","DENY","Каталожный узел; процедуры и рабочие параметры ещё не созданы","0.5-draft"
"TD-COMMS-PRIVACY","TD-MAPS-COMMS","MAPS_COMMS","GOVERNANCE","Защита координат людей; запасов и убежищ","Иметь измеримую и проверяемую способность: защита координат людей; запасов и убежищ","S1_LOW_RISK_HOUSEHOLD","HOUSEHOLD_S1_AFTER_GATE","TD-BASE-SAFETY|TD-BASE-SITE|TD-BASE-INVENTORY","","MISSING","","До использования задать service level, единицу, объём, срок и критерий приёмки","Точный метод, прибор/reference и неопределённость TBD до исполнения","MISSING_OR_NOT_APPLICABLE","PORTUGAL_AND_SITE_REVIEW_REQUIRED","Потоки, совместимость, хранение и законный маршрут TBD до исполнения","Неизвестная идентичность; отсутствующее полномочие; опасная среда; непроверенный источник; выход за подготовку","Периодичность, расходники, запасные части и failure signs TBD","Другой назначенный участник находит карточку и демонстрирует допустимую часть без устной помощи автора","Профиль; источник; инвентарь; измерения; acceptance log; reviewer; дата","MISSING","MISSING","DENY","Каталожный узел; процедуры и рабочие параметры ещё не созданы","0.5-draft"
"TD-TRANSPORT-WALK","TD-TRANSPORT","TRANSPORT","PROCESS","Пешая мобильность и доступность","Иметь измеримую и проверяемую способность: пешая мобильность и доступность","S1_LOW_RISK_HOUSEHOLD","HOUSEHOLD_S1_AFTER_GATE","TD-BASE-SAFETY|TD-BASE-SITE|TD-BASE-INVENTORY","","MISSING","","До использования задать service level, единицу, объём, срок и критерий приёмки","Точный метод, прибор/reference и неопределённость TBD до исполнения","MISSING_OR_NOT_APPLICABLE","PORTUGAL_AND_SITE_REVIEW_REQUIRED","Потоки, совместимость, хранение и законный маршрут TBD до исполнения","Неизвестная идентичность; отсутствующее полномочие; опасная среда; непроверенный источник; выход за подготовку","Периодичность, расходники, запасные части и failure signs TBD","Другой назначенный участник находит карточку и демонстрирует допустимую часть без устной помощи автора","Профиль; источник; инвентарь; измерения; acceptance log; reviewer; дата","MISSING","MISSING","DENY","Каталожный узел; процедуры и рабочие параметры ещё не созданы","0.5-draft"
"TD-TRANSPORT-CARRY","TD-TRANSPORT","TRANSPORT","TRAINING","Безопасная переноска груза","Иметь измеримую и проверяемую способность: безопасная переноска груза","S2_TRAINED_SUPERVISED","TRAINED_SUPERVISED","TD-BASE-SAFETY|TD-BASE-SITE|TD-BASE-INVENTORY","","MISSING","","До использования задать service level, единицу, объём, срок и критерий приёмки","Точный метод, прибор/reference и неопределённость TBD до исполнения","MISSING_OR_NOT_APPLICABLE","PORTUGAL_AND_SITE_REVIEW_REQUIRED","Потоки, совместимость, хранение и законный маршрут TBD до исполнения","Неизвестная идентичность; отсутствующее полномочие; опасная среда; непроверенный источник; выход за подготовку","Периодичность, расходники, запасные части и failure signs TBD","Другой назначенный участник находит карточку и демонстрирует допустимую часть без устной помощи автора","Профиль; источник; инвентарь; измерения; acceptance log; reviewer; дата","MISSING","MISSING","DENY","Каталожный узел; процедуры и рабочие параметры ещё не созданы","0.5-draft"
"TD-TRANSPORT-CART","TD-TRANSPORT","TRANSPORT","TOOL","Ручная тележка и полезная нагрузка","Иметь измеримую и проверяемую способность: ручная тележка и полезная нагрузка","S2_TRAINED_SUPERVISED","TRAINED_SUPERVISED","TD-BASE-SAFETY|TD-BASE-SITE|TD-BASE-INVENTORY","","MISSING","","До использования задать service level, единицу, объём, срок и критерий приёмки","Точный метод, прибор/reference и неопределённость TBD до исполнения","MISSING_OR_NOT_APPLICABLE","PORTUGAL_AND_SITE_REVIEW_REQUIRED","Потоки, совместимость, хранение и законный маршрут TBD до исполнения","Неизвестная идентичность; отсутствующее полномочие; опасная среда; непроверенный источник; выход за подготовку","Периодичность, расходники, запасные части и failure signs TBD","Другой назначенный участник находит карточку и демонстрирует допустимую часть без устной помощи автора","Профиль; источник; инвентарь; измерения; acceptance log; reviewer; дата","MISSING","MISSING","DENY","Каталожный узел; процедуры и рабочие параметры ещё не созданы","0.5-draft"
"TD-TRANSPORT-BICYCLE","TD-TRANSPORT","TRANSPORT","TOOL","Велосипед и грузовая конфигурация","Иметь измеримую и проверяемую способность: велосипед и грузовая конфигурация","S2_TRAINED_SUPERVISED","TRAINED_SUPERVISED","TD-BASE-SAFETY|TD-BASE-SITE|TD-BASE-INVENTORY","","MISSING","","До использования задать service level, единицу, объём, срок и критерий приёмки","Точный метод, прибор/reference и неопределённость TBD до исполнения","MISSING_OR_NOT_APPLICABLE","PORTUGAL_AND_SITE_REVIEW_REQUIRED","Потоки, совместимость, хранение и законный маршрут TBD до исполнения","Неизвестная идентичность; отсутствующее полномочие; опасная среда; непроверенный источник; выход за подготовку","Периодичность, расходники, запасные части и failure signs TBD","Другой назначенный участник находит карточку и демонстрирует допустимую часть без устной помощи автора","Профиль; источник; инвентарь; измерения; acceptance log; reviewer; дата","MISSING","MISSING","DENY","Каталожный узел; процедуры и рабочие параметры ещё не созданы","0.5-draft"
"TD-TRANSPORT-VEHICLE","TD-TRANSPORT","TRANSPORT","MATERIAL","Автомобиль; ограничения и эксплуатационный статус","Иметь измеримую и проверяемую способность: автомобиль; ограничения и эксплуатационный статус","S3_LICENSED_PROFESSIONAL","LICENSED_ONLY","TD-BASE-SAFETY|TD-BASE-SITE|TD-BASE-INVENTORY","","MISSING","","До использования задать service level, единицу, объём, срок и критерий приёмки","Точный метод, прибор/reference и неопределённость TBD до исполнения","MISSING_OR_NOT_APPLICABLE","PORTUGAL_AND_SITE_REVIEW_REQUIRED","Потоки, совместимость, хранение и законный маршрут TBD до исполнения","Неизвестная идентичность; отсутствующее полномочие; опасная среда; непроверенный источник; выход за подготовку","Периодичность, расходники, запасные части и failure signs TBD","Другой назначенный участник находит карточку и демонстрирует допустимую часть без устной помощи автора","Профиль; источник; инвентарь; измерения; acceptance log; reviewer; дата","MISSING","MISSING","DENY","Каталожный узел; процедуры и рабочие параметры ещё не созданы","0.5-draft"
"TD-TRANSPORT-DRIVER","TD-TRANSPORT","TRANSPORT","TRAINING","Водитель; право; навыки и документы","Иметь измеримую и проверяемую способность: водитель; право; навыки и документы","S3_LICENSED_PROFESSIONAL","LICENSED_ONLY","TD-BASE-SAFETY|TD-BASE-SITE|TD-BASE-INVENTORY","","MISSING","","До использования задать service level, единицу, объём, срок и критерий приёмки","Точный метод, прибор/reference и неопределённость TBD до исполнения","MISSING_OR_NOT_APPLICABLE","PORTUGAL_AND_SITE_REVIEW_REQUIRED","Потоки, совместимость, хранение и законный маршрут TBD до исполнения","Неизвестная идентичность; отсутствующее полномочие; опасная среда; непроверенный источник; выход за подготовку","Периодичность, расходники, запасные части и failure signs TBD","Другой назначенный участник находит карточку и демонстрирует допустимую часть без устной помощи автора","Профиль; источник; инвентарь; измерения; acceptance log; reviewer; дата","MISSING","MISSING","DENY","Каталожный узел; процедуры и рабочие параметры ещё не созданы","0.5-draft"
"TD-TRANSPORT-RESTRAINT","TD-TRANSPORT","TRANSPORT","MATERIAL","Удерживающие системы детей; людей и животных","Иметь измеримую и проверяемую способность: удерживающие системы детей; людей и животных","S2_TRAINED_SUPERVISED","TRAINED_SUPERVISED","TD-BASE-SAFETY|TD-BASE-SITE|TD-BASE-INVENTORY","","MISSING","","До использования задать service level, единицу, объём, срок и критерий приёмки","Точный метод, прибор/reference и неопределённость TBD до исполнения","MISSING_OR_NOT_APPLICABLE","PORTUGAL_AND_SITE_REVIEW_REQUIRED","Потоки, совместимость, хранение и законный маршрут TBD до исполнения","Неизвестная идентичность; отсутствующее полномочие; опасная среда; непроверенный источник; выход за подготовку","Периодичность, расходники, запасные части и failure signs TBD","Другой назначенный участник находит карточку и демонстрирует допустимую часть без устной помощи автора","Профиль; источник; инвентарь; измерения; acceptance log; reviewer; дата","MISSING","MISSING","DENY","Каталожный узел; процедуры и рабочие параметры ещё не созданы","0.5-draft"
"TD-TRANSPORT-RANGE","TD-TRANSPORT","TRANSPORT","TEST","Дальность; запас и точки возврата","Иметь измеримую и проверяемую способность: дальность; запас и точки возврата","S2_TRAINED_SUPERVISED","TRAINED_SUPERVISED","TD-BASE-SAFETY|TD-BASE-SITE|TD-BASE-INVENTORY","","MISSING","","До использования задать service level, единицу, объём, срок и критерий приёмки","Точный метод, прибор/reference и неопределённость TBD до исполнения","MISSING_OR_NOT_APPLICABLE","PORTUGAL_AND_SITE_REVIEW_REQUIRED","Потоки, совместимость, хранение и законный маршрут TBD до исполнения","Неизвестная идентичность; отсутствующее полномочие; опасная среда; непроверенный источник; выход за подготовку","Периодичность, расходники, запасные части и failure signs TBD","Другой назначенный участник находит карточку и демонстрирует допустимую часть без устной помощи автора","Профиль; источник; инвентарь; измерения; acceptance log; reviewer; дата","MISSING","MISSING","DENY","Каталожный узел; процедуры и рабочие параметры ещё не созданы","0.5-draft"
"TD-TRANSPORT-PAYLOAD","TD-TRANSPORT","TRANSPORT","TEST","Полезная нагрузка и центр тяжести","Иметь измеримую и проверяемую способность: полезная нагрузка и центр тяжести","S2_TRAINED_SUPERVISED","TRAINED_SUPERVISED","TD-BASE-SAFETY|TD-BASE-SITE|TD-BASE-INVENTORY","","MISSING","","До использования задать service level, единицу, объём, срок и критерий приёмки","Точный метод, прибор/reference и неопределённость TBD до исполнения","MISSING_OR_NOT_APPLICABLE","PORTUGAL_AND_SITE_REVIEW_REQUIRED","Потоки, совместимость, хранение и законный маршрут TBD до исполнения","Неизвестная идентичность; отсутствующее полномочие; опасная среда; непроверенный источник; выход за подготовку","Периодичность, расходники, запасные части и failure signs TBD","Другой назначенный участник находит карточку и демонстрирует допустимую часть без устной помощи автора","Профиль; источник; инвентарь; измерения; acceptance log; reviewer; дата","MISSING","MISSING","DENY","Каталожный узел; процедуры и рабочие параметры ещё не созданы","0.5-draft"
"TD-TRANSPORT-TIRES","TD-TRANSPORT","TRANSPORT","MAINTENANCE","Шины; давление; износ и запас","Иметь измеримую и проверяемую способность: шины; давление; износ и запас","S2_TRAINED_SUPERVISED","TRAINED_SUPERVISED","TD-BASE-SAFETY|TD-BASE-SITE|TD-BASE-INVENTORY","","MISSING","","До использования задать service level, единицу, объём, срок и критерий приёмки","Точный метод, прибор/reference и неопределённость TBD до исполнения","MISSING_OR_NOT_APPLICABLE","PORTUGAL_AND_SITE_REVIEW_REQUIRED","Потоки, совместимость, хранение и законный маршрут TBD до исполнения","Неизвестная идентичность; отсутствующее полномочие; опасная среда; непроверенный источник; выход за подготовку","Периодичность, расходники, запасные части и failure signs TBD","Другой назначенный участник находит карточку и демонстрирует допустимую часть без устной помощи автора","Профиль; источник; инвентарь; измерения; acceptance log; reviewer; дата","MISSING","MISSING","DENY","Каталожный узел; процедуры и рабочие параметры ещё не созданы","0.5-draft"
"TD-TRANSPORT-BRAKES","TD-TRANSPORT","TRANSPORT","MAINTENANCE","Тормоза и критерий запрета движения","Иметь измеримую и проверяемую способность: тормоза и критерий запрета движения","S3_LICENSED_PROFESSIONAL","LICENSED_ONLY","TD-BASE-SAFETY|TD-BASE-SITE|TD-BASE-INVENTORY","","MISSING","","До использования задать service level, единицу, объём, срок и критерий приёмки","Точный метод, прибор/reference и неопределённость TBD до исполнения","MISSING_OR_NOT_APPLICABLE","PORTUGAL_AND_SITE_REVIEW_REQUIRED","Потоки, совместимость, хранение и законный маршрут TBD до исполнения","Неизвестная идентичность; отсутствующее полномочие; опасная среда; непроверенный источник; выход за подготовку","Периодичность, расходники, запасные части и failure signs TBD","Другой назначенный участник находит карточку и демонстрирует допустимую часть без устной помощи автора","Профиль; источник; инвентарь; измерения; acceptance log; reviewer; дата","MISSING","MISSING","DENY","Каталожный узел; процедуры и рабочие параметры ещё не созданы","0.5-draft"
"TD-TRANSPORT-STEERING","TD-TRANSPORT","TRANSPORT","MAINTENANCE","Рулевое и критерий запрета движения","Иметь измеримую и проверяемую способность: рулевое и критерий запрета движения","S3_LICENSED_PROFESSIONAL","LICENSED_ONLY","TD-BASE-SAFETY|TD-BASE-SITE|TD-BASE-INVENTORY","","MISSING","","До использования задать service level, единицу, объём, срок и критерий приёмки","Точный метод, прибор/reference и неопределённость TBD до исполнения","MISSING_OR_NOT_APPLICABLE","PORTUGAL_AND_SITE_REVIEW_REQUIRED","Потоки, совместимость, хранение и законный маршрут TBD до исполнения","Неизвестная идентичность; отсутствующее полномочие; опасная среда; непроверенный источник; выход за подготовку","Периодичность, расходники, запасные части и failure signs TBD","Другой назначенный участник находит карточку и демонстрирует допустимую часть без устной помощи автора","Профиль; источник; инвентарь; измерения; acceptance log; reviewer; дата","MISSING","MISSING","DENY","Каталожный узел; процедуры и рабочие параметры ещё не созданы","0.5-draft"
"TD-TRANSPORT-PUMP","TD-TRANSPORT","TRANSPORT","TOOL","Насос; манометр и переходники","Иметь измеримую и проверяемую способность: насос; манометр и переходники","S2_TRAINED_SUPERVISED","TRAINED_SUPERVISED","TD-BASE-SAFETY|TD-BASE-SITE|TD-BASE-INVENTORY","","MISSING","","До использования задать service level, единицу, объём, срок и критерий приёмки","Точный метод, прибор/reference и неопределённость TBD до исполнения","MISSING_OR_NOT_APPLICABLE","PORTUGAL_AND_SITE_REVIEW_REQUIRED","Потоки, совместимость, хранение и законный маршрут TBD до исполнения","Неизвестная идентичность; отсутствующее полномочие; опасная среда; непроверенный источник; выход за подготовку","Периодичность, расходники, запасные части и failure signs TBD","Другой назначенный участник находит карточку и демонстрирует допустимую часть без устной помощи автора","Профиль; источник; инвентарь; измерения; acceptance log; reviewer; дата","MISSING","MISSING","DENY","Каталожный узел; процедуры и рабочие параметры ещё не созданы","0.5-draft"
"TD-TRANSPORT-JACK","TD-TRANSPORT","TRANSPORT","TOOL","Домкрат; опоры и запрет работы под грузом","Иметь измеримую и проверяемую способность: домкрат; опоры и запрет работы под грузом","S3_LICENSED_PROFESSIONAL","LICENSED_ONLY","TD-BASE-SAFETY|TD-BASE-SITE|TD-BASE-INVENTORY","","MISSING","","До использования задать service level, единицу, объём, срок и критерий приёмки","Точный метод, прибор/reference и неопределённость TBD до исполнения","MISSING_OR_NOT_APPLICABLE","PORTUGAL_AND_SITE_REVIEW_REQUIRED","Потоки, совместимость, хранение и законный маршрут TBD до исполнения","Неизвестная идентичность; отсутствующее полномочие; опасная среда; непроверенный источник; выход за подготовку","Периодичность, расходники, запасные части и failure signs TBD","Другой назначенный участник находит карточку и демонстрирует допустимую часть без устной помощи автора","Профиль; источник; инвентарь; измерения; acceptance log; reviewer; дата","MISSING","MISSING","DENY","Каталожный узел; процедуры и рабочие параметры ещё не созданы","0.5-draft"
"TD-TRANSPORT-TOW","TD-TRANSPORT","TRANSPORT","PROCESS","Буксировка; точки крепления и правовая граница","Иметь измеримую и проверяемую способность: буксировка; точки крепления и правовая граница","S3_LICENSED_PROFESSIONAL","LICENSED_ONLY","TD-BASE-SAFETY|TD-BASE-SITE|TD-BASE-INVENTORY","","MISSING","","До использования задать service level, единицу, объём, срок и критерий приёмки","Точный метод, прибор/reference и неопределённость TBD до исполнения","MISSING_OR_NOT_APPLICABLE","PORTUGAL_AND_SITE_REVIEW_REQUIRED","Потоки, совместимость, хранение и законный маршрут TBD до исполнения","Неизвестная идентичность; отсутствующее полномочие; опасная среда; непроверенный источник; выход за подготовку","Периодичность, расходники, запасные части и failure signs TBD","Другой назначенный участник находит карточку и демонстрирует допустимую часть без устной помощи автора","Профиль; источник; инвентарь; измерения; acceptance log; reviewer; дата","MISSING","MISSING","DENY","Каталожный узел; процедуры и рабочие параметры ещё не созданы","0.5-draft"
"TD-TRANSPORT-REPAIR","TD-TRANSPORT","TRANSPORT","MAINTENANCE","Ремкомплект и послеремонтная приёмка","Иметь измеримую и проверяемую способность: ремкомплект и послеремонтная приёмка","S3_LICENSED_PROFESSIONAL","LICENSED_ONLY","TD-BASE-SAFETY|TD-BASE-SITE|TD-BASE-INVENTORY","","MISSING","","До использования задать service level, единицу, объём, срок и критерий приёмки","Точный метод, прибор/reference и неопределённость TBD до исполнения","MISSING_OR_NOT_APPLICABLE","PORTUGAL_AND_SITE_REVIEW_REQUIRED","Потоки, совместимость, хранение и законный маршрут TBD до исполнения","Неизвестная идентичность; отсутствующее полномочие; опасная среда; непроверенный источник; выход за подготовку","Периодичность, расходники, запасные части и failure signs TBD","Другой назначенный участник находит карточку и демонстрирует допустимую часть без устной помощи автора","Профиль; источник; инвентарь; измерения; acceptance log; reviewer; дата","MISSING","MISSING","DENY","Каталожный узел; процедуры и рабочие параметры ещё не созданы","0.5-draft"
"TD-TRANSPORT-SPARES","TD-TRANSPORT","TRANSPORT","MATERIAL","Запасные части и стандартные интерфейсы","Иметь измеримую и проверяемую способность: запасные части и стандартные интерфейсы","S2_TRAINED_SUPERVISED","TRAINED_SUPERVISED","TD-BASE-SAFETY|TD-BASE-SITE|TD-BASE-INVENTORY","","MISSING","","До использования задать service level, единицу, объём, срок и критерий приёмки","Точный метод, прибор/reference и неопределённость TBD до исполнения","MISSING_OR_NOT_APPLICABLE","PORTUGAL_AND_SITE_REVIEW_REQUIRED","Потоки, совместимость, хранение и законный маршрут TBD до исполнения","Неизвестная идентичность; отсутствующее полномочие; опасная среда; непроверенный источник; выход за подготовку","Периодичность, расходники, запасные части и failure signs TBD","Другой назначенный участник находит карточку и демонстрирует допустимую часть без устной помощи автора","Профиль; источник; инвентарь; измерения; acceptance log; reviewer; дата","MISSING","MISSING","DENY","Каталожный узел; процедуры и рабочие параметры ещё не созданы","0.5-draft"
"TD-TRANSPORT-ROUTE","TD-TRANSPORT","TRANSPORT","DRAWING","Маршрут; высота; покрытие и сезон","Иметь измеримую и проверяемую способность: маршрут; высота; покрытие и сезон","S2_TRAINED_SUPERVISED","TRAINED_SUPERVISED","TD-BASE-SAFETY|TD-BASE-SITE|TD-BASE-INVENTORY","","MISSING","","До использования задать service level, единицу, объём, срок и критерий приёмки","Точный метод, прибор/reference и неопределённость TBD до исполнения","MISSING_OR_NOT_APPLICABLE","PORTUGAL_AND_SITE_REVIEW_REQUIRED","Потоки, совместимость, хранение и законный маршрут TBD до исполнения","Неизвестная идентичность; отсутствующее полномочие; опасная среда; непроверенный источник; выход за подготовку","Периодичность, расходники, запасные части и failure signs TBD","Другой назначенный участник находит карточку и демонстрирует допустимую часть без устной помощи автора","Профиль; источник; инвентарь; измерения; acceptance log; reviewer; дата","MISSING","MISSING","DENY","Каталожный узел; процедуры и рабочие параметры ещё не созданы","0.5-draft"
"TD-TRANSPORT-ABANDON","TD-TRANSPORT","TRANSPORT","PROCESS","Abandonment plan и переход на ручную переноску","Иметь измеримую и проверяемую способность: abandonment plan и переход на ручную переноску","S2_TRAINED_SUPERVISED","TRAINED_SUPERVISED","TD-BASE-SAFETY|TD-BASE-SITE|TD-BASE-INVENTORY","","MISSING","","До использования задать service level, единицу, объём, срок и критерий приёмки","Точный метод, прибор/reference и неопределённость TBD до исполнения","MISSING_OR_NOT_APPLICABLE","PORTUGAL_AND_SITE_REVIEW_REQUIRED","Потоки, совместимость, хранение и законный маршрут TBD до исполнения","Неизвестная идентичность; отсутствующее полномочие; опасная среда; непроверенный источник; выход за подготовку","Периодичность, расходники, запасные части и failure signs TBD","Другой назначенный участник находит карточку и демонстрирует допустимую часть без устной помощи автора","Профиль; источник; инвентарь; измерения; acceptance log; reviewer; дата","MISSING","MISSING","DENY","Каталожный узел; процедуры и рабочие параметры ещё не созданы","0.5-draft"
"TD-TRANSPORT-ANIMAL","TD-TRANSPORT","TRANSPORT","PROCESS","Тягловые животные при наличии; welfare и handler","Иметь измеримую и проверяемую способность: тягловые животные при наличии; welfare и handler","S3_LICENSED_PROFESSIONAL","LICENSED_ONLY","TD-BASE-SAFETY|TD-BASE-SITE|TD-BASE-INVENTORY","","MISSING","","До использования задать service level, единицу, объём, срок и критерий приёмки","Точный метод, прибор/reference и неопределённость TBD до исполнения","MISSING_OR_NOT_APPLICABLE","PORTUGAL_AND_SITE_REVIEW_REQUIRED","Потоки, совместимость, хранение и законный маршрут TBD до исполнения","Неизвестная идентичность; отсутствующее полномочие; опасная среда; непроверенный источник; выход за подготовку","Периодичность, расходники, запасные части и failure signs TBD","Другой назначенный участник находит карточку и демонстрирует допустимую часть без устной помощи автора","Профиль; источник; инвентарь; измерения; acceptance log; reviewer; дата","MISSING","MISSING","DENY","Каталожный узел; процедуры и рабочие параметры ещё не созданы","0.5-draft"
"TD-TRANSPORT-BOAT","TD-TRANSPORT","TRANSPORT","HAZARD_BOUNDARY","Лодка и побережье только при локальной применимости","Иметь измеримую и проверяемую способность: лодка и побережье только при локальной применимости","S4_REFERENCE_ONLY_PROHIBITED_HOUSEHOLD","REFERENCE_ONLY_NO_BUILD","TD-BASE-SAFETY|TD-BASE-SITE|TD-BASE-INVENTORY","","NO_BUILD_MATERIALS","","Граница распознавания и профессиональный маршрут определены; household execution отсутствует","Official professional references only","NO_BUILD_DRAWINGS","PORTUGAL_AND_SITE_REVIEW_REQUIRED","Потоки, совместимость, хранение и законный маршрут TBD до исполнения","Неизвестная идентичность; отсутствующее полномочие; опасная среда; непроверенный источник; выход за подготовку","Периодичность, расходники, запасные части и failure signs TBD","Другой назначенный участник находит карточку и демонстрирует допустимую часть без устной помощи автора","Профиль; источник; инвентарь; измерения; acceptance log; reviewer; дата","BOUNDARY_DEFINED","REFERENCE_ONLY","REFERENCE_ONLY","Каталожный узел; процедуры и рабочие параметры ещё не созданы","0.5-draft"
"TD-TRANSPORT","TD-ROOT","TRANSPORT","OUTCOME","Перемещение людей; грузов и критических ресурсов","Иметь измеримую и проверяемую способность: перемещение людей; грузов и критических ресурсов","S2_TRAINED_SUPERVISED","TRAINED_SUPERVISED","TD-BASE|TD-TRANSPORT-WALK|TD-TRANSPORT-CARRY|TD-TRANSPORT-CART|TD-TRANSPORT-BICYCLE|TD-TRANSPORT-VEHICLE|TD-TRANSPORT-DRIVER|TD-TRANSPORT-RESTRAINT|TD-TRANSPORT-RANGE|TD-TRANSPORT-PAYLOAD|TD-TRANSPORT-TIRES|TD-TRANSPORT-BRAKES|TD-TRANSPORT-STEERING|TD-TRANSPORT-PUMP|TD-TRANSPORT-JACK|TD-TRANSPORT-TOW|TD-TRANSPORT-REPAIR|TD-TRANSPORT-SPARES|TD-TRANSPORT-ROUTE|TD-TRANSPORT-ABANDON|TD-TRANSPORT-ANIMAL|TD-TRANSPORT-BOAT","","MISSING","","До использования задать service level, единицу, объём, срок и критерий приёмки","Точный метод, прибор/reference и неопределённость TBD до исполнения","MISSING_OR_NOT_APPLICABLE","PORTUGAL_AND_SITE_REVIEW_REQUIRED","Потоки, совместимость, хранение и законный маршрут TBD до исполнения","Неизвестная идентичность; отсутствующее полномочие; опасная среда; непроверенный источник; выход за подготовку","Периодичность, расходники, запасные части и failure signs TBD","Другой назначенный участник находит карточку и демонстрирует допустимую часть без устной помощи автора","Профиль; источник; инвентарь; измерения; acceptance log; reviewer; дата","MISSING","MISSING","DENY","Агрегат: обязательность дочерних узлов определяется technology-dependency-edges.csv","0.5-draft"
"TD-SECURITY-SAFE-DIRECTION","TD-SECURITY","SECURITY","TRAINING","Распознать опасность; уйти; создать дистанцию","Иметь измеримую и проверяемую способность: распознать опасность; уйти; создать дистанцию","S1_LOW_RISK_HOUSEHOLD","HOUSEHOLD_S1_AFTER_GATE","TD-BASE-SAFETY|TD-BASE-SITE|TD-BASE-INVENTORY","","MISSING","","До использования задать service level, единицу, объём, срок и критерий приёмки","Точный метод, прибор/reference и неопределённость TBD до исполнения","MISSING_OR_NOT_APPLICABLE","PORTUGAL_AND_SITE_REVIEW_REQUIRED","Потоки, совместимость, хранение и законный маршрут TBD до исполнения","Неизвестная идентичность; отсутствующее полномочие; опасная среда; непроверенный источник; выход за подготовку","Периодичность, расходники, запасные части и failure signs TBD","Другой назначенный участник находит карточку и демонстрирует допустимую часть без устной помощи автора","Профиль; источник; инвентарь; измерения; acceptance log; reviewer; дата","MISSING","MISSING","DENY","Каталожный узел; процедуры и рабочие параметры ещё не созданы","0.5-draft"
"TD-SECURITY-DEESCALATION","TD-SECURITY","SECURITY","TRAINING","Деэскалация и отказ от самоуправства","Иметь измеримую и проверяемую способность: деэскалация и отказ от самоуправства","S2_TRAINED_SUPERVISED","TRAINED_SUPERVISED","TD-BASE-SAFETY|TD-BASE-SITE|TD-BASE-INVENTORY","","MISSING","","До использования задать service level, единицу, объём, срок и критерий приёмки","Точный метод, прибор/reference и неопределённость TBD до исполнения","MISSING_OR_NOT_APPLICABLE","PORTUGAL_AND_SITE_REVIEW_REQUIRED","Потоки, совместимость, хранение и законный маршрут TBD до исполнения","Неизвестная идентичность; отсутствующее полномочие; опасная среда; непроверенный источник; выход за подготовку","Периодичность, расходники, запасные части и failure signs TBD","Другой назначенный участник находит карточку и демонстрирует допустимую часть без устной помощи автора","Профиль; источник; инвентарь; измерения; acceptance log; reviewer; дата","MISSING","MISSING","DENY","Каталожный узел; процедуры и рабочие параметры ещё не созданы","0.5-draft"
"TD-SECURITY-ACCESS","TD-SECURITY","SECURITY","PROCESS","Механический контроль доступа и ключей","Иметь измеримую и проверяемую способность: механический контроль доступа и ключей","S2_TRAINED_SUPERVISED","TRAINED_SUPERVISED","TD-BASE-SAFETY|TD-BASE-SITE|TD-BASE-INVENTORY","","MISSING","","До использования задать service level, единицу, объём, срок и критерий приёмки","Точный метод, прибор/reference и неопределённость TBD до исполнения","MISSING_OR_NOT_APPLICABLE","PORTUGAL_AND_SITE_REVIEW_REQUIRED","Потоки, совместимость, хранение и законный маршрут TBD до исполнения","Неизвестная идентичность; отсутствующее полномочие; опасная среда; непроверенный источник; выход за подготовку","Периодичность, расходники, запасные части и failure signs TBD","Другой назначенный участник находит карточку и демонстрирует допустимую часть без устной помощи автора","Профиль; источник; инвентарь; измерения; acceptance log; reviewer; дата","MISSING","MISSING","DENY","Каталожный узел; процедуры и рабочие параметры ещё не созданы","0.5-draft"
"TD-SECURITY-VISITORS","TD-SECURITY","SECURITY","GOVERNANCE","Учёт посетителей без незаконного удержания","Иметь измеримую и проверяемую способность: учёт посетителей без незаконного удержания","S1_LOW_RISK_HOUSEHOLD","HOUSEHOLD_S1_AFTER_GATE","TD-BASE-SAFETY|TD-BASE-SITE|TD-BASE-INVENTORY","","MISSING","","До использования задать service level, единицу, объём, срок и критерий приёмки","Точный метод, прибор/reference и неопределённость TBD до исполнения","MISSING_OR_NOT_APPLICABLE","PORTUGAL_AND_SITE_REVIEW_REQUIRED","Потоки, совместимость, хранение и законный маршрут TBD до исполнения","Неизвестная идентичность; отсутствующее полномочие; опасная среда; непроверенный источник; выход за подготовку","Периодичность, расходники, запасные части и failure signs TBD","Другой назначенный участник находит карточку и демонстрирует допустимую часть без устной помощи автора","Профиль; источник; инвентарь; измерения; acceptance log; reviewer; дата","MISSING","MISSING","DENY","Каталожный узел; процедуры и рабочие параметры ещё не созданы","0.5-draft"
"TD-SECURITY-CHILD","TD-SECURITY","SECURITY","GOVERNANCE","Защита детей и зависимых людей","Иметь измеримую и проверяемую способность: защита детей и зависимых людей","S2_TRAINED_SUPERVISED","TRAINED_SUPERVISED","TD-BASE-SAFETY|TD-BASE-SITE|TD-BASE-INVENTORY","","MISSING","","До использования задать service level, единицу, объём, срок и критерий приёмки","Точный метод, прибор/reference и неопределённость TBD до исполнения","MISSING_OR_NOT_APPLICABLE","PORTUGAL_AND_SITE_REVIEW_REQUIRED","Потоки, совместимость, хранение и законный маршрут TBD до исполнения","Неизвестная идентичность; отсутствующее полномочие; опасная среда; непроверенный источник; выход за подготовку","Периодичность, расходники, запасные части и failure signs TBD","Другой назначенный участник находит карточку и демонстрирует допустимую часть без устной помощи автора","Профиль; источник; инвентарь; измерения; acceptance log; reviewer; дата","MISSING","MISSING","DENY","Каталожный узел; процедуры и рабочие параметры ещё не созданы","0.5-draft"
"TD-SECURITY-DV","TD-SECURITY","SECURITY","KNOWLEDGE","Домашнее насилие; конфиденциальный безопасный маршрут","Иметь измеримую и проверяемую способность: домашнее насилие; конфиденциальный безопасный маршрут","S3_LICENSED_PROFESSIONAL","LICENSED_ONLY","TD-BASE-SAFETY|TD-BASE-SITE|TD-BASE-INVENTORY","","MISSING","","До использования задать service level, единицу, объём, срок и критерий приёмки","Точный метод, прибор/reference и неопределённость TBD до исполнения","MISSING_OR_NOT_APPLICABLE","PORTUGAL_AND_SITE_REVIEW_REQUIRED","Потоки, совместимость, хранение и законный маршрут TBD до исполнения","Неизвестная идентичность; отсутствующее полномочие; опасная среда; непроверенный источник; выход за подготовку","Периодичность, расходники, запасные части и failure signs TBD","Другой назначенный участник находит карточку и демонстрирует допустимую часть без устной помощи автора","Профиль; источник; инвентарь; измерения; acceptance log; reviewer; дата","MISSING","MISSING","DENY","Каталожный узел; процедуры и рабочие параметры ещё не созданы","0.5-draft"
"TD-SECURITY-MISSING","TD-SECURITY","SECURITY","PROCESS","Пропавший участник и последняя известная точка","Иметь измеримую и проверяемую способность: пропавший участник и последняя известная точка","S2_TRAINED_SUPERVISED","TRAINED_SUPERVISED","TD-BASE-SAFETY|TD-BASE-SITE|TD-BASE-INVENTORY","","MISSING","","До использования задать service level, единицу, объём, срок и критерий приёмки","Точный метод, прибор/reference и неопределённость TBD до исполнения","MISSING_OR_NOT_APPLICABLE","PORTUGAL_AND_SITE_REVIEW_REQUIRED","Потоки, совместимость, хранение и законный маршрут TBD до исполнения","Неизвестная идентичность; отсутствующее полномочие; опасная среда; непроверенный источник; выход за подготовку","Периодичность, расходники, запасные части и failure signs TBD","Другой назначенный участник находит карточку и демонстрирует допустимую часть без устной помощи автора","Профиль; источник; инвентарь; измерения; acceptance log; reviewer; дата","MISSING","MISSING","DENY","Каталожный узел; процедуры и рабочие параметры ещё не созданы","0.5-draft"
"TD-SECURITY-SAFE-PLACE","TD-SECURITY","SECURITY","SITE_DATA","Заранее выбранное безопасное место","Иметь измеримую и проверяемую способность: заранее выбранное безопасное место","S2_TRAINED_SUPERVISED","TRAINED_SUPERVISED","TD-BASE-SAFETY|TD-BASE-SITE|TD-BASE-INVENTORY","","MISSING","","До использования задать service level, единицу, объём, срок и критерий приёмки","Точный метод, прибор/reference и неопределённость TBD до исполнения","MISSING_OR_NOT_APPLICABLE","PORTUGAL_AND_SITE_REVIEW_REQUIRED","Потоки, совместимость, хранение и законный маршрут TBD до исполнения","Неизвестная идентичность; отсутствующее полномочие; опасная среда; непроверенный источник; выход за подготовку","Периодичность, расходники, запасные части и failure signs TBD","Другой назначенный участник находит карточку и демонстрирует допустимую часть без устной помощи автора","Профиль; источник; инвентарь; измерения; acceptance log; reviewer; дата","MISSING","MISSING","DENY","Каталожный узел; процедуры и рабочие параметры ещё не созданы","0.5-draft"
"TD-SECURITY-CONFLICT","TD-SECURITY","SECURITY","GOVERNANCE","Конфликт интересов; жалоба и независимый review","Иметь измеримую и проверяемую способность: конфликт интересов; жалоба и независимый review","S1_LOW_RISK_HOUSEHOLD","HOUSEHOLD_S1_AFTER_GATE","TD-BASE-SAFETY|TD-BASE-SITE|TD-BASE-INVENTORY","","MISSING","","До использования задать service level, единицу, объём, срок и критерий приёмки","Точный метод, прибор/reference и неопределённость TBD до исполнения","MISSING_OR_NOT_APPLICABLE","PORTUGAL_AND_SITE_REVIEW_REQUIRED","Потоки, совместимость, хранение и законный маршрут TBD до исполнения","Неизвестная идентичность; отсутствующее полномочие; опасная среда; непроверенный источник; выход за подготовку","Периодичность, расходники, запасные части и failure signs TBD","Другой назначенный участник находит карточку и демонстрирует допустимую часть без устной помощи автора","Профиль; источник; инвентарь; измерения; acceptance log; reviewer; дата","MISSING","MISSING","DENY","Каталожный узел; процедуры и рабочие параметры ещё не созданы","0.5-draft"
"TD-SECURITY-LIGHT","TD-SECURITY","SECURITY","PROCESS","Освещение; обзор и устранение скрытых опасных зон","Иметь измеримую и проверяемую способность: освещение; обзор и устранение скрытых опасных зон","S2_TRAINED_SUPERVISED","TRAINED_SUPERVISED","TD-BASE-SAFETY|TD-BASE-SITE|TD-BASE-INVENTORY","","MISSING","","До использования задать service level, единицу, объём, срок и критерий приёмки","Точный метод, прибор/reference и неопределённость TBD до исполнения","MISSING_OR_NOT_APPLICABLE","PORTUGAL_AND_SITE_REVIEW_REQUIRED","Потоки, совместимость, хранение и законный маршрут TBD до исполнения","Неизвестная идентичность; отсутствующее полномочие; опасная среда; непроверенный источник; выход за подготовку","Периодичность, расходники, запасные части и failure signs TBD","Другой назначенный участник находит карточку и демонстрирует допустимую часть без устной помощи автора","Профиль; источник; инвентарь; измерения; acceptance log; reviewer; дата","MISSING","MISSING","DENY","Каталожный узел; процедуры и рабочие параметры ещё не созданы","0.5-draft"
"TD-SECURITY-INCIDENT","TD-SECURITY","SECURITY","GOVERNANCE","Журнал инцидентов с минимизацией персональных данных","Иметь измеримую и проверяемую способность: журнал инцидентов с минимизацией персональных данных","S1_LOW_RISK_HOUSEHOLD","HOUSEHOLD_S1_AFTER_GATE","TD-BASE-SAFETY|TD-BASE-SITE|TD-BASE-INVENTORY","","MISSING","","До использования задать service level, единицу, объём, срок и критерий приёмки","Точный метод, прибор/reference и неопределённость TBD до исполнения","MISSING_OR_NOT_APPLICABLE","PORTUGAL_AND_SITE_REVIEW_REQUIRED","Потоки, совместимость, хранение и законный маршрут TBD до исполнения","Неизвестная идентичность; отсутствующее полномочие; опасная среда; непроверенный источник; выход за подготовку","Периодичность, расходники, запасные части и failure signs TBD","Другой назначенный участник находит карточку и демонстрирует допустимую часть без устной помощи автора","Профиль; источник; инвентарь; измерения; acceptance log; reviewer; дата","MISSING","MISSING","DENY","Каталожный узел; процедуры и рабочие параметры ещё не созданы","0.5-draft"
"TD-SECURITY-NO-OFFENSE","TD-SECURITY","SECURITY","HAZARD_BOUNDARY","Запрет наступательных; взрывных и токсичных систем","Иметь измеримую и проверяемую способность: запрет наступательных; взрывных и токсичных систем","S4_REFERENCE_ONLY_PROHIBITED_HOUSEHOLD","REFERENCE_ONLY_NO_BUILD","TD-BASE-SAFETY|TD-BASE-SITE|TD-BASE-INVENTORY","","NO_BUILD_MATERIALS","","Граница распознавания и профессиональный маршрут определены; household execution отсутствует","Official professional references only","NO_BUILD_DRAWINGS","PORTUGAL_AND_SITE_REVIEW_REQUIRED","Потоки, совместимость, хранение и законный маршрут TBD до исполнения","Неизвестная идентичность; отсутствующее полномочие; опасная среда; непроверенный источник; выход за подготовку","Периодичность, расходники, запасные части и failure signs TBD","Другой назначенный участник находит карточку и демонстрирует допустимую часть без устной помощи автора","Профиль; источник; инвентарь; измерения; acceptance log; reviewer; дата","BOUNDARY_DEFINED","REFERENCE_ONLY","REFERENCE_ONLY","Каталожный узел; процедуры и рабочие параметры ещё не созданы","0.5-draft"
"TD-SECURITY","TD-ROOT","SECURITY","OUTCOME","Безопасность людей; доступ и safeguarding","Иметь измеримую и проверяемую способность: безопасность людей; доступ и safeguarding","S2_TRAINED_SUPERVISED","TRAINED_SUPERVISED","TD-BASE|TD-SECURITY-SAFE-DIRECTION|TD-SECURITY-DEESCALATION|TD-SECURITY-ACCESS|TD-SECURITY-VISITORS|TD-SECURITY-CHILD|TD-SECURITY-DV|TD-SECURITY-MISSING|TD-SECURITY-SAFE-PLACE|TD-SECURITY-CONFLICT|TD-SECURITY-LIGHT|TD-SECURITY-INCIDENT|TD-SECURITY-NO-OFFENSE","","MISSING","","До использования задать service level, единицу, объём, срок и критерий приёмки","Точный метод, прибор/reference и неопределённость TBD до исполнения","MISSING_OR_NOT_APPLICABLE","PORTUGAL_AND_SITE_REVIEW_REQUIRED","Потоки, совместимость, хранение и законный маршрут TBD до исполнения","Неизвестная идентичность; отсутствующее полномочие; опасная среда; непроверенный источник; выход за подготовку","Периодичность, расходники, запасные части и failure signs TBD","Другой назначенный участник находит карточку и демонстрирует допустимую часть без устной помощи автора","Профиль; источник; инвентарь; измерения; acceptance log; reviewer; дата","MISSING","MISSING","DENY","Агрегат: обязательность дочерних узлов определяется technology-dependency-edges.csv","0.5-draft"
"TD-WORKSHOP-SPACE","TD-WORKSHOP","WORKSHOP","SITE_DATA","Рабочее пространство; проходы и уборка","Иметь измеримую и проверяемую способность: рабочее пространство; проходы и уборка","S2_TRAINED_SUPERVISED","TRAINED_SUPERVISED","TD-BASE-SAFETY|TD-BASE-SITE|TD-BASE-INVENTORY","","MISSING","","До использования задать service level, единицу, объём, срок и критерий приёмки","Точный метод, прибор/reference и неопределённость TBD до исполнения","MISSING_OR_NOT_APPLICABLE","PORTUGAL_AND_SITE_REVIEW_REQUIRED","Потоки, совместимость, хранение и законный маршрут TBD до исполнения","Неизвестная идентичность; отсутствующее полномочие; опасная среда; непроверенный источник; выход за подготовку","Периодичность, расходники, запасные части и failure signs TBD","Другой назначенный участник находит карточку и демонстрирует допустимую часть без устной помощи автора","Профиль; источник; инвентарь; измерения; acceptance log; reviewer; дата","MISSING","MISSING","DENY","Каталожный узел; процедуры и рабочие параметры ещё не созданы","0.5-draft"
"TD-WORKSHOP-LIGHT","TD-WORKSHOP","WORKSHOP","MATERIAL","Освещение рабочего места","Иметь измеримую и проверяемую способность: освещение рабочего места","S1_LOW_RISK_HOUSEHOLD","HOUSEHOLD_S1_AFTER_GATE","TD-BASE-SAFETY|TD-BASE-SITE|TD-BASE-INVENTORY","","MISSING","","До использования задать service level, единицу, объём, срок и критерий приёмки","Точный метод, прибор/reference и неопределённость TBD до исполнения","MISSING_OR_NOT_APPLICABLE","PORTUGAL_AND_SITE_REVIEW_REQUIRED","Потоки, совместимость, хранение и законный маршрут TBD до исполнения","Неизвестная идентичность; отсутствующее полномочие; опасная среда; непроверенный источник; выход за подготовку","Периодичность, расходники, запасные части и failure signs TBD","Другой назначенный участник находит карточку и демонстрирует допустимую часть без устной помощи автора","Профиль; источник; инвентарь; измерения; acceptance log; reviewer; дата","MISSING","MISSING","DENY","Каталожный узел; процедуры и рабочие параметры ещё не созданы","0.5-draft"
"TD-WORKSHOP-VENT","TD-WORKSHOP","WORKSHOP","PROCESS","Вентиляция; пыль и пары","Иметь измеримую и проверяемую способность: вентиляция; пыль и пары","S3_LICENSED_PROFESSIONAL","LICENSED_ONLY","TD-BASE-SAFETY|TD-BASE-SITE|TD-BASE-INVENTORY","","MISSING","","До использования задать service level, единицу, объём, срок и критерий приёмки","Точный метод, прибор/reference и неопределённость TBD до исполнения","MISSING_OR_NOT_APPLICABLE","PORTUGAL_AND_SITE_REVIEW_REQUIRED","Потоки, совместимость, хранение и законный маршрут TBD до исполнения","Неизвестная идентичность; отсутствующее полномочие; опасная среда; непроверенный источник; выход за подготовку","Периодичность, расходники, запасные части и failure signs TBD","Другой назначенный участник находит карточку и демонстрирует допустимую часть без устной помощи автора","Профиль; источник; инвентарь; измерения; acceptance log; reviewer; дата","MISSING","MISSING","DENY","Каталожный узел; процедуры и рабочие параметры ещё не созданы","0.5-draft"
"TD-WORKSHOP-FIRE","TD-WORKSHOP","WORKSHOP","PROCESS","Пожарная безопасность мастерской","Иметь измеримую и проверяемую способность: пожарная безопасность мастерской","S2_TRAINED_SUPERVISED","TRAINED_SUPERVISED","TD-BASE-SAFETY|TD-BASE-SITE|TD-BASE-INVENTORY","","MISSING","","До использования задать service level, единицу, объём, срок и критерий приёмки","Точный метод, прибор/reference и неопределённость TBD до исполнения","MISSING_OR_NOT_APPLICABLE","PORTUGAL_AND_SITE_REVIEW_REQUIRED","Потоки, совместимость, хранение и законный маршрут TBD до исполнения","Неизвестная идентичность; отсутствующее полномочие; опасная среда; непроверенный источник; выход за подготовку","Периодичность, расходники, запасные части и failure signs TBD","Другой назначенный участник находит карточку и демонстрирует допустимую часть без устной помощи автора","Профиль; источник; инвентарь; измерения; acceptance log; reviewer; дата","MISSING","MISSING","DENY","Каталожный узел; процедуры и рабочие параметры ещё не созданы","0.5-draft"
"TD-WORKSHOP-PPE","TD-WORKSHOP","WORKSHOP","MATERIAL","PPE по конкретной операции","Иметь измеримую и проверяемую способность: ppe по конкретной операции","S2_TRAINED_SUPERVISED","TRAINED_SUPERVISED","TD-BASE-SAFETY|TD-BASE-SITE|TD-BASE-INVENTORY","","MISSING","","До использования задать service level, единицу, объём, срок и критерий приёмки","Точный метод, прибор/reference и неопределённость TBD до исполнения","MISSING_OR_NOT_APPLICABLE","PORTUGAL_AND_SITE_REVIEW_REQUIRED","Потоки, совместимость, хранение и законный маршрут TBD до исполнения","Неизвестная идентичность; отсутствующее полномочие; опасная среда; непроверенный источник; выход за подготовку","Периодичность, расходники, запасные части и failure signs TBD","Другой назначенный участник находит карточку и демонстрирует допустимую часть без устной помощи автора","Профиль; источник; инвентарь; измерения; acceptance log; reviewer; дата","MISSING","MISSING","DENY","Каталожный узел; процедуры и рабочие параметры ещё не созданы","0.5-draft"
"TD-WORKSHOP-CUSTODY","TD-WORKSHOP","WORKSHOP","GOVERNANCE","Выдача; возврат и состояние инструмента","Иметь измеримую и проверяемую способность: выдача; возврат и состояние инструмента","S1_LOW_RISK_HOUSEHOLD","HOUSEHOLD_S1_AFTER_GATE","TD-BASE-SAFETY|TD-BASE-SITE|TD-BASE-INVENTORY","","MISSING","","До использования задать service level, единицу, объём, срок и критерий приёмки","Точный метод, прибор/reference и неопределённость TBD до исполнения","MISSING_OR_NOT_APPLICABLE","PORTUGAL_AND_SITE_REVIEW_REQUIRED","Потоки, совместимость, хранение и законный маршрут TBD до исполнения","Неизвестная идентичность; отсутствующее полномочие; опасная среда; непроверенный источник; выход за подготовку","Периодичность, расходники, запасные части и failure signs TBD","Другой назначенный участник находит карточку и демонстрирует допустимую часть без устной помощи автора","Профиль; источник; инвентарь; измерения; acceptance log; reviewer; дата","MISSING","MISSING","DENY","Каталожный узел; процедуры и рабочие параметры ещё не созданы","0.5-draft"
"TD-WORKSHOP-MARK","TD-WORKSHOP","WORKSHOP","PROCESS","Разметка и reference surfaces","Иметь измеримую и проверяемую способность: разметка и reference surfaces","S1_LOW_RISK_HOUSEHOLD","HOUSEHOLD_S1_AFTER_GATE","TD-BASE-SAFETY|TD-BASE-SITE|TD-BASE-INVENTORY","","MISSING","","До использования задать service level, единицу, объём, срок и критерий приёмки","Точный метод, прибор/reference и неопределённость TBD до исполнения","MISSING_OR_NOT_APPLICABLE","PORTUGAL_AND_SITE_REVIEW_REQUIRED","Потоки, совместимость, хранение и законный маршрут TBD до исполнения","Неизвестная идентичность; отсутствующее полномочие; опасная среда; непроверенный источник; выход за подготовку","Периодичность, расходники, запасные части и failure signs TBD","Другой назначенный участник находит карточку и демонстрирует допустимую часть без устной помощи автора","Профиль; источник; инвентарь; измерения; acceptance log; reviewer; дата","MISSING","MISSING","DENY","Каталожный узел; процедуры и рабочие параметры ещё не созданы","0.5-draft"
"TD-WORKSHOP-TEMPLATES","TD-WORKSHOP","WORKSHOP","DRAWING","Шаблоны; кондукторы и повторяемость","Иметь измеримую и проверяемую способность: шаблоны; кондукторы и повторяемость","S2_TRAINED_SUPERVISED","TRAINED_SUPERVISED","TD-BASE-SAFETY|TD-BASE-SITE|TD-BASE-INVENTORY","","MISSING","","До использования задать service level, единицу, объём, срок и критерий приёмки","Точный метод, прибор/reference и неопределённость TBD до исполнения","MISSING_OR_NOT_APPLICABLE","PORTUGAL_AND_SITE_REVIEW_REQUIRED","Потоки, совместимость, хранение и законный маршрут TBD до исполнения","Неизвестная идентичность; отсутствующее полномочие; опасная среда; непроверенный источник; выход за подготовку","Периодичность, расходники, запасные части и failure signs TBD","Другой назначенный участник находит карточку и демонстрирует допустимую часть без устной помощи автора","Профиль; источник; инвентарь; измерения; acceptance log; reviewer; дата","MISSING","MISSING","DENY","Каталожный узел; процедуры и рабочие параметры ещё не созданы","0.5-draft"
"TD-WORKSHOP-HOLD","TD-WORKSHOP","WORKSHOP","TOOL","Удержание детали и workholding","Иметь измеримую и проверяемую способность: удержание детали и workholding","S2_TRAINED_SUPERVISED","TRAINED_SUPERVISED","TD-BASE-SAFETY|TD-BASE-SITE|TD-BASE-INVENTORY","","MISSING","","До использования задать service level, единицу, объём, срок и критерий приёмки","Точный метод, прибор/reference и неопределённость TBD до исполнения","MISSING_OR_NOT_APPLICABLE","PORTUGAL_AND_SITE_REVIEW_REQUIRED","Потоки, совместимость, хранение и законный маршрут TBD до исполнения","Неизвестная идентичность; отсутствующее полномочие; опасная среда; непроверенный источник; выход за подготовку","Периодичность, расходники, запасные части и failure signs TBD","Другой назначенный участник находит карточку и демонстрирует допустимую часть без устной помощи автора","Профиль; источник; инвентарь; измерения; acceptance log; reviewer; дата","MISSING","MISSING","DENY","Каталожный узел; процедуры и рабочие параметры ещё не созданы","0.5-draft"
"TD-WORKSHOP-CUT","TD-WORKSHOP","WORKSHOP","TRAINING","Ручная резка","Иметь измеримую и проверяемую способность: ручная резка","S2_TRAINED_SUPERVISED","TRAINED_SUPERVISED","TD-BASE-SAFETY|TD-BASE-SITE|TD-BASE-INVENTORY","","MISSING","","До использования задать service level, единицу, объём, срок и критерий приёмки","Точный метод, прибор/reference и неопределённость TBD до исполнения","MISSING_OR_NOT_APPLICABLE","PORTUGAL_AND_SITE_REVIEW_REQUIRED","Потоки, совместимость, хранение и законный маршрут TBD до исполнения","Неизвестная идентичность; отсутствующее полномочие; опасная среда; непроверенный источник; выход за подготовку","Периодичность, расходники, запасные части и failure signs TBD","Другой назначенный участник находит карточку и демонстрирует допустимую часть без устной помощи автора","Профиль; источник; инвентарь; измерения; acceptance log; reviewer; дата","MISSING","MISSING","DENY","Каталожный узел; процедуры и рабочие параметры ещё не созданы","0.5-draft"
"TD-WORKSHOP-DRILL","TD-WORKSHOP","WORKSHOP","TRAINING","Ручное и маломощное сверление","Иметь измеримую и проверяемую способность: ручное и маломощное сверление","S2_TRAINED_SUPERVISED","TRAINED_SUPERVISED","TD-BASE-SAFETY|TD-BASE-SITE|TD-BASE-INVENTORY","","MISSING","","До использования задать service level, единицу, объём, срок и критерий приёмки","Точный метод, прибор/reference и неопределённость TBD до исполнения","MISSING_OR_NOT_APPLICABLE","PORTUGAL_AND_SITE_REVIEW_REQUIRED","Потоки, совместимость, хранение и законный маршрут TBD до исполнения","Неизвестная идентичность; отсутствующее полномочие; опасная среда; непроверенный источник; выход за подготовку","Периодичность, расходники, запасные части и failure signs TBD","Другой назначенный участник находит карточку и демонстрирует допустимую часть без устной помощи автора","Профиль; источник; инвентарь; измерения; acceptance log; reviewer; дата","MISSING","MISSING","DENY","Каталожный узел; процедуры и рабочие параметры ещё не созданы","0.5-draft"
"TD-WORKSHOP-FILE","TD-WORKSHOP","WORKSHOP","TRAINING","Опиливание и снятие заусенцев","Иметь измеримую и проверяемую способность: опиливание и снятие заусенцев","S2_TRAINED_SUPERVISED","TRAINED_SUPERVISED","TD-BASE-SAFETY|TD-BASE-SITE|TD-BASE-INVENTORY","","MISSING","","До использования задать service level, единицу, объём, срок и критерий приёмки","Точный метод, прибор/reference и неопределённость TBD до исполнения","MISSING_OR_NOT_APPLICABLE","PORTUGAL_AND_SITE_REVIEW_REQUIRED","Потоки, совместимость, хранение и законный маршрут TBD до исполнения","Неизвестная идентичность; отсутствующее полномочие; опасная среда; непроверенный источник; выход за подготовку","Периодичность, расходники, запасные части и failure signs TBD","Другой назначенный участник находит карточку и демонстрирует допустимую часть без устной помощи автора","Профиль; источник; инвентарь; измерения; acceptance log; reviewer; дата","MISSING","MISSING","DENY","Каталожный узел; процедуры и рабочие параметры ещё не созданы","0.5-draft"
"TD-WORKSHOP-PLANE","TD-WORKSHOP","WORKSHOP","TRAINING","Строгание древесины","Иметь измеримую и проверяемую способность: строгание древесины","S2_TRAINED_SUPERVISED","TRAINED_SUPERVISED","TD-BASE-SAFETY|TD-BASE-SITE|TD-BASE-INVENTORY","","MISSING","","До использования задать service level, единицу, объём, срок и критерий приёмки","Точный метод, прибор/reference и неопределённость TBD до исполнения","MISSING_OR_NOT_APPLICABLE","PORTUGAL_AND_SITE_REVIEW_REQUIRED","Потоки, совместимость, хранение и законный маршрут TBD до исполнения","Неизвестная идентичность; отсутствующее полномочие; опасная среда; непроверенный источник; выход за подготовку","Периодичность, расходники, запасные части и failure signs TBD","Другой назначенный участник находит карточку и демонстрирует допустимую часть без устной помощи автора","Профиль; источник; инвентарь; измерения; acceptance log; reviewer; дата","MISSING","MISSING","DENY","Каталожный узел; процедуры и рабочие параметры ещё не созданы","0.5-draft"
"TD-WORKSHOP-ABRASIVE","TD-WORKSHOP","WORKSHOP","PROCESS","Абразивная обработка и контроль пыли","Иметь измеримую и проверяемую способность: абразивная обработка и контроль пыли","S3_LICENSED_PROFESSIONAL","LICENSED_ONLY","TD-BASE-SAFETY|TD-BASE-SITE|TD-BASE-INVENTORY","","MISSING","","До использования задать service level, единицу, объём, срок и критерий приёмки","Точный метод, прибор/reference и неопределённость TBD до исполнения","MISSING_OR_NOT_APPLICABLE","PORTUGAL_AND_SITE_REVIEW_REQUIRED","Потоки, совместимость, хранение и законный маршрут TBD до исполнения","Неизвестная идентичность; отсутствующее полномочие; опасная среда; непроверенный источник; выход за подготовку","Периодичность, расходники, запасные части и failure signs TBD","Другой назначенный участник находит карточку и демонстрирует допустимую часть без устной помощи автора","Профиль; источник; инвентарь; измерения; acceptance log; reviewer; дата","MISSING","MISSING","DENY","Каталожный узел; процедуры и рабочие параметры ещё не созданы","0.5-draft"
"TD-WORKSHOP-SHARPEN","TD-WORKSHOP","WORKSHOP","PROCESS","Заточка и проверка режущего инструмента","Иметь измеримую и проверяемую способность: заточка и проверка режущего инструмента","S2_TRAINED_SUPERVISED","TRAINED_SUPERVISED","TD-BASE-SAFETY|TD-BASE-SITE|TD-BASE-INVENTORY","","MISSING","","До использования задать service level, единицу, объём, срок и критерий приёмки","Точный метод, прибор/reference и неопределённость TBD до исполнения","MISSING_OR_NOT_APPLICABLE","PORTUGAL_AND_SITE_REVIEW_REQUIRED","Потоки, совместимость, хранение и законный маршрут TBD до исполнения","Неизвестная идентичность; отсутствующее полномочие; опасная среда; непроверенный источник; выход за подготовку","Периодичность, расходники, запасные части и failure signs TBD","Другой назначенный участник находит карточку и демонстрирует допустимую часть без устной помощи автора","Профиль; источник; инвентарь; измерения; acceptance log; reviewer; дата","MISSING","MISSING","DENY","Каталожный узел; процедуры и рабочие параметры ещё не созданы","0.5-draft"
"TD-WORKSHOP-FASTEN","TD-WORKSHOP","WORKSHOP","PROCESS","Крепёж; резьбы и стандартные размеры","Иметь измеримую и проверяемую способность: крепёж; резьбы и стандартные размеры","S2_TRAINED_SUPERVISED","TRAINED_SUPERVISED","TD-BASE-SAFETY|TD-BASE-SITE|TD-BASE-INVENTORY","","MISSING","","До использования задать service level, единицу, объём, срок и критерий приёмки","Точный метод, прибор/reference и неопределённость TBD до исполнения","MISSING_OR_NOT_APPLICABLE","PORTUGAL_AND_SITE_REVIEW_REQUIRED","Потоки, совместимость, хранение и законный маршрут TBD до исполнения","Неизвестная идентичность; отсутствующее полномочие; опасная среда; непроверенный источник; выход за подготовку","Периодичность, расходники, запасные части и failure signs TBD","Другой назначенный участник находит карточку и демонстрирует допустимую часть без устной помощи автора","Профиль; источник; инвентарь; измерения; acceptance log; reviewer; дата","MISSING","MISSING","DENY","Каталожный узел; процедуры и рабочие параметры ещё не созданы","0.5-draft"
"TD-WORKSHOP-TORQUE","TD-WORKSHOP","WORKSHOP","TEST","Момент затяжки и критические соединения","Иметь измеримую и проверяемую способность: момент затяжки и критические соединения","S3_LICENSED_PROFESSIONAL","LICENSED_ONLY","TD-BASE-SAFETY|TD-BASE-SITE|TD-BASE-INVENTORY","","MISSING","","До использования задать service level, единицу, объём, срок и критерий приёмки","Точный метод, прибор/reference и неопределённость TBD до исполнения","MISSING_OR_NOT_APPLICABLE","PORTUGAL_AND_SITE_REVIEW_REQUIRED","Потоки, совместимость, хранение и законный маршрут TBD до исполнения","Неизвестная идентичность; отсутствующее полномочие; опасная среда; непроверенный источник; выход за подготовку","Периодичность, расходники, запасные части и failure signs TBD","Другой назначенный участник находит карточку и демонстрирует допустимую часть без устной помощи автора","Профиль; источник; инвентарь; измерения; acceptance log; reviewer; дата","MISSING","MISSING","DENY","Каталожный узел; процедуры и рабочие параметры ещё не созданы","0.5-draft"
"TD-WORKSHOP-ADHESIVE","TD-WORKSHOP","WORKSHOP","PROCESS","Клеевые соединения по маркировке и совместимости","Иметь измеримую и проверяемую способность: клеевые соединения по маркировке и совместимости","S2_TRAINED_SUPERVISED","TRAINED_SUPERVISED","TD-BASE-SAFETY|TD-BASE-SITE|TD-BASE-INVENTORY","","MISSING","","До использования задать service level, единицу, объём, срок и критерий приёмки","Точный метод, прибор/reference и неопределённость TBD до исполнения","MISSING_OR_NOT_APPLICABLE","PORTUGAL_AND_SITE_REVIEW_REQUIRED","Потоки, совместимость, хранение и законный маршрут TBD до исполнения","Неизвестная идентичность; отсутствующее полномочие; опасная среда; непроверенный источник; выход за подготовку","Периодичность, расходники, запасные части и failure signs TBD","Другой назначенный участник находит карточку и демонстрирует допустимую часть без устной помощи автора","Профиль; источник; инвентарь; измерения; acceptance log; reviewer; дата","MISSING","MISSING","DENY","Каталожный узел; процедуры и рабочие параметры ещё не созданы","0.5-draft"
"TD-WORKSHOP-SEW","TD-WORKSHOP","WORKSHOP","PROCESS","Швы; ремонт ткани и мягкого снаряжения","Иметь измеримую и проверяемую способность: швы; ремонт ткани и мягкого снаряжения","S1_LOW_RISK_HOUSEHOLD","HOUSEHOLD_S1_AFTER_GATE","TD-BASE-SAFETY|TD-BASE-SITE|TD-BASE-INVENTORY","","MISSING","","До использования задать service level, единицу, объём, срок и критерий приёмки","Точный метод, прибор/reference и неопределённость TBD до исполнения","MISSING_OR_NOT_APPLICABLE","PORTUGAL_AND_SITE_REVIEW_REQUIRED","Потоки, совместимость, хранение и законный маршрут TBD до исполнения","Неизвестная идентичность; отсутствующее полномочие; опасная среда; непроверенный источник; выход за подготовку","Периодичность, расходники, запасные части и failure signs TBD","Другой назначенный участник находит карточку и демонстрирует допустимую часть без устной помощи автора","Профиль; источник; инвентарь; измерения; acceptance log; reviewer; дата","MISSING","MISSING","DENY","Каталожный узел; процедуры и рабочие параметры ещё не созданы","0.5-draft"
"TD-WORKSHOP-ROPE","TD-WORKSHOP","WORKSHOP","TRAINING","Канаты; узлы; сети и такелаж без life-safety импровизации","Иметь измеримую и проверяемую способность: канаты; узлы; сети и такелаж без life-safety импровизации","S2_TRAINED_SUPERVISED","TRAINED_SUPERVISED","TD-BASE-SAFETY|TD-BASE-SITE|TD-BASE-INVENTORY","","MISSING","","До использования задать service level, единицу, объём, срок и критерий приёмки","Точный метод, прибор/reference и неопределённость TBD до исполнения","MISSING_OR_NOT_APPLICABLE","PORTUGAL_AND_SITE_REVIEW_REQUIRED","Потоки, совместимость, хранение и законный маршрут TBD до исполнения","Неизвестная идентичность; отсутствующее полномочие; опасная среда; непроверенный источник; выход за подготовку","Периодичность, расходники, запасные части и failure signs TBD","Другой назначенный участник находит карточку и демонстрирует допустимую часть без устной помощи автора","Профиль; источник; инвентарь; измерения; acceptance log; reviewer; дата","MISSING","MISSING","DENY","Каталожный узел; процедуры и рабочие параметры ещё не созданы","0.5-draft"
"TD-WORKSHOP-METAL-COLD","TD-WORKSHOP","WORKSHOP","PROCESS","Холодная обработка металла","Иметь измеримую и проверяемую способность: холодная обработка металла","S3_LICENSED_PROFESSIONAL","LICENSED_ONLY","TD-BASE-SAFETY|TD-BASE-SITE|TD-BASE-INVENTORY","","MISSING","","До использования задать service level, единицу, объём, срок и критерий приёмки","Точный метод, прибор/reference и неопределённость TBD до исполнения","MISSING_OR_NOT_APPLICABLE","PORTUGAL_AND_SITE_REVIEW_REQUIRED","Потоки, совместимость, хранение и законный маршрут TBD до исполнения","Неизвестная идентичность; отсутствующее полномочие; опасная среда; непроверенный источник; выход за подготовку","Периодичность, расходники, запасные части и failure signs TBD","Другой назначенный участник находит карточку и демонстрирует допустимую часть без устной помощи автора","Профиль; источник; инвентарь; измерения; acceptance log; reviewer; дата","MISSING","MISSING","DENY","Каталожный узел; процедуры и рабочие параметры ещё не созданы","0.5-draft"
"TD-WORKSHOP-PLUMBING","TD-WORKSHOP","WORKSHOP","PROCESS","Низкорисковый ремонт сантехники","Иметь измеримую и проверяемую способность: низкорисковый ремонт сантехники","S2_TRAINED_SUPERVISED","TRAINED_SUPERVISED","TD-BASE-SAFETY|TD-BASE-SITE|TD-BASE-INVENTORY","","MISSING","","До использования задать service level, единицу, объём, срок и критерий приёмки","Точный метод, прибор/reference и неопределённость TBD до исполнения","MISSING_OR_NOT_APPLICABLE","PORTUGAL_AND_SITE_REVIEW_REQUIRED","Потоки, совместимость, хранение и законный маршрут TBD до исполнения","Неизвестная идентичность; отсутствующее полномочие; опасная среда; непроверенный источник; выход за подготовку","Периодичность, расходники, запасные части и failure signs TBD","Другой назначенный участник находит карточку и демонстрирует допустимую часть без устной помощи автора","Профиль; источник; инвентарь; измерения; acceptance log; reviewer; дата","MISSING","MISSING","DENY","Каталожный узел; процедуры и рабочие параметры ещё не созданы","0.5-draft"
"TD-WORKSHOP-PUMPS","TD-WORKSHOP","WORKSHOP","MAINTENANCE","Насосы; клапаны и уплотнения","Иметь измеримую и проверяемую способность: насосы; клапаны и уплотнения","S3_LICENSED_PROFESSIONAL","LICENSED_ONLY","TD-BASE-SAFETY|TD-BASE-SITE|TD-BASE-INVENTORY","","MISSING","","До использования задать service level, единицу, объём, срок и критерий приёмки","Точный метод, прибор/reference и неопределённость TBD до исполнения","MISSING_OR_NOT_APPLICABLE","PORTUGAL_AND_SITE_REVIEW_REQUIRED","Потоки, совместимость, хранение и законный маршрут TBD до исполнения","Неизвестная идентичность; отсутствующее полномочие; опасная среда; непроверенный источник; выход за подготовку","Периодичность, расходники, запасные части и failure signs TBD","Другой назначенный участник находит карточку и демонстрирует допустимую часть без устной помощи автора","Профиль; источник; инвентарь; измерения; acceptance log; reviewer; дата","MISSING","MISSING","DENY","Каталожный узел; процедуры и рабочие параметры ещё не созданы","0.5-draft"
"TD-WORKSHOP-BICYCLE","TD-WORKSHOP","WORKSHOP","MAINTENANCE","Обслуживание велосипеда","Иметь измеримую и проверяемую способность: обслуживание велосипеда","S2_TRAINED_SUPERVISED","TRAINED_SUPERVISED","TD-BASE-SAFETY|TD-BASE-SITE|TD-BASE-INVENTORY","","MISSING","","До использования задать service level, единицу, объём, срок и критерий приёмки","Точный метод, прибор/reference и неопределённость TBD до исполнения","MISSING_OR_NOT_APPLICABLE","PORTUGAL_AND_SITE_REVIEW_REQUIRED","Потоки, совместимость, хранение и законный маршрут TBD до исполнения","Неизвестная идентичность; отсутствующее полномочие; опасная среда; непроверенный источник; выход за подготовку","Периодичность, расходники, запасные части и failure signs TBD","Другой назначенный участник находит карточку и демонстрирует допустимую часть без устной помощи автора","Профиль; источник; инвентарь; измерения; acceptance log; reviewer; дата","MISSING","MISSING","DENY","Каталожный узел; процедуры и рабочие параметры ещё не созданы","0.5-draft"
"TD-WORKSHOP-CART","TD-WORKSHOP","WORKSHOP","MAINTENANCE","Обслуживание ручной тележки","Иметь измеримую и проверяемую способность: обслуживание ручной тележки","S2_TRAINED_SUPERVISED","TRAINED_SUPERVISED","TD-BASE-SAFETY|TD-BASE-SITE|TD-BASE-INVENTORY","","MISSING","","До использования задать service level, единицу, объём, срок и критерий приёмки","Точный метод, прибор/reference и неопределённость TBD до исполнения","MISSING_OR_NOT_APPLICABLE","PORTUGAL_AND_SITE_REVIEW_REQUIRED","Потоки, совместимость, хранение и законный маршрут TBD до исполнения","Неизвестная идентичность; отсутствующее полномочие; опасная среда; непроверенный источник; выход за подготовку","Периодичность, расходники, запасные части и failure signs TBD","Другой назначенный участник находит карточку и демонстрирует допустимую часть без устной помощи автора","Профиль; источник; инвентарь; измерения; acceptance log; reviewer; дата","MISSING","MISSING","DENY","Каталожный узел; процедуры и рабочие параметры ещё не созданы","0.5-draft"
"TD-WORKSHOP-FOOTWEAR","TD-WORKSHOP","WORKSHOP","PROCESS","Ремонт обуви","Иметь измеримую и проверяемую способность: ремонт обуви","S2_TRAINED_SUPERVISED","TRAINED_SUPERVISED","TD-BASE-SAFETY|TD-BASE-SITE|TD-BASE-INVENTORY","","MISSING","","До использования задать service level, единицу, объём, срок и критерий приёмки","Точный метод, прибор/reference и неопределённость TBD до исполнения","MISSING_OR_NOT_APPLICABLE","PORTUGAL_AND_SITE_REVIEW_REQUIRED","Потоки, совместимость, хранение и законный маршрут TBD до исполнения","Неизвестная идентичность; отсутствующее полномочие; опасная среда; непроверенный источник; выход за подготовку","Периодичность, расходники, запасные части и failure signs TBD","Другой назначенный участник находит карточку и демонстрирует допустимую часть без устной помощи автора","Профиль; источник; инвентарь; измерения; acceptance log; reviewer; дата","MISSING","MISSING","DENY","Каталожный узел; процедуры и рабочие параметры ещё не созданы","0.5-draft"
"TD-WORKSHOP-DONOR","TD-WORKSHOP","WORKSHOP","PROCESS","Сортировка доноров и карантин неизвестных компонентов","Иметь измеримую и проверяемую способность: сортировка доноров и карантин неизвестных компонентов","S2_TRAINED_SUPERVISED","TRAINED_SUPERVISED","TD-BASE-SAFETY|TD-BASE-SITE|TD-BASE-INVENTORY","","MISSING","","До использования задать service level, единицу, объём, срок и критерий приёмки","Точный метод, прибор/reference и неопределённость TBD до исполнения","MISSING_OR_NOT_APPLICABLE","PORTUGAL_AND_SITE_REVIEW_REQUIRED","Потоки, совместимость, хранение и законный маршрут TBD до исполнения","Неизвестная идентичность; отсутствующее полномочие; опасная среда; непроверенный источник; выход за подготовку","Периодичность, расходники, запасные части и failure signs TBD","Другой назначенный участник находит карточку и демонстрирует допустимую часть без устной помощи автора","Профиль; источник; инвентарь; измерения; acceptance log; reviewer; дата","MISSING","MISSING","DENY","Каталожный узел; процедуры и рабочие параметры ещё не созданы","0.5-draft"
"TD-WORKSHOP-CONSUMABLES","TD-WORKSHOP","WORKSHOP","MATERIAL","Расходники и минимальные остатки","Иметь измеримую и проверяемую способность: расходники и минимальные остатки","S1_LOW_RISK_HOUSEHOLD","HOUSEHOLD_S1_AFTER_GATE","TD-BASE-SAFETY|TD-BASE-SITE|TD-BASE-INVENTORY","","MISSING","","До использования задать service level, единицу, объём, срок и критерий приёмки","Точный метод, прибор/reference и неопределённость TBD до исполнения","MISSING_OR_NOT_APPLICABLE","PORTUGAL_AND_SITE_REVIEW_REQUIRED","Потоки, совместимость, хранение и законный маршрут TBD до исполнения","Неизвестная идентичность; отсутствующее полномочие; опасная среда; непроверенный источник; выход за подготовку","Периодичность, расходники, запасные части и failure signs TBD","Другой назначенный участник находит карточку и демонстрирует допустимую часть без устной помощи автора","Профиль; источник; инвентарь; измерения; acceptance log; reviewer; дата","MISSING","MISSING","DENY","Каталожный узел; процедуры и рабочие параметры ещё не созданы","0.5-draft"
"TD-WORKSHOP-INTERFACES","TD-WORKSHOP","WORKSHOP","GOVERNANCE","Стандартизация размеров; резьб; напряжений и разъёмов","Иметь измеримую и проверяемую способность: стандартизация размеров; резьб; напряжений и разъёмов","S2_TRAINED_SUPERVISED","TRAINED_SUPERVISED","TD-BASE-SAFETY|TD-BASE-SITE|TD-BASE-INVENTORY","","MISSING","","До использования задать service level, единицу, объём, срок и критерий приёмки","Точный метод, прибор/reference и неопределённость TBD до исполнения","MISSING_OR_NOT_APPLICABLE","PORTUGAL_AND_SITE_REVIEW_REQUIRED","Потоки, совместимость, хранение и законный маршрут TBD до исполнения","Неизвестная идентичность; отсутствующее полномочие; опасная среда; непроверенный источник; выход за подготовку","Периодичность, расходники, запасные части и failure signs TBD","Другой назначенный участник находит карточку и демонстрирует допустимую часть без устной помощи автора","Профиль; источник; инвентарь; измерения; acceptance log; reviewer; дата","MISSING","MISSING","DENY","Каталожный узел; процедуры и рабочие параметры ещё не созданы","0.5-draft"
"TD-WORKSHOP-POST-TEST","TD-WORKSHOP","WORKSHOP","TEST","Послеремонтное испытание и карантин брака","Иметь измеримую и проверяемую способность: послеремонтное испытание и карантин брака","S2_TRAINED_SUPERVISED","TRAINED_SUPERVISED","TD-BASE-SAFETY|TD-BASE-SITE|TD-BASE-INVENTORY","","MISSING","","До использования задать service level, единицу, объём, срок и критерий приёмки","Точный метод, прибор/reference и неопределённость TBD до исполнения","MISSING_OR_NOT_APPLICABLE","PORTUGAL_AND_SITE_REVIEW_REQUIRED","Потоки, совместимость, хранение и законный маршрут TBD до исполнения","Неизвестная идентичность; отсутствующее полномочие; опасная среда; непроверенный источник; выход за подготовку","Периодичность, расходники, запасные части и failure signs TBD","Другой назначенный участник находит карточку и демонстрирует допустимую часть без устной помощи автора","Профиль; источник; инвентарь; измерения; acceptance log; reviewer; дата","MISSING","MISSING","DENY","Каталожный узел; процедуры и рабочие параметры ещё не созданы","0.5-draft"
"TD-METRO-SI","TD-BASE-METROLOGY","BASE","KNOWLEDGE","SI; единицы и преобразования","Иметь измеримую и проверяемую способность: si; единицы и преобразования","S0_OBSERVE_READ","HOUSEHOLD_S0","TD-BASE-SAFETY|TD-BASE-INVENTORY","","MISSING","","До использования задать service level, единицу, объём, срок и критерий приёмки","Точный метод, прибор/reference и неопределённость TBD до исполнения","MISSING_OR_NOT_APPLICABLE","PORTUGAL_AND_SITE_REVIEW_REQUIRED","Потоки, совместимость, хранение и законный маршрут TBD до исполнения","Неизвестная идентичность; отсутствующее полномочие; опасная среда; непроверенный источник; выход за подготовку","Периодичность, расходники, запасные части и failure signs TBD","Другой назначенный участник находит карточку и демонстрирует допустимую часть без устной помощи автора","Профиль; источник; инвентарь; измерения; acceptance log; reviewer; дата","MISSING","MISSING","DENY","Каталожный узел; процедуры и рабочие параметры ещё не созданы","0.5-draft"
"TD-METRO-LENGTH","TD-BASE-METROLOGY","BASE","INSTRUMENT","Длина; площадь и геометрия","Иметь измеримую и проверяемую способность: длина; площадь и геометрия","S1_LOW_RISK_HOUSEHOLD","HOUSEHOLD_S1_AFTER_GATE","TD-BASE-SAFETY|TD-BASE-INVENTORY","","MISSING","","До использования задать service level, единицу, объём, срок и критерий приёмки","Точный метод, прибор/reference и неопределённость TBD до исполнения","MISSING_OR_NOT_APPLICABLE","PORTUGAL_AND_SITE_REVIEW_REQUIRED","Потоки, совместимость, хранение и законный маршрут TBD до исполнения","Неизвестная идентичность; отсутствующее полномочие; опасная среда; непроверенный источник; выход за подготовку","Периодичность, расходники, запасные части и failure signs TBD","Другой назначенный участник находит карточку и демонстрирует допустимую часть без устной помощи автора","Профиль; источник; инвентарь; измерения; acceptance log; reviewer; дата","MISSING","MISSING","DENY","Каталожный узел; процедуры и рабочие параметры ещё не созданы","0.5-draft"
"TD-METRO-MASS","TD-BASE-METROLOGY","BASE","INSTRUMENT","Масса","Иметь измеримую и проверяемую способность: масса","S1_LOW_RISK_HOUSEHOLD","HOUSEHOLD_S1_AFTER_GATE","TD-BASE-SAFETY|TD-BASE-INVENTORY","","MISSING","","До использования задать service level, единицу, объём, срок и критерий приёмки","Точный метод, прибор/reference и неопределённость TBD до исполнения","MISSING_OR_NOT_APPLICABLE","PORTUGAL_AND_SITE_REVIEW_REQUIRED","Потоки, совместимость, хранение и законный маршрут TBD до исполнения","Неизвестная идентичность; отсутствующее полномочие; опасная среда; непроверенный источник; выход за подготовку","Периодичность, расходники, запасные части и failure signs TBD","Другой назначенный участник находит карточку и демонстрирует допустимую часть без устной помощи автора","Профиль; источник; инвентарь; измерения; acceptance log; reviewer; дата","MISSING","MISSING","DENY","Каталожный узел; процедуры и рабочие параметры ещё не созданы","0.5-draft"
"TD-METRO-TIME","TD-BASE-METROLOGY","BASE","INSTRUMENT","Время и интервал","Иметь измеримую и проверяемую способность: время и интервал","S1_LOW_RISK_HOUSEHOLD","HOUSEHOLD_S1_AFTER_GATE","TD-BASE-SAFETY|TD-BASE-INVENTORY","","MISSING","","До использования задать service level, единицу, объём, срок и критерий приёмки","Точный метод, прибор/reference и неопределённость TBD до исполнения","MISSING_OR_NOT_APPLICABLE","PORTUGAL_AND_SITE_REVIEW_REQUIRED","Потоки, совместимость, хранение и законный маршрут TBD до исполнения","Неизвестная идентичность; отсутствующее полномочие; опасная среда; непроверенный источник; выход за подготовку","Периодичность, расходники, запасные части и failure signs TBD","Другой назначенный участник находит карточку и демонстрирует допустимую часть без устной помощи автора","Профиль; источник; инвентарь; измерения; acceptance log; reviewer; дата","MISSING","MISSING","DENY","Каталожный узел; процедуры и рабочие параметры ещё не созданы","0.5-draft"
"TD-METRO-TEMP","TD-BASE-METROLOGY","BASE","INSTRUMENT","Температура","Иметь измеримую и проверяемую способность: температура","S2_TRAINED_SUPERVISED","TRAINED_SUPERVISED","TD-BASE-SAFETY|TD-BASE-INVENTORY","","MISSING","","До использования задать service level, единицу, объём, срок и критерий приёмки","Точный метод, прибор/reference и неопределённость TBD до исполнения","MISSING_OR_NOT_APPLICABLE","PORTUGAL_AND_SITE_REVIEW_REQUIRED","Потоки, совместимость, хранение и законный маршрут TBD до исполнения","Неизвестная идентичность; отсутствующее полномочие; опасная среда; непроверенный источник; выход за подготовку","Периодичность, расходники, запасные части и failure signs TBD","Другой назначенный участник находит карточку и демонстрирует допустимую часть без устной помощи автора","Профиль; источник; инвентарь; измерения; acceptance log; reviewer; дата","MISSING","MISSING","DENY","Каталожный узел; процедуры и рабочие параметры ещё не созданы","0.5-draft"
"TD-METRO-HUMIDITY","TD-BASE-METROLOGY","BASE","INSTRUMENT","Относительная влажность","Иметь измеримую и проверяемую способность: относительная влажность","S2_TRAINED_SUPERVISED","TRAINED_SUPERVISED","TD-BASE-SAFETY|TD-BASE-INVENTORY","","MISSING","","До использования задать service level, единицу, объём, срок и критерий приёмки","Точный метод, прибор/reference и неопределённость TBD до исполнения","MISSING_OR_NOT_APPLICABLE","PORTUGAL_AND_SITE_REVIEW_REQUIRED","Потоки, совместимость, хранение и законный маршрут TBD до исполнения","Неизвестная идентичность; отсутствующее полномочие; опасная среда; непроверенный источник; выход за подготовку","Периодичность, расходники, запасные части и failure signs TBD","Другой назначенный участник находит карточку и демонстрирует допустимую часть без устной помощи автора","Профиль; источник; инвентарь; измерения; acceptance log; reviewer; дата","MISSING","MISSING","DENY","Каталожный узел; процедуры и рабочие параметры ещё не созданы","0.5-draft"
"TD-METRO-PRESSURE","TD-BASE-METROLOGY","BASE","INSTRUMENT","Давление без вмешательства в опасную систему","Иметь измеримую и проверяемую способность: давление без вмешательства в опасную систему","S3_LICENSED_PROFESSIONAL","LICENSED_ONLY","TD-BASE-SAFETY|TD-BASE-INVENTORY","","MISSING","","До использования задать service level, единицу, объём, срок и критерий приёмки","Точный метод, прибор/reference и неопределённость TBD до исполнения","MISSING_OR_NOT_APPLICABLE","PORTUGAL_AND_SITE_REVIEW_REQUIRED","Потоки, совместимость, хранение и законный маршрут TBD до исполнения","Неизвестная идентичность; отсутствующее полномочие; опасная среда; непроверенный источник; выход за подготовку","Периодичность, расходники, запасные части и failure signs TBD","Другой назначенный участник находит карточку и демонстрирует допустимую часть без устной помощи автора","Профиль; источник; инвентарь; измерения; acceptance log; reviewer; дата","MISSING","MISSING","DENY","Каталожный узел; процедуры и рабочие параметры ещё не созданы","0.5-draft"
"TD-METRO-FLOW","TD-BASE-METROLOGY","BASE","INSTRUMENT","Расход жидкости","Иметь измеримую и проверяемую способность: расход жидкости","S2_TRAINED_SUPERVISED","TRAINED_SUPERVISED","TD-BASE-SAFETY|TD-BASE-INVENTORY","","MISSING","","До использования задать service level, единицу, объём, срок и критерий приёмки","Точный метод, прибор/reference и неопределённость TBD до исполнения","MISSING_OR_NOT_APPLICABLE","PORTUGAL_AND_SITE_REVIEW_REQUIRED","Потоки, совместимость, хранение и законный маршрут TBD до исполнения","Неизвестная идентичность; отсутствующее полномочие; опасная среда; непроверенный источник; выход за подготовку","Периодичность, расходники, запасные части и failure signs TBD","Другой назначенный участник находит карточку и демонстрирует допустимую часть без устной помощи автора","Профиль; источник; инвентарь; измерения; acceptance log; reviewer; дата","MISSING","MISSING","DENY","Каталожный узел; процедуры и рабочие параметры ещё не созданы","0.5-draft"
"TD-METRO-VOLUME","TD-BASE-METROLOGY","BASE","INSTRUMENT","Объём","Иметь измеримую и проверяемую способность: объём","S1_LOW_RISK_HOUSEHOLD","HOUSEHOLD_S1_AFTER_GATE","TD-BASE-SAFETY|TD-BASE-INVENTORY","","MISSING","","До использования задать service level, единицу, объём, срок и критерий приёмки","Точный метод, прибор/reference и неопределённость TBD до исполнения","MISSING_OR_NOT_APPLICABLE","PORTUGAL_AND_SITE_REVIEW_REQUIRED","Потоки, совместимость, хранение и законный маршрут TBD до исполнения","Неизвестная идентичность; отсутствующее полномочие; опасная среда; непроверенный источник; выход за подготовку","Периодичность, расходники, запасные части и failure signs TBD","Другой назначенный участник находит карточку и демонстрирует допустимую часть без устной помощи автора","Профиль; источник; инвентарь; измерения; acceptance log; reviewer; дата","MISSING","MISSING","DENY","Каталожный узел; процедуры и рабочие параметры ещё не созданы","0.5-draft"
"TD-METRO-ANGLE","TD-BASE-METROLOGY","BASE","INSTRUMENT","Угол; уровень и уклон","Иметь измеримую и проверяемую способность: угол; уровень и уклон","S1_LOW_RISK_HOUSEHOLD","HOUSEHOLD_S1_AFTER_GATE","TD-BASE-SAFETY|TD-BASE-INVENTORY","","MISSING","","До использования задать service level, единицу, объём, срок и критерий приёмки","Точный метод, прибор/reference и неопределённость TBD до исполнения","MISSING_OR_NOT_APPLICABLE","PORTUGAL_AND_SITE_REVIEW_REQUIRED","Потоки, совместимость, хранение и законный маршрут TBD до исполнения","Неизвестная идентичность; отсутствующее полномочие; опасная среда; непроверенный источник; выход за подготовку","Периодичность, расходники, запасные части и failure signs TBD","Другой назначенный участник находит карточку и демонстрирует допустимую часть без устной помощи автора","Профиль; источник; инвентарь; измерения; acceptance log; reviewer; дата","MISSING","MISSING","DENY","Каталожный узел; процедуры и рабочие параметры ещё не созданы","0.5-draft"
"TD-METRO-ELECTRIC","TD-BASE-METROLOGY","BASE","INSTRUMENT","Низковольтные V; A; ohm; W и Wh","Иметь измеримую и проверяемую способность: низковольтные v; a; ohm; w и wh","S2_TRAINED_SUPERVISED","TRAINED_SUPERVISED","TD-BASE-SAFETY|TD-BASE-INVENTORY","","MISSING","","До использования задать service level, единицу, объём, срок и критерий приёмки","Точный метод, прибор/reference и неопределённость TBD до исполнения","MISSING_OR_NOT_APPLICABLE","PORTUGAL_AND_SITE_REVIEW_REQUIRED","Потоки, совместимость, хранение и законный маршрут TBD до исполнения","Неизвестная идентичность; отсутствующее полномочие; опасная среда; непроверенный источник; выход за подготовку","Периодичность, расходники, запасные части и failure signs TBD","Другой назначенный участник находит карточку и демонстрирует допустимую часть без устной помощи автора","Профиль; источник; инвентарь; измерения; acceptance log; reviewer; дата","MISSING","MISSING","DENY","Каталожный узел; процедуры и рабочие параметры ещё не созданы","0.5-draft"
"TD-METRO-LIGHT","TD-BASE-METROLOGY","BASE","INSTRUMENT","Освещённость","Иметь измеримую и проверяемую способность: освещённость","S1_LOW_RISK_HOUSEHOLD","HOUSEHOLD_S1_AFTER_GATE","TD-BASE-SAFETY|TD-BASE-INVENTORY","","MISSING","","До использования задать service level, единицу, объём, срок и критерий приёмки","Точный метод, прибор/reference и неопределённость TBD до исполнения","MISSING_OR_NOT_APPLICABLE","PORTUGAL_AND_SITE_REVIEW_REQUIRED","Потоки, совместимость, хранение и законный маршрут TBD до исполнения","Неизвестная идентичность; отсутствующее полномочие; опасная среда; непроверенный источник; выход за подготовку","Периодичность, расходники, запасные части и failure signs TBD","Другой назначенный участник находит карточку и демонстрирует допустимую часть без устной помощи автора","Профиль; источник; инвентарь; измерения; acceptance log; reviewer; дата","MISSING","MISSING","DENY","Каталожный узел; процедуры и рабочие параметры ещё не созданы","0.5-draft"
"TD-METRO-CO-SMOKE","TD-BASE-METROLOGY","BASE","INSTRUMENT","CO и дым штатными извещателями","Иметь измеримую и проверяемую способность: co и дым штатными извещателями","S2_TRAINED_SUPERVISED","TRAINED_SUPERVISED","TD-BASE-SAFETY|TD-BASE-INVENTORY","","MISSING","","До использования задать service level, единицу, объём, срок и критерий приёмки","Точный метод, прибор/reference и неопределённость TBD до исполнения","MISSING_OR_NOT_APPLICABLE","PORTUGAL_AND_SITE_REVIEW_REQUIRED","Потоки, совместимость, хранение и законный маршрут TBD до исполнения","Неизвестная идентичность; отсутствующее полномочие; опасная среда; непроверенный источник; выход за подготовку","Периодичность, расходники, запасные части и failure signs TBD","Другой назначенный участник находит карточку и демонстрирует допустимую часть без устной помощи автора","Профиль; источник; инвентарь; измерения; acceptance log; reviewer; дата","MISSING","MISSING","DENY","Каталожный узел; процедуры и рабочие параметры ещё не созданы","0.5-draft"
"TD-METRO-PH","TD-BASE-METROLOGY","BASE","INSTRUMENT","pH с ограничением интерпретации","Иметь измеримую и проверяемую способность: ph с ограничением интерпретации","S2_TRAINED_SUPERVISED","TRAINED_SUPERVISED","TD-BASE-SAFETY|TD-BASE-INVENTORY","","MISSING","","До использования задать service level, единицу, объём, срок и критерий приёмки","Точный метод, прибор/reference и неопределённость TBD до исполнения","MISSING_OR_NOT_APPLICABLE","PORTUGAL_AND_SITE_REVIEW_REQUIRED","Потоки, совместимость, хранение и законный маршрут TBD до исполнения","Неизвестная идентичность; отсутствующее полномочие; опасная среда; непроверенный источник; выход за подготовку","Периодичность, расходники, запасные части и failure signs TBD","Другой назначенный участник находит карточку и демонстрирует допустимую часть без устной помощи автора","Профиль; источник; инвентарь; измерения; acceptance log; reviewer; дата","MISSING","MISSING","DENY","Каталожный узел; процедуры и рабочие параметры ещё не созданы","0.5-draft"
"TD-METRO-EC","TD-BASE-METROLOGY","BASE","INSTRUMENT","Электропроводность","Иметь измеримую и проверяемую способность: электропроводность","S2_TRAINED_SUPERVISED","TRAINED_SUPERVISED","TD-BASE-SAFETY|TD-BASE-INVENTORY","","MISSING","","До использования задать service level, единицу, объём, срок и критерий приёмки","Точный метод, прибор/reference и неопределённость TBD до исполнения","MISSING_OR_NOT_APPLICABLE","PORTUGAL_AND_SITE_REVIEW_REQUIRED","Потоки, совместимость, хранение и законный маршрут TBD до исполнения","Неизвестная идентичность; отсутствующее полномочие; опасная среда; непроверенный источник; выход за подготовку","Периодичность, расходники, запасные части и failure signs TBD","Другой назначенный участник находит карточку и демонстрирует допустимую часть без устной помощи автора","Профиль; источник; инвентарь; измерения; acceptance log; reviewer; дата","MISSING","MISSING","DENY","Каталожный узел; процедуры и рабочие параметры ещё не созданы","0.5-draft"
"TD-METRO-TURBIDITY","TD-BASE-METROLOGY","BASE","INSTRUMENT","Мутность как операционный показатель","Иметь измеримую и проверяемую способность: мутность как операционный показатель","S2_TRAINED_SUPERVISED","TRAINED_SUPERVISED","TD-BASE-SAFETY|TD-BASE-INVENTORY","","MISSING","","До использования задать service level, единицу, объём, срок и критерий приёмки","Точный метод, прибор/reference и неопределённость TBD до исполнения","MISSING_OR_NOT_APPLICABLE","PORTUGAL_AND_SITE_REVIEW_REQUIRED","Потоки, совместимость, хранение и законный маршрут TBD до исполнения","Неизвестная идентичность; отсутствующее полномочие; опасная среда; непроверенный источник; выход за подготовку","Периодичность, расходники, запасные части и failure signs TBD","Другой назначенный участник находит карточку и демонстрирует допустимую часть без устной помощи автора","Профиль; источник; инвентарь; измерения; acceptance log; reviewer; дата","MISSING","MISSING","DENY","Каталожный узел; процедуры и рабочие параметры ещё не созданы","0.5-draft"
"TD-METRO-CHLORINE","TD-BASE-METROLOGY","BASE","INSTRUMENT","Остаточный хлор по точному методу","Иметь измеримую и проверяемую способность: остаточный хлор по точному методу","S2_TRAINED_SUPERVISED","TRAINED_SUPERVISED","TD-BASE-SAFETY|TD-BASE-INVENTORY","","MISSING","","До использования задать service level, единицу, объём, срок и критерий приёмки","Точный метод, прибор/reference и неопределённость TBD до исполнения","MISSING_OR_NOT_APPLICABLE","PORTUGAL_AND_SITE_REVIEW_REQUIRED","Потоки, совместимость, хранение и законный маршрут TBD до исполнения","Неизвестная идентичность; отсутствующее полномочие; опасная среда; непроверенный источник; выход за подготовку","Периодичность, расходники, запасные части и failure signs TBD","Другой назначенный участник находит карточку и демонстрирует допустимую часть без устной помощи автора","Профиль; источник; инвентарь; измерения; acceptance log; reviewer; дата","MISSING","MISSING","DENY","Каталожный узел; процедуры и рабочие параметры ещё не созданы","0.5-draft"
"TD-METRO-SOIL","TD-BASE-METROLOGY","BASE","INSTRUMENT","Полевые измерения почвы","Иметь измеримую и проверяемую способность: полевые измерения почвы","S2_TRAINED_SUPERVISED","TRAINED_SUPERVISED","TD-BASE-SAFETY|TD-BASE-INVENTORY","","MISSING","","До использования задать service level, единицу, объём, срок и критерий приёмки","Точный метод, прибор/reference и неопределённость TBD до исполнения","MISSING_OR_NOT_APPLICABLE","PORTUGAL_AND_SITE_REVIEW_REQUIRED","Потоки, совместимость, хранение и законный маршрут TBD до исполнения","Неизвестная идентичность; отсутствующее полномочие; опасная среда; непроверенный источник; выход за подготовку","Периодичность, расходники, запасные части и failure signs TBD","Другой назначенный участник находит карточку и демонстрирует допустимую часть без устной помощи автора","Профиль; источник; инвентарь; измерения; acceptance log; reviewer; дата","MISSING","MISSING","DENY","Каталожный узел; процедуры и рабочие параметры ещё не созданы","0.5-draft"
"TD-METRO-MOISTURE","TD-BASE-METROLOGY","BASE","INSTRUMENT","Влажность зерна; семян и древесины","Иметь измеримую и проверяемую способность: влажность зерна; семян и древесины","S2_TRAINED_SUPERVISED","TRAINED_SUPERVISED","TD-BASE-SAFETY|TD-BASE-INVENTORY","","MISSING","","До использования задать service level, единицу, объём, срок и критерий приёмки","Точный метод, прибор/reference и неопределённость TBD до исполнения","MISSING_OR_NOT_APPLICABLE","PORTUGAL_AND_SITE_REVIEW_REQUIRED","Потоки, совместимость, хранение и законный маршрут TBD до исполнения","Неизвестная идентичность; отсутствующее полномочие; опасная среда; непроверенный источник; выход за подготовку","Периодичность, расходники, запасные части и failure signs TBD","Другой назначенный участник находит карточку и демонстрирует допустимую часть без устной помощи автора","Профиль; источник; инвентарь; измерения; acceptance log; reviewer; дата","MISSING","MISSING","DENY","Каталожный узел; процедуры и рабочие параметры ещё не созданы","0.5-draft"
"TD-METRO-RAIN","TD-BASE-METROLOGY","BASE","INSTRUMENT","Осадки","Иметь измеримую и проверяемую способность: осадки","S2_TRAINED_SUPERVISED","TRAINED_SUPERVISED","TD-BASE-SAFETY|TD-BASE-INVENTORY","","MISSING","","До использования задать service level, единицу, объём, срок и критерий приёмки","Точный метод, прибор/reference и неопределённость TBD до исполнения","MISSING_OR_NOT_APPLICABLE","PORTUGAL_AND_SITE_REVIEW_REQUIRED","Потоки, совместимость, хранение и законный маршрут TBD до исполнения","Неизвестная идентичность; отсутствующее полномочие; опасная среда; непроверенный источник; выход за подготовку","Периодичность, расходники, запасные части и failure signs TBD","Другой назначенный участник находит карточку и демонстрирует допустимую часть без устной помощи автора","Профиль; источник; инвентарь; измерения; acceptance log; reviewer; дата","MISSING","MISSING","DENY","Каталожный узел; процедуры и рабочие параметры ещё не созданы","0.5-draft"
"TD-METRO-WIND","TD-BASE-METROLOGY","BASE","INSTRUMENT","Ветер","Иметь измеримую и проверяемую способность: ветер","S2_TRAINED_SUPERVISED","TRAINED_SUPERVISED","TD-BASE-SAFETY|TD-BASE-INVENTORY","","MISSING","","До использования задать service level, единицу, объём, срок и критерий приёмки","Точный метод, прибор/reference и неопределённость TBD до исполнения","MISSING_OR_NOT_APPLICABLE","PORTUGAL_AND_SITE_REVIEW_REQUIRED","Потоки, совместимость, хранение и законный маршрут TBD до исполнения","Неизвестная идентичность; отсутствующее полномочие; опасная среда; непроверенный источник; выход за подготовку","Периодичность, расходники, запасные части и failure signs TBD","Другой назначенный участник находит карточку и демонстрирует допустимую часть без устной помощи автора","Профиль; источник; инвентарь; измерения; acceptance log; reviewer; дата","MISSING","MISSING","DENY","Каталожный узел; процедуры и рабочие параметры ещё не созданы","0.5-draft"
"TD-METRO-POSITION","TD-BASE-METROLOGY","BASE","INSTRUMENT","Координаты; азимут и высота","Иметь измеримую и проверяемую способность: координаты; азимут и высота","S2_TRAINED_SUPERVISED","TRAINED_SUPERVISED","TD-BASE-SAFETY|TD-BASE-INVENTORY","","MISSING","","До использования задать service level, единицу, объём, срок и критерий приёмки","Точный метод, прибор/reference и неопределённость TBD до исполнения","MISSING_OR_NOT_APPLICABLE","PORTUGAL_AND_SITE_REVIEW_REQUIRED","Потоки, совместимость, хранение и законный маршрут TBD до исполнения","Неизвестная идентичность; отсутствующее полномочие; опасная среда; непроверенный источник; выход за подготовку","Периодичность, расходники, запасные части и failure signs TBD","Другой назначенный участник находит карточку и демонстрирует допустимую часть без устной помощи автора","Профиль; источник; инвентарь; измерения; acceptance log; reviewer; дата","MISSING","MISSING","DENY","Каталожный узел; процедуры и рабочие параметры ещё не созданы","0.5-draft"
"TD-METRO-MEDICAL","TD-BASE-METROLOGY","BASE","INSTRUMENT","Разрешённые неинвазивные медицинские измерения","Иметь измеримую и проверяемую способность: разрешённые неинвазивные медицинские измерения","S3_LICENSED_PROFESSIONAL","LICENSED_ONLY","TD-BASE-SAFETY|TD-BASE-INVENTORY","","MISSING","","До использования задать service level, единицу, объём, срок и критерий приёмки","Точный метод, прибор/reference и неопределённость TBD до исполнения","MISSING_OR_NOT_APPLICABLE","PORTUGAL_AND_SITE_REVIEW_REQUIRED","Потоки, совместимость, хранение и законный маршрут TBD до исполнения","Неизвестная идентичность; отсутствующее полномочие; опасная среда; непроверенный источник; выход за подготовку","Периодичность, расходники, запасные части и failure signs TBD","Другой назначенный участник находит карточку и демонстрирует допустимую часть без устной помощи автора","Профиль; источник; инвентарь; измерения; acceptance log; reviewer; дата","MISSING","MISSING","DENY","Каталожный узел; процедуры и рабочие параметры ещё не созданы","0.5-draft"
"TD-METRO-REFERENCE","TD-BASE-METROLOGY","BASE","TEST","Reference/check; zero и контрольная точка","Иметь измеримую и проверяемую способность: reference/check; zero и контрольная точка","S2_TRAINED_SUPERVISED","TRAINED_SUPERVISED","TD-BASE-SAFETY|TD-BASE-INVENTORY","","MISSING","","До использования задать service level, единицу, объём, срок и критерий приёмки","Точный метод, прибор/reference и неопределённость TBD до исполнения","MISSING_OR_NOT_APPLICABLE","PORTUGAL_AND_SITE_REVIEW_REQUIRED","Потоки, совместимость, хранение и законный маршрут TBD до исполнения","Неизвестная идентичность; отсутствующее полномочие; опасная среда; непроверенный источник; выход за подготовку","Периодичность, расходники, запасные части и failure signs TBD","Другой назначенный участник находит карточку и демонстрирует допустимую часть без устной помощи автора","Профиль; источник; инвентарь; измерения; acceptance log; reviewer; дата","MISSING","MISSING","DENY","Каталожный узел; процедуры и рабочие параметры ещё не созданы","0.5-draft"
"TD-METRO-UNCERTAINTY","TD-BASE-METROLOGY","BASE","KNOWLEDGE","Неопределённость и decision rule","Иметь измеримую и проверяемую способность: неопределённость и decision rule","S2_TRAINED_SUPERVISED","TRAINED_SUPERVISED","TD-BASE-SAFETY|TD-BASE-INVENTORY","","MISSING","","До использования задать service level, единицу, объём, срок и критерий приёмки","Точный метод, прибор/reference и неопределённость TBD до исполнения","MISSING_OR_NOT_APPLICABLE","PORTUGAL_AND_SITE_REVIEW_REQUIRED","Потоки, совместимость, хранение и законный маршрут TBD до исполнения","Неизвестная идентичность; отсутствующее полномочие; опасная среда; непроверенный источник; выход за подготовку","Периодичность, расходники, запасные части и failure signs TBD","Другой назначенный участник находит карточку и демонстрирует допустимую часть без устной помощи автора","Профиль; источник; инвентарь; измерения; acceptance log; reviewer; дата","MISSING","MISSING","DENY","Каталожный узел; процедуры и рабочие параметры ещё не созданы","0.5-draft"
"TD-METRO-HISTORY","TD-BASE-METROLOGY","BASE","GOVERNANCE","История калибровок и межприборное сравнение","Иметь измеримую и проверяемую способность: история калибровок и межприборное сравнение","S2_TRAINED_SUPERVISED","TRAINED_SUPERVISED","TD-BASE-SAFETY|TD-BASE-INVENTORY","","MISSING","","До использования задать service level, единицу, объём, срок и критерий приёмки","Точный метод, прибор/reference и неопределённость TBD до исполнения","MISSING_OR_NOT_APPLICABLE","PORTUGAL_AND_SITE_REVIEW_REQUIRED","Потоки, совместимость, хранение и законный маршрут TBD до исполнения","Неизвестная идентичность; отсутствующее полномочие; опасная среда; непроверенный источник; выход за подготовку","Периодичность, расходники, запасные части и failure signs TBD","Другой назначенный участник находит карточку и демонстрирует допустимую часть без устной помощи автора","Профиль; источник; инвентарь; измерения; acceptance log; reviewer; дата","MISSING","MISSING","DENY","Каталожный узел; процедуры и рабочие параметры ещё не созданы","0.5-draft"
"TD-METRO-SPARES","TD-BASE-METROLOGY","BASE","MATERIAL","Питание; реактивы и расходники измерений","Иметь измеримую и проверяемую способность: питание; реактивы и расходники измерений","S2_TRAINED_SUPERVISED","TRAINED_SUPERVISED","TD-BASE-SAFETY|TD-BASE-INVENTORY","","MISSING","","До использования задать service level, единицу, объём, срок и критерий приёмки","Точный метод, прибор/reference и неопределённость TBD до исполнения","MISSING_OR_NOT_APPLICABLE","PORTUGAL_AND_SITE_REVIEW_REQUIRED","Потоки, совместимость, хранение и законный маршрут TBD до исполнения","Неизвестная идентичность; отсутствующее полномочие; опасная среда; непроверенный источник; выход за подготовку","Периодичность, расходники, запасные части и failure signs TBD","Другой назначенный участник находит карточку и демонстрирует допустимую часть без устной помощи автора","Профиль; источник; инвентарь; измерения; acceptance log; reviewer; дата","MISSING","MISSING","DENY","Каталожный узел; процедуры и рабочие параметры ещё не созданы","0.5-draft"
"TD-METRO-FAILURE","TD-BASE-METROLOGY","BASE","TEST","Признаки отказа и ручной fallback","Иметь измеримую и проверяемую способность: признаки отказа и ручной fallback","S2_TRAINED_SUPERVISED","TRAINED_SUPERVISED","TD-BASE-SAFETY|TD-BASE-INVENTORY","","MISSING","","До использования задать service level, единицу, объём, срок и критерий приёмки","Точный метод, прибор/reference и неопределённость TBD до исполнения","MISSING_OR_NOT_APPLICABLE","PORTUGAL_AND_SITE_REVIEW_REQUIRED","Потоки, совместимость, хранение и законный маршрут TBD до исполнения","Неизвестная идентичность; отсутствующее полномочие; опасная среда; непроверенный источник; выход за подготовку","Периодичность, расходники, запасные части и failure signs TBD","Другой назначенный участник находит карточку и демонстрирует допустимую часть без устной помощи автора","Профиль; источник; инвентарь; измерения; acceptance log; reviewer; дата","MISSING","MISSING","DENY","Каталожный узел; процедуры и рабочие параметры ещё не созданы","0.5-draft"
"TD-MATERIALS-PRODUCTION-IDENTITY","TD-MATERIALS-PRODUCTION","MATERIALS","SITE_DATA","Идентификация материала; партии и неизвестных примесей","Иметь измеримую и проверяемую способность: идентификация материала; партии и неизвестных примесей","S2_TRAINED_SUPERVISED","TRAINED_SUPERVISED","TD-BASE-SAFETY|TD-BASE-SITE|TD-BASE-INVENTORY","","MISSING","","До использования задать service level, единицу, объём, срок и критерий приёмки","Точный метод, прибор/reference и неопределённость TBD до исполнения","MISSING_OR_NOT_APPLICABLE","PORTUGAL_AND_SITE_REVIEW_REQUIRED","Потоки, совместимость, хранение и законный маршрут TBD до исполнения","Неизвестная идентичность; отсутствующее полномочие; опасная среда; непроверенный источник; выход за подготовку","Периодичность, расходники, запасные части и failure signs TBD","Другой назначенный участник находит карточку и демонстрирует допустимую часть без устной помощи автора","Профиль; источник; инвентарь; измерения; acceptance log; reviewer; дата","MISSING","MISSING","DENY","Каталожный узел; процедуры и рабочие параметры ещё не созданы","0.5-draft"
"TD-MATERIALS-PRODUCTION-STORAGE","TD-MATERIALS-PRODUCTION","MATERIALS","PROCESS","Совместимое хранение материалов","Иметь измеримую и проверяемую способность: совместимое хранение материалов","S2_TRAINED_SUPERVISED","TRAINED_SUPERVISED","TD-BASE-SAFETY|TD-BASE-SITE|TD-BASE-INVENTORY","","MISSING","","До использования задать service level, единицу, объём, срок и критерий приёмки","Точный метод, прибор/reference и неопределённость TBD до исполнения","MISSING_OR_NOT_APPLICABLE","PORTUGAL_AND_SITE_REVIEW_REQUIRED","Потоки, совместимость, хранение и законный маршрут TBD до исполнения","Неизвестная идентичность; отсутствующее полномочие; опасная среда; непроверенный источник; выход за подготовку","Периодичность, расходники, запасные части и failure signs TBD","Другой назначенный участник находит карточку и демонстрирует допустимую часть без устной помощи автора","Профиль; источник; инвентарь; измерения; acceptance log; reviewer; дата","MISSING","MISSING","DENY","Каталожный узел; процедуры и рабочие параметры ещё не созданы","0.5-draft"
"TD-MATERIALS-PRODUCTION-WOOD-HARVEST","TD-MATERIALS-PRODUCTION","MATERIALS","PROCESS","Законная заготовка древесины и лесовосстановление","Иметь измеримую и проверяемую способность: законная заготовка древесины и лесовосстановление","S3_LICENSED_PROFESSIONAL","LICENSED_ONLY","TD-BASE-SAFETY|TD-BASE-SITE|TD-BASE-INVENTORY","","MISSING","","До использования задать service level, единицу, объём, срок и критерий приёмки","Точный метод, прибор/reference и неопределённость TBD до исполнения","MISSING_OR_NOT_APPLICABLE","PORTUGAL_AND_SITE_REVIEW_REQUIRED","Потоки, совместимость, хранение и законный маршрут TBD до исполнения","Неизвестная идентичность; отсутствующее полномочие; опасная среда; непроверенный источник; выход за подготовку","Периодичность, расходники, запасные части и failure signs TBD","Другой назначенный участник находит карточку и демонстрирует допустимую часть без устной помощи автора","Профиль; источник; инвентарь; измерения; acceptance log; reviewer; дата","MISSING","MISSING","DENY","Каталожный узел; процедуры и рабочие параметры ещё не созданы","0.5-draft"
"TD-MATERIALS-PRODUCTION-WOOD-SAW","TD-MATERIALS-PRODUCTION","MATERIALS","PROCESS","Распил древесины","Иметь измеримую и проверяемую способность: распил древесины","S3_LICENSED_PROFESSIONAL","LICENSED_ONLY","TD-BASE-SAFETY|TD-BASE-SITE|TD-BASE-INVENTORY","","MISSING","","До использования задать service level, единицу, объём, срок и критерий приёмки","Точный метод, прибор/reference и неопределённость TBD до исполнения","MISSING_OR_NOT_APPLICABLE","PORTUGAL_AND_SITE_REVIEW_REQUIRED","Потоки, совместимость, хранение и законный маршрут TBD до исполнения","Неизвестная идентичность; отсутствующее полномочие; опасная среда; непроверенный источник; выход за подготовку","Периодичность, расходники, запасные части и failure signs TBD","Другой назначенный участник находит карточку и демонстрирует допустимую часть без устной помощи автора","Профиль; источник; инвентарь; измерения; acceptance log; reviewer; дата","MISSING","MISSING","DENY","Каталожный узел; процедуры и рабочие параметры ещё не созданы","0.5-draft"
"TD-MATERIALS-PRODUCTION-WOOD-DRY","TD-MATERIALS-PRODUCTION","MATERIALS","PROCESS","Сушка и хранение древесины","Иметь измеримую и проверяемую способность: сушка и хранение древесины","S2_TRAINED_SUPERVISED","TRAINED_SUPERVISED","TD-BASE-SAFETY|TD-BASE-SITE|TD-BASE-INVENTORY","","MISSING","","До использования задать service level, единицу, объём, срок и критерий приёмки","Точный метод, прибор/reference и неопределённость TBD до исполнения","MISSING_OR_NOT_APPLICABLE","PORTUGAL_AND_SITE_REVIEW_REQUIRED","Потоки, совместимость, хранение и законный маршрут TBD до исполнения","Неизвестная идентичность; отсутствующее полномочие; опасная среда; непроверенный источник; выход за подготовку","Периодичность, расходники, запасные части и failure signs TBD","Другой назначенный участник находит карточку и демонстрирует допустимую часть без устной помощи автора","Профиль; источник; инвентарь; измерения; acceptance log; reviewer; дата","MISSING","MISSING","DENY","Каталожный узел; процедуры и рабочие параметры ещё не созданы","0.5-draft"
"TD-MATERIALS-PRODUCTION-WOOD-JOIN","TD-MATERIALS-PRODUCTION","MATERIALS","PROCESS","Деревянные соединения и ремонт","Иметь измеримую и проверяемую способность: деревянные соединения и ремонт","S2_TRAINED_SUPERVISED","TRAINED_SUPERVISED","TD-BASE-SAFETY|TD-BASE-SITE|TD-BASE-INVENTORY","","MISSING","","До использования задать service level, единицу, объём, срок и критерий приёмки","Точный метод, прибор/reference и неопределённость TBD до исполнения","MISSING_OR_NOT_APPLICABLE","PORTUGAL_AND_SITE_REVIEW_REQUIRED","Потоки, совместимость, хранение и законный маршрут TBD до исполнения","Неизвестная идентичность; отсутствующее полномочие; опасная среда; непроверенный источник; выход за подготовку","Периодичность, расходники, запасные части и failure signs TBD","Другой назначенный участник находит карточку и демонстрирует допустимую часть без устной помощи автора","Профиль; источник; инвентарь; измерения; acceptance log; reviewer; дата","MISSING","MISSING","DENY","Каталожный узел; процедуры и рабочие параметры ещё не созданы","0.5-draft"
"TD-MATERIALS-PRODUCTION-METAL-SORT","TD-MATERIALS-PRODUCTION","MATERIALS","PROCESS","Идентификация и сортировка металлолома","Иметь измеримую и проверяемую способность: идентификация и сортировка металлолома","S3_LICENSED_PROFESSIONAL","LICENSED_ONLY","TD-BASE-SAFETY|TD-BASE-SITE|TD-BASE-INVENTORY","","MISSING","","До использования задать service level, единицу, объём, срок и критерий приёмки","Точный метод, прибор/reference и неопределённость TBD до исполнения","MISSING_OR_NOT_APPLICABLE","PORTUGAL_AND_SITE_REVIEW_REQUIRED","Потоки, совместимость, хранение и законный маршрут TBD до исполнения","Неизвестная идентичность; отсутствующее полномочие; опасная среда; непроверенный источник; выход за подготовку","Периодичность, расходники, запасные части и failure signs TBD","Другой назначенный участник находит карточку и демонстрирует допустимую часть без устной помощи автора","Профиль; источник; инвентарь; измерения; acceptance log; reviewer; дата","MISSING","MISSING","DENY","Каталожный узел; процедуры и рабочие параметры ещё не созданы","0.5-draft"
"TD-MATERIALS-PRODUCTION-CORROSION","TD-MATERIALS-PRODUCTION","MATERIALS","PROCESS","Коррозия; защита и inspection","Иметь измеримую и проверяемую способность: коррозия; защита и inspection","S2_TRAINED_SUPERVISED","TRAINED_SUPERVISED","TD-BASE-SAFETY|TD-BASE-SITE|TD-BASE-INVENTORY","","MISSING","","До использования задать service level, единицу, объём, срок и критерий приёмки","Точный метод, прибор/reference и неопределённость TBD до исполнения","MISSING_OR_NOT_APPLICABLE","PORTUGAL_AND_SITE_REVIEW_REQUIRED","Потоки, совместимость, хранение и законный маршрут TBD до исполнения","Неизвестная идентичность; отсутствующее полномочие; опасная среда; непроверенный источник; выход за подготовку","Периодичность, расходники, запасные части и failure signs TBD","Другой назначенный участник находит карточку и демонстрирует допустимую часть без устной помощи автора","Профиль; источник; инвентарь; измерения; acceptance log; reviewer; дата","MISSING","MISSING","DENY","Каталожный узел; процедуры и рабочие параметры ещё не созданы","0.5-draft"
"TD-MATERIALS-PRODUCTION-METAL-COLD","TD-MATERIALS-PRODUCTION","MATERIALS","PROCESS","Холодная обработка и механические соединения металла","Иметь измеримую и проверяемую способность: холодная обработка и механические соединения металла","S3_LICENSED_PROFESSIONAL","LICENSED_ONLY","TD-BASE-SAFETY|TD-BASE-SITE|TD-BASE-INVENTORY","","MISSING","","До использования задать service level, единицу, объём, срок и критерий приёмки","Точный метод, прибор/reference и неопределённость TBD до исполнения","MISSING_OR_NOT_APPLICABLE","PORTUGAL_AND_SITE_REVIEW_REQUIRED","Потоки, совместимость, хранение и законный маршрут TBD до исполнения","Неизвестная идентичность; отсутствующее полномочие; опасная среда; непроверенный источник; выход за подготовку","Периодичность, расходники, запасные части и failure signs TBD","Другой назначенный участник находит карточку и демонстрирует допустимую часть без устной помощи автора","Профиль; источник; инвентарь; измерения; acceptance log; reviewer; дата","MISSING","MISSING","DENY","Каталожный узел; процедуры и рабочие параметры ещё не созданы","0.5-draft"
"TD-MATERIALS-PRODUCTION-WELD","TD-MATERIALS-PRODUCTION","MATERIALS","HAZARD_BOUNDARY","Сварка и hot work","Иметь измеримую и проверяемую способность: сварка и hot work","S4_REFERENCE_ONLY_PROHIBITED_HOUSEHOLD","REFERENCE_ONLY_NO_BUILD","TD-BASE-SAFETY|TD-BASE-SITE|TD-BASE-INVENTORY","","NO_BUILD_MATERIALS","","Граница распознавания и профессиональный маршрут определены; household execution отсутствует","Official professional references only","NO_BUILD_DRAWINGS","PORTUGAL_AND_SITE_REVIEW_REQUIRED","Потоки, совместимость, хранение и законный маршрут TBD до исполнения","Неизвестная идентичность; отсутствующее полномочие; опасная среда; непроверенный источник; выход за подготовку","Периодичность, расходники, запасные части и failure signs TBD","Другой назначенный участник находит карточку и демонстрирует допустимую часть без устной помощи автора","Профиль; источник; инвентарь; измерения; acceptance log; reviewer; дата","BOUNDARY_DEFINED","REFERENCE_ONLY","REFERENCE_ONLY","Каталожный узел; процедуры и рабочие параметры ещё не созданы","0.5-draft"
"TD-MATERIALS-PRODUCTION-SMELT","TD-MATERIALS-PRODUCTION","MATERIALS","HAZARD_BOUNDARY","Плавка; литьё; ковка и термообработка","Иметь измеримую и проверяемую способность: плавка; литьё; ковка и термообработка","S4_REFERENCE_ONLY_PROHIBITED_HOUSEHOLD","REFERENCE_ONLY_NO_BUILD","TD-BASE-SAFETY|TD-BASE-SITE|TD-BASE-INVENTORY","","NO_BUILD_MATERIALS","","Граница распознавания и профессиональный маршрут определены; household execution отсутствует","Official professional references only","NO_BUILD_DRAWINGS","PORTUGAL_AND_SITE_REVIEW_REQUIRED","Потоки, совместимость, хранение и законный маршрут TBD до исполнения","Неизвестная идентичность; отсутствующее полномочие; опасная среда; непроверенный источник; выход за подготовку","Периодичность, расходники, запасные части и failure signs TBD","Другой назначенный участник находит карточку и демонстрирует допустимую часть без устной помощи автора","Профиль; источник; инвентарь; измерения; acceptance log; reviewer; дата","BOUNDARY_DEFINED","REFERENCE_ONLY","REFERENCE_ONLY","Каталожный узел; процедуры и рабочие параметры ещё не созданы","0.5-draft"
"TD-MATERIALS-PRODUCTION-CLAY","TD-MATERIALS-PRODUCTION","MATERIALS","PROCESS","Идентификация и подготовка глины","Иметь измеримую и проверяемую способность: идентификация и подготовка глины","S3_LICENSED_PROFESSIONAL","LICENSED_ONLY","TD-BASE-SAFETY|TD-BASE-SITE|TD-BASE-INVENTORY","","MISSING","","До использования задать service level, единицу, объём, срок и критерий приёмки","Точный метод, прибор/reference и неопределённость TBD до исполнения","MISSING_OR_NOT_APPLICABLE","PORTUGAL_AND_SITE_REVIEW_REQUIRED","Потоки, совместимость, хранение и законный маршрут TBD до исполнения","Неизвестная идентичность; отсутствующее полномочие; опасная среда; непроверенный источник; выход за подготовку","Периодичность, расходники, запасные части и failure signs TBD","Другой назначенный участник находит карточку и демонстрирует допустимую часть без устной помощи автора","Профиль; источник; инвентарь; измерения; acceptance log; reviewer; дата","MISSING","MISSING","DENY","Каталожный узел; процедуры и рабочие параметры ещё не созданы","0.5-draft"
"TD-MATERIALS-PRODUCTION-CERAMIC","TD-MATERIALS-PRODUCTION","MATERIALS","PROCESS","Керамика; кирпич; черепица и огнеупоры","Иметь измеримую и проверяемую способность: керамика; кирпич; черепица и огнеупоры","S3_LICENSED_PROFESSIONAL","LICENSED_ONLY","TD-BASE-SAFETY|TD-BASE-SITE|TD-BASE-INVENTORY","","MISSING","","До использования задать service level, единицу, объём, срок и критерий приёмки","Точный метод, прибор/reference и неопределённость TBD до исполнения","MISSING_OR_NOT_APPLICABLE","PORTUGAL_AND_SITE_REVIEW_REQUIRED","Потоки, совместимость, хранение и законный маршрут TBD до исполнения","Неизвестная идентичность; отсутствующее полномочие; опасная среда; непроверенный источник; выход за подготовку","Периодичность, расходники, запасные части и failure signs TBD","Другой назначенный участник находит карточку и демонстрирует допустимую часть без устной помощи автора","Профиль; источник; инвентарь; измерения; acceptance log; reviewer; дата","MISSING","MISSING","DENY","Каталожный узел; процедуры и рабочие параметры ещё не созданы","0.5-draft"
"TD-MATERIALS-PRODUCTION-KILN","TD-MATERIALS-PRODUCTION","MATERIALS","HAZARD_BOUNDARY","Печь и обжиг","Иметь измеримую и проверяемую способность: печь и обжиг","S4_REFERENCE_ONLY_PROHIBITED_HOUSEHOLD","REFERENCE_ONLY_NO_BUILD","TD-BASE-SAFETY|TD-BASE-SITE|TD-BASE-INVENTORY","","NO_BUILD_MATERIALS","","Граница распознавания и профессиональный маршрут определены; household execution отсутствует","Official professional references only","NO_BUILD_DRAWINGS","PORTUGAL_AND_SITE_REVIEW_REQUIRED","Потоки, совместимость, хранение и законный маршрут TBD до исполнения","Неизвестная идентичность; отсутствующее полномочие; опасная среда; непроверенный источник; выход за подготовку","Периодичность, расходники, запасные части и failure signs TBD","Другой назначенный участник находит карточку и демонстрирует допустимую часть без устной помощи автора","Профиль; источник; инвентарь; измерения; acceptance log; reviewer; дата","BOUNDARY_DEFINED","REFERENCE_ONLY","REFERENCE_ONLY","Каталожный узел; процедуры и рабочие параметры ещё не созданы","0.5-draft"
"TD-MATERIALS-PRODUCTION-GLASS-REPAIR","TD-MATERIALS-PRODUCTION","MATERIALS","PROCESS","Безопасное обращение; резка и ремонт стекла","Иметь измеримую и проверяемую способность: безопасное обращение; резка и ремонт стекла","S3_LICENSED_PROFESSIONAL","LICENSED_ONLY","TD-BASE-SAFETY|TD-BASE-SITE|TD-BASE-INVENTORY","","MISSING","","До использования задать service level, единицу, объём, срок и критерий приёмки","Точный метод, прибор/reference и неопределённость TBD до исполнения","MISSING_OR_NOT_APPLICABLE","PORTUGAL_AND_SITE_REVIEW_REQUIRED","Потоки, совместимость, хранение и законный маршрут TBD до исполнения","Неизвестная идентичность; отсутствующее полномочие; опасная среда; непроверенный источник; выход за подготовку","Периодичность, расходники, запасные части и failure signs TBD","Другой назначенный участник находит карточку и демонстрирует допустимую часть без устной помощи автора","Профиль; источник; инвентарь; измерения; acceptance log; reviewer; дата","MISSING","MISSING","DENY","Каталожный узел; процедуры и рабочие параметры ещё не созданы","0.5-draft"
"TD-MATERIALS-PRODUCTION-GLASS-MAKE","TD-MATERIALS-PRODUCTION","MATERIALS","HAZARD_BOUNDARY","Производство стекла","Иметь измеримую и проверяемую способность: производство стекла","S4_REFERENCE_ONLY_PROHIBITED_HOUSEHOLD","REFERENCE_ONLY_NO_BUILD","TD-BASE-SAFETY|TD-BASE-SITE|TD-BASE-INVENTORY","","NO_BUILD_MATERIALS","","Граница распознавания и профессиональный маршрут определены; household execution отсутствует","Official professional references only","NO_BUILD_DRAWINGS","PORTUGAL_AND_SITE_REVIEW_REQUIRED","Потоки, совместимость, хранение и законный маршрут TBD до исполнения","Неизвестная идентичность; отсутствующее полномочие; опасная среда; непроверенный источник; выход за подготовку","Периодичность, расходники, запасные части и failure signs TBD","Другой назначенный участник находит карточку и демонстрирует допустимую часть без устной помощи автора","Профиль; источник; инвентарь; измерения; acceptance log; reviewer; дата","BOUNDARY_DEFINED","REFERENCE_ONLY","REFERENCE_ONLY","Каталожный узел; процедуры и рабочие параметры ещё не созданы","0.5-draft"
"TD-MATERIALS-PRODUCTION-STONE","TD-MATERIALS-PRODUCTION","MATERIALS","PROCESS","Камень; кладка и пылевая опасность","Иметь измеримую и проверяемую способность: камень; кладка и пылевая опасность","S3_LICENSED_PROFESSIONAL","LICENSED_ONLY","TD-BASE-SAFETY|TD-BASE-SITE|TD-BASE-INVENTORY","","MISSING","","До использования задать service level, единицу, объём, срок и критерий приёмки","Точный метод, прибор/reference и неопределённость TBD до исполнения","MISSING_OR_NOT_APPLICABLE","PORTUGAL_AND_SITE_REVIEW_REQUIRED","Потоки, совместимость, хранение и законный маршрут TBD до исполнения","Неизвестная идентичность; отсутствующее полномочие; опасная среда; непроверенный источник; выход за подготовку","Периодичность, расходники, запасные части и failure signs TBD","Другой назначенный участник находит карточку и демонстрирует допустимую часть без устной помощи автора","Профиль; источник; инвентарь; измерения; acceptance log; reviewer; дата","MISSING","MISSING","DENY","Каталожный узел; процедуры и рабочие параметры ещё не созданы","0.5-draft"
"TD-MATERIALS-PRODUCTION-LIME","TD-MATERIALS-PRODUCTION","MATERIALS","MATERIAL","Готовая известь; растворы и маркировка","Иметь измеримую и проверяемую способность: готовая известь; растворы и маркировка","S3_LICENSED_PROFESSIONAL","LICENSED_ONLY","TD-BASE-SAFETY|TD-BASE-SITE|TD-BASE-INVENTORY","","MISSING","","До использования задать service level, единицу, объём, срок и критерий приёмки","Точный метод, прибор/reference и неопределённость TBD до исполнения","MISSING_OR_NOT_APPLICABLE","PORTUGAL_AND_SITE_REVIEW_REQUIRED","Потоки, совместимость, хранение и законный маршрут TBD до исполнения","Неизвестная идентичность; отсутствующее полномочие; опасная среда; непроверенный источник; выход за подготовку","Периодичность, расходники, запасные части и failure signs TBD","Другой назначенный участник находит карточку и демонстрирует допустимую часть без устной помощи автора","Профиль; источник; инвентарь; измерения; acceptance log; reviewer; дата","MISSING","MISSING","DENY","Каталожный узел; процедуры и рабочие параметры ещё не созданы","0.5-draft"
"TD-MATERIALS-PRODUCTION-CEMENT","TD-MATERIALS-PRODUCTION","MATERIALS","PROCESS","Цемент; бетон и контроль смеси","Иметь измеримую и проверяемую способность: цемент; бетон и контроль смеси","S3_LICENSED_PROFESSIONAL","LICENSED_ONLY","TD-BASE-SAFETY|TD-BASE-SITE|TD-BASE-INVENTORY","","MISSING","","До использования задать service level, единицу, объём, срок и критерий приёмки","Точный метод, прибор/reference и неопределённость TBD до исполнения","MISSING_OR_NOT_APPLICABLE","PORTUGAL_AND_SITE_REVIEW_REQUIRED","Потоки, совместимость, хранение и законный маршрут TBD до исполнения","Неизвестная идентичность; отсутствующее полномочие; опасная среда; непроверенный источник; выход за подготовку","Периодичность, расходники, запасные части и failure signs TBD","Другой назначенный участник находит карточку и демонстрирует допустимую часть без устной помощи автора","Профиль; источник; инвентарь; измерения; acceptance log; reviewer; дата","MISSING","MISSING","DENY","Каталожный узел; процедуры и рабочие параметры ещё не созданы","0.5-draft"
"TD-MATERIALS-PRODUCTION-STRUCTURAL","TD-MATERIALS-PRODUCTION","MATERIALS","HAZARD_BOUNDARY","Конструктивное применение материалов","Иметь измеримую и проверяемую способность: конструктивное применение материалов","S4_REFERENCE_ONLY_PROHIBITED_HOUSEHOLD","REFERENCE_ONLY_NO_BUILD","TD-BASE-SAFETY|TD-BASE-SITE|TD-BASE-INVENTORY","","NO_BUILD_MATERIALS","","Граница распознавания и профессиональный маршрут определены; household execution отсутствует","Official professional references only","NO_BUILD_DRAWINGS","PORTUGAL_AND_SITE_REVIEW_REQUIRED","Потоки, совместимость, хранение и законный маршрут TBD до исполнения","Неизвестная идентичность; отсутствующее полномочие; опасная среда; непроверенный источник; выход за подготовку","Периодичность, расходники, запасные части и failure signs TBD","Другой назначенный участник находит карточку и демонстрирует допустимую часть без устной помощи автора","Профиль; источник; инвентарь; измерения; acceptance log; reviewer; дата","BOUNDARY_DEFINED","REFERENCE_ONLY","REFERENCE_ONLY","Каталожный узел; процедуры и рабочие параметры ещё не созданы","0.5-draft"
"TD-MATERIALS-PRODUCTION-FIBER","TD-MATERIALS-PRODUCTION","MATERIALS","MATERIAL","Растительные и животные волокна","Иметь измеримую и проверяемую способность: растительные и животные волокна","S2_TRAINED_SUPERVISED","TRAINED_SUPERVISED","TD-BASE-SAFETY|TD-BASE-SITE|TD-BASE-INVENTORY","","MISSING","","До использования задать service level, единицу, объём, срок и критерий приёмки","Точный метод, прибор/reference и неопределённость TBD до исполнения","MISSING_OR_NOT_APPLICABLE","PORTUGAL_AND_SITE_REVIEW_REQUIRED","Потоки, совместимость, хранение и законный маршрут TBD до исполнения","Неизвестная идентичность; отсутствующее полномочие; опасная среда; непроверенный источник; выход за подготовку","Периодичность, расходники, запасные части и failure signs TBD","Другой назначенный участник находит карточку и демонстрирует допустимую часть без устной помощи автора","Профиль; источник; инвентарь; измерения; acceptance log; reviewer; дата","MISSING","MISSING","DENY","Каталожный узел; процедуры и рабочие параметры ещё не созданы","0.5-draft"
"TD-MATERIALS-PRODUCTION-WOOL","TD-MATERIALS-PRODUCTION","MATERIALS","PROCESS","Шерсть; очистка и хранение","Иметь измеримую и проверяемую способность: шерсть; очистка и хранение","S2_TRAINED_SUPERVISED","TRAINED_SUPERVISED","TD-BASE-SAFETY|TD-BASE-SITE|TD-BASE-INVENTORY","","MISSING","","До использования задать service level, единицу, объём, срок и критерий приёмки","Точный метод, прибор/reference и неопределённость TBD до исполнения","MISSING_OR_NOT_APPLICABLE","PORTUGAL_AND_SITE_REVIEW_REQUIRED","Потоки, совместимость, хранение и законный маршрут TBD до исполнения","Неизвестная идентичность; отсутствующее полномочие; опасная среда; непроверенный источник; выход за подготовку","Периодичность, расходники, запасные части и failure signs TBD","Другой назначенный участник находит карточку и демонстрирует допустимую часть без устной помощи автора","Профиль; источник; инвентарь; измерения; acceptance log; reviewer; дата","MISSING","MISSING","DENY","Каталожный узел; процедуры и рабочие параметры ещё не созданы","0.5-draft"
"TD-MATERIALS-PRODUCTION-FLAX","TD-MATERIALS-PRODUCTION","MATERIALS","PROCESS","Лён и локально допустимые волокнистые культуры","Иметь измеримую и проверяемую способность: лён и локально допустимые волокнистые культуры","S2_TRAINED_SUPERVISED","TRAINED_SUPERVISED","TD-BASE-SAFETY|TD-BASE-SITE|TD-BASE-INVENTORY","","MISSING","","До использования задать service level, единицу, объём, срок и критерий приёмки","Точный метод, прибор/reference и неопределённость TBD до исполнения","MISSING_OR_NOT_APPLICABLE","PORTUGAL_AND_SITE_REVIEW_REQUIRED","Потоки, совместимость, хранение и законный маршрут TBD до исполнения","Неизвестная идентичность; отсутствующее полномочие; опасная среда; непроверенный источник; выход за подготовку","Периодичность, расходники, запасные части и failure signs TBD","Другой назначенный участник находит карточку и демонстрирует допустимую часть без устной помощи автора","Профиль; источник; инвентарь; измерения; acceptance log; reviewer; дата","MISSING","MISSING","DENY","Каталожный узел; процедуры и рабочие параметры ещё не созданы","0.5-draft"
"TD-MATERIALS-PRODUCTION-CARD","TD-MATERIALS-PRODUCTION","MATERIALS","PROCESS","Очистка и кардование волокон","Иметь измеримую и проверяемую способность: очистка и кардование волокон","S2_TRAINED_SUPERVISED","TRAINED_SUPERVISED","TD-BASE-SAFETY|TD-BASE-SITE|TD-BASE-INVENTORY","","MISSING","","До использования задать service level, единицу, объём, срок и критерий приёмки","Точный метод, прибор/reference и неопределённость TBD до исполнения","MISSING_OR_NOT_APPLICABLE","PORTUGAL_AND_SITE_REVIEW_REQUIRED","Потоки, совместимость, хранение и законный маршрут TBD до исполнения","Неизвестная идентичность; отсутствующее полномочие; опасная среда; непроверенный источник; выход за подготовку","Периодичность, расходники, запасные части и failure signs TBD","Другой назначенный участник находит карточку и демонстрирует допустимую часть без устной помощи автора","Профиль; источник; инвентарь; измерения; acceptance log; reviewer; дата","MISSING","MISSING","DENY","Каталожный узел; процедуры и рабочие параметры ещё не созданы","0.5-draft"
"TD-MATERIALS-PRODUCTION-SPIN","TD-MATERIALS-PRODUCTION","MATERIALS","PROCESS","Прядение","Иметь измеримую и проверяемую способность: прядение","S2_TRAINED_SUPERVISED","TRAINED_SUPERVISED","TD-BASE-SAFETY|TD-BASE-SITE|TD-BASE-INVENTORY","","MISSING","","До использования задать service level, единицу, объём, срок и критерий приёмки","Точный метод, прибор/reference и неопределённость TBD до исполнения","MISSING_OR_NOT_APPLICABLE","PORTUGAL_AND_SITE_REVIEW_REQUIRED","Потоки, совместимость, хранение и законный маршрут TBD до исполнения","Неизвестная идентичность; отсутствующее полномочие; опасная среда; непроверенный источник; выход за подготовку","Периодичность, расходники, запасные части и failure signs TBD","Другой назначенный участник находит карточку и демонстрирует допустимую часть без устной помощи автора","Профиль; источник; инвентарь; измерения; acceptance log; reviewer; дата","MISSING","MISSING","DENY","Каталожный узел; процедуры и рабочие параметры ещё не созданы","0.5-draft"
"TD-MATERIALS-PRODUCTION-WEAVE","TD-MATERIALS-PRODUCTION","MATERIALS","PROCESS","Ткачество","Иметь измеримую и проверяемую способность: ткачество","S2_TRAINED_SUPERVISED","TRAINED_SUPERVISED","TD-BASE-SAFETY|TD-BASE-SITE|TD-BASE-INVENTORY","","MISSING","","До использования задать service level, единицу, объём, срок и критерий приёмки","Точный метод, прибор/reference и неопределённость TBD до исполнения","MISSING_OR_NOT_APPLICABLE","PORTUGAL_AND_SITE_REVIEW_REQUIRED","Потоки, совместимость, хранение и законный маршрут TBD до исполнения","Неизвестная идентичность; отсутствующее полномочие; опасная среда; непроверенный источник; выход за подготовку","Периодичность, расходники, запасные части и failure signs TBD","Другой назначенный участник находит карточку и демонстрирует допустимую часть без устной помощи автора","Профиль; источник; инвентарь; измерения; acceptance log; reviewer; дата","MISSING","MISSING","DENY","Каталожный узел; процедуры и рабочие параметры ещё не созданы","0.5-draft"
"TD-MATERIALS-PRODUCTION-KNIT","TD-MATERIALS-PRODUCTION","MATERIALS","PROCESS","Вязание","Иметь измеримую и проверяемую способность: вязание","S1_LOW_RISK_HOUSEHOLD","HOUSEHOLD_S1_AFTER_GATE","TD-BASE-SAFETY|TD-BASE-SITE|TD-BASE-INVENTORY","","MISSING","","До использования задать service level, единицу, объём, срок и критерий приёмки","Точный метод, прибор/reference и неопределённость TBD до исполнения","MISSING_OR_NOT_APPLICABLE","PORTUGAL_AND_SITE_REVIEW_REQUIRED","Потоки, совместимость, хранение и законный маршрут TBD до исполнения","Неизвестная идентичность; отсутствующее полномочие; опасная среда; непроверенный источник; выход за подготовку","Периодичность, расходники, запасные части и failure signs TBD","Другой назначенный участник находит карточку и демонстрирует допустимую часть без устной помощи автора","Профиль; источник; инвентарь; измерения; acceptance log; reviewer; дата","MISSING","MISSING","DENY","Каталожный узел; процедуры и рабочие параметры ещё не созданы","0.5-draft"
"TD-MATERIALS-PRODUCTION-FELT","TD-MATERIALS-PRODUCTION","MATERIALS","PROCESS","Валяние","Иметь измеримую и проверяемую способность: валяние","S2_TRAINED_SUPERVISED","TRAINED_SUPERVISED","TD-BASE-SAFETY|TD-BASE-SITE|TD-BASE-INVENTORY","","MISSING","","До использования задать service level, единицу, объём, срок и критерий приёмки","Точный метод, прибор/reference и неопределённость TBD до исполнения","MISSING_OR_NOT_APPLICABLE","PORTUGAL_AND_SITE_REVIEW_REQUIRED","Потоки, совместимость, хранение и законный маршрут TBD до исполнения","Неизвестная идентичность; отсутствующее полномочие; опасная среда; непроверенный источник; выход за подготовку","Периодичность, расходники, запасные части и failure signs TBD","Другой назначенный участник находит карточку и демонстрирует допустимую часть без устной помощи автора","Профиль; источник; инвентарь; измерения; acceptance log; reviewer; дата","MISSING","MISSING","DENY","Каталожный узел; процедуры и рабочие параметры ещё не созданы","0.5-draft"
"TD-MATERIALS-PRODUCTION-ROPE","TD-MATERIALS-PRODUCTION","MATERIALS","PROCESS","Канаты и сети; не для life-safety без сертификации","Иметь измеримую и проверяемую способность: канаты и сети; не для life-safety без сертификации","S3_LICENSED_PROFESSIONAL","LICENSED_ONLY","TD-BASE-SAFETY|TD-BASE-SITE|TD-BASE-INVENTORY","","MISSING","","До использования задать service level, единицу, объём, срок и критерий приёмки","Точный метод, прибор/reference и неопределённость TBD до исполнения","MISSING_OR_NOT_APPLICABLE","PORTUGAL_AND_SITE_REVIEW_REQUIRED","Потоки, совместимость, хранение и законный маршрут TBD до исполнения","Неизвестная идентичность; отсутствующее полномочие; опасная среда; непроверенный источник; выход за подготовку","Периодичность, расходники, запасные части и failure signs TBD","Другой назначенный участник находит карточку и демонстрирует допустимую часть без устной помощи автора","Профиль; источник; инвентарь; измерения; acceptance log; reviewer; дата","MISSING","MISSING","DENY","Каталожный узел; процедуры и рабочие параметры ещё не созданы","0.5-draft"
"TD-MATERIALS-PRODUCTION-LEATHER","TD-MATERIALS-PRODUCTION","MATERIALS","PROCESS","Кожа; ремонт и обувь","Иметь измеримую и проверяемую способность: кожа; ремонт и обувь","S3_LICENSED_PROFESSIONAL","LICENSED_ONLY","TD-BASE-SAFETY|TD-BASE-SITE|TD-BASE-INVENTORY","","MISSING","","До использования задать service level, единицу, объём, срок и критерий приёмки","Точный метод, прибор/reference и неопределённость TBD до исполнения","MISSING_OR_NOT_APPLICABLE","PORTUGAL_AND_SITE_REVIEW_REQUIRED","Потоки, совместимость, хранение и законный маршрут TBD до исполнения","Неизвестная идентичность; отсутствующее полномочие; опасная среда; непроверенный источник; выход за подготовку","Периодичность, расходники, запасные части и failure signs TBD","Другой назначенный участник находит карточку и демонстрирует допустимую часть без устной помощи автора","Профиль; источник; инвентарь; измерения; acceptance log; reviewer; дата","MISSING","MISSING","DENY","Каталожный узел; процедуры и рабочие параметры ещё не созданы","0.5-draft"
"TD-MATERIALS-PRODUCTION-TANNING","TD-MATERIALS-PRODUCTION","MATERIALS","HAZARD_BOUNDARY","Дубление кожи","Иметь измеримую и проверяемую способность: дубление кожи","S4_REFERENCE_ONLY_PROHIBITED_HOUSEHOLD","REFERENCE_ONLY_NO_BUILD","TD-BASE-SAFETY|TD-BASE-SITE|TD-BASE-INVENTORY","","NO_BUILD_MATERIALS","","Граница распознавания и профессиональный маршрут определены; household execution отсутствует","Official professional references only","NO_BUILD_DRAWINGS","PORTUGAL_AND_SITE_REVIEW_REQUIRED","Потоки, совместимость, хранение и законный маршрут TBD до исполнения","Неизвестная идентичность; отсутствующее полномочие; опасная среда; непроверенный источник; выход за подготовку","Периодичность, расходники, запасные части и failure signs TBD","Другой назначенный участник находит карточку и демонстрирует допустимую часть без устной помощи автора","Профиль; источник; инвентарь; измерения; acceptance log; reviewer; дата","BOUNDARY_DEFINED","REFERENCE_ONLY","REFERENCE_ONLY","Каталожный узел; процедуры и рабочие параметры ещё не созданы","0.5-draft"
"TD-MATERIALS-PRODUCTION-PAPER","TD-MATERIALS-PRODUCTION","MATERIALS","PROCESS","Бумага и долговременное хранение","Иметь измеримую и проверяемую способность: бумага и долговременное хранение","S2_TRAINED_SUPERVISED","TRAINED_SUPERVISED","TD-BASE-SAFETY|TD-BASE-SITE|TD-BASE-INVENTORY","","MISSING","","До использования задать service level, единицу, объём, срок и критерий приёмки","Точный метод, прибор/reference и неопределённость TBD до исполнения","MISSING_OR_NOT_APPLICABLE","PORTUGAL_AND_SITE_REVIEW_REQUIRED","Потоки, совместимость, хранение и законный маршрут TBD до исполнения","Неизвестная идентичность; отсутствующее полномочие; опасная среда; непроверенный источник; выход за подготовку","Периодичность, расходники, запасные части и failure signs TBD","Другой назначенный участник находит карточку и демонстрирует допустимую часть без устной помощи автора","Профиль; источник; инвентарь; измерения; acceptance log; reviewer; дата","MISSING","MISSING","DENY","Каталожный узел; процедуры и рабочие параметры ещё не созданы","0.5-draft"
"TD-MATERIALS-PRODUCTION-PRINT","TD-MATERIALS-PRODUCTION","MATERIALS","PROCESS","Печать и тиражирование","Иметь измеримую и проверяемую способность: печать и тиражирование","S2_TRAINED_SUPERVISED","TRAINED_SUPERVISED","TD-BASE-SAFETY|TD-BASE-SITE|TD-BASE-INVENTORY","","MISSING","","До использования задать service level, единицу, объём, срок и критерий приёмки","Точный метод, прибор/reference и неопределённость TBD до исполнения","MISSING_OR_NOT_APPLICABLE","PORTUGAL_AND_SITE_REVIEW_REQUIRED","Потоки, совместимость, хранение и законный маршрут TBD до исполнения","Неизвестная идентичность; отсутствующее полномочие; опасная среда; непроверенный источник; выход за подготовку","Периодичность, расходники, запасные части и failure signs TBD","Другой назначенный участник находит карточку и демонстрирует допустимую часть без устной помощи автора","Профиль; источник; инвентарь; измерения; acceptance log; reviewer; дата","MISSING","MISSING","DENY","Каталожный узел; процедуры и рабочие параметры ещё не созданы","0.5-draft"
"TD-MATERIALS-PRODUCTION-INK","TD-MATERIALS-PRODUCTION","MATERIALS","PROCESS","Чернила и маркировка","Иметь измеримую и проверяемую способность: чернила и маркировка","S3_LICENSED_PROFESSIONAL","LICENSED_ONLY","TD-BASE-SAFETY|TD-BASE-SITE|TD-BASE-INVENTORY","","MISSING","","До использования задать service level, единицу, объём, срок и критерий приёмки","Точный метод, прибор/reference и неопределённость TBD до исполнения","MISSING_OR_NOT_APPLICABLE","PORTUGAL_AND_SITE_REVIEW_REQUIRED","Потоки, совместимость, хранение и законный маршрут TBD до исполнения","Неизвестная идентичность; отсутствующее полномочие; опасная среда; непроверенный источник; выход за подготовку","Периодичность, расходники, запасные части и failure signs TBD","Другой назначенный участник находит карточку и демонстрирует допустимую часть без устной помощи автора","Профиль; источник; инвентарь; измерения; acceptance log; reviewer; дата","MISSING","MISSING","DENY","Каталожный узел; процедуры и рабочие параметры ещё не созданы","0.5-draft"
"TD-MATERIALS-PRODUCTION-BIND","TD-MATERIALS-PRODUCTION","MATERIALS","PROCESS","Переплёт и ремонт книг","Иметь измеримую и проверяемую способность: переплёт и ремонт книг","S2_TRAINED_SUPERVISED","TRAINED_SUPERVISED","TD-BASE-SAFETY|TD-BASE-SITE|TD-BASE-INVENTORY","","MISSING","","До использования задать service level, единицу, объём, срок и критерий приёмки","Точный метод, прибор/reference и неопределённость TBD до исполнения","MISSING_OR_NOT_APPLICABLE","PORTUGAL_AND_SITE_REVIEW_REQUIRED","Потоки, совместимость, хранение и законный маршрут TBD до исполнения","Неизвестная идентичность; отсутствующее полномочие; опасная среда; непроверенный источник; выход за подготовку","Периодичность, расходники, запасные части и failure signs TBD","Другой назначенный участник находит карточку и демонстрирует допустимую часть без устной помощи автора","Профиль; источник; инвентарь; измерения; acceptance log; reviewer; дата","MISSING","MISSING","DENY","Каталожный узел; процедуры и рабочие параметры ещё не созданы","0.5-draft"
"TD-MATERIALS-PRODUCTION-POLYMER","TD-MATERIALS-PRODUCTION","MATERIALS","MATERIAL","Полимеры; резина и совместимость","Иметь измеримую и проверяемую способность: полимеры; резина и совместимость","S3_LICENSED_PROFESSIONAL","LICENSED_ONLY","TD-BASE-SAFETY|TD-BASE-SITE|TD-BASE-INVENTORY","","MISSING","","До использования задать service level, единицу, объём, срок и критерий приёмки","Точный метод, прибор/reference и неопределённость TBD до исполнения","MISSING_OR_NOT_APPLICABLE","PORTUGAL_AND_SITE_REVIEW_REQUIRED","Потоки, совместимость, хранение и законный маршрут TBD до исполнения","Неизвестная идентичность; отсутствующее полномочие; опасная среда; непроверенный источник; выход за подготовку","Периодичность, расходники, запасные части и failure signs TBD","Другой назначенный участник находит карточку и демонстрирует допустимую часть без устной помощи автора","Профиль; источник; инвентарь; измерения; acceptance log; reviewer; дата","MISSING","MISSING","DENY","Каталожный узел; процедуры и рабочие параметры ещё не созданы","0.5-draft"
"TD-MATERIALS-PRODUCTION-POLYMER-MAKE","TD-MATERIALS-PRODUCTION","MATERIALS","HAZARD_BOUNDARY","Промышленное производство полимеров","Иметь измеримую и проверяемую способность: промышленное производство полимеров","S4_REFERENCE_ONLY_PROHIBITED_HOUSEHOLD","REFERENCE_ONLY_NO_BUILD","TD-BASE-SAFETY|TD-BASE-SITE|TD-BASE-INVENTORY","","NO_BUILD_MATERIALS","","Граница распознавания и профессиональный маршрут определены; household execution отсутствует","Official professional references only","NO_BUILD_DRAWINGS","PORTUGAL_AND_SITE_REVIEW_REQUIRED","Потоки, совместимость, хранение и законный маршрут TBD до исполнения","Неизвестная идентичность; отсутствующее полномочие; опасная среда; непроверенный источник; выход за подготовку","Периодичность, расходники, запасные части и failure signs TBD","Другой назначенный участник находит карточку и демонстрирует допустимую часть без устной помощи автора","Профиль; источник; инвентарь; измерения; acceptance log; reviewer; дата","BOUNDARY_DEFINED","REFERENCE_ONLY","REFERENCE_ONLY","Каталожный узел; процедуры и рабочие параметры ещё не созданы","0.5-draft"
"TD-MATERIALS-PRODUCTION-ADHESIVE","TD-MATERIALS-PRODUCTION","MATERIALS","MATERIAL","Готовые клеи; герметики и покрытия","Иметь измеримую и проверяемую способность: готовые клеи; герметики и покрытия","S3_LICENSED_PROFESSIONAL","LICENSED_ONLY","TD-BASE-SAFETY|TD-BASE-SITE|TD-BASE-INVENTORY","","MISSING","","До использования задать service level, единицу, объём, срок и критерий приёмки","Точный метод, прибор/reference и неопределённость TBD до исполнения","MISSING_OR_NOT_APPLICABLE","PORTUGAL_AND_SITE_REVIEW_REQUIRED","Потоки, совместимость, хранение и законный маршрут TBD до исполнения","Неизвестная идентичность; отсутствующее полномочие; опасная среда; непроверенный источник; выход за подготовку","Периодичность, расходники, запасные части и failure signs TBD","Другой назначенный участник находит карточку и демонстрирует допустимую часть без устной помощи автора","Профиль; источник; инвентарь; измерения; acceptance log; reviewer; дата","MISSING","MISSING","DENY","Каталожный узел; процедуры и рабочие параметры ещё не созданы","0.5-draft"
"TD-MATERIALS-PRODUCTION-SEAL","TD-MATERIALS-PRODUCTION","MATERIALS","MATERIAL","Уплотнения и совместимость с жидкостью/температурой","Иметь измеримую и проверяемую способность: уплотнения и совместимость с жидкостью/температурой","S3_LICENSED_PROFESSIONAL","LICENSED_ONLY","TD-BASE-SAFETY|TD-BASE-SITE|TD-BASE-INVENTORY","","MISSING","","До использования задать service level, единицу, объём, срок и критерий приёмки","Точный метод, прибор/reference и неопределённость TBD до исполнения","MISSING_OR_NOT_APPLICABLE","PORTUGAL_AND_SITE_REVIEW_REQUIRED","Потоки, совместимость, хранение и законный маршрут TBD до исполнения","Неизвестная идентичность; отсутствующее полномочие; опасная среда; непроверенный источник; выход за подготовку","Периодичность, расходники, запасные части и failure signs TBD","Другой назначенный участник находит карточку и демонстрирует допустимую часть без устной помощи автора","Профиль; источник; инвентарь; измерения; acceptance log; reviewer; дата","MISSING","MISSING","DENY","Каталожный узел; процедуры и рабочие параметры ещё не созданы","0.5-draft"
"TD-MATERIALS-PRODUCTION-FASTENER","TD-MATERIALS-PRODUCTION","MATERIALS","MATERIAL","Крепёж и стандартные резьбы","Иметь измеримую и проверяемую способность: крепёж и стандартные резьбы","S2_TRAINED_SUPERVISED","TRAINED_SUPERVISED","TD-BASE-SAFETY|TD-BASE-SITE|TD-BASE-INVENTORY","","MISSING","","До использования задать service level, единицу, объём, срок и критерий приёмки","Точный метод, прибор/reference и неопределённость TBD до исполнения","MISSING_OR_NOT_APPLICABLE","PORTUGAL_AND_SITE_REVIEW_REQUIRED","Потоки, совместимость, хранение и законный маршрут TBD до исполнения","Неизвестная идентичность; отсутствующее полномочие; опасная среда; непроверенный источник; выход за подготовку","Периодичность, расходники, запасные части и failure signs TBD","Другой назначенный участник находит карточку и демонстрирует допустимую часть без устной помощи автора","Профиль; источник; инвентарь; измерения; acceptance log; reviewer; дата","MISSING","MISSING","DENY","Каталожный узел; процедуры и рабочие параметры ещё не созданы","0.5-draft"
"TD-MATERIALS-PRODUCTION-WIRE","TD-MATERIALS-PRODUCTION","MATERIALS","MATERIAL","Проволока и безопасная механическая работа","Иметь измеримую и проверяемую способность: проволока и безопасная механическая работа","S3_LICENSED_PROFESSIONAL","LICENSED_ONLY","TD-BASE-SAFETY|TD-BASE-SITE|TD-BASE-INVENTORY","","MISSING","","До использования задать service level, единицу, объём, срок и критерий приёмки","Точный метод, прибор/reference и неопределённость TBD до исполнения","MISSING_OR_NOT_APPLICABLE","PORTUGAL_AND_SITE_REVIEW_REQUIRED","Потоки, совместимость, хранение и законный маршрут TBD до исполнения","Неизвестная идентичность; отсутствующее полномочие; опасная среда; непроверенный источник; выход за подготовку","Периодичность, расходники, запасные части и failure signs TBD","Другой назначенный участник находит карточку и демонстрирует допустимую часть без устной помощи автора","Профиль; источник; инвентарь; измерения; acceptance log; reviewer; дата","MISSING","MISSING","DENY","Каталожный узел; процедуры и рабочие параметры ещё не созданы","0.5-draft"
"TD-MATERIALS-PRODUCTION-SPRING","TD-MATERIALS-PRODUCTION","MATERIALS","HAZARD_BOUNDARY","Пружины и stored energy","Иметь измеримую и проверяемую способность: пружины и stored energy","S4_REFERENCE_ONLY_PROHIBITED_HOUSEHOLD","REFERENCE_ONLY_NO_BUILD","TD-BASE-SAFETY|TD-BASE-SITE|TD-BASE-INVENTORY","","NO_BUILD_MATERIALS","","Граница распознавания и профессиональный маршрут определены; household execution отсутствует","Official professional references only","NO_BUILD_DRAWINGS","PORTUGAL_AND_SITE_REVIEW_REQUIRED","Потоки, совместимость, хранение и законный маршрут TBD до исполнения","Неизвестная идентичность; отсутствующее полномочие; опасная среда; непроверенный источник; выход за подготовку","Периодичность, расходники, запасные части и failure signs TBD","Другой назначенный участник находит карточку и демонстрирует допустимую часть без устной помощи автора","Профиль; источник; инвентарь; измерения; acceptance log; reviewer; дата","BOUNDARY_DEFINED","REFERENCE_ONLY","REFERENCE_ONLY","Каталожный узел; процедуры и рабочие параметры ещё не созданы","0.5-draft"
"TD-MATERIALS-PRODUCTION-BEARING","TD-MATERIALS-PRODUCTION","MATERIALS","MATERIAL","Подшипники и посадки","Иметь измеримую и проверяемую способность: подшипники и посадки","S3_LICENSED_PROFESSIONAL","LICENSED_ONLY","TD-BASE-SAFETY|TD-BASE-SITE|TD-BASE-INVENTORY","","MISSING","","До использования задать service level, единицу, объём, срок и критерий приёмки","Точный метод, прибор/reference и неопределённость TBD до исполнения","MISSING_OR_NOT_APPLICABLE","PORTUGAL_AND_SITE_REVIEW_REQUIRED","Потоки, совместимость, хранение и законный маршрут TBD до исполнения","Неизвестная идентичность; отсутствующее полномочие; опасная среда; непроверенный источник; выход за подготовку","Периодичность, расходники, запасные части и failure signs TBD","Другой назначенный участник находит карточку и демонстрирует допустимую часть без устной помощи автора","Профиль; источник; инвентарь; измерения; acceptance log; reviewer; дата","MISSING","MISSING","DENY","Каталожный узел; процедуры и рабочие параметры ещё не созданы","0.5-draft"
"TD-MATERIALS-PRODUCTION-GEAR","TD-MATERIALS-PRODUCTION","MATERIALS","MATERIAL","Шестерни; цепи и ремни","Иметь измеримую и проверяемую способность: шестерни; цепи и ремни","S3_LICENSED_PROFESSIONAL","LICENSED_ONLY","TD-BASE-SAFETY|TD-BASE-SITE|TD-BASE-INVENTORY","","MISSING","","До использования задать service level, единицу, объём, срок и критерий приёмки","Точный метод, прибор/reference и неопределённость TBD до исполнения","MISSING_OR_NOT_APPLICABLE","PORTUGAL_AND_SITE_REVIEW_REQUIRED","Потоки, совместимость, хранение и законный маршрут TBD до исполнения","Неизвестная идентичность; отсутствующее полномочие; опасная среда; непроверенный источник; выход за подготовку","Периодичность, расходники, запасные части и failure signs TBD","Другой назначенный участник находит карточку и демонстрирует допустимую часть без устной помощи автора","Профиль; источник; инвентарь; измерения; acceptance log; reviewer; дата","MISSING","MISSING","DENY","Каталожный узел; процедуры и рабочие параметры ещё не созданы","0.5-draft"
"TD-MATERIALS-PRODUCTION-ABRASIVE","TD-MATERIALS-PRODUCTION","MATERIALS","MATERIAL","Абразивы и режущий инструмент","Иметь измеримую и проверяемую способность: абразивы и режущий инструмент","S3_LICENSED_PROFESSIONAL","LICENSED_ONLY","TD-BASE-SAFETY|TD-BASE-SITE|TD-BASE-INVENTORY","","MISSING","","До использования задать service level, единицу, объём, срок и критерий приёмки","Точный метод, прибор/reference и неопределённость TBD до исполнения","MISSING_OR_NOT_APPLICABLE","PORTUGAL_AND_SITE_REVIEW_REQUIRED","Потоки, совместимость, хранение и законный маршрут TBD до исполнения","Неизвестная идентичность; отсутствующее полномочие; опасная среда; непроверенный источник; выход за подготовку","Периодичность, расходники, запасные части и failure signs TBD","Другой назначенный участник находит карточку и демонстрирует допустимую часть без устной помощи автора","Профиль; источник; инвентарь; измерения; acceptance log; reviewer; дата","MISSING","MISSING","DENY","Каталожный узел; процедуры и рабочие параметры ещё не созданы","0.5-draft"
"TD-MATERIALS-PRODUCTION-LUBRICANT","TD-MATERIALS-PRODUCTION","MATERIALS","MATERIAL","Смазки и технические жидкости","Иметь измеримую и проверяемую способность: смазки и технические жидкости","S3_LICENSED_PROFESSIONAL","LICENSED_ONLY","TD-BASE-SAFETY|TD-BASE-SITE|TD-BASE-INVENTORY","","MISSING","","До использования задать service level, единицу, объём, срок и критерий приёмки","Точный метод, прибор/reference и неопределённость TBD до исполнения","MISSING_OR_NOT_APPLICABLE","PORTUGAL_AND_SITE_REVIEW_REQUIRED","Потоки, совместимость, хранение и законный маршрут TBD до исполнения","Неизвестная идентичность; отсутствующее полномочие; опасная среда; непроверенный источник; выход за подготовку","Периодичность, расходники, запасные части и failure signs TBD","Другой назначенный участник находит карточку и демонстрирует допустимую часть без устной помощи автора","Профиль; источник; инвентарь; измерения; acceptance log; reviewer; дата","MISSING","MISSING","DENY","Каталожный узел; процедуры и рабочие параметры ещё не созданы","0.5-draft"
"TD-MATERIALS-PRODUCTION-INTERFACE","TD-MATERIALS-PRODUCTION","MATERIALS","GOVERNANCE","Стандартизация интерфейсов и взаимозаменяемость","Иметь измеримую и проверяемую способность: стандартизация интерфейсов и взаимозаменяемость","S2_TRAINED_SUPERVISED","TRAINED_SUPERVISED","TD-BASE-SAFETY|TD-BASE-SITE|TD-BASE-INVENTORY","","MISSING","","До использования задать service level, единицу, объём, срок и критерий приёмки","Точный метод, прибор/reference и неопределённость TBD до исполнения","MISSING_OR_NOT_APPLICABLE","PORTUGAL_AND_SITE_REVIEW_REQUIRED","Потоки, совместимость, хранение и законный маршрут TBD до исполнения","Неизвестная идентичность; отсутствующее полномочие; опасная среда; непроверенный источник; выход за подготовку","Периодичность, расходники, запасные части и failure signs TBD","Другой назначенный участник находит карточку и демонстрирует допустимую часть без устной помощи автора","Профиль; источник; инвентарь; измерения; acceptance log; reviewer; дата","MISSING","MISSING","DENY","Каталожный узел; процедуры и рабочие параметры ещё не созданы","0.5-draft"
"TD-MATERIALS-PRODUCTION-MACHINE-DRILL","TD-MATERIALS-PRODUCTION","MATERIALS","TOOL","Ручная стойка и drill press","Иметь измеримую и проверяемую способность: ручная стойка и drill press","S3_LICENSED_PROFESSIONAL","LICENSED_ONLY","TD-BASE-SAFETY|TD-BASE-SITE|TD-BASE-INVENTORY","","MISSING","","До использования задать service level, единицу, объём, срок и критерий приёмки","Точный метод, прибор/reference и неопределённость TBD до исполнения","MISSING_OR_NOT_APPLICABLE","PORTUGAL_AND_SITE_REVIEW_REQUIRED","Потоки, совместимость, хранение и законный маршрут TBD до исполнения","Неизвестная идентичность; отсутствующее полномочие; опасная среда; непроверенный источник; выход за подготовку","Периодичность, расходники, запасные части и failure signs TBD","Другой назначенный участник находит карточку и демонстрирует допустимую часть без устной помощи автора","Профиль; источник; инвентарь; измерения; acceptance log; reviewer; дата","MISSING","MISSING","DENY","Каталожный узел; процедуры и рабочие параметры ещё не созданы","0.5-draft"
"TD-MATERIALS-PRODUCTION-MACHINE-LATHE","TD-MATERIALS-PRODUCTION","MATERIALS","HAZARD_BOUNDARY","Токарный станок","Иметь измеримую и проверяемую способность: токарный станок","S4_REFERENCE_ONLY_PROHIBITED_HOUSEHOLD","REFERENCE_ONLY_NO_BUILD","TD-BASE-SAFETY|TD-BASE-SITE|TD-BASE-INVENTORY","","NO_BUILD_MATERIALS","","Граница распознавания и профессиональный маршрут определены; household execution отсутствует","Official professional references only","NO_BUILD_DRAWINGS","PORTUGAL_AND_SITE_REVIEW_REQUIRED","Потоки, совместимость, хранение и законный маршрут TBD до исполнения","Неизвестная идентичность; отсутствующее полномочие; опасная среда; непроверенный источник; выход за подготовку","Периодичность, расходники, запасные части и failure signs TBD","Другой назначенный участник находит карточку и демонстрирует допустимую часть без устной помощи автора","Профиль; источник; инвентарь; измерения; acceptance log; reviewer; дата","BOUNDARY_DEFINED","REFERENCE_ONLY","REFERENCE_ONLY","Каталожный узел; процедуры и рабочие параметры ещё не созданы","0.5-draft"
"TD-MATERIALS-PRODUCTION-MACHINE-MILL","TD-MATERIALS-PRODUCTION","MATERIALS","HAZARD_BOUNDARY","Фрезерование","Иметь измеримую и проверяемую способность: фрезерование","S4_REFERENCE_ONLY_PROHIBITED_HOUSEHOLD","REFERENCE_ONLY_NO_BUILD","TD-BASE-SAFETY|TD-BASE-SITE|TD-BASE-INVENTORY","","NO_BUILD_MATERIALS","","Граница распознавания и профессиональный маршрут определены; household execution отсутствует","Official professional references only","NO_BUILD_DRAWINGS","PORTUGAL_AND_SITE_REVIEW_REQUIRED","Потоки, совместимость, хранение и законный маршрут TBD до исполнения","Неизвестная идентичность; отсутствующее полномочие; опасная среда; непроверенный источник; выход за подготовку","Периодичность, расходники, запасные части и failure signs TBD","Другой назначенный участник находит карточку и демонстрирует допустимую часть без устной помощи автора","Профиль; источник; инвентарь; измерения; acceptance log; reviewer; дата","BOUNDARY_DEFINED","REFERENCE_ONLY","REFERENCE_ONLY","Каталожный узел; процедуры и рабочие параметры ещё не созданы","0.5-draft"
"TD-MATERIALS-PRODUCTION-MACHINE-GRIND","TD-MATERIALS-PRODUCTION","MATERIALS","HAZARD_BOUNDARY","Станочное шлифование","Иметь измеримую и проверяемую способность: станочное шлифование","S4_REFERENCE_ONLY_PROHIBITED_HOUSEHOLD","REFERENCE_ONLY_NO_BUILD","TD-BASE-SAFETY|TD-BASE-SITE|TD-BASE-INVENTORY","","NO_BUILD_MATERIALS","","Граница распознавания и профессиональный маршрут определены; household execution отсутствует","Official professional references only","NO_BUILD_DRAWINGS","PORTUGAL_AND_SITE_REVIEW_REQUIRED","Потоки, совместимость, хранение и законный маршрут TBD до исполнения","Неизвестная идентичность; отсутствующее полномочие; опасная среда; непроверенный источник; выход за подготовку","Периодичность, расходники, запасные части и failure signs TBD","Другой назначенный участник находит карточку и демонстрирует допустимую часть без устной помощи автора","Профиль; источник; инвентарь; измерения; acceptance log; reviewer; дата","BOUNDARY_DEFINED","REFERENCE_ONLY","REFERENCE_ONLY","Каталожный узел; процедуры и рабочие параметры ещё не созданы","0.5-draft"
"TD-MATERIALS-PRODUCTION-MACHINE-GUARD","TD-MATERIALS-PRODUCTION","MATERIALS","HAZARD_BOUNDARY","Привод; ограждения; LOTO и stored energy","Иметь измеримую и проверяемую способность: привод; ограждения; loto и stored energy","S4_REFERENCE_ONLY_PROHIBITED_HOUSEHOLD","REFERENCE_ONLY_NO_BUILD","TD-BASE-SAFETY|TD-BASE-SITE|TD-BASE-INVENTORY","","NO_BUILD_MATERIALS","","Граница распознавания и профессиональный маршрут определены; household execution отсутствует","Official professional references only","NO_BUILD_DRAWINGS","PORTUGAL_AND_SITE_REVIEW_REQUIRED","Потоки, совместимость, хранение и законный маршрут TBD до исполнения","Неизвестная идентичность; отсутствующее полномочие; опасная среда; непроверенный источник; выход за подготовку","Периодичность, расходники, запасные части и failure signs TBD","Другой назначенный участник находит карточку и демонстрирует допустимую часть без устной помощи автора","Профиль; источник; инвентарь; измерения; acceptance log; reviewer; дата","BOUNDARY_DEFINED","REFERENCE_ONLY","REFERENCE_ONLY","Каталожный узел; процедуры и рабочие параметры ещё не созданы","0.5-draft"
"TD-MATERIALS-PRODUCTION-MACHINE-ALIGN","TD-MATERIALS-PRODUCTION","MATERIALS","TEST","Выравнивание; биение и workholding","Иметь измеримую и проверяемую способность: выравнивание; биение и workholding","S3_LICENSED_PROFESSIONAL","LICENSED_ONLY","TD-BASE-SAFETY|TD-BASE-SITE|TD-BASE-INVENTORY","","MISSING","","До использования задать service level, единицу, объём, срок и критерий приёмки","Точный метод, прибор/reference и неопределённость TBD до исполнения","MISSING_OR_NOT_APPLICABLE","PORTUGAL_AND_SITE_REVIEW_REQUIRED","Потоки, совместимость, хранение и законный маршрут TBD до исполнения","Неизвестная идентичность; отсутствующее полномочие; опасная среда; непроверенный источник; выход за подготовку","Периодичность, расходники, запасные части и failure signs TBD","Другой назначенный участник находит карточку и демонстрирует допустимую часть без устной помощи автора","Профиль; источник; инвентарь; измерения; acceptance log; reviewer; дата","MISSING","MISSING","DENY","Каталожный узел; процедуры и рабочие параметры ещё не созданы","0.5-draft"
"TD-MATERIALS-PRODUCTION-CRITICAL-PART","TD-MATERIALS-PRODUCTION","MATERIALS","HAZARD_BOUNDARY","Ответственные детали транспорта; давления; медицины и PPE","Иметь измеримую и проверяемую способность: ответственные детали транспорта; давления; медицины и ppe","S4_REFERENCE_ONLY_PROHIBITED_HOUSEHOLD","REFERENCE_ONLY_NO_BUILD","TD-BASE-SAFETY|TD-BASE-SITE|TD-BASE-INVENTORY","","NO_BUILD_MATERIALS","","Граница распознавания и профессиональный маршрут определены; household execution отсутствует","Official professional references only","NO_BUILD_DRAWINGS","PORTUGAL_AND_SITE_REVIEW_REQUIRED","Потоки, совместимость, хранение и законный маршрут TBD до исполнения","Неизвестная идентичность; отсутствующее полномочие; опасная среда; непроверенный источник; выход за подготовку","Периодичность, расходники, запасные части и failure signs TBD","Другой назначенный участник находит карточку и демонстрирует допустимую часть без устной помощи автора","Профиль; источник; инвентарь; измерения; acceptance log; reviewer; дата","BOUNDARY_DEFINED","REFERENCE_ONLY","REFERENCE_ONLY","Каталожный узел; процедуры и рабочие параметры ещё не созданы","0.5-draft"
"TD-MATERIALS-PRODUCTION","TD-ROOT","MATERIALS","OUTCOME","Материалы; компоненты и производственные цепочки","Иметь измеримую и проверяемую способность: материалы; компоненты и производственные цепочки","S3_LICENSED_PROFESSIONAL","LICENSED_ONLY","TD-BASE|TD-MATERIALS-PRODUCTION-IDENTITY|TD-MATERIALS-PRODUCTION-STORAGE|TD-MATERIALS-PRODUCTION-WOOD-HARVEST|TD-MATERIALS-PRODUCTION-WOOD-SAW|TD-MATERIALS-PRODUCTION-WOOD-DRY|TD-MATERIALS-PRODUCTION-WOOD-JOIN|TD-MATERIALS-PRODUCTION-METAL-SORT|TD-MATERIALS-PRODUCTION-CORROSION|TD-MATERIALS-PRODUCTION-METAL-COLD|TD-MATERIALS-PRODUCTION-WELD|TD-MATERIALS-PRODUCTION-SMELT|TD-MATERIALS-PRODUCTION-CLAY|TD-MATERIALS-PRODUCTION-CERAMIC|TD-MATERIALS-PRODUCTION-KILN|TD-MATERIALS-PRODUCTION-GLASS-REPAIR|TD-MATERIALS-PRODUCTION-GLASS-MAKE|TD-MATERIALS-PRODUCTION-STONE|TD-MATERIALS-PRODUCTION-LIME|TD-MATERIALS-PRODUCTION-CEMENT|TD-MATERIALS-PRODUCTION-STRUCTURAL|TD-MATERIALS-PRODUCTION-FIBER|TD-MATERIALS-PRODUCTION-WOOL|TD-MATERIALS-PRODUCTION-FLAX|TD-MATERIALS-PRODUCTION-CARD|TD-MATERIALS-PRODUCTION-SPIN|TD-MATERIALS-PRODUCTION-WEAVE|TD-MATERIALS-PRODUCTION-KNIT|TD-MATERIALS-PRODUCTION-FELT|TD-MATERIALS-PRODUCTION-ROPE|TD-MATERIALS-PRODUCTION-LEATHER|TD-MATERIALS-PRODUCTION-TANNING|TD-MATERIALS-PRODUCTION-PAPER|TD-MATERIALS-PRODUCTION-PRINT|TD-MATERIALS-PRODUCTION-INK|TD-MATERIALS-PRODUCTION-BIND|TD-MATERIALS-PRODUCTION-POLYMER|TD-MATERIALS-PRODUCTION-POLYMER-MAKE|TD-MATERIALS-PRODUCTION-ADHESIVE|TD-MATERIALS-PRODUCTION-SEAL|TD-MATERIALS-PRODUCTION-FASTENER|TD-MATERIALS-PRODUCTION-WIRE|TD-MATERIALS-PRODUCTION-SPRING|TD-MATERIALS-PRODUCTION-BEARING|TD-MATERIALS-PRODUCTION-GEAR|TD-MATERIALS-PRODUCTION-ABRASIVE|TD-MATERIALS-PRODUCTION-LUBRICANT|TD-MATERIALS-PRODUCTION-INTERFACE|TD-MATERIALS-PRODUCTION-MACHINE-DRILL|TD-MATERIALS-PRODUCTION-MACHINE-LATHE|TD-MATERIALS-PRODUCTION-MACHINE-MILL|TD-MATERIALS-PRODUCTION-MACHINE-GRIND|TD-MATERIALS-PRODUCTION-MACHINE-GUARD|TD-MATERIALS-PRODUCTION-MACHINE-ALIGN|TD-MATERIALS-PRODUCTION-CRITICAL-PART","","MISSING","","До использования задать service level, единицу, объём, срок и критерий приёмки","Точный метод, прибор/reference и неопределённость TBD до исполнения","MISSING_OR_NOT_APPLICABLE","PORTUGAL_AND_SITE_REVIEW_REQUIRED","Потоки, совместимость, хранение и законный маршрут TBD до исполнения","Неизвестная идентичность; отсутствующее полномочие; опасная среда; непроверенный источник; выход за подготовку","Периодичность, расходники, запасные части и failure signs TBD","Другой назначенный участник находит карточку и демонстрирует допустимую часть без устной помощи автора","Профиль; источник; инвентарь; измерения; acceptance log; reviewer; дата","MISSING","MISSING","DENY","Агрегат: обязательность дочерних узлов определяется technology-dependency-edges.csv","0.5-draft"
"TD-EDUCATION-LITERACY","TD-EDUCATION","EDUCATION","TRAINING","Грамотность и понимание инструкций","Иметь измеримую и проверяемую способность: грамотность и понимание инструкций","S1_LOW_RISK_HOUSEHOLD","HOUSEHOLD_S1_AFTER_GATE","TD-BASE-SAFETY|TD-BASE-SITE|TD-BASE-INVENTORY","","MISSING","","До использования задать service level, единицу, объём, срок и критерий приёмки","Точный метод, прибор/reference и неопределённость TBD до исполнения","MISSING_OR_NOT_APPLICABLE","PORTUGAL_AND_SITE_REVIEW_REQUIRED","Потоки, совместимость, хранение и законный маршрут TBD до исполнения","Неизвестная идентичность; отсутствующее полномочие; опасная среда; непроверенный источник; выход за подготовку","Периодичность, расходники, запасные части и failure signs TBD","Другой назначенный участник находит карточку и демонстрирует допустимую часть без устной помощи автора","Профиль; источник; инвентарь; измерения; acceptance log; reviewer; дата","MISSING","MISSING","DENY","Каталожный узел; процедуры и рабочие параметры ещё не созданы","0.5-draft"
"TD-EDUCATION-NUMERACY","TD-EDUCATION","EDUCATION","TRAINING","Арифметика; единицы и пропорции","Иметь измеримую и проверяемую способность: арифметика; единицы и пропорции","S1_LOW_RISK_HOUSEHOLD","HOUSEHOLD_S1_AFTER_GATE","TD-BASE-SAFETY|TD-BASE-SITE|TD-BASE-INVENTORY","","MISSING","","До использования задать service level, единицу, объём, срок и критерий приёмки","Точный метод, прибор/reference и неопределённость TBD до исполнения","MISSING_OR_NOT_APPLICABLE","PORTUGAL_AND_SITE_REVIEW_REQUIRED","Потоки, совместимость, хранение и законный маршрут TBD до исполнения","Неизвестная идентичность; отсутствующее полномочие; опасная среда; непроверенный источник; выход за подготовку","Периодичность, расходники, запасные части и failure signs TBD","Другой назначенный участник находит карточку и демонстрирует допустимую часть без устной помощи автора","Профиль; источник; инвентарь; измерения; acceptance log; reviewer; дата","MISSING","MISSING","DENY","Каталожный узел; процедуры и рабочие параметры ещё не созданы","0.5-draft"
"TD-EDUCATION-LANG","TD-EDUCATION","EDUCATION","TRAINING","Русский; украинский; португальский и английский","Иметь измеримую и проверяемую способность: русский; украинский; португальский и английский","S1_LOW_RISK_HOUSEHOLD","HOUSEHOLD_S1_AFTER_GATE","TD-BASE-SAFETY|TD-BASE-SITE|TD-BASE-INVENTORY","","MISSING","","До использования задать service level, единицу, объём, срок и критерий приёмки","Точный метод, прибор/reference и неопределённость TBD до исполнения","MISSING_OR_NOT_APPLICABLE","PORTUGAL_AND_SITE_REVIEW_REQUIRED","Потоки, совместимость, хранение и законный маршрут TBD до исполнения","Неизвестная идентичность; отсутствующее полномочие; опасная среда; непроверенный источник; выход за подготовку","Периодичность, расходники, запасные части и failure signs TBD","Другой назначенный участник находит карточку и демонстрирует допустимую часть без устной помощи автора","Профиль; источник; инвентарь; измерения; acceptance log; reviewer; дата","MISSING","MISSING","DENY","Каталожный узел; процедуры и рабочие параметры ещё не созданы","0.5-draft"
"TD-EDUCATION-TECH-READ","TD-EDUCATION","EDUCATION","TRAINING","Чтение технического текста и чертежей","Иметь измеримую и проверяемую способность: чтение технического текста и чертежей","S2_TRAINED_SUPERVISED","TRAINED_SUPERVISED","TD-BASE-SAFETY|TD-BASE-SITE|TD-BASE-INVENTORY","","MISSING","","До использования задать service level, единицу, объём, срок и критерий приёмки","Точный метод, прибор/reference и неопределённость TBD до исполнения","MISSING_OR_NOT_APPLICABLE","PORTUGAL_AND_SITE_REVIEW_REQUIRED","Потоки, совместимость, хранение и законный маршрут TBD до исполнения","Неизвестная идентичность; отсутствующее полномочие; опасная среда; непроверенный источник; выход за подготовку","Периодичность, расходники, запасные части и failure signs TBD","Другой назначенный участник находит карточку и демонстрирует допустимую часть без устной помощи автора","Профиль; источник; инвентарь; измерения; acceptance log; reviewer; дата","MISSING","MISSING","DENY","Каталожный узел; процедуры и рабочие параметры ещё не созданы","0.5-draft"
"TD-EDUCATION-SKILL-MATRIX","TD-EDUCATION","EDUCATION","GOVERNANCE","Матрица навыков; роли и дублёры","Иметь измеримую и проверяемую способность: матрица навыков; роли и дублёры","S1_LOW_RISK_HOUSEHOLD","HOUSEHOLD_S1_AFTER_GATE","TD-BASE-SAFETY|TD-BASE-SITE|TD-BASE-INVENTORY","","MISSING","","До использования задать service level, единицу, объём, срок и критерий приёмки","Точный метод, прибор/reference и неопределённость TBD до исполнения","MISSING_OR_NOT_APPLICABLE","PORTUGAL_AND_SITE_REVIEW_REQUIRED","Потоки, совместимость, хранение и законный маршрут TBD до исполнения","Неизвестная идентичность; отсутствующее полномочие; опасная среда; непроверенный источник; выход за подготовку","Периодичность, расходники, запасные части и failure signs TBD","Другой назначенный участник находит карточку и демонстрирует допустимую часть без устной помощи автора","Профиль; источник; инвентарь; измерения; acceptance log; reviewer; дата","MISSING","MISSING","DENY","Каталожный узел; процедуры и рабочие параметры ещё не созданы","0.5-draft"
"TD-EDUCATION-PREREQ","TD-EDUCATION","EDUCATION","GOVERNANCE","Предварительные знания и допуски","Иметь измеримую и проверяемую способность: предварительные знания и допуски","S1_LOW_RISK_HOUSEHOLD","HOUSEHOLD_S1_AFTER_GATE","TD-BASE-SAFETY|TD-BASE-SITE|TD-BASE-INVENTORY","","MISSING","","До использования задать service level, единицу, объём, срок и критерий приёмки","Точный метод, прибор/reference и неопределённость TBD до исполнения","MISSING_OR_NOT_APPLICABLE","PORTUGAL_AND_SITE_REVIEW_REQUIRED","Потоки, совместимость, хранение и законный маршрут TBD до исполнения","Неизвестная идентичность; отсутствующее полномочие; опасная среда; непроверенный источник; выход за подготовку","Периодичность, расходники, запасные части и failure signs TBD","Другой назначенный участник находит карточку и демонстрирует допустимую часть без устной помощи автора","Профиль; источник; инвентарь; измерения; acceptance log; reviewer; дата","MISSING","MISSING","DENY","Каталожный узел; процедуры и рабочие параметры ещё не созданы","0.5-draft"
"TD-EDUCATION-APPRENTICE","TD-EDUCATION","EDUCATION","TRAINING","Ученичество и наблюдаемая практика","Иметь измеримую и проверяемую способность: ученичество и наблюдаемая практика","S2_TRAINED_SUPERVISED","TRAINED_SUPERVISED","TD-BASE-SAFETY|TD-BASE-SITE|TD-BASE-INVENTORY","","MISSING","","До использования задать service level, единицу, объём, срок и критерий приёмки","Точный метод, прибор/reference и неопределённость TBD до исполнения","MISSING_OR_NOT_APPLICABLE","PORTUGAL_AND_SITE_REVIEW_REQUIRED","Потоки, совместимость, хранение и законный маршрут TBD до исполнения","Неизвестная идентичность; отсутствующее полномочие; опасная среда; непроверенный источник; выход за подготовку","Периодичность, расходники, запасные части и failure signs TBD","Другой назначенный участник находит карточку и демонстрирует допустимую часть без устной помощи автора","Профиль; источник; инвентарь; измерения; acceptance log; reviewer; дата","MISSING","MISSING","DENY","Каталожный узел; процедуры и рабочие параметры ещё не созданы","0.5-draft"
"TD-EDUCATION-SUPERVISED","TD-EDUCATION","EDUCATION","TRAINING","Практика под надзором","Иметь измеримую и проверяемую способность: практика под надзором","S2_TRAINED_SUPERVISED","TRAINED_SUPERVISED","TD-BASE-SAFETY|TD-BASE-SITE|TD-BASE-INVENTORY","","MISSING","","До использования задать service level, единицу, объём, срок и критерий приёмки","Точный метод, прибор/reference и неопределённость TBD до исполнения","MISSING_OR_NOT_APPLICABLE","PORTUGAL_AND_SITE_REVIEW_REQUIRED","Потоки, совместимость, хранение и законный маршрут TBD до исполнения","Неизвестная идентичность; отсутствующее полномочие; опасная среда; непроверенный источник; выход за подготовку","Периодичность, расходники, запасные части и failure signs TBD","Другой назначенный участник находит карточку и демонстрирует допустимую часть без устной помощи автора","Профиль; источник; инвентарь; измерения; acceptance log; reviewer; дата","MISSING","MISSING","DENY","Каталожный узел; процедуры и рабочие параметры ещё не созданы","0.5-draft"
"TD-EDUCATION-MASTERY","TD-EDUCATION","EDUCATION","TEST","Проверка мастерства по критериям","Иметь измеримую и проверяемую способность: проверка мастерства по критериям","S2_TRAINED_SUPERVISED","TRAINED_SUPERVISED","TD-BASE-SAFETY|TD-BASE-SITE|TD-BASE-INVENTORY","","MISSING","","До использования задать service level, единицу, объём, срок и критерий приёмки","Точный метод, прибор/reference и неопределённость TBD до исполнения","MISSING_OR_NOT_APPLICABLE","PORTUGAL_AND_SITE_REVIEW_REQUIRED","Потоки, совместимость, хранение и законный маршрут TBD до исполнения","Неизвестная идентичность; отсутствующее полномочие; опасная среда; непроверенный источник; выход за подготовку","Периодичность, расходники, запасные части и failure signs TBD","Другой назначенный участник находит карточку и демонстрирует допустимую часть без устной помощи автора","Профиль; источник; инвентарь; измерения; acceptance log; reviewer; дата","MISSING","MISSING","DENY","Каталожный узел; процедуры и рабочие параметры ещё не созданы","0.5-draft"
"TD-EDUCATION-RECERT","TD-EDUCATION","EDUCATION","MAINTENANCE","Переоценка; срок навыка и recertification","Иметь измеримую и проверяемую способность: переоценка; срок навыка и recertification","S2_TRAINED_SUPERVISED","TRAINED_SUPERVISED","TD-BASE-SAFETY|TD-BASE-SITE|TD-BASE-INVENTORY","","MISSING","","До использования задать service level, единицу, объём, срок и критерий приёмки","Точный метод, прибор/reference и неопределённость TBD до исполнения","MISSING_OR_NOT_APPLICABLE","PORTUGAL_AND_SITE_REVIEW_REQUIRED","Потоки, совместимость, хранение и законный маршрут TBD до исполнения","Неизвестная идентичность; отсутствующее полномочие; опасная среда; непроверенный источник; выход за подготовку","Периодичность, расходники, запасные части и failure signs TBD","Другой назначенный участник находит карточку и демонстрирует допустимую часть без устной помощи автора","Профиль; источник; инвентарь; измерения; acceptance log; reviewer; дата","MISSING","MISSING","DENY","Каталожный узел; процедуры и рабочие параметры ещё не созданы","0.5-draft"
"TD-EDUCATION-TEACHBACK","TD-EDUCATION","EDUCATION","TEST","Teach-back и слепое повторение","Иметь измеримую и проверяемую способность: teach-back и слепое повторение","S2_TRAINED_SUPERVISED","TRAINED_SUPERVISED","TD-BASE-SAFETY|TD-BASE-SITE|TD-BASE-INVENTORY","","MISSING","","До использования задать service level, единицу, объём, срок и критерий приёмки","Точный метод, прибор/reference и неопределённость TBD до исполнения","MISSING_OR_NOT_APPLICABLE","PORTUGAL_AND_SITE_REVIEW_REQUIRED","Потоки, совместимость, хранение и законный маршрут TBD до исполнения","Неизвестная идентичность; отсутствующее полномочие; опасная среда; непроверенный источник; выход за подготовку","Периодичность, расходники, запасные части и failure signs TBD","Другой назначенный участник находит карточку и демонстрирует допустимую часть без устной помощи автора","Профиль; источник; инвентарь; измерения; acceptance log; reviewer; дата","MISSING","MISSING","DENY","Каталожный узел; процедуры и рабочие параметры ещё не созданы","0.5-draft"
"TD-EDUCATION-INSTRUCTOR","TD-EDUCATION","EDUCATION","GOVERNANCE","Преемственность инструкторов","Иметь измеримую и проверяемую способность: преемственность инструкторов","S2_TRAINED_SUPERVISED","TRAINED_SUPERVISED","TD-BASE-SAFETY|TD-BASE-SITE|TD-BASE-INVENTORY","","MISSING","","До использования задать service level, единицу, объём, срок и критерий приёмки","Точный метод, прибор/reference и неопределённость TBD до исполнения","MISSING_OR_NOT_APPLICABLE","PORTUGAL_AND_SITE_REVIEW_REQUIRED","Потоки, совместимость, хранение и законный маршрут TBD до исполнения","Неизвестная идентичность; отсутствующее полномочие; опасная среда; непроверенный источник; выход за подготовку","Периодичность, расходники, запасные части и failure signs TBD","Другой назначенный участник находит карточку и демонстрирует допустимую часть без устной помощи автора","Профиль; источник; инвентарь; измерения; acceptance log; reviewer; дата","MISSING","MISSING","DENY","Каталожный узел; процедуры и рабочие параметры ещё не созданы","0.5-draft"
"TD-EDUCATION-ACCESS","TD-EDUCATION","EDUCATION","PROCESS","Доступность обучения для разных возможностей","Иметь измеримую и проверяемую способность: доступность обучения для разных возможностей","S1_LOW_RISK_HOUSEHOLD","HOUSEHOLD_S1_AFTER_GATE","TD-BASE-SAFETY|TD-BASE-SITE|TD-BASE-INVENTORY","","MISSING","","До использования задать service level, единицу, объём, срок и критерий приёмки","Точный метод, прибор/reference и неопределённость TBD до исполнения","MISSING_OR_NOT_APPLICABLE","PORTUGAL_AND_SITE_REVIEW_REQUIRED","Потоки, совместимость, хранение и законный маршрут TBD до исполнения","Неизвестная идентичность; отсутствующее полномочие; опасная среда; непроверенный источник; выход за подготовку","Периодичность, расходники, запасные части и failure signs TBD","Другой назначенный участник находит карточку и демонстрирует допустимую часть без устной помощи автора","Профиль; источник; инвентарь; измерения; acceptance log; reviewer; дата","MISSING","MISSING","DENY","Каталожный узел; процедуры и рабочие параметры ещё не созданы","0.5-draft"
"TD-EDUCATION-CHILD","TD-EDUCATION","EDUCATION","GOVERNANCE","Безопасная учебная программа для детей","Иметь измеримую и проверяемую способность: безопасная учебная программа для детей","S2_TRAINED_SUPERVISED","TRAINED_SUPERVISED","TD-BASE-SAFETY|TD-BASE-SITE|TD-BASE-INVENTORY","","MISSING","","До использования задать service level, единицу, объём, срок и критерий приёмки","Точный метод, прибор/reference и неопределённость TBD до исполнения","MISSING_OR_NOT_APPLICABLE","PORTUGAL_AND_SITE_REVIEW_REQUIRED","Потоки, совместимость, хранение и законный маршрут TBD до исполнения","Неизвестная идентичность; отсутствующее полномочие; опасная среда; непроверенный источник; выход за подготовку","Периодичность, расходники, запасные части и failure signs TBD","Другой назначенный участник находит карточку и демонстрирует допустимую часть без устной помощи автора","Профиль; источник; инвентарь; измерения; acceptance log; reviewer; дата","MISSING","MISSING","DENY","Каталожный узел; процедуры и рабочие параметры ещё не созданы","0.5-draft"
"TD-EDUCATION-PAPER","TD-EDUCATION","EDUCATION","KNOWLEDGE","Бумажная учебная программа и экзамены","Иметь измеримую и проверяемую способность: бумажная учебная программа и экзамены","S1_LOW_RISK_HOUSEHOLD","HOUSEHOLD_S1_AFTER_GATE","TD-BASE-SAFETY|TD-BASE-SITE|TD-BASE-INVENTORY","","MISSING","","До использования задать service level, единицу, объём, срок и критерий приёмки","Точный метод, прибор/reference и неопределённость TBD до исполнения","MISSING_OR_NOT_APPLICABLE","PORTUGAL_AND_SITE_REVIEW_REQUIRED","Потоки, совместимость, хранение и законный маршрут TBD до исполнения","Неизвестная идентичность; отсутствующее полномочие; опасная среда; непроверенный источник; выход за подготовку","Периодичность, расходники, запасные части и failure signs TBD","Другой назначенный участник находит карточку и демонстрирует допустимую часть без устной помощи автора","Профиль; источник; инвентарь; измерения; acceptance log; reviewer; дата","MISSING","MISSING","DENY","Каталожный узел; процедуры и рабочие параметры ещё не созданы","0.5-draft"
"TD-EDUCATION","TD-ROOT","EDUCATION","OUTCOME","Образование; подготовка и передача компетенций","Иметь измеримую и проверяемую способность: образование; подготовка и передача компетенций","S2_TRAINED_SUPERVISED","TRAINED_SUPERVISED","TD-BASE|TD-EDUCATION-LITERACY|TD-EDUCATION-NUMERACY|TD-EDUCATION-LANG|TD-EDUCATION-TECH-READ|TD-EDUCATION-SKILL-MATRIX|TD-EDUCATION-PREREQ|TD-EDUCATION-APPRENTICE|TD-EDUCATION-SUPERVISED|TD-EDUCATION-MASTERY|TD-EDUCATION-RECERT|TD-EDUCATION-TEACHBACK|TD-EDUCATION-INSTRUCTOR|TD-EDUCATION-ACCESS|TD-EDUCATION-CHILD|TD-EDUCATION-PAPER","","MISSING","","До использования задать service level, единицу, объём, срок и критерий приёмки","Точный метод, прибор/reference и неопределённость TBD до исполнения","MISSING_OR_NOT_APPLICABLE","PORTUGAL_AND_SITE_REVIEW_REQUIRED","Потоки, совместимость, хранение и законный маршрут TBD до исполнения","Неизвестная идентичность; отсутствующее полномочие; опасная среда; непроверенный источник; выход за подготовку","Периодичность, расходники, запасные части и failure signs TBD","Другой назначенный участник находит карточку и демонстрирует допустимую часть без устной помощи автора","Профиль; источник; инвентарь; измерения; acceptance log; reviewer; дата","MISSING","MISSING","DENY","Агрегат: обязательность дочерних узлов определяется technology-dependency-edges.csv","0.5-draft"
"TD-KNOWLEDGE-FIXITY","TD-KNOWLEDGE","KNOWLEDGE","TEST","Регулярная fixity-проверка ранее записанных хешей","Иметь измеримую и проверяемую способность: регулярная fixity-проверка ранее записанных хешей","S1_LOW_RISK_HOUSEHOLD","HOUSEHOLD_S1_AFTER_GATE","TD-BASE-SAFETY|TD-BASE-ARCHIVE","","MISSING","","До использования задать service level, единицу, объём, срок и критерий приёмки","Точный метод, прибор/reference и неопределённость TBD до исполнения","MISSING_OR_NOT_APPLICABLE","PORTUGAL_AND_SITE_REVIEW_REQUIRED","Потоки, совместимость, хранение и законный маршрут TBD до исполнения","Неизвестная идентичность; отсутствующее полномочие; опасная среда; непроверенный источник; выход за подготовку","Периодичность, расходники, запасные части и failure signs TBD","Другой назначенный участник находит карточку и демонстрирует допустимую часть без устной помощи автора","Профиль; источник; инвентарь; измерения; acceptance log; reviewer; дата","MISSING","MISSING","DENY","Каталожный узел; процедуры и рабочие параметры ещё не созданы","0.5-draft"
"TD-KNOWLEDGE-COPIES","TD-KNOWLEDGE","KNOWLEDGE","MATERIAL","Независимые локальные и offsite копии","Иметь измеримую и проверяемую способность: независимые локальные и offsite копии","S1_LOW_RISK_HOUSEHOLD","HOUSEHOLD_S1_AFTER_GATE","TD-BASE-SAFETY|TD-BASE-ARCHIVE","","MISSING","","До использования задать service level, единицу, объём, срок и критерий приёмки","Точный метод, прибор/reference и неопределённость TBD до исполнения","MISSING_OR_NOT_APPLICABLE","PORTUGAL_AND_SITE_REVIEW_REQUIRED","Потоки, совместимость, хранение и законный маршрут TBD до исполнения","Неизвестная идентичность; отсутствующее полномочие; опасная среда; непроверенный источник; выход за подготовку","Периодичность, расходники, запасные части и failure signs TBD","Другой назначенный участник находит карточку и демонстрирует допустимую часть без устной помощи автора","Профиль; источник; инвентарь; измерения; acceptance log; reviewer; дата","MISSING","MISSING","DENY","Каталожный узел; процедуры и рабочие параметры ещё не созданы","0.5-draft"
"TD-KNOWLEDGE-MIGRATION","TD-KNOWLEDGE","KNOWLEDGE","PROCESS","Миграция форматов и носителей","Иметь измеримую и проверяемую способность: миграция форматов и носителей","S2_TRAINED_SUPERVISED","TRAINED_SUPERVISED","TD-BASE-SAFETY|TD-BASE-ARCHIVE","","MISSING","","До использования задать service level, единицу, объём, срок и критерий приёмки","Точный метод, прибор/reference и неопределённость TBD до исполнения","MISSING_OR_NOT_APPLICABLE","PORTUGAL_AND_SITE_REVIEW_REQUIRED","Потоки, совместимость, хранение и законный маршрут TBD до исполнения","Неизвестная идентичность; отсутствующее полномочие; опасная среда; непроверенный источник; выход за подготовку","Периодичность, расходники, запасные части и failure signs TBD","Другой назначенный участник находит карточку и демонстрирует допустимую часть без устной помощи автора","Профиль; источник; инвентарь; измерения; acceptance log; reviewer; дата","MISSING","MISSING","DENY","Каталожный узел; процедуры и рабочие параметры ещё не созданы","0.5-draft"
"TD-KNOWLEDGE-SEARCH","TD-KNOWLEDGE","KNOWLEDGE","PROCESS","Локальный полнотекстовый индекс","Иметь измеримую и проверяемую способность: локальный полнотекстовый индекс","S1_LOW_RISK_HOUSEHOLD","HOUSEHOLD_S1_AFTER_GATE","TD-BASE-SAFETY|TD-BASE-ARCHIVE","","MISSING","","До использования задать service level, единицу, объём, срок и критерий приёмки","Точный метод, прибор/reference и неопределённость TBD до исполнения","MISSING_OR_NOT_APPLICABLE","PORTUGAL_AND_SITE_REVIEW_REQUIRED","Потоки, совместимость, хранение и законный маршрут TBD до исполнения","Неизвестная идентичность; отсутствующее полномочие; опасная среда; непроверенный источник; выход за подготовку","Периодичность, расходники, запасные части и failure signs TBD","Другой назначенный участник находит карточку и демонстрирует допустимую часть без устной помощи автора","Профиль; источник; инвентарь; измерения; acceptance log; reviewer; дата","MISSING","MISSING","DENY","Каталожный узел; процедуры и рабочие параметры ещё не созданы","0.5-draft"
"TD-KNOWLEDGE-PRINT-CORE","TD-KNOWLEDGE","KNOWLEDGE","MATERIAL","Печатное P0/P1 ядро","Иметь измеримую и проверяемую способность: печатное p0/p1 ядро","S1_LOW_RISK_HOUSEHOLD","HOUSEHOLD_S1_AFTER_GATE","TD-BASE-SAFETY|TD-BASE-ARCHIVE","","MISSING","","До использования задать service level, единицу, объём, срок и критерий приёмки","Точный метод, прибор/reference и неопределённость TBD до исполнения","MISSING_OR_NOT_APPLICABLE","PORTUGAL_AND_SITE_REVIEW_REQUIRED","Потоки, совместимость, хранение и законный маршрут TBD до исполнения","Неизвестная идентичность; отсутствующее полномочие; опасная среда; непроверенный источник; выход за подготовку","Периодичность, расходники, запасные части и failure signs TBD","Другой назначенный участник находит карточку и демонстрирует допустимую часть без устной помощи автора","Профиль; источник; инвентарь; измерения; acceptance log; reviewer; дата","MISSING","MISSING","DENY","Каталожный узел; процедуры и рабочие параметры ещё не созданы","0.5-draft"
"TD-KNOWLEDGE-SOURCE-CODE","TD-KNOWLEDGE","KNOWLEDGE","KNOWLEDGE","Исходный код критических инструментов","Иметь измеримую и проверяемую способность: исходный код критических инструментов","S1_LOW_RISK_HOUSEHOLD","HOUSEHOLD_S1_AFTER_GATE","TD-BASE-SAFETY|TD-BASE-ARCHIVE","","MISSING","","До использования задать service level, единицу, объём, срок и критерий приёмки","Точный метод, прибор/reference и неопределённость TBD до исполнения","MISSING_OR_NOT_APPLICABLE","PORTUGAL_AND_SITE_REVIEW_REQUIRED","Потоки, совместимость, хранение и законный маршрут TBD до исполнения","Неизвестная идентичность; отсутствующее полномочие; опасная среда; непроверенный источник; выход за подготовку","Периодичность, расходники, запасные части и failure signs TBD","Другой назначенный участник находит карточку и демонстрирует допустимую часть без устной помощи автора","Профиль; источник; инвентарь; измерения; acceptance log; reviewer; дата","MISSING","MISSING","DENY","Каталожный узел; процедуры и рабочие параметры ещё не созданы","0.5-draft"
"TD-KNOWLEDGE-COMPILERS","TD-KNOWLEDGE","KNOWLEDGE","KNOWLEDGE","Компиляторы; runtimes и reproducible build","Иметь измеримую и проверяемую способность: компиляторы; runtimes и reproducible build","S2_TRAINED_SUPERVISED","TRAINED_SUPERVISED","TD-BASE-SAFETY|TD-BASE-ARCHIVE","","MISSING","","До использования задать service level, единицу, объём, срок и критерий приёмки","Точный метод, прибор/reference и неопределённость TBD до исполнения","MISSING_OR_NOT_APPLICABLE","PORTUGAL_AND_SITE_REVIEW_REQUIRED","Потоки, совместимость, хранение и законный маршрут TBD до исполнения","Неизвестная идентичность; отсутствующее полномочие; опасная среда; непроверенный источник; выход за подготовку","Периодичность, расходники, запасные части и failure signs TBD","Другой назначенный участник находит карточку и демонстрирует допустимую часть без устной помощи автора","Профиль; источник; инвентарь; измерения; acceptance log; reviewer; дата","MISSING","MISSING","DENY","Каталожный узел; процедуры и рабочие параметры ещё не созданы","0.5-draft"
"TD-KNOWLEDGE-GIS","TD-KNOWLEDGE","KNOWLEDGE","KNOWLEDGE","Офлайн GIS и открытые форматы","Иметь измеримую и проверяемую способность: офлайн gis и открытые форматы","S2_TRAINED_SUPERVISED","TRAINED_SUPERVISED","TD-BASE-SAFETY|TD-BASE-ARCHIVE","","MISSING","","До использования задать service level, единицу, объём, срок и критерий приёмки","Точный метод, прибор/reference и неопределённость TBD до исполнения","MISSING_OR_NOT_APPLICABLE","PORTUGAL_AND_SITE_REVIEW_REQUIRED","Потоки, совместимость, хранение и законный маршрут TBD до исполнения","Неизвестная идентичность; отсутствующее полномочие; опасная среда; непроверенный источник; выход за подготовку","Периодичность, расходники, запасные части и failure signs TBD","Другой назначенный участник находит карточку и демонстрирует допустимую часть без устной помощи автора","Профиль; источник; инвентарь; измерения; acceptance log; reviewer; дата","MISSING","MISSING","DENY","Каталожный узел; процедуры и рабочие параметры ещё не созданы","0.5-draft"
"TD-KNOWLEDGE-EDA-CAD","TD-KNOWLEDGE","KNOWLEDGE","KNOWLEDGE","CAD/EDA и открытые редактируемые форматы","Иметь измеримую и проверяемую способность: cad/eda и открытые редактируемые форматы","S2_TRAINED_SUPERVISED","TRAINED_SUPERVISED","TD-BASE-SAFETY|TD-BASE-ARCHIVE","","MISSING","","До использования задать service level, единицу, объём, срок и критерий приёмки","Точный метод, прибор/reference и неопределённость TBD до исполнения","MISSING_OR_NOT_APPLICABLE","PORTUGAL_AND_SITE_REVIEW_REQUIRED","Потоки, совместимость, хранение и законный маршрут TBD до исполнения","Неизвестная идентичность; отсутствующее полномочие; опасная среда; непроверенный источник; выход за подготовку","Периодичность, расходники, запасные части и failure signs TBD","Другой назначенный участник находит карточку и демонстрирует допустимую часть без устной помощи автора","Профиль; источник; инвентарь; измерения; acceptance log; reviewer; дата","MISSING","MISSING","DENY","Каталожный узел; процедуры и рабочие параметры ещё не созданы","0.5-draft"
"TD-KNOWLEDGE-HARDWARE","TD-KNOWLEDGE","KNOWLEDGE","MAINTENANCE","Ремонт вычислительной техники и donor plan","Иметь измеримую и проверяемую способность: ремонт вычислительной техники и donor plan","S3_LICENSED_PROFESSIONAL","LICENSED_ONLY","TD-BASE-SAFETY|TD-BASE-ARCHIVE","","MISSING","","До использования задать service level, единицу, объём, срок и критерий приёмки","Точный метод, прибор/reference и неопределённость TBD до исполнения","MISSING_OR_NOT_APPLICABLE","PORTUGAL_AND_SITE_REVIEW_REQUIRED","Потоки, совместимость, хранение и законный маршрут TBD до исполнения","Неизвестная идентичность; отсутствующее полномочие; опасная среда; непроверенный источник; выход за подготовку","Периодичность, расходники, запасные части и failure signs TBD","Другой назначенный участник находит карточку и демонстрирует допустимую часть без устной помощи автора","Профиль; источник; инвентарь; измерения; acceptance log; reviewer; дата","MISSING","MISSING","DENY","Каталожный узел; процедуры и рабочие параметры ещё не созданы","0.5-draft"
"TD-KNOWLEDGE-READERS-SPARE","TD-KNOWLEDGE","KNOWLEDGE","MATERIAL","Запасные readers и установщики","Иметь измеримую и проверяемую способность: запасные readers и установщики","S1_LOW_RISK_HOUSEHOLD","HOUSEHOLD_S1_AFTER_GATE","TD-BASE-SAFETY|TD-BASE-ARCHIVE","","MISSING","","До использования задать service level, единицу, объём, срок и критерий приёмки","Точный метод, прибор/reference и неопределённость TBD до исполнения","MISSING_OR_NOT_APPLICABLE","PORTUGAL_AND_SITE_REVIEW_REQUIRED","Потоки, совместимость, хранение и законный маршрут TBD до исполнения","Неизвестная идентичность; отсутствующее полномочие; опасная среда; непроверенный источник; выход за подготовку","Периодичность, расходники, запасные части и failure signs TBD","Другой назначенный участник находит карточку и демонстрирует допустимую часть без устной помощи автора","Профиль; источник; инвентарь; измерения; acceptance log; reviewer; дата","MISSING","MISSING","DENY","Каталожный узел; процедуры и рабочие параметры ещё не созданы","0.5-draft"
"TD-KNOWLEDGE-PAPER-FALLBACK","TD-KNOWLEDGE","KNOWLEDGE","PROCESS","Механические и бумажные fallback-системы","Иметь измеримую и проверяемую способность: механические и бумажные fallback-системы","S1_LOW_RISK_HOUSEHOLD","HOUSEHOLD_S1_AFTER_GATE","TD-BASE-SAFETY|TD-BASE-ARCHIVE","","MISSING","","До использования задать service level, единицу, объём, срок и критерий приёмки","Точный метод, прибор/reference и неопределённость TBD до исполнения","MISSING_OR_NOT_APPLICABLE","PORTUGAL_AND_SITE_REVIEW_REQUIRED","Потоки, совместимость, хранение и законный маршрут TBD до исполнения","Неизвестная идентичность; отсутствующее полномочие; опасная среда; непроверенный источник; выход за подготовку","Периодичность, расходники, запасные части и failure signs TBD","Другой назначенный участник находит карточку и демонстрирует допустимую часть без устной помощи автора","Профиль; источник; инвентарь; измерения; acceptance log; reviewer; дата","MISSING","MISSING","DENY","Каталожный узел; процедуры и рабочие параметры ещё не созданы","0.5-draft"
"TD-KNOWLEDGE-LANGUAGE","TD-KNOWLEDGE","KNOWLEDGE","KNOWLEDGE","Перевод; словари и терминологические соответствия","Иметь измеримую и проверяемую способность: перевод; словари и терминологические соответствия","S1_LOW_RISK_HOUSEHOLD","HOUSEHOLD_S1_AFTER_GATE","TD-BASE-SAFETY|TD-BASE-ARCHIVE","","MISSING","","До использования задать service level, единицу, объём, срок и критерий приёмки","Точный метод, прибор/reference и неопределённость TBD до исполнения","MISSING_OR_NOT_APPLICABLE","PORTUGAL_AND_SITE_REVIEW_REQUIRED","Потоки, совместимость, хранение и законный маршрут TBD до исполнения","Неизвестная идентичность; отсутствующее полномочие; опасная среда; непроверенный источник; выход за подготовку","Периодичность, расходники, запасные части и failure signs TBD","Другой назначенный участник находит карточку и демонстрирует допустимую часть без устной помощи автора","Профиль; источник; инвентарь; измерения; acceptance log; reviewer; дата","MISSING","MISSING","DENY","Каталожный узел; процедуры и рабочие параметры ещё не созданы","0.5-draft"
"TD-KNOWLEDGE-RIGHTS","TD-KNOWLEDGE","KNOWLEDGE","GOVERNANCE","Права; provenance и допустимая локальная копия","Иметь измеримую и проверяемую способность: права; provenance и допустимая локальная копия","S0_OBSERVE_READ","HOUSEHOLD_S0","TD-BASE-SAFETY|TD-BASE-ARCHIVE","","MISSING","","До использования задать service level, единицу, объём, срок и критерий приёмки","Точный метод, прибор/reference и неопределённость TBD до исполнения","MISSING_OR_NOT_APPLICABLE","PORTUGAL_AND_SITE_REVIEW_REQUIRED","Потоки, совместимость, хранение и законный маршрут TBD до исполнения","Неизвестная идентичность; отсутствующее полномочие; опасная среда; непроверенный источник; выход за подготовку","Периодичность, расходники, запасные части и failure signs TBD","Другой назначенный участник находит карточку и демонстрирует допустимую часть без устной помощи автора","Профиль; источник; инвентарь; измерения; acceptance log; reviewer; дата","MISSING","MISSING","DENY","Каталожный узел; процедуры и рабочие параметры ещё не созданы","0.5-draft"
"TD-KNOWLEDGE-SUCCESSOR","TD-KNOWLEDGE","KNOWLEDGE","TEST","Восстановление и поиск преемником с чистого устройства","Иметь измеримую и проверяемую способность: восстановление и поиск преемником с чистого устройства","S2_TRAINED_SUPERVISED","TRAINED_SUPERVISED","TD-BASE-SAFETY|TD-BASE-ARCHIVE","","MISSING","","До использования задать service level, единицу, объём, срок и критерий приёмки","Точный метод, прибор/reference и неопределённость TBD до исполнения","MISSING_OR_NOT_APPLICABLE","PORTUGAL_AND_SITE_REVIEW_REQUIRED","Потоки, совместимость, хранение и законный маршрут TBD до исполнения","Неизвестная идентичность; отсутствующее полномочие; опасная среда; непроверенный источник; выход за подготовку","Периодичность, расходники, запасные части и failure signs TBD","Другой назначенный участник находит карточку и демонстрирует допустимую часть без устной помощи автора","Профиль; источник; инвентарь; измерения; acceptance log; reviewer; дата","MISSING","MISSING","DENY","Каталожный узел; процедуры и рабочие параметры ещё не созданы","0.5-draft"
"TD-GOV-LIMITS","TD-GOV","GOVERNANCE","GOVERNANCE","Ограничение чрезвычайных полномочий и сроков","Иметь измеримую и проверяемую способность: ограничение чрезвычайных полномочий и сроков","S1_LOW_RISK_HOUSEHOLD","HOUSEHOLD_S1_AFTER_GATE","TD-BASE-SAFETY|TD-BASE-SITE|TD-BASE-INVENTORY","","MISSING","","До использования задать service level, единицу, объём, срок и критерий приёмки","Точный метод, прибор/reference и неопределённость TBD до исполнения","MISSING_OR_NOT_APPLICABLE","PORTUGAL_AND_SITE_REVIEW_REQUIRED","Потоки, совместимость, хранение и законный маршрут TBD до исполнения","Неизвестная идентичность; отсутствующее полномочие; опасная среда; непроверенный источник; выход за подготовку","Периодичность, расходники, запасные части и failure signs TBD","Другой назначенный участник находит карточку и демонстрирует допустимую часть без устной помощи автора","Профиль; источник; инвентарь; измерения; acceptance log; reviewer; дата","MISSING","MISSING","DENY","Каталожный узел; процедуры и рабочие параметры ещё не созданы","0.5-draft"
"TD-GOV-AUDIT","TD-GOV","GOVERNANCE","GOVERNANCE","Независимый аудит решений и ресурсов","Иметь измеримую и проверяемую способность: независимый аудит решений и ресурсов","S1_LOW_RISK_HOUSEHOLD","HOUSEHOLD_S1_AFTER_GATE","TD-BASE-SAFETY|TD-BASE-SITE|TD-BASE-INVENTORY","","MISSING","","До использования задать service level, единицу, объём, срок и критерий приёмки","Точный метод, прибор/reference и неопределённость TBD до исполнения","MISSING_OR_NOT_APPLICABLE","PORTUGAL_AND_SITE_REVIEW_REQUIRED","Потоки, совместимость, хранение и законный маршрут TBD до исполнения","Неизвестная идентичность; отсутствующее полномочие; опасная среда; непроверенный источник; выход за подготовку","Периодичность, расходники, запасные части и failure signs TBD","Другой назначенный участник находит карточку и демонстрирует допустимую часть без устной помощи автора","Профиль; источник; инвентарь; измерения; acceptance log; reviewer; дата","MISSING","MISSING","DENY","Каталожный узел; процедуры и рабочие параметры ещё не созданы","0.5-draft"
"TD-GOV-GRIEVANCE","TD-GOV","GOVERNANCE","GOVERNANCE","Жалоба; апелляция и защита от возмездия","Иметь измеримую и проверяемую способность: жалоба; апелляция и защита от возмездия","S1_LOW_RISK_HOUSEHOLD","HOUSEHOLD_S1_AFTER_GATE","TD-BASE-SAFETY|TD-BASE-SITE|TD-BASE-INVENTORY","","MISSING","","До использования задать service level, единицу, объём, срок и критерий приёмки","Точный метод, прибор/reference и неопределённость TBD до исполнения","MISSING_OR_NOT_APPLICABLE","PORTUGAL_AND_SITE_REVIEW_REQUIRED","Потоки, совместимость, хранение и законный маршрут TBD до исполнения","Неизвестная идентичность; отсутствующее полномочие; опасная среда; непроверенный источник; выход за подготовку","Периодичность, расходники, запасные части и failure signs TBD","Другой назначенный участник находит карточку и демонстрирует допустимую часть без устной помощи автора","Профиль; источник; инвентарь; измерения; acceptance log; reviewer; дата","MISSING","MISSING","DENY","Каталожный узел; процедуры и рабочие параметры ещё не созданы","0.5-draft"
"TD-GOV-VULNERABLE","TD-GOV","GOVERNANCE","GOVERNANCE","Защита уязвимых и зависимых участников","Иметь измеримую и проверяемую способность: защита уязвимых и зависимых участников","S2_TRAINED_SUPERVISED","TRAINED_SUPERVISED","TD-BASE-SAFETY|TD-BASE-SITE|TD-BASE-INVENTORY","","MISSING","","До использования задать service level, единицу, объём, срок и критерий приёмки","Точный метод, прибор/reference и неопределённость TBD до исполнения","MISSING_OR_NOT_APPLICABLE","PORTUGAL_AND_SITE_REVIEW_REQUIRED","Потоки, совместимость, хранение и законный маршрут TBD до исполнения","Неизвестная идентичность; отсутствующее полномочие; опасная среда; непроверенный источник; выход за подготовку","Периодичность, расходники, запасные части и failure signs TBD","Другой назначенный участник находит карточку и демонстрирует допустимую часть без устной помощи автора","Профиль; источник; инвентарь; измерения; acceptance log; reviewer; дата","MISSING","MISSING","DENY","Каталожный узел; процедуры и рабочие параметры ещё не созданы","0.5-draft"
"TD-GOV-LAW","TD-GOV","GOVERNANCE","KNOWLEDGE","Земля; имущество; договоры и применимое право","Иметь измеримую и проверяемую способность: земля; имущество; договоры и применимое право","S0_OBSERVE_READ","HOUSEHOLD_S0","TD-BASE-SAFETY|TD-BASE-SITE|TD-BASE-INVENTORY","","MISSING","","До использования задать service level, единицу, объём, срок и критерий приёмки","Точный метод, прибор/reference и неопределённость TBD до исполнения","MISSING_OR_NOT_APPLICABLE","PORTUGAL_AND_SITE_REVIEW_REQUIRED","Потоки, совместимость, хранение и законный маршрут TBD до исполнения","Неизвестная идентичность; отсутствующее полномочие; опасная среда; непроверенный источник; выход за подготовку","Периодичность, расходники, запасные части и failure signs TBD","Другой назначенный участник находит карточку и демонстрирует допустимую часть без устной помощи автора","Профиль; источник; инвентарь; измерения; acceptance log; reviewer; дата","MISSING","MISSING","DENY","Каталожный узел; процедуры и рабочие параметры ещё не созданы","0.5-draft"
"TD-GOV-BIRTH-DEATH","TD-GOV","GOVERNANCE","GOVERNANCE","Записи рождения; смерти и идентичности","Иметь измеримую и проверяемую способность: записи рождения; смерти и идентичности","S3_LICENSED_PROFESSIONAL","LICENSED_ONLY","TD-BASE-SAFETY|TD-BASE-SITE|TD-BASE-INVENTORY","","MISSING","","До использования задать service level, единицу, объём, срок и критерий приёмки","Точный метод, прибор/reference и неопределённость TBD до исполнения","MISSING_OR_NOT_APPLICABLE","PORTUGAL_AND_SITE_REVIEW_REQUIRED","Потоки, совместимость, хранение и законный маршрут TBD до исполнения","Неизвестная идентичность; отсутствующее полномочие; опасная среда; непроверенный источник; выход за подготовку","Периодичность, расходники, запасные части и failure signs TBD","Другой назначенный участник находит карточку и демонстрирует допустимую часть без устной помощи автора","Профиль; источник; инвентарь; измерения; acceptance log; reviewer; дата","MISSING","MISSING","DENY","Каталожный узел; процедуры и рабочие параметры ещё не созданы","0.5-draft"
"TD-GOV-TRADE","TD-GOV","GOVERNANCE","GOVERNANCE","Законный обмен; специализация и договорённости","Иметь измеримую и проверяемую способность: законный обмен; специализация и договорённости","S1_LOW_RISK_HOUSEHOLD","HOUSEHOLD_S1_AFTER_GATE","TD-BASE-SAFETY|TD-BASE-SITE|TD-BASE-INVENTORY","","MISSING","","До использования задать service level, единицу, объём, срок и критерий приёмки","Точный метод, прибор/reference и неопределённость TBD до исполнения","MISSING_OR_NOT_APPLICABLE","PORTUGAL_AND_SITE_REVIEW_REQUIRED","Потоки, совместимость, хранение и законный маршрут TBD до исполнения","Неизвестная идентичность; отсутствующее полномочие; опасная среда; непроверенный источник; выход за подготовку","Периодичность, расходники, запасные части и failure signs TBD","Другой назначенный участник находит карточку и демонстрирует допустимую часть без устной помощи автора","Профиль; источник; инвентарь; измерения; acceptance log; reviewer; дата","MISSING","MISSING","DENY","Каталожный узел; процедуры и рабочие параметры ещё не созданы","0.5-draft"
"TD-GOV-COMMUNITY","TD-GOV","GOVERNANCE","GOVERNANCE","Межгрупповая кооперация и взаимопомощь","Иметь измеримую и проверяемую способность: межгрупповая кооперация и взаимопомощь","S1_LOW_RISK_HOUSEHOLD","HOUSEHOLD_S1_AFTER_GATE","TD-BASE-SAFETY|TD-BASE-SITE|TD-BASE-INVENTORY","","MISSING","","До использования задать service level, единицу, объём, срок и критерий приёмки","Точный метод, прибор/reference и неопределённость TBD до исполнения","MISSING_OR_NOT_APPLICABLE","PORTUGAL_AND_SITE_REVIEW_REQUIRED","Потоки, совместимость, хранение и законный маршрут TBD до исполнения","Неизвестная идентичность; отсутствующее полномочие; опасная среда; непроверенный источник; выход за подготовку","Периодичность, расходники, запасные части и failure signs TBD","Другой назначенный участник находит карточку и демонстрирует допустимую часть без устной помощи автора","Профиль; источник; инвентарь; измерения; acceptance log; reviewer; дата","MISSING","MISSING","DENY","Каталожный узел; процедуры и рабочие параметры ещё не созданы","0.5-draft"
"TD-GOV-PROCUREMENT","TD-GOV","GOVERNANCE","PROCESS","Закупка; приёмка и provenance","Иметь измеримую и проверяемую способность: закупка; приёмка и provenance","S1_LOW_RISK_HOUSEHOLD","HOUSEHOLD_S1_AFTER_GATE","TD-BASE-SAFETY|TD-BASE-SITE|TD-BASE-INVENTORY","","MISSING","","До использования задать service level, единицу, объём, срок и критерий приёмки","Точный метод, прибор/reference и неопределённость TBD до исполнения","MISSING_OR_NOT_APPLICABLE","PORTUGAL_AND_SITE_REVIEW_REQUIRED","Потоки, совместимость, хранение и законный маршрут TBD до исполнения","Неизвестная идентичность; отсутствующее полномочие; опасная среда; непроверенный источник; выход за подготовку","Периодичность, расходники, запасные части и failure signs TBD","Другой назначенный участник находит карточку и демонстрирует допустимую часть без устной помощи автора","Профиль; источник; инвентарь; измерения; acceptance log; reviewer; дата","MISSING","MISSING","DENY","Каталожный узел; процедуры и рабочие параметры ещё не созданы","0.5-draft"
"TD-GOV-STOCK","TD-GOV","GOVERNANCE","GOVERNANCE","Минимальные остатки; reorder point и ротация","Иметь измеримую и проверяемую способность: минимальные остатки; reorder point и ротация","S1_LOW_RISK_HOUSEHOLD","HOUSEHOLD_S1_AFTER_GATE","TD-BASE-SAFETY|TD-BASE-SITE|TD-BASE-INVENTORY","","MISSING","","До использования задать service level, единицу, объём, срок и критерий приёмки","Точный метод, прибор/reference и неопределённость TBD до исполнения","MISSING_OR_NOT_APPLICABLE","PORTUGAL_AND_SITE_REVIEW_REQUIRED","Потоки, совместимость, хранение и законный маршрут TBD до исполнения","Неизвестная идентичность; отсутствующее полномочие; опасная среда; непроверенный источник; выход за подготовку","Периодичность, расходники, запасные части и failure signs TBD","Другой назначенный участник находит карточку и демонстрирует допустимую часть без устной помощи автора","Профиль; источник; инвентарь; измерения; acceptance log; reviewer; дата","MISSING","MISSING","DENY","Каталожный узел; процедуры и рабочие параметры ещё не созданы","0.5-draft"
"TD-GOV-WAREHOUSE","TD-GOV","GOVERNANCE","SITE_DATA","Склад; зоны совместимости и доступ","Иметь измеримую и проверяемую способность: склад; зоны совместимости и доступ","S2_TRAINED_SUPERVISED","TRAINED_SUPERVISED","TD-BASE-SAFETY|TD-BASE-SITE|TD-BASE-INVENTORY","","MISSING","","До использования задать service level, единицу, объём, срок и критерий приёмки","Точный метод, прибор/reference и неопределённость TBD до исполнения","MISSING_OR_NOT_APPLICABLE","PORTUGAL_AND_SITE_REVIEW_REQUIRED","Потоки, совместимость, хранение и законный маршрут TBD до исполнения","Неизвестная идентичность; отсутствующее полномочие; опасная среда; непроверенный источник; выход за подготовку","Периодичность, расходники, запасные части и failure signs TBD","Другой назначенный участник находит карточку и демонстрирует допустимую часть без устной помощи автора","Профиль; источник; инвентарь; измерения; acceptance log; reviewer; дата","MISSING","MISSING","DENY","Каталожный узел; процедуры и рабочие параметры ещё не созданы","0.5-draft"
"TD-GOV-DISTRIBUTION","TD-GOV","GOVERNANCE","PROCESS","Выдача ресурсов и chain of custody","Иметь измеримую и проверяемую способность: выдача ресурсов и chain of custody","S1_LOW_RISK_HOUSEHOLD","HOUSEHOLD_S1_AFTER_GATE","TD-BASE-SAFETY|TD-BASE-SITE|TD-BASE-INVENTORY","","MISSING","","До использования задать service level, единицу, объём, срок и критерий приёмки","Точный метод, прибор/reference и неопределённость TBD до исполнения","MISSING_OR_NOT_APPLICABLE","PORTUGAL_AND_SITE_REVIEW_REQUIRED","Потоки, совместимость, хранение и законный маршрут TBD до исполнения","Неизвестная идентичность; отсутствующее полномочие; опасная среда; непроверенный источник; выход за подготовку","Периодичность, расходники, запасные части и failure signs TBD","Другой назначенный участник находит карточку и демонстрирует допустимую часть без устной помощи автора","Профиль; источник; инвентарь; измерения; acceptance log; reviewer; дата","MISSING","MISSING","DENY","Каталожный узел; процедуры и рабочие параметры ещё не созданы","0.5-draft"
"TD-GOV-LABOR","TD-GOV","GOVERNANCE","GOVERNANCE","Бюджет труда; смены и неэксплуатирующие нормы","Иметь измеримую и проверяемую способность: бюджет труда; смены и неэксплуатирующие нормы","S1_LOW_RISK_HOUSEHOLD","HOUSEHOLD_S1_AFTER_GATE","TD-BASE-SAFETY|TD-BASE-SITE|TD-BASE-INVENTORY","","MISSING","","До использования задать service level, единицу, объём, срок и критерий приёмки","Точный метод, прибор/reference и неопределённость TBD до исполнения","MISSING_OR_NOT_APPLICABLE","PORTUGAL_AND_SITE_REVIEW_REQUIRED","Потоки, совместимость, хранение и законный маршрут TBD до исполнения","Неизвестная идентичность; отсутствующее полномочие; опасная среда; непроверенный источник; выход за подготовку","Периодичность, расходники, запасные части и failure signs TBD","Другой назначенный участник находит карточку и демонстрирует допустимую часть без устной помощи автора","Профиль; источник; инвентарь; измерения; acceptance log; reviewer; дата","MISSING","MISSING","DENY","Каталожный узел; процедуры и рабочие параметры ещё не созданы","0.5-draft"
"TD-GOV-RECOVERY","TD-GOV","GOVERNANCE","PROCESS","After-action review и восстановление","Иметь измеримую и проверяемую способность: after-action review и восстановление","S1_LOW_RISK_HOUSEHOLD","HOUSEHOLD_S1_AFTER_GATE","TD-BASE-SAFETY|TD-BASE-SITE|TD-BASE-INVENTORY","","MISSING","","До использования задать service level, единицу, объём, срок и критерий приёмки","Точный метод, прибор/reference и неопределённость TBD до исполнения","MISSING_OR_NOT_APPLICABLE","PORTUGAL_AND_SITE_REVIEW_REQUIRED","Потоки, совместимость, хранение и законный маршрут TBD до исполнения","Неизвестная идентичность; отсутствующее полномочие; опасная среда; непроверенный источник; выход за подготовку","Периодичность, расходники, запасные части и failure signs TBD","Другой назначенный участник находит карточку и демонстрирует допустимую часть без устной помощи автора","Профиль; источник; инвентарь; измерения; acceptance log; reviewer; дата","MISSING","MISSING","DENY","Каталожный узел; процедуры и рабочие параметры ещё не созданы","0.5-draft"
"TD-GOV-RELOCATION","TD-GOV","GOVERNANCE","PROCESS","Законный перенос людей; архивов и функций","Иметь измеримую и проверяемую способность: законный перенос людей; архивов и функций","S2_TRAINED_SUPERVISED","TRAINED_SUPERVISED","TD-BASE-SAFETY|TD-BASE-SITE|TD-BASE-INVENTORY","","MISSING","","До использования задать service level, единицу, объём, срок и критерий приёмки","Точный метод, прибор/reference и неопределённость TBD до исполнения","MISSING_OR_NOT_APPLICABLE","PORTUGAL_AND_SITE_REVIEW_REQUIRED","Потоки, совместимость, хранение и законный маршрут TBD до исполнения","Неизвестная идентичность; отсутствующее полномочие; опасная среда; непроверенный источник; выход за подготовку","Периодичность, расходники, запасные части и failure signs TBD","Другой назначенный участник находит карточку и демонстрирует допустимую часть без устной помощи автора","Профиль; источник; инвентарь; измерения; acceptance log; reviewer; дата","MISSING","MISSING","DENY","Каталожный узел; процедуры и рабочие параметры ещё не созданы","0.5-draft"
"TD-ENVIRONMENT-WEATHER","TD-ENVIRONMENT","ENVIRONMENT","SITE_DATA","Погода и локальные наблюдения","Иметь измеримую и проверяемую способность: погода и локальные наблюдения","S1_LOW_RISK_HOUSEHOLD","HOUSEHOLD_S1_AFTER_GATE","TD-BASE-SAFETY|TD-BASE-SITE|TD-BASE-INVENTORY","","MISSING","","До использования задать service level, единицу, объём, срок и критерий приёмки","Точный метод, прибор/reference и неопределённость TBD до исполнения","MISSING_OR_NOT_APPLICABLE","PORTUGAL_AND_SITE_REVIEW_REQUIRED","Потоки, совместимость, хранение и законный маршрут TBD до исполнения","Неизвестная идентичность; отсутствующее полномочие; опасная среда; непроверенный источник; выход за подготовку","Периодичность, расходники, запасные части и failure signs TBD","Другой назначенный участник находит карточку и демонстрирует допустимую часть без устной помощи автора","Профиль; источник; инвентарь; измерения; acceptance log; reviewer; дата","MISSING","MISSING","DENY","Каталожный узел; процедуры и рабочие параметры ещё не созданы","0.5-draft"
"TD-ENVIRONMENT-DROUGHT","TD-ENVIRONMENT","ENVIRONMENT","SITE_DATA","Засуха и водный дефицит","Иметь измеримую и проверяемую способность: засуха и водный дефицит","S2_TRAINED_SUPERVISED","TRAINED_SUPERVISED","TD-BASE-SAFETY|TD-BASE-SITE|TD-BASE-INVENTORY","","MISSING","","До использования задать service level, единицу, объём, срок и критерий приёмки","Точный метод, прибор/reference и неопределённость TBD до исполнения","MISSING_OR_NOT_APPLICABLE","PORTUGAL_AND_SITE_REVIEW_REQUIRED","Потоки, совместимость, хранение и законный маршрут TBD до исполнения","Неизвестная идентичность; отсутствующее полномочие; опасная среда; непроверенный источник; выход за подготовку","Периодичность, расходники, запасные части и failure signs TBD","Другой назначенный участник находит карточку и демонстрирует допустимую часть без устной помощи автора","Профиль; источник; инвентарь; измерения; acceptance log; reviewer; дата","MISSING","MISSING","DENY","Каталожный узел; процедуры и рабочие параметры ещё не созданы","0.5-draft"
"TD-ENVIRONMENT-HEAT","TD-ENVIRONMENT","ENVIRONMENT","SITE_DATA","Жара и тепловой риск","Иметь измеримую и проверяемую способность: жара и тепловой риск","S2_TRAINED_SUPERVISED","TRAINED_SUPERVISED","TD-BASE-SAFETY|TD-BASE-SITE|TD-BASE-INVENTORY","","MISSING","","До использования задать service level, единицу, объём, срок и критерий приёмки","Точный метод, прибор/reference и неопределённость TBD до исполнения","MISSING_OR_NOT_APPLICABLE","PORTUGAL_AND_SITE_REVIEW_REQUIRED","Потоки, совместимость, хранение и законный маршрут TBD до исполнения","Неизвестная идентичность; отсутствующее полномочие; опасная среда; непроверенный источник; выход за подготовку","Периодичность, расходники, запасные части и failure signs TBD","Другой назначенный участник находит карточку и демонстрирует допустимую часть без устной помощи автора","Профиль; источник; инвентарь; измерения; acceptance log; reviewer; дата","MISSING","MISSING","DENY","Каталожный узел; процедуры и рабочие параметры ещё не созданы","0.5-draft"
"TD-ENVIRONMENT-COLD","TD-ENVIRONMENT","ENVIRONMENT","SITE_DATA","Холод и мороз","Иметь измеримую и проверяемую способность: холод и мороз","S2_TRAINED_SUPERVISED","TRAINED_SUPERVISED","TD-BASE-SAFETY|TD-BASE-SITE|TD-BASE-INVENTORY","","MISSING","","До использования задать service level, единицу, объём, срок и критерий приёмки","Точный метод, прибор/reference и неопределённость TBD до исполнения","MISSING_OR_NOT_APPLICABLE","PORTUGAL_AND_SITE_REVIEW_REQUIRED","Потоки, совместимость, хранение и законный маршрут TBD до исполнения","Неизвестная идентичность; отсутствующее полномочие; опасная среда; непроверенный источник; выход за подготовку","Периодичность, расходники, запасные части и failure signs TBD","Другой назначенный участник находит карточку и демонстрирует допустимую часть без устной помощи автора","Профиль; источник; инвентарь; измерения; acceptance log; reviewer; дата","MISSING","MISSING","DENY","Каталожный узел; процедуры и рабочие параметры ещё не созданы","0.5-draft"
"TD-ENVIRONMENT-WIND","TD-ENVIRONMENT","ENVIRONMENT","SITE_DATA","Шторм и ветер","Иметь измеримую и проверяемую способность: шторм и ветер","S2_TRAINED_SUPERVISED","TRAINED_SUPERVISED","TD-BASE-SAFETY|TD-BASE-SITE|TD-BASE-INVENTORY","","MISSING","","До использования задать service level, единицу, объём, срок и критерий приёмки","Точный метод, прибор/reference и неопределённость TBD до исполнения","MISSING_OR_NOT_APPLICABLE","PORTUGAL_AND_SITE_REVIEW_REQUIRED","Потоки, совместимость, хранение и законный маршрут TBD до исполнения","Неизвестная идентичность; отсутствующее полномочие; опасная среда; непроверенный источник; выход за подготовку","Периодичность, расходники, запасные части и failure signs TBD","Другой назначенный участник находит карточку и демонстрирует допустимую часть без устной помощи автора","Профиль; источник; инвентарь; измерения; acceptance log; reviewer; дата","MISSING","MISSING","DENY","Каталожный узел; процедуры и рабочие параметры ещё не созданы","0.5-draft"
"TD-ENVIRONMENT-FLOOD","TD-ENVIRONMENT","ENVIRONMENT","SITE_DATA","Наводнение и поверхностный сток","Иметь измеримую и проверяемую способность: наводнение и поверхностный сток","S2_TRAINED_SUPERVISED","TRAINED_SUPERVISED","TD-BASE-SAFETY|TD-BASE-SITE|TD-BASE-INVENTORY","","MISSING","","До использования задать service level, единицу, объём, срок и критерий приёмки","Точный метод, прибор/reference и неопределённость TBD до исполнения","MISSING_OR_NOT_APPLICABLE","PORTUGAL_AND_SITE_REVIEW_REQUIRED","Потоки, совместимость, хранение и законный маршрут TBD до исполнения","Неизвестная идентичность; отсутствующее полномочие; опасная среда; непроверенный источник; выход за подготовку","Периодичность, расходники, запасные части и failure signs TBD","Другой назначенный участник находит карточку и демонстрирует допустимую часть без устной помощи автора","Профиль; источник; инвентарь; измерения; acceptance log; reviewer; дата","MISSING","MISSING","DENY","Каталожный узел; процедуры и рабочие параметры ещё не созданы","0.5-draft"
"TD-ENVIRONMENT-FIRE","TD-ENVIRONMENT","ENVIRONMENT","SITE_DATA","Природный пожар; дым и эвакуация","Иметь измеримую и проверяемую способность: природный пожар; дым и эвакуация","S3_LICENSED_PROFESSIONAL","LICENSED_ONLY","TD-BASE-SAFETY|TD-BASE-SITE|TD-BASE-INVENTORY","","MISSING","","До использования задать service level, единицу, объём, срок и критерий приёмки","Точный метод, прибор/reference и неопределённость TBD до исполнения","MISSING_OR_NOT_APPLICABLE","PORTUGAL_AND_SITE_REVIEW_REQUIRED","Потоки, совместимость, хранение и законный маршрут TBD до исполнения","Неизвестная идентичность; отсутствующее полномочие; опасная среда; непроверенный источник; выход за подготовку","Периодичность, расходники, запасные части и failure signs TBD","Другой назначенный участник находит карточку и демонстрирует допустимую часть без устной помощи автора","Профиль; источник; инвентарь; измерения; acceptance log; reviewer; дата","MISSING","MISSING","DENY","Каталожный узел; процедуры и рабочие параметры ещё не созданы","0.5-draft"
"TD-ENVIRONMENT-COAST","TD-ENVIRONMENT","ENVIRONMENT","SITE_DATA","Побережье; штормовой нагон и цунами","Иметь измеримую и проверяемую способность: побережье; штормовой нагон и цунами","S3_LICENSED_PROFESSIONAL","LICENSED_ONLY","TD-BASE-SAFETY|TD-BASE-SITE|TD-BASE-INVENTORY","","MISSING","","До использования задать service level, единицу, объём, срок и критерий приёмки","Точный метод, прибор/reference и неопределённость TBD до исполнения","MISSING_OR_NOT_APPLICABLE","PORTUGAL_AND_SITE_REVIEW_REQUIRED","Потоки, совместимость, хранение и законный маршрут TBD до исполнения","Неизвестная идентичность; отсутствующее полномочие; опасная среда; непроверенный источник; выход за подготовку","Периодичность, расходники, запасные части и failure signs TBD","Другой назначенный участник находит карточку и демонстрирует допустимую часть без устной помощи автора","Профиль; источник; инвентарь; измерения; acceptance log; reviewer; дата","MISSING","MISSING","DENY","Каталожный узел; процедуры и рабочие параметры ещё не созданы","0.5-draft"
"TD-ENVIRONMENT-SEISMIC","TD-ENVIRONMENT","ENVIRONMENT","SITE_DATA","Землетрясение и вторичные опасности","Иметь измеримую и проверяемую способность: землетрясение и вторичные опасности","S2_TRAINED_SUPERVISED","TRAINED_SUPERVISED","TD-BASE-SAFETY|TD-BASE-SITE|TD-BASE-INVENTORY","","MISSING","","До использования задать service level, единицу, объём, срок и критерий приёмки","Точный метод, прибор/reference и неопределённость TBD до исполнения","MISSING_OR_NOT_APPLICABLE","PORTUGAL_AND_SITE_REVIEW_REQUIRED","Потоки, совместимость, хранение и законный маршрут TBD до исполнения","Неизвестная идентичность; отсутствующее полномочие; опасная среда; непроверенный источник; выход за подготовку","Периодичность, расходники, запасные части и failure signs TBD","Другой назначенный участник находит карточку и демонстрирует допустимую часть без устной помощи автора","Профиль; источник; инвентарь; измерения; acceptance log; reviewer; дата","MISSING","MISSING","DENY","Каталожный узел; процедуры и рабочие параметры ещё не созданы","0.5-draft"
"TD-ENVIRONMENT-SOIL-DEGRADE","TD-ENVIRONMENT","ENVIRONMENT","TEST","Эрозия; уплотнение и деградация почвы","Иметь измеримую и проверяемую способность: эрозия; уплотнение и деградация почвы","S2_TRAINED_SUPERVISED","TRAINED_SUPERVISED","TD-BASE-SAFETY|TD-BASE-SITE|TD-BASE-INVENTORY","","MISSING","","До использования задать service level, единицу, объём, срок и критерий приёмки","Точный метод, прибор/reference и неопределённость TBD до исполнения","MISSING_OR_NOT_APPLICABLE","PORTUGAL_AND_SITE_REVIEW_REQUIRED","Потоки, совместимость, хранение и законный маршрут TBD до исполнения","Неизвестная идентичность; отсутствующее полномочие; опасная среда; непроверенный источник; выход за подготовку","Периодичность, расходники, запасные части и failure signs TBD","Другой назначенный участник находит карточку и демонстрирует допустимую часть без устной помощи автора","Профиль; источник; инвентарь; измерения; acceptance log; reviewer; дата","MISSING","MISSING","DENY","Каталожный узел; процедуры и рабочие параметры ещё не созданы","0.5-draft"
"TD-ENVIRONMENT-FOREST","TD-ENVIRONMENT","ENVIRONMENT","PROCESS","Лес; многолетние культуры и wildfire interface","Иметь измеримую и проверяемую способность: лес; многолетние культуры и wildfire interface","S3_LICENSED_PROFESSIONAL","LICENSED_ONLY","TD-BASE-SAFETY|TD-BASE-SITE|TD-BASE-INVENTORY","","MISSING","","До использования задать service level, единицу, объём, срок и критерий приёмки","Точный метод, прибор/reference и неопределённость TBD до исполнения","MISSING_OR_NOT_APPLICABLE","PORTUGAL_AND_SITE_REVIEW_REQUIRED","Потоки, совместимость, хранение и законный маршрут TBD до исполнения","Неизвестная идентичность; отсутствующее полномочие; опасная среда; непроверенный источник; выход за подготовку","Периодичность, расходники, запасные части и failure signs TBD","Другой назначенный участник находит карточку и демонстрирует допустимую часть без устной помощи автора","Профиль; источник; инвентарь; измерения; acceptance log; reviewer; дата","MISSING","MISSING","DENY","Каталожный узел; процедуры и рабочие параметры ещё не созданы","0.5-draft"
"TD-ENVIRONMENT-BIODIVERSITY","TD-ENVIRONMENT","ENVIRONMENT","GOVERNANCE","Биоразнообразие и запрет неизвестных интродукций","Иметь измеримую и проверяемую способность: биоразнообразие и запрет неизвестных интродукций","S2_TRAINED_SUPERVISED","TRAINED_SUPERVISED","TD-BASE-SAFETY|TD-BASE-SITE|TD-BASE-INVENTORY","","MISSING","","До использования задать service level, единицу, объём, срок и критерий приёмки","Точный метод, прибор/reference и неопределённость TBD до исполнения","MISSING_OR_NOT_APPLICABLE","PORTUGAL_AND_SITE_REVIEW_REQUIRED","Потоки, совместимость, хранение и законный маршрут TBD до исполнения","Неизвестная идентичность; отсутствующее полномочие; опасная среда; непроверенный источник; выход за подготовку","Периодичность, расходники, запасные части и failure signs TBD","Другой назначенный участник находит карточку и демонстрирует допустимую часть без устной помощи автора","Профиль; источник; инвентарь; измерения; acceptance log; reviewer; дата","MISSING","MISSING","DENY","Каталожный узел; процедуры и рабочие параметры ещё не созданы","0.5-draft"
"TD-ENVIRONMENT-CLIMATE","TD-ENVIRONMENT","ENVIRONMENT","KNOWLEDGE","Климатические траектории и adaptive pathways","Иметь измеримую и проверяемую способность: климатические траектории и adaptive pathways","S1_LOW_RISK_HOUSEHOLD","HOUSEHOLD_S1_AFTER_GATE","TD-BASE-SAFETY|TD-BASE-SITE|TD-BASE-INVENTORY","","MISSING","","До использования задать service level, единицу, объём, срок и критерий приёмки","Точный метод, прибор/reference и неопределённость TBD до исполнения","MISSING_OR_NOT_APPLICABLE","PORTUGAL_AND_SITE_REVIEW_REQUIRED","Потоки, совместимость, хранение и законный маршрут TBD до исполнения","Неизвестная идентичность; отсутствующее полномочие; опасная среда; непроверенный источник; выход за подготовку","Периодичность, расходники, запасные части и failure signs TBD","Другой назначенный участник находит карточку и демонстрирует допустимую часть без устной помощи автора","Профиль; источник; инвентарь; измерения; acceptance log; reviewer; дата","MISSING","MISSING","DENY","Каталожный узел; процедуры и рабочие параметры ещё не созданы","0.5-draft"
"TD-ENVIRONMENT","TD-ROOT","ENVIRONMENT","OUTCOME","Среда; погода; климат и экосистемные пределы","Иметь измеримую и проверяемую способность: среда; погода; климат и экосистемные пределы","S2_TRAINED_SUPERVISED","TRAINED_SUPERVISED","TD-BASE|TD-ENVIRONMENT-WEATHER|TD-ENVIRONMENT-DROUGHT|TD-ENVIRONMENT-HEAT|TD-ENVIRONMENT-COLD|TD-ENVIRONMENT-WIND|TD-ENVIRONMENT-FLOOD|TD-ENVIRONMENT-FIRE|TD-ENVIRONMENT-COAST|TD-ENVIRONMENT-SEISMIC|TD-ENVIRONMENT-SOIL-DEGRADE|TD-ENVIRONMENT-FOREST|TD-ENVIRONMENT-BIODIVERSITY|TD-ENVIRONMENT-CLIMATE","","MISSING","","До использования задать service level, единицу, объём, срок и критерий приёмки","Точный метод, прибор/reference и неопределённость TBD до исполнения","MISSING_OR_NOT_APPLICABLE","PORTUGAL_AND_SITE_REVIEW_REQUIRED","Потоки, совместимость, хранение и законный маршрут TBD до исполнения","Неизвестная идентичность; отсутствующее полномочие; опасная среда; непроверенный источник; выход за подготовку","Периодичность, расходники, запасные части и failure signs TBD","Другой назначенный участник находит карточку и демонстрирует допустимую часть без устной помощи автора","Профиль; источник; инвентарь; измерения; acceptance log; reviewer; дата","MISSING","MISSING","DENY","Агрегат: обязательность дочерних узлов определяется technology-dependency-edges.csv","0.5-draft"
"TD-PORTUGAL-112","TD-PORTUGAL","PORTUGAL","KNOWLEDGE","112 и экстренные службы","Иметь измеримую и проверяемую способность: 112 и экстренные службы","S0_OBSERVE_READ","HOUSEHOLD_S0","TD-BASE-SAFETY|TD-BASE-SITE|TD-BASE-INVENTORY","","MISSING","","До использования задать service level, единицу, объём, срок и критерий приёмки","Точный метод, прибор/reference и неопределённость TBD до исполнения","MISSING_OR_NOT_APPLICABLE","PORTUGAL_AND_SITE_REVIEW_REQUIRED","Потоки, совместимость, хранение и законный маршрут TBD до исполнения","Неизвестная идентичность; отсутствующее полномочие; опасная среда; непроверенный источник; выход за подготовку","Периодичность, расходники, запасные части и failure signs TBD","Другой назначенный участник находит карточку и демонстрирует допустимую часть без устной помощи автора","Профиль; источник; инвентарь; измерения; acceptance log; reviewer; дата","MISSING","MISSING","DENY","Каталожный узел; процедуры и рабочие параметры ещё не созданы","0.5-draft"
"TD-PORTUGAL-SNS24","TD-PORTUGAL","PORTUGAL","KNOWLEDGE","SNS 24 и клиническая навигация","Иметь измеримую и проверяемую способность: sns 24 и клиническая навигация","S0_OBSERVE_READ","HOUSEHOLD_S0","TD-BASE-SAFETY|TD-BASE-SITE|TD-BASE-INVENTORY","","MISSING","","До использования задать service level, единицу, объём, срок и критерий приёмки","Точный метод, прибор/reference и неопределённость TBD до исполнения","MISSING_OR_NOT_APPLICABLE","PORTUGAL_AND_SITE_REVIEW_REQUIRED","Потоки, совместимость, хранение и законный маршрут TBD до исполнения","Неизвестная идентичность; отсутствующее полномочие; опасная среда; непроверенный источник; выход за подготовку","Периодичность, расходники, запасные части и failure signs TBD","Другой назначенный участник находит карточку и демонстрирует допустимую часть без устной помощи автора","Профиль; источник; инвентарь; измерения; acceptance log; reviewer; дата","MISSING","MISSING","DENY","Каталожный узел; процедуры и рабочие параметры ещё не созданы","0.5-draft"
"TD-PORTUGAL-CIAV","TD-PORTUGAL","PORTUGAL","KNOWLEDGE","CIAV и токсикологическая информация","Иметь измеримую и проверяемую способность: ciav и токсикологическая информация","S0_OBSERVE_READ","HOUSEHOLD_S0","TD-BASE-SAFETY|TD-BASE-SITE|TD-BASE-INVENTORY","","MISSING","","До использования задать service level, единицу, объём, срок и критерий приёмки","Точный метод, прибор/reference и неопределённость TBD до исполнения","MISSING_OR_NOT_APPLICABLE","PORTUGAL_AND_SITE_REVIEW_REQUIRED","Потоки, совместимость, хранение и законный маршрут TBD до исполнения","Неизвестная идентичность; отсутствующее полномочие; опасная среда; непроверенный источник; выход за подготовку","Периодичность, расходники, запасные части и failure signs TBD","Другой назначенный участник находит карточку и демонстрирует допустимую часть без устной помощи автора","Профиль; источник; инвентарь; измерения; acceptance log; reviewer; дата","MISSING","MISSING","DENY","Каталожный узел; процедуры и рабочие параметры ещё не созданы","0.5-draft"
"TD-PORTUGAL-MUNICIPAL-PC","TD-PORTUGAL","PORTUGAL","SITE_DATA","Муниципальная Proteção Civil","Иметь измеримую и проверяемую способность: муниципальная proteção civil","S0_OBSERVE_READ","HOUSEHOLD_S0","TD-BASE-SAFETY|TD-BASE-SITE|TD-BASE-INVENTORY","","MISSING","","До использования задать service level, единицу, объём, срок и критерий приёмки","Точный метод, прибор/reference и неопределённость TBD до исполнения","MISSING_OR_NOT_APPLICABLE","PORTUGAL_AND_SITE_REVIEW_REQUIRED","Потоки, совместимость, хранение и законный маршрут TBD до исполнения","Неизвестная идентичность; отсутствующее полномочие; опасная среда; непроверенный источник; выход за подготовку","Периодичность, расходники, запасные части и failure signs TBD","Другой назначенный участник находит карточку и демонстрирует допустимую часть без устной помощи автора","Профиль; источник; инвентарь; измерения; acceptance log; reviewer; дата","MISSING","MISSING","DENY","Каталожный узел; процедуры и рабочие параметры ещё не созданы","0.5-draft"
"TD-PORTUGAL-HOSPITAL","TD-PORTUGAL","PORTUGAL","SITE_DATA","Ближайшие больницы; centros de saúde и аптеки","Иметь измеримую и проверяемую способность: ближайшие больницы; centros de saúde и аптеки","S0_OBSERVE_READ","HOUSEHOLD_S0","TD-BASE-SAFETY|TD-BASE-SITE|TD-BASE-INVENTORY","","MISSING","","До использования задать service level, единицу, объём, срок и критерий приёмки","Точный метод, прибор/reference и неопределённость TBD до исполнения","MISSING_OR_NOT_APPLICABLE","PORTUGAL_AND_SITE_REVIEW_REQUIRED","Потоки, совместимость, хранение и законный маршрут TBD до исполнения","Неизвестная идентичность; отсутствующее полномочие; опасная среда; непроверенный источник; выход за подготовку","Периодичность, расходники, запасные части и failure signs TBD","Другой назначенный участник находит карточку и демонстрирует допустимую часть без устной помощи автора","Профиль; источник; инвентарь; измерения; acceptance log; reviewer; дата","MISSING","MISSING","DENY","Каталожный узел; процедуры и рабочие параметры ещё не созданы","0.5-draft"
"TD-PORTUGAL-WATER-UTILITY","TD-PORTUGAL","PORTUGAL","SITE_DATA","Водоканал и аварийные контакты","Иметь измеримую и проверяемую способность: водоканал и аварийные контакты","S0_OBSERVE_READ","HOUSEHOLD_S0","TD-BASE-SAFETY|TD-BASE-SITE|TD-BASE-INVENTORY","","MISSING","","До использования задать service level, единицу, объём, срок и критерий приёмки","Точный метод, прибор/reference и неопределённость TBD до исполнения","MISSING_OR_NOT_APPLICABLE","PORTUGAL_AND_SITE_REVIEW_REQUIRED","Потоки, совместимость, хранение и законный маршрут TBD до исполнения","Неизвестная идентичность; отсутствующее полномочие; опасная среда; непроверенный источник; выход за подготовку","Периодичность, расходники, запасные части и failure signs TBD","Другой назначенный участник находит карточку и демонстрирует допустимую часть без устной помощи автора","Профиль; источник; инвентарь; измерения; acceptance log; reviewer; дата","MISSING","MISSING","DENY","Каталожный узел; процедуры и рабочие параметры ещё не созданы","0.5-draft"
"TD-PORTUGAL-LABS","TD-PORTUGAL","PORTUGAL","SITE_DATA","Лаборатории воды и почвы","Иметь измеримую и проверяемую способность: лаборатории воды и почвы","S0_OBSERVE_READ","HOUSEHOLD_S0","TD-BASE-SAFETY|TD-BASE-SITE|TD-BASE-INVENTORY","","MISSING","","До использования задать service level, единицу, объём, срок и критерий приёмки","Точный метод, прибор/reference и неопределённость TBD до исполнения","MISSING_OR_NOT_APPLICABLE","PORTUGAL_AND_SITE_REVIEW_REQUIRED","Потоки, совместимость, хранение и законный маршрут TBD до исполнения","Неизвестная идентичность; отсутствующее полномочие; опасная среда; непроверенный источник; выход за подготовку","Периодичность, расходники, запасные части и failure signs TBD","Другой назначенный участник находит карточку и демонстрирует допустимую часть без устной помощи автора","Профиль; источник; инвентарь; измерения; acceptance log; reviewer; дата","MISSING","MISSING","DENY","Каталожный узел; процедуры и рабочие параметры ещё не созданы","0.5-draft"
"TD-PORTUGAL-ANEPC","TD-PORTUGAL","PORTUGAL","KNOWLEDGE","ANEPC: риски; планы и предупреждения","Иметь измеримую и проверяемую способность: anepc: риски; планы и предупреждения","S0_OBSERVE_READ","HOUSEHOLD_S0","TD-BASE-SAFETY|TD-BASE-SITE|TD-BASE-INVENTORY","","MISSING","","До использования задать service level, единицу, объём, срок и критерий приёмки","Точный метод, прибор/reference и неопределённость TBD до исполнения","MISSING_OR_NOT_APPLICABLE","PORTUGAL_AND_SITE_REVIEW_REQUIRED","Потоки, совместимость, хранение и законный маршрут TBD до исполнения","Неизвестная идентичность; отсутствующее полномочие; опасная среда; непроверенный источник; выход за подготовку","Периодичность, расходники, запасные части и failure signs TBD","Другой назначенный участник находит карточку и демонстрирует допустимую часть без устной помощи автора","Профиль; источник; инвентарь; измерения; acceptance log; reviewer; дата","MISSING","MISSING","DENY","Каталожный узел; процедуры и рабочие параметры ещё не созданы","0.5-draft"
"TD-PORTUGAL-IPMA","TD-PORTUGAL","PORTUGAL","KNOWLEDGE","IPMA: погода; сейсмика и цунами","Иметь измеримую и проверяемую способность: ipma: погода; сейсмика и цунами","S0_OBSERVE_READ","HOUSEHOLD_S0","TD-BASE-SAFETY|TD-BASE-SITE|TD-BASE-INVENTORY","","MISSING","","До использования задать service level, единицу, объём, срок и критерий приёмки","Точный метод, прибор/reference и неопределённость TBD до исполнения","MISSING_OR_NOT_APPLICABLE","PORTUGAL_AND_SITE_REVIEW_REQUIRED","Потоки, совместимость, хранение и законный маршрут TBD до исполнения","Неизвестная идентичность; отсутствующее полномочие; опасная среда; непроверенный источник; выход за подготовку","Периодичность, расходники, запасные части и failure signs TBD","Другой назначенный участник находит карточку и демонстрирует допустимую часть без устной помощи автора","Профиль; источник; инвентарь; измерения; acceptance log; reviewer; дата","MISSING","MISSING","DENY","Каталожный узел; процедуры и рабочие параметры ещё не созданы","0.5-draft"
"TD-PORTUGAL-APA","TD-PORTUGAL","PORTUGAL","KNOWLEDGE","APA: вода; засуха; наводнения и среда","Иметь измеримую и проверяемую способность: apa: вода; засуха; наводнения и среда","S0_OBSERVE_READ","HOUSEHOLD_S0","TD-BASE-SAFETY|TD-BASE-SITE|TD-BASE-INVENTORY","","MISSING","","До использования задать service level, единицу, объём, срок и критерий приёмки","Точный метод, прибор/reference и неопределённость TBD до исполнения","MISSING_OR_NOT_APPLICABLE","PORTUGAL_AND_SITE_REVIEW_REQUIRED","Потоки, совместимость, хранение и законный маршрут TBD до исполнения","Неизвестная идентичность; отсутствующее полномочие; опасная среда; непроверенный источник; выход за подготовку","Периодичность, расходники, запасные части и failure signs TBD","Другой назначенный участник находит карточку и демонстрирует допустимую часть без устной помощи автора","Профиль; источник; инвентарь; измерения; acceptance log; reviewer; дата","MISSING","MISSING","DENY","Каталожный узел; процедуры и рабочие параметры ещё не созданы","0.5-draft"
"TD-PORTUGAL-ICNF","TD-PORTUGAL","PORTUGAL","KNOWLEDGE","ICNF: лес; пожар и охраняемые территории","Иметь измеримую и проверяемую способность: icnf: лес; пожар и охраняемые территории","S0_OBSERVE_READ","HOUSEHOLD_S0","TD-BASE-SAFETY|TD-BASE-SITE|TD-BASE-INVENTORY","","MISSING","","До использования задать service level, единицу, объём, срок и критерий приёмки","Точный метод, прибор/reference и неопределённость TBD до исполнения","MISSING_OR_NOT_APPLICABLE","PORTUGAL_AND_SITE_REVIEW_REQUIRED","Потоки, совместимость, хранение и законный маршрут TBD до исполнения","Неизвестная идентичность; отсутствующее полномочие; опасная среда; непроверенный источник; выход за подготовку","Периодичность, расходники, запасные части и failure signs TBD","Другой назначенный участник находит карточку и демонстрирует допустимую часть без устной помощи автора","Профиль; источник; инвентарь; измерения; acceptance log; reviewer; дата","MISSING","MISSING","DENY","Каталожный узел; процедуры и рабочие параметры ещё не созданы","0.5-draft"
"TD-PORTUGAL-DGAV","TD-PORTUGAL","PORTUGAL","KNOWLEDGE","DGAV: животные; корма; растения и здоровье","Иметь измеримую и проверяемую способность: dgav: животные; корма; растения и здоровье","S0_OBSERVE_READ","HOUSEHOLD_S0","TD-BASE-SAFETY|TD-BASE-SITE|TD-BASE-INVENTORY","","MISSING","","До использования задать service level, единицу, объём, срок и критерий приёмки","Точный метод, прибор/reference и неопределённость TBD до исполнения","MISSING_OR_NOT_APPLICABLE","PORTUGAL_AND_SITE_REVIEW_REQUIRED","Потоки, совместимость, хранение и законный маршрут TBD до исполнения","Неизвестная идентичность; отсутствующее полномочие; опасная среда; непроверенный источник; выход за подготовку","Периодичность, расходники, запасные части и failure signs TBD","Другой назначенный участник находит карточку и демонстрирует допустимую часть без устной помощи автора","Профиль; источник; инвентарь; измерения; acceptance log; reviewer; дата","MISSING","MISSING","DENY","Каталожный узел; процедуры и рабочие параметры ещё не созданы","0.5-draft"
"TD-PORTUGAL-INIAV","TD-PORTUGAL","PORTUGAL","KNOWLEDGE","INIAV: агрономия; почвы; семена и исследования","Иметь измеримую и проверяемую способность: iniav: агрономия; почвы; семена и исследования","S0_OBSERVE_READ","HOUSEHOLD_S0","TD-BASE-SAFETY|TD-BASE-SITE|TD-BASE-INVENTORY","","MISSING","","До использования задать service level, единицу, объём, срок и критерий приёмки","Точный метод, прибор/reference и неопределённость TBD до исполнения","MISSING_OR_NOT_APPLICABLE","PORTUGAL_AND_SITE_REVIEW_REQUIRED","Потоки, совместимость, хранение и законный маршрут TBD до исполнения","Неизвестная идентичность; отсутствующее полномочие; опасная среда; непроверенный источник; выход за подготовку","Периодичность, расходники, запасные части и failure signs TBD","Другой назначенный участник находит карточку и демонстрирует допустимую часть без устной помощи автора","Профиль; источник; инвентарь; измерения; acceptance log; reviewer; дата","MISSING","MISSING","DENY","Каталожный узел; процедуры и рабочие параметры ещё не созданы","0.5-draft"
"TD-PORTUGAL-DGT","TD-PORTUGAL","PORTUGAL","KNOWLEDGE","DGT/SNIG/CAOP: карты и административные границы","Иметь измеримую и проверяемую способность: dgt/snig/caop: карты и административные границы","S0_OBSERVE_READ","HOUSEHOLD_S0","TD-BASE-SAFETY|TD-BASE-SITE|TD-BASE-INVENTORY","","MISSING","","До использования задать service level, единицу, объём, срок и критерий приёмки","Точный метод, прибор/reference и неопределённость TBD до исполнения","MISSING_OR_NOT_APPLICABLE","PORTUGAL_AND_SITE_REVIEW_REQUIRED","Потоки, совместимость, хранение и законный маршрут TBD до исполнения","Неизвестная идентичность; отсутствующее полномочие; опасная среда; непроверенный источник; выход за подготовку","Периодичность, расходники, запасные части и failure signs TBD","Другой назначенный участник находит карточку и демонстрирует допустимую часть без устной помощи автора","Профиль; источник; инвентарь; измерения; acceptance log; reviewer; дата","MISSING","MISSING","DENY","Каталожный узел; процедуры и рабочие параметры ещё не созданы","0.5-draft"
"TD-PORTUGAL-ENERGY","TD-PORTUGAL","PORTUGAL","KNOWLEDGE","DGEG/ERSE: энергия и топливо","Иметь измеримую и проверяемую способность: dgeg/erse: энергия и топливо","S0_OBSERVE_READ","HOUSEHOLD_S0","TD-BASE-SAFETY|TD-BASE-SITE|TD-BASE-INVENTORY","","MISSING","","До использования задать service level, единицу, объём, срок и критерий приёмки","Точный метод, прибор/reference и неопределённость TBD до исполнения","MISSING_OR_NOT_APPLICABLE","PORTUGAL_AND_SITE_REVIEW_REQUIRED","Потоки, совместимость, хранение и законный маршрут TBD до исполнения","Неизвестная идентичность; отсутствующее полномочие; опасная среда; непроверенный источник; выход за подготовку","Периодичность, расходники, запасные части и failure signs TBD","Другой назначенный участник находит карточку и демонстрирует допустимую часть без устной помощи автора","Профиль; источник; инвентарь; измерения; acceptance log; reviewer; дата","MISSING","MISSING","DENY","Каталожный узел; процедуры и рабочие параметры ещё не созданы","0.5-draft"
"TD-PORTUGAL-ANACOM","TD-PORTUGAL","PORTUGAL","KNOWLEDGE","ANACOM: радио и связь","Иметь измеримую и проверяемую способность: anacom: радио и связь","S0_OBSERVE_READ","HOUSEHOLD_S0","TD-BASE-SAFETY|TD-BASE-SITE|TD-BASE-INVENTORY","","MISSING","","До использования задать service level, единицу, объём, срок и критерий приёмки","Точный метод, прибор/reference и неопределённость TBD до исполнения","MISSING_OR_NOT_APPLICABLE","PORTUGAL_AND_SITE_REVIEW_REQUIRED","Потоки, совместимость, хранение и законный маршрут TBD до исполнения","Неизвестная идентичность; отсутствующее полномочие; опасная среда; непроверенный источник; выход за подготовку","Периодичность, расходники, запасные части и failure signs TBD","Другой назначенный участник находит карточку и демонстрирует допустимую часть без устной помощи автора","Профиль; источник; инвентарь; измерения; acceptance log; reviewer; дата","MISSING","MISSING","DENY","Каталожный узел; процедуры и рабочие параметры ещё не созданы","0.5-draft"
"TD-PORTUGAL-IMT","TD-PORTUGAL","PORTUGAL","KNOWLEDGE","IMT: транспорт и водительские требования","Иметь измеримую и проверяемую способность: imt: транспорт и водительские требования","S0_OBSERVE_READ","HOUSEHOLD_S0","TD-BASE-SAFETY|TD-BASE-SITE|TD-BASE-INVENTORY","","MISSING","","До использования задать service level, единицу, объём, срок и критерий приёмки","Точный метод, прибор/reference и неопределённость TBD до исполнения","MISSING_OR_NOT_APPLICABLE","PORTUGAL_AND_SITE_REVIEW_REQUIRED","Потоки, совместимость, хранение и законный маршрут TBD до исполнения","Неизвестная идентичность; отсутствующее полномочие; опасная среда; непроверенный источник; выход за подготовку","Периодичность, расходники, запасные части и failure signs TBD","Другой назначенный участник находит карточку и демонстрирует допустимую часть без устной помощи автора","Профиль; источник; инвентарь; измерения; acceptance log; reviewer; дата","MISSING","MISSING","DENY","Каталожный узел; процедуры и рабочие параметры ещё не созданы","0.5-draft"
"TD-PORTUGAL-ASAE","TD-PORTUGAL","PORTUGAL","KNOWLEDGE","ASAE: пища; рынок и безопасность продукции","Иметь измеримую и проверяемую способность: asae: пища; рынок и безопасность продукции","S0_OBSERVE_READ","HOUSEHOLD_S0","TD-BASE-SAFETY|TD-BASE-SITE|TD-BASE-INVENTORY","","MISSING","","До использования задать service level, единицу, объём, срок и критерий приёмки","Точный метод, прибор/reference и неопределённость TBD до исполнения","MISSING_OR_NOT_APPLICABLE","PORTUGAL_AND_SITE_REVIEW_REQUIRED","Потоки, совместимость, хранение и законный маршрут TBD до исполнения","Неизвестная идентичность; отсутствующее полномочие; опасная среда; непроверенный источник; выход за подготовку","Периодичность, расходники, запасные части и failure signs TBD","Другой назначенный участник находит карточку и демонстрирует допустимую часть без устной помощи автора","Профиль; источник; инвентарь; измерения; acceptance log; reviewer; дата","MISSING","MISSING","DENY","Каталожный узел; процедуры и рабочие параметры ещё не созданы","0.5-draft"
"TD-PORTUGAL-LAW","TD-PORTUGAL","PORTUGAL","KNOWLEDGE","Diário da República и контроль редакции закона","Иметь измеримую и проверяемую способность: diário da república и контроль редакции закона","S0_OBSERVE_READ","HOUSEHOLD_S0","TD-BASE-SAFETY|TD-BASE-SITE|TD-BASE-INVENTORY","","MISSING","","До использования задать service level, единицу, объём, срок и критерий приёмки","Точный метод, прибор/reference и неопределённость TBD до исполнения","MISSING_OR_NOT_APPLICABLE","PORTUGAL_AND_SITE_REVIEW_REQUIRED","Потоки, совместимость, хранение и законный маршрут TBD до исполнения","Неизвестная идентичность; отсутствующее полномочие; опасная среда; непроверенный источник; выход за подготовку","Периодичность, расходники, запасные части и failure signs TBD","Другой назначенный участник находит карточку и демонстрирует допустимую часть без устной помощи автора","Профиль; источник; инвентарь; измерения; acceptance log; reviewer; дата","MISSING","MISSING","DENY","Каталожный узел; процедуры и рабочие параметры ещё не созданы","0.5-draft"
"TD-PORTUGAL-WASTE","TD-PORTUGAL","PORTUGAL","SITE_DATA","Лицензированные операторы отходов","Иметь измеримую и проверяемую способность: лицензированные операторы отходов","S0_OBSERVE_READ","HOUSEHOLD_S0","TD-BASE-SAFETY|TD-BASE-SITE|TD-BASE-INVENTORY","","MISSING","","До использования задать service level, единицу, объём, срок и критерий приёмки","Точный метод, прибор/reference и неопределённость TBD до исполнения","MISSING_OR_NOT_APPLICABLE","PORTUGAL_AND_SITE_REVIEW_REQUIRED","Потоки, совместимость, хранение и законный маршрут TBD до исполнения","Неизвестная идентичность; отсутствующее полномочие; опасная среда; непроверенный источник; выход за подготовку","Периодичность, расходники, запасные части и failure signs TBD","Другой назначенный участник находит карточку и демонстрирует допустимую часть без устной помощи автора","Профиль; источник; инвентарь; измерения; acceptance log; reviewer; дата","MISSING","MISSING","DENY","Каталожный узел; процедуры и рабочие параметры ещё не созданы","0.5-draft"
"TD-PORTUGAL-PDM","TD-PORTUGAL","PORTUGAL","KNOWLEDGE","PDM и муниципальные строительные правила","Иметь измеримую и проверяемую способность: pdm и муниципальные строительные правила","S0_OBSERVE_READ","HOUSEHOLD_S0","TD-BASE-SAFETY|TD-BASE-SITE|TD-BASE-INVENTORY","","MISSING","","До использования задать service level, единицу, объём, срок и критерий приёмки","Точный метод, прибор/reference и неопределённость TBD до исполнения","MISSING_OR_NOT_APPLICABLE","PORTUGAL_AND_SITE_REVIEW_REQUIRED","Потоки, совместимость, хранение и законный маршрут TBD до исполнения","Неизвестная идентичность; отсутствующее полномочие; опасная среда; непроверенный источник; выход за подготовку","Периодичность, расходники, запасные части и failure signs TBD","Другой назначенный участник находит карточку и демонстрирует допустимую часть без устной помощи автора","Профиль; источник; инвентарь; измерения; acceptance log; reviewer; дата","MISSING","MISSING","DENY","Каталожный узел; процедуры и рабочие параметры ещё не созданы","0.5-draft"
"TD-PORTUGAL-WATER-RIGHTS","TD-PORTUGAL","PORTUGAL","GOVERNANCE","Право на воду; captação; колодец и скважина","Иметь измеримую и проверяемую способность: право на воду; captação; колодец и скважина","S3_LICENSED_PROFESSIONAL","LICENSED_ONLY","TD-BASE-SAFETY|TD-BASE-SITE|TD-BASE-INVENTORY","","MISSING","","До использования задать service level, единицу, объём, срок и критерий приёмки","Точный метод, прибор/reference и неопределённость TBD до исполнения","MISSING_OR_NOT_APPLICABLE","PORTUGAL_AND_SITE_REVIEW_REQUIRED","Потоки, совместимость, хранение и законный маршрут TBD до исполнения","Неизвестная идентичность; отсутствующее полномочие; опасная среда; непроверенный источник; выход за подготовку","Периодичность, расходники, запасные части и failure signs TBD","Другой назначенный участник находит карточку и демонстрирует допустимую часть без устной помощи автора","Профиль; источник; инвентарь; измерения; acceptance log; reviewer; дата","MISSING","MISSING","DENY","Каталожный узел; процедуры и рабочие параметры ещё не созданы","0.5-draft"
"TD-PORTUGAL-RAIN-REUSE","TD-PORTUGAL","PORTUGAL","GOVERNANCE","Дождевая вода и повторное использование","Иметь измеримую и проверяемую способность: дождевая вода и повторное использование","S3_LICENSED_PROFESSIONAL","LICENSED_ONLY","TD-BASE-SAFETY|TD-BASE-SITE|TD-BASE-INVENTORY","","MISSING","","До использования задать service level, единицу, объём, срок и критерий приёмки","Точный метод, прибор/reference и неопределённость TBD до исполнения","MISSING_OR_NOT_APPLICABLE","PORTUGAL_AND_SITE_REVIEW_REQUIRED","Потоки, совместимость, хранение и законный маршрут TBD до исполнения","Неизвестная идентичность; отсутствующее полномочие; опасная среда; непроверенный источник; выход за подготовку","Периодичность, расходники, запасные части и failure signs TBD","Другой назначенный участник находит карточку и демонстрирует допустимую часть без устной помощи автора","Профиль; источник; инвентарь; измерения; acceptance log; reviewer; дата","MISSING","MISSING","DENY","Каталожный узел; процедуры и рабочие параметры ещё не созданы","0.5-draft"
"TD-PORTUGAL-SEPTIC","TD-PORTUGAL","PORTUGAL","GOVERNANCE","Канализация; fossa séptica и санитарные нормы","Иметь измеримую и проверяемую способность: канализация; fossa séptica и санитарные нормы","S3_LICENSED_PROFESSIONAL","LICENSED_ONLY","TD-BASE-SAFETY|TD-BASE-SITE|TD-BASE-INVENTORY","","MISSING","","До использования задать service level, единицу, объём, срок и критерий приёмки","Точный метод, прибор/reference и неопределённость TBD до исполнения","MISSING_OR_NOT_APPLICABLE","PORTUGAL_AND_SITE_REVIEW_REQUIRED","Потоки, совместимость, хранение и законный маршрут TBD до исполнения","Неизвестная идентичность; отсутствующее полномочие; опасная среда; непроверенный источник; выход за подготовку","Периодичность, расходники, запасные части и failure signs TBD","Другой назначенный участник находит карточку и демонстрирует допустимую часть без устной помощи автора","Профиль; источник; инвентарь; измерения; acceptance log; reviewer; дата","MISSING","MISSING","DENY","Каталожный узел; процедуры и рабочие параметры ещё не созданы","0.5-draft"
"TD-PORTUGAL-BURN","TD-PORTUGAL","PORTUGAL","GOVERNANCE","Ограничения сжигания и пожарный период","Иметь измеримую и проверяемую способность: ограничения сжигания и пожарный период","S3_LICENSED_PROFESSIONAL","LICENSED_ONLY","TD-BASE-SAFETY|TD-BASE-SITE|TD-BASE-INVENTORY","","MISSING","","До использования задать service level, единицу, объём, срок и критерий приёмки","Точный метод, прибор/reference и неопределённость TBD до исполнения","MISSING_OR_NOT_APPLICABLE","PORTUGAL_AND_SITE_REVIEW_REQUIRED","Потоки, совместимость, хранение и законный маршрут TBD до исполнения","Неизвестная идентичность; отсутствующее полномочие; опасная среда; непроверенный источник; выход за подготовку","Периодичность, расходники, запасные части и failure signs TBD","Другой назначенный участник находит карточку и демонстрирует допустимую часть без устной помощи автора","Профиль; источник; инвентарь; измерения; acceptance log; reviewer; дата","MISSING","MISSING","DENY","Каталожный узел; процедуры и рабочие параметры ещё не созданы","0.5-draft"
"TD-PORTUGAL-FORESTRY","TD-PORTUGAL","PORTUGAL","GOVERNANCE","Лесопользование и расчистка растительности","Иметь измеримую и проверяемую способность: лесопользование и расчистка растительности","S3_LICENSED_PROFESSIONAL","LICENSED_ONLY","TD-BASE-SAFETY|TD-BASE-SITE|TD-BASE-INVENTORY","","MISSING","","До использования задать service level, единицу, объём, срок и критерий приёмки","Точный метод, прибор/reference и неопределённость TBD до исполнения","MISSING_OR_NOT_APPLICABLE","PORTUGAL_AND_SITE_REVIEW_REQUIRED","Потоки, совместимость, хранение и законный маршрут TBD до исполнения","Неизвестная идентичность; отсутствующее полномочие; опасная среда; непроверенный источник; выход за подготовку","Периодичность, расходники, запасные части и failure signs TBD","Другой назначенный участник находит карточку и демонстрирует допустимую часть без устной помощи автора","Профиль; источник; инвентарь; измерения; acceptance log; reviewer; дата","MISSING","MISSING","DENY","Каталожный узел; процедуры и рабочие параметры ещё не созданы","0.5-draft"
"TD-PORTUGAL-SEEDS","TD-PORTUGAL","PORTUGAL","GOVERNANCE","Семена; сорта; plant health и pesticides","Иметь измеримую и проверяемую способность: семена; сорта; plant health и pesticides","S3_LICENSED_PROFESSIONAL","LICENSED_ONLY","TD-BASE-SAFETY|TD-BASE-SITE|TD-BASE-INVENTORY","","MISSING","","До использования задать service level, единицу, объём, срок и критерий приёмки","Точный метод, прибор/reference и неопределённость TBD до исполнения","MISSING_OR_NOT_APPLICABLE","PORTUGAL_AND_SITE_REVIEW_REQUIRED","Потоки, совместимость, хранение и законный маршрут TBD до исполнения","Неизвестная идентичность; отсутствующее полномочие; опасная среда; непроверенный источник; выход за подготовку","Периодичность, расходники, запасные части и failure signs TBD","Другой назначенный участник находит карточку и демонстрирует допустимую часть без устной помощи автора","Профиль; источник; инвентарь; измерения; acceptance log; reviewer; дата","MISSING","MISSING","DENY","Каталожный узел; процедуры и рабочие параметры ещё не созданы","0.5-draft"
"TD-PORTUGAL-LIVESTOCK","TD-PORTUGAL","PORTUGAL","GOVERNANCE","Животные; welfare; slaughter и ветеринарные нормы","Иметь измеримую и проверяемую способность: животные; welfare; slaughter и ветеринарные нормы","S3_LICENSED_PROFESSIONAL","LICENSED_ONLY","TD-BASE-SAFETY|TD-BASE-SITE|TD-BASE-INVENTORY","","MISSING","","До использования задать service level, единицу, объём, срок и критерий приёмки","Точный метод, прибор/reference и неопределённость TBD до исполнения","MISSING_OR_NOT_APPLICABLE","PORTUGAL_AND_SITE_REVIEW_REQUIRED","Потоки, совместимость, хранение и законный маршрут TBD до исполнения","Неизвестная идентичность; отсутствующее полномочие; опасная среда; непроверенный источник; выход за подготовку","Периодичность, расходники, запасные части и failure signs TBD","Другой назначенный участник находит карточку и демонстрирует допустимую часть без устной помощи автора","Профиль; источник; инвентарь; измерения; acceptance log; reviewer; дата","MISSING","MISSING","DENY","Каталожный узел; процедуры и рабочие параметры ещё не созданы","0.5-draft"
"TD-PORTUGAL-FUEL","TD-PORTUGAL","PORTUGAL","GOVERNANCE","Хранение топлива и пожарные ограничения","Иметь измеримую и проверяемую способность: хранение топлива и пожарные ограничения","S3_LICENSED_PROFESSIONAL","LICENSED_ONLY","TD-BASE-SAFETY|TD-BASE-SITE|TD-BASE-INVENTORY","","MISSING","","До использования задать service level, единицу, объём, срок и критерий приёмки","Точный метод, прибор/reference и неопределённость TBD до исполнения","MISSING_OR_NOT_APPLICABLE","PORTUGAL_AND_SITE_REVIEW_REQUIRED","Потоки, совместимость, хранение и законный маршрут TBD до исполнения","Неизвестная идентичность; отсутствующее полномочие; опасная среда; непроверенный источник; выход за подготовку","Периодичность, расходники, запасные части и failure signs TBD","Другой назначенный участник находит карточку и демонстрирует допустимую часть без устной помощи автора","Профиль; источник; инвентарь; измерения; acceptance log; reviewer; дата","MISSING","MISSING","DENY","Каталожный узел; процедуры и рабочие параметры ещё не созданы","0.5-draft"
"TD-PORTUGAL-RADIO","TD-PORTUGAL","PORTUGAL","GOVERNANCE","Радио; частоты; мощность и лицензии","Иметь измеримую и проверяемую способность: радио; частоты; мощность и лицензии","S3_LICENSED_PROFESSIONAL","LICENSED_ONLY","TD-BASE-SAFETY|TD-BASE-SITE|TD-BASE-INVENTORY","","MISSING","","До использования задать service level, единицу, объём, срок и критерий приёмки","Точный метод, прибор/reference и неопределённость TBD до исполнения","MISSING_OR_NOT_APPLICABLE","PORTUGAL_AND_SITE_REVIEW_REQUIRED","Потоки, совместимость, хранение и законный маршрут TBD до исполнения","Неизвестная идентичность; отсутствующее полномочие; опасная среда; непроверенный источник; выход за подготовку","Периодичность, расходники, запасные части и failure signs TBD","Другой назначенный участник находит карточку и демонстрирует допустимую часть без устной помощи автора","Профиль; источник; инвентарь; измерения; acceptance log; reviewer; дата","MISSING","MISSING","DENY","Каталожный узел; процедуры и рабочие параметры ещё не созданы","0.5-draft"
"TD-PORTUGAL-BUILD","TD-PORTUGAL","PORTUGAL","GOVERNANCE","Разрешения; проекты и professional sign-off","Иметь измеримую и проверяемую способность: разрешения; проекты и professional sign-off","S3_LICENSED_PROFESSIONAL","LICENSED_ONLY","TD-BASE-SAFETY|TD-BASE-SITE|TD-BASE-INVENTORY","","MISSING","","До использования задать service level, единицу, объём, срок и критерий приёмки","Точный метод, прибор/reference и неопределённость TBD до исполнения","MISSING_OR_NOT_APPLICABLE","PORTUGAL_AND_SITE_REVIEW_REQUIRED","Потоки, совместимость, хранение и законный маршрут TBD до исполнения","Неизвестная идентичность; отсутствующее полномочие; опасная среда; непроверенный источник; выход за подготовку","Периодичность, расходники, запасные части и failure signs TBD","Другой назначенный участник находит карточку и демонстрирует допустимую часть без устной помощи автора","Профиль; источник; инвентарь; измерения; acceptance log; reviewer; дата","MISSING","MISSING","DENY","Каталожный узел; процедуры и рабочие параметры ещё не созданы","0.5-draft"
"TD-PORTUGAL-PROTECTED","TD-PORTUGAL","PORTUGAL","GOVERNANCE","Охраняемые земли; побережье и ограничения","Иметь измеримую и проверяемую способность: охраняемые земли; побережье и ограничения","S3_LICENSED_PROFESSIONAL","LICENSED_ONLY","TD-BASE-SAFETY|TD-BASE-SITE|TD-BASE-INVENTORY","","MISSING","","До использования задать service level, единицу, объём, срок и критерий приёмки","Точный метод, прибор/reference и неопределённость TBD до исполнения","MISSING_OR_NOT_APPLICABLE","PORTUGAL_AND_SITE_REVIEW_REQUIRED","Потоки, совместимость, хранение и законный маршрут TBD до исполнения","Неизвестная идентичность; отсутствующее полномочие; опасная среда; непроверенный источник; выход за подготовку","Периодичность, расходники, запасные части и failure signs TBD","Другой назначенный участник находит карточку и демонстрирует допустимую часть без устной помощи автора","Профиль; источник; инвентарь; измерения; acceptance log; reviewer; дата","MISSING","MISSING","DENY","Каталожный узел; процедуры и рабочие параметры ещё не созданы","0.5-draft"
"TD-PORTUGAL-HAZARDS","TD-PORTUGAL","PORTUGAL","SITE_DATA","Пожар; засуха; жара; наводнение; цунами и землетрясение","Иметь измеримую и проверяемую способность: пожар; засуха; жара; наводнение; цунами и землетрясение","S2_TRAINED_SUPERVISED","TRAINED_SUPERVISED","TD-BASE-SAFETY|TD-BASE-SITE|TD-BASE-INVENTORY","","MISSING","","До использования задать service level, единицу, объём, срок и критерий приёмки","Точный метод, прибор/reference и неопределённость TBD до исполнения","MISSING_OR_NOT_APPLICABLE","PORTUGAL_AND_SITE_REVIEW_REQUIRED","Потоки, совместимость, хранение и законный маршрут TBD до исполнения","Неизвестная идентичность; отсутствующее полномочие; опасная среда; непроверенный источник; выход за подготовку","Периодичность, расходники, запасные части и failure signs TBD","Другой назначенный участник находит карточку и демонстрирует допустимую часть без устной помощи автора","Профиль; источник; инвентарь; измерения; acceptance log; reviewer; дата","MISSING","MISSING","DENY","Каталожный узел; процедуры и рабочие параметры ещё не созданы","0.5-draft"
"TD-PORTUGAL-MUNICIPIO","TD-PORTUGAL","PORTUGAL","SITE_DATA","Конкретные município; freguesia; адрес и checked date","Иметь измеримую и проверяемую способность: конкретные município; freguesia; адрес и checked date","S1_LOW_RISK_HOUSEHOLD","HOUSEHOLD_S1_AFTER_GATE","TD-BASE-SAFETY|TD-BASE-SITE|TD-BASE-INVENTORY","","MISSING","","До использования задать service level, единицу, объём, срок и критерий приёмки","Точный метод, прибор/reference и неопределённость TBD до исполнения","MISSING_OR_NOT_APPLICABLE","PORTUGAL_AND_SITE_REVIEW_REQUIRED","Потоки, совместимость, хранение и законный маршрут TBD до исполнения","Неизвестная идентичность; отсутствующее полномочие; опасная среда; непроверенный источник; выход за подготовку","Периодичность, расходники, запасные части и failure signs TBD","Другой назначенный участник находит карточку и демонстрирует допустимую часть без устной помощи автора","Профиль; источник; инвентарь; измерения; acceptance log; reviewer; дата","MISSING","MISSING","DENY","Каталожный узел; процедуры и рабочие параметры ещё не созданы","0.5-draft"
"TD-PORTUGAL-OFFLINE","TD-PORTUGAL","PORTUGAL","KNOWLEDGE","Локальные копии; права; язык и дата проверки","Иметь измеримую и проверяемую способность: локальные копии; права; язык и дата проверки","S1_LOW_RISK_HOUSEHOLD","HOUSEHOLD_S1_AFTER_GATE","TD-BASE-SAFETY|TD-BASE-SITE|TD-BASE-INVENTORY","","MISSING","","До использования задать service level, единицу, объём, срок и критерий приёмки","Точный метод, прибор/reference и неопределённость TBD до исполнения","MISSING_OR_NOT_APPLICABLE","PORTUGAL_AND_SITE_REVIEW_REQUIRED","Потоки, совместимость, хранение и законный маршрут TBD до исполнения","Неизвестная идентичность; отсутствующее полномочие; опасная среда; непроверенный источник; выход за подготовку","Периодичность, расходники, запасные части и failure signs TBD","Другой назначенный участник находит карточку и демонстрирует допустимую часть без устной помощи автора","Профиль; источник; инвентарь; измерения; acceptance log; reviewer; дата","MISSING","MISSING","DENY","Каталожный узел; процедуры и рабочие параметры ещё не созданы","0.5-draft"
"TD-PORTUGAL","TD-ROOT","PORTUGAL","OUTCOME","Португалия: право; службы; карты и конкретная площадка","Иметь измеримую и проверяемую способность: португалия: право; службы; карты и конкретная площадка","S1_LOW_RISK_HOUSEHOLD","HOUSEHOLD_S1_AFTER_GATE","TD-BASE|TD-PORTUGAL-112|TD-PORTUGAL-SNS24|TD-PORTUGAL-CIAV|TD-PORTUGAL-MUNICIPAL-PC|TD-PORTUGAL-HOSPITAL|TD-PORTUGAL-WATER-UTILITY|TD-PORTUGAL-LABS|TD-PORTUGAL-ANEPC|TD-PORTUGAL-IPMA|TD-PORTUGAL-APA|TD-PORTUGAL-ICNF|TD-PORTUGAL-DGAV|TD-PORTUGAL-INIAV|TD-PORTUGAL-DGT|TD-PORTUGAL-ENERGY|TD-PORTUGAL-ANACOM|TD-PORTUGAL-IMT|TD-PORTUGAL-ASAE|TD-PORTUGAL-LAW|TD-PORTUGAL-WASTE|TD-PORTUGAL-PDM|TD-PORTUGAL-WATER-RIGHTS|TD-PORTUGAL-RAIN-REUSE|TD-PORTUGAL-SEPTIC|TD-PORTUGAL-BURN|TD-PORTUGAL-FORESTRY|TD-PORTUGAL-SEEDS|TD-PORTUGAL-LIVESTOCK|TD-PORTUGAL-FUEL|TD-PORTUGAL-RADIO|TD-PORTUGAL-BUILD|TD-PORTUGAL-PROTECTED|TD-PORTUGAL-HAZARDS|TD-PORTUGAL-MUNICIPIO|TD-PORTUGAL-OFFLINE","","MISSING","","До использования задать service level, единицу, объём, срок и критерий приёмки","Точный метод, прибор/reference и неопределённость TBD до исполнения","MISSING_OR_NOT_APPLICABLE","PORTUGAL_AND_SITE_REVIEW_REQUIRED","Потоки, совместимость, хранение и законный маршрут TBD до исполнения","Неизвестная идентичность; отсутствующее полномочие; опасная среда; непроверенный источник; выход за подготовку","Периодичность, расходники, запасные части и failure signs TBD","Другой назначенный участник находит карточку и демонстрирует допустимую часть без устной помощи автора","Профиль; источник; инвентарь; измерения; acceptance log; reviewer; дата","MISSING","MISSING","DENY","Агрегат: обязательность дочерних узлов определяется technology-dependency-edges.csv","0.5-draft"
"TD-HEALTH-LONE-PERSON","TD-HEALTH","HEALTH","GOVERNANCE","Самопомощь; SOS и check-in для одного человека","Иметь измеримую и проверяемую способность: самопомощь; sos и check-in для одного человека","S2_TRAINED_SUPERVISED","TRAINED_SUPERVISED","TD-BASE-SAFETY|TD-BASE-SITE|TD-BASE-INVENTORY","","MISSING","","До использования задать service level, единицу, объём, срок и критерий приёмки","Точный метод, прибор/reference и неопределённость TBD до исполнения","MISSING_OR_NOT_APPLICABLE","PORTUGAL_AND_SITE_REVIEW_REQUIRED","Потоки, совместимость, хранение и законный маршрут TBD до исполнения","Неизвестная идентичность; отсутствующее полномочие; опасная среда; непроверенный источник; выход за подготовку","Периодичность, расходники, запасные части и failure signs TBD","Другой назначенный участник находит карточку и демонстрирует допустимую часть без устной помощи автора","Профиль; источник; инвентарь; измерения; acceptance log; reviewer; дата","MISSING","MISSING","DENY","Каталожный узел; процедуры и рабочие параметры ещё не созданы","0.5-draft"
"TD-HEALTH-GEO-LANGUAGE","TD-HEALTH","HEALTH","PROCESS","Передача геолокации и языковая экстренная карточка","Иметь измеримую и проверяемую способность: передача геолокации и языковая экстренная карточка","S1_LOW_RISK_HOUSEHOLD","HOUSEHOLD_S1_AFTER_GATE","TD-BASE-SAFETY|TD-BASE-SITE|TD-BASE-INVENTORY","","MISSING","","До использования задать service level, единицу, объём, срок и критерий приёмки","Точный метод, прибор/reference и неопределённость TBD до исполнения","MISSING_OR_NOT_APPLICABLE","PORTUGAL_AND_SITE_REVIEW_REQUIRED","Потоки, совместимость, хранение и законный маршрут TBD до исполнения","Неизвестная идентичность; отсутствующее полномочие; опасная среда; непроверенный источник; выход за подготовку","Периодичность, расходники, запасные части и failure signs TBD","Другой назначенный участник находит карточку и демонстрирует допустимую часть без устной помощи автора","Профиль; источник; инвентарь; измерения; acceptance log; reviewer; дата","MISSING","MISSING","DENY","Каталожный узел; процедуры и рабочие параметры ещё не созданы","0.5-draft"
"TD-HEALTH-BLS-ADULT","TD-HEALTH","HEALTH","TRAINING","BLS/AED для взрослого по очному курсу","Иметь измеримую и проверяемую способность: bls/aed для взрослого по очному курсу","S2_TRAINED_SUPERVISED","TRAINED_SUPERVISED","TD-BASE-SAFETY|TD-BASE-SITE|TD-BASE-INVENTORY","","MISSING","","До использования задать service level, единицу, объём, срок и критерий приёмки","Точный метод, прибор/reference и неопределённость TBD до исполнения","MISSING_OR_NOT_APPLICABLE","PORTUGAL_AND_SITE_REVIEW_REQUIRED","Потоки, совместимость, хранение и законный маршрут TBD до исполнения","Неизвестная идентичность; отсутствующее полномочие; опасная среда; непроверенный источник; выход за подготовку","Периодичность, расходники, запасные части и failure signs TBD","Другой назначенный участник находит карточку и демонстрирует допустимую часть без устной помощи автора","Профиль; источник; инвентарь; измерения; acceptance log; reviewer; дата","MISSING","MISSING","DENY","Каталожный узел; процедуры и рабочие параметры ещё не созданы","0.5-draft"
"TD-HEALTH-BLS-CHILD","TD-HEALTH","HEALTH","TRAINING","BLS/AED для ребёнка по очному курсу","Иметь измеримую и проверяемую способность: bls/aed для ребёнка по очному курсу","S2_TRAINED_SUPERVISED","TRAINED_SUPERVISED","TD-BASE-SAFETY|TD-BASE-SITE|TD-BASE-INVENTORY","","MISSING","","До использования задать service level, единицу, объём, срок и критерий приёмки","Точный метод, прибор/reference и неопределённость TBD до исполнения","MISSING_OR_NOT_APPLICABLE","PORTUGAL_AND_SITE_REVIEW_REQUIRED","Потоки, совместимость, хранение и законный маршрут TBD до исполнения","Неизвестная идентичность; отсутствующее полномочие; опасная среда; непроверенный источник; выход за подготовку","Периодичность, расходники, запасные части и failure signs TBD","Другой назначенный участник находит карточку и демонстрирует допустимую часть без устной помощи автора","Профиль; источник; инвентарь; измерения; acceptance log; reviewer; дата","MISSING","MISSING","DENY","Каталожный узел; процедуры и рабочие параметры ещё не созданы","0.5-draft"
"TD-HEALTH-BLS-INFANT","TD-HEALTH","HEALTH","TRAINING","BLS для младенца по очному курсу","Иметь измеримую и проверяемую способность: bls для младенца по очному курсу","S2_TRAINED_SUPERVISED","TRAINED_SUPERVISED","TD-BASE-SAFETY|TD-BASE-SITE|TD-BASE-INVENTORY","","MISSING","","До использования задать service level, единицу, объём, срок и критерий приёмки","Точный метод, прибор/reference и неопределённость TBD до исполнения","MISSING_OR_NOT_APPLICABLE","PORTUGAL_AND_SITE_REVIEW_REQUIRED","Потоки, совместимость, хранение и законный маршрут TBD до исполнения","Неизвестная идентичность; отсутствующее полномочие; опасная среда; непроверенный источник; выход за подготовку","Периодичность, расходники, запасные части и failure signs TBD","Другой назначенный участник находит карточку и демонстрирует допустимую часть без устной помощи автора","Профиль; источник; инвентарь; измерения; acceptance log; reviewer; дата","MISSING","MISSING","DENY","Каталожный узел; процедуры и рабочие параметры ещё не созданы","0.5-draft"
"TD-HEALTH-BLS-PREGNANCY","TD-HEALTH","HEALTH","TRAINING","Особенности BLS при беременности по очному курсу","Иметь измеримую и проверяемую способность: особенности bls при беременности по очному курсу","S2_TRAINED_SUPERVISED","TRAINED_SUPERVISED","TD-BASE-SAFETY|TD-BASE-SITE|TD-BASE-INVENTORY","","MISSING","","До использования задать service level, единицу, объём, срок и критерий приёмки","Точный метод, прибор/reference и неопределённость TBD до исполнения","MISSING_OR_NOT_APPLICABLE","PORTUGAL_AND_SITE_REVIEW_REQUIRED","Потоки, совместимость, хранение и законный маршрут TBD до исполнения","Неизвестная идентичность; отсутствующее полномочие; опасная среда; непроверенный источник; выход за подготовку","Периодичность, расходники, запасные части и failure signs TBD","Другой назначенный участник находит карточку и демонстрирует допустимую часть без устной помощи автора","Профиль; источник; инвентарь; измерения; acceptance log; reviewer; дата","MISSING","MISSING","DENY","Каталожный узел; процедуры и рабочие параметры ещё не созданы","0.5-draft"
"TD-HEALTH-BLS-DROWNING","TD-HEALTH","HEALTH","TRAINING","Реанимация после утопления по очному курсу","Иметь измеримую и проверяемую способность: реанимация после утопления по очному курсу","S2_TRAINED_SUPERVISED","TRAINED_SUPERVISED","TD-BASE-SAFETY|TD-BASE-SITE|TD-BASE-INVENTORY","","MISSING","","До использования задать service level, единицу, объём, срок и критерий приёмки","Точный метод, прибор/reference и неопределённость TBD до исполнения","MISSING_OR_NOT_APPLICABLE","PORTUGAL_AND_SITE_REVIEW_REQUIRED","Потоки, совместимость, хранение и законный маршрут TBD до исполнения","Неизвестная идентичность; отсутствующее полномочие; опасная среда; непроверенный источник; выход за подготовку","Периодичность, расходники, запасные части и failure signs TBD","Другой назначенный участник находит карточку и демонстрирует допустимую часть без устной помощи автора","Профиль; источник; инвентарь; измерения; acceptance log; reviewer; дата","MISSING","MISSING","DENY","Каталожный узел; процедуры и рабочие параметры ещё не созданы","0.5-draft"
"TD-HEALTH-AMPUTATION-IMPALED","TD-HEALTH","HEALTH","TRAINING","Ампутация; открытый перелом и застрявший предмет","Иметь измеримую и проверяемую способность: ампутация; открытый перелом и застрявший предмет","S2_TRAINED_SUPERVISED","TRAINED_SUPERVISED","TD-BASE-SAFETY|TD-BASE-SITE|TD-BASE-INVENTORY","","MISSING","","До использования задать service level, единицу, объём, срок и критерий приёмки","Точный метод, прибор/reference и неопределённость TBD до исполнения","MISSING_OR_NOT_APPLICABLE","PORTUGAL_AND_SITE_REVIEW_REQUIRED","Потоки, совместимость, хранение и законный маршрут TBD до исполнения","Неизвестная идентичность; отсутствующее полномочие; опасная среда; непроверенный источник; выход за подготовку","Периодичность, расходники, запасные части и failure signs TBD","Другой назначенный участник находит карточку и демонстрирует допустимую часть без устной помощи автора","Профиль; источник; инвентарь; измерения; acceptance log; reviewer; дата","MISSING","MISSING","DENY","Каталожный узел; процедуры и рабочие параметры ещё не созданы","0.5-draft"
"TD-HEALTH-TRAUMA-CHEST","TD-HEALTH","HEALTH","KNOWLEDGE","Тяжёлая травма груди","Иметь измеримую и проверяемую способность: тяжёлая травма груди","S3_LICENSED_PROFESSIONAL","LICENSED_ONLY","TD-BASE-SAFETY|TD-BASE-SITE|TD-BASE-INVENTORY","","MISSING","","До использования задать service level, единицу, объём, срок и критерий приёмки","Точный метод, прибор/reference и неопределённость TBD до исполнения","MISSING_OR_NOT_APPLICABLE","PORTUGAL_AND_SITE_REVIEW_REQUIRED","Потоки, совместимость, хранение и законный маршрут TBD до исполнения","Неизвестная идентичность; отсутствующее полномочие; опасная среда; непроверенный источник; выход за подготовку","Периодичность, расходники, запасные части и failure signs TBD","Другой назначенный участник находит карточку и демонстрирует допустимую часть без устной помощи автора","Профиль; источник; инвентарь; измерения; acceptance log; reviewer; дата","MISSING","MISSING","DENY","Каталожный узел; процедуры и рабочие параметры ещё не созданы","0.5-draft"
"TD-HEALTH-TRAUMA-ABDOMEN","TD-HEALTH","HEALTH","KNOWLEDGE","Тяжёлая травма живота и таза","Иметь измеримую и проверяемую способность: тяжёлая травма живота и таза","S3_LICENSED_PROFESSIONAL","LICENSED_ONLY","TD-BASE-SAFETY|TD-BASE-SITE|TD-BASE-INVENTORY","","MISSING","","До использования задать service level, единицу, объём, срок и критерий приёмки","Точный метод, прибор/reference и неопределённость TBD до исполнения","MISSING_OR_NOT_APPLICABLE","PORTUGAL_AND_SITE_REVIEW_REQUIRED","Потоки, совместимость, хранение и законный маршрут TBD до исполнения","Неизвестная идентичность; отсутствующее полномочие; опасная среда; непроверенный источник; выход за подготовку","Периодичность, расходники, запасные части и failure signs TBD","Другой назначенный участник находит карточку и демонстрирует допустимую часть без устной помощи автора","Профиль; источник; инвентарь; измерения; acceptance log; reviewer; дата","MISSING","MISSING","DENY","Каталожный узел; процедуры и рабочие параметры ещё не созданы","0.5-draft"
"TD-HEALTH-TRAUMA-CRUSH-BLAST","TD-HEALTH","HEALTH","KNOWLEDGE","Crush и blast injury","Иметь измеримую и проверяемую способность: crush и blast injury","S3_LICENSED_PROFESSIONAL","LICENSED_ONLY","TD-BASE-SAFETY|TD-BASE-SITE|TD-BASE-INVENTORY","","MISSING","","До использования задать service level, единицу, объём, срок и критерий приёмки","Точный метод, прибор/reference и неопределённость TBD до исполнения","MISSING_OR_NOT_APPLICABLE","PORTUGAL_AND_SITE_REVIEW_REQUIRED","Потоки, совместимость, хранение и законный маршрут TBD до исполнения","Неизвестная идентичность; отсутствующее полномочие; опасная среда; непроверенный источник; выход за подготовку","Периодичность, расходники, запасные части и failure signs TBD","Другой назначенный участник находит карточку и демонстрирует допустимую часть без устной помощи автора","Профиль; источник; инвентарь; измерения; acceptance log; reviewer; дата","MISSING","MISSING","DENY","Каталожный узел; процедуры и рабочие параметры ещё не созданы","0.5-draft"
"TD-HEALTH-MOVE-HANDOVER","TD-HEALTH","HEALTH","TRAINING","Безопасное перемещение; повторная оценка и handover","Иметь измеримую и проверяемую способность: безопасное перемещение; повторная оценка и handover","S2_TRAINED_SUPERVISED","TRAINED_SUPERVISED","TD-BASE-SAFETY|TD-BASE-SITE|TD-BASE-INVENTORY","","MISSING","","До использования задать service level, единицу, объём, срок и критерий приёмки","Точный метод, прибор/reference и неопределённость TBD до исполнения","MISSING_OR_NOT_APPLICABLE","PORTUGAL_AND_SITE_REVIEW_REQUIRED","Потоки, совместимость, хранение и законный маршрут TBD до исполнения","Неизвестная идентичность; отсутствующее полномочие; опасная среда; непроверенный источник; выход за подготовку","Периодичность, расходники, запасные части и failure signs TBD","Другой назначенный участник находит карточку и демонстрирует допустимую часть без устной помощи автора","Профиль; источник; инвентарь; измерения; acceptance log; reviewer; дата","MISSING","MISSING","DENY","Каталожный узел; процедуры и рабочие параметры ещё не созданы","0.5-draft"
"TD-HEALTH-BURN-THERMAL","TD-HEALTH","HEALTH","TRAINING","Термический ожог и красные флаги","Иметь измеримую и проверяемую способность: термический ожог и красные флаги","S2_TRAINED_SUPERVISED","TRAINED_SUPERVISED","TD-BASE-SAFETY|TD-BASE-SITE|TD-BASE-INVENTORY","","MISSING","","До использования задать service level, единицу, объём, срок и критерий приёмки","Точный метод, прибор/reference и неопределённость TBD до исполнения","MISSING_OR_NOT_APPLICABLE","PORTUGAL_AND_SITE_REVIEW_REQUIRED","Потоки, совместимость, хранение и законный маршрут TBD до исполнения","Неизвестная идентичность; отсутствующее полномочие; опасная среда; непроверенный источник; выход за подготовку","Периодичность, расходники, запасные части и failure signs TBD","Другой назначенный участник находит карточку и демонстрирует допустимую часть без устной помощи автора","Профиль; источник; инвентарь; измерения; acceptance log; reviewer; дата","MISSING","MISSING","DENY","Каталожный узел; процедуры и рабочие параметры ещё не созданы","0.5-draft"
"TD-HEALTH-BURN-CHEMICAL","TD-HEALTH","HEALTH","TRAINING","Химический ожог и идентификация продукта","Иметь измеримую и проверяемую способность: химический ожог и идентификация продукта","S3_LICENSED_PROFESSIONAL","LICENSED_ONLY","TD-BASE-SAFETY|TD-BASE-SITE|TD-BASE-INVENTORY","","MISSING","","До использования задать service level, единицу, объём, срок и критерий приёмки","Точный метод, прибор/reference и неопределённость TBD до исполнения","MISSING_OR_NOT_APPLICABLE","PORTUGAL_AND_SITE_REVIEW_REQUIRED","Потоки, совместимость, хранение и законный маршрут TBD до исполнения","Неизвестная идентичность; отсутствующее полномочие; опасная среда; непроверенный источник; выход за подготовку","Периодичность, расходники, запасные части и failure signs TBD","Другой назначенный участник находит карточку и демонстрирует допустимую часть без устной помощи автора","Профиль; источник; инвентарь; измерения; acceptance log; reviewer; дата","MISSING","MISSING","DENY","Каталожный узел; процедуры и рабочие параметры ещё не созданы","0.5-draft"
"TD-HEALTH-BURN-ELECTRICAL","TD-HEALTH","HEALTH","KNOWLEDGE","Электрический ожог и скрытый риск","Иметь измеримую и проверяемую способность: электрический ожог и скрытый риск","S3_LICENSED_PROFESSIONAL","LICENSED_ONLY","TD-BASE-SAFETY|TD-BASE-SITE|TD-BASE-INVENTORY","","MISSING","","До использования задать service level, единицу, объём, срок и критерий приёмки","Точный метод, прибор/reference и неопределённость TBD до исполнения","MISSING_OR_NOT_APPLICABLE","PORTUGAL_AND_SITE_REVIEW_REQUIRED","Потоки, совместимость, хранение и законный маршрут TBD до исполнения","Неизвестная идентичность; отсутствующее полномочие; опасная среда; непроверенный источник; выход за подготовку","Периодичность, расходники, запасные части и failure signs TBD","Другой назначенный участник находит карточку и демонстрирует допустимую часть без устной помощи автора","Профиль; источник; инвентарь; измерения; acceptance log; reviewer; дата","MISSING","MISSING","DENY","Каталожный узел; процедуры и рабочие параметры ещё не созданы","0.5-draft"
"TD-HEALTH-EYE-CHEMICAL","TD-HEALTH","HEALTH","TRAINING","Химическое поражение глаза","Иметь измеримую и проверяемую способность: химическое поражение глаза","S3_LICENSED_PROFESSIONAL","LICENSED_ONLY","TD-BASE-SAFETY|TD-BASE-SITE|TD-BASE-INVENTORY","","MISSING","","До использования задать service level, единицу, объём, срок и критерий приёмки","Точный метод, прибор/reference и неопределённость TBD до исполнения","MISSING_OR_NOT_APPLICABLE","PORTUGAL_AND_SITE_REVIEW_REQUIRED","Потоки, совместимость, хранение и законный маршрут TBD до исполнения","Неизвестная идентичность; отсутствующее полномочие; опасная среда; непроверенный источник; выход за подготовку","Периодичность, расходники, запасные части и failure signs TBD","Другой назначенный участник находит карточку и демонстрирует допустимую часть без устной помощи автора","Профиль; источник; инвентарь; измерения; acceptance log; reviewer; дата","MISSING","MISSING","DENY","Каталожный узел; процедуры и рабочие параметры ещё не созданы","0.5-draft"
"TD-HEALTH-SMOKE-CO","TD-HEALTH","HEALTH","KNOWLEDGE","Дым; CO и ингаляционное поражение","Иметь измеримую и проверяемую способность: дым; co и ингаляционное поражение","S2_TRAINED_SUPERVISED","TRAINED_SUPERVISED","TD-BASE-SAFETY|TD-BASE-SITE|TD-BASE-INVENTORY","","MISSING","","До использования задать service level, единицу, объём, срок и критерий приёмки","Точный метод, прибор/reference и неопределённость TBD до исполнения","MISSING_OR_NOT_APPLICABLE","PORTUGAL_AND_SITE_REVIEW_REQUIRED","Потоки, совместимость, хранение и законный маршрут TBD до исполнения","Неизвестная идентичность; отсутствующее полномочие; опасная среда; непроверенный источник; выход за подготовку","Периодичность, расходники, запасные части и failure signs TBD","Другой назначенный участник находит карточку и демонстрирует допустимую часть без устной помощи автора","Профиль; источник; инвентарь; измерения; acceptance log; reviewer; дата","MISSING","MISSING","DENY","Каталожный узел; процедуры и рабочие параметры ещё не созданы","0.5-draft"
"TD-HEALTH-FROSTBITE","TD-HEALTH","HEALTH","TRAINING","Переохлаждение и обморожение","Иметь измеримую и проверяемую способность: переохлаждение и обморожение","S2_TRAINED_SUPERVISED","TRAINED_SUPERVISED","TD-BASE-SAFETY|TD-BASE-SITE|TD-BASE-INVENTORY","","MISSING","","До использования задать service level, единицу, объём, срок и критерий приёмки","Точный метод, прибор/reference и неопределённость TBD до исполнения","MISSING_OR_NOT_APPLICABLE","PORTUGAL_AND_SITE_REVIEW_REQUIRED","Потоки, совместимость, хранение и законный маршрут TBD до исполнения","Неизвестная идентичность; отсутствующее полномочие; опасная среда; непроверенный источник; выход за подготовку","Периодичность, расходники, запасные части и failure signs TBD","Другой назначенный участник находит карточку и демонстрирует допустимую часть без устной помощи автора","Профиль; источник; инвентарь; измерения; acceptance log; reviewer; дата","MISSING","MISSING","DENY","Каталожный узел; процедуры и рабочие параметры ещё не созданы","0.5-draft"
"TD-HEALTH-SYNCOPE","TD-HEALTH","HEALTH","KNOWLEDGE","Обморок и внезапная слабость","Иметь измеримую и проверяемую способность: обморок и внезапная слабость","S2_TRAINED_SUPERVISED","TRAINED_SUPERVISED","TD-BASE-SAFETY|TD-BASE-SITE|TD-BASE-INVENTORY","","MISSING","","До использования задать service level, единицу, объём, срок и критерий приёмки","Точный метод, прибор/reference и неопределённость TBD до исполнения","MISSING_OR_NOT_APPLICABLE","PORTUGAL_AND_SITE_REVIEW_REQUIRED","Потоки, совместимость, хранение и законный маршрут TBD до исполнения","Неизвестная идентичность; отсутствующее полномочие; опасная среда; непроверенный источник; выход за подготовку","Периодичность, расходники, запасные части и failure signs TBD","Другой назначенный участник находит карточку и демонстрирует допустимую часть без устной помощи автора","Профиль; источник; инвентарь; измерения; acceptance log; reviewer; дата","MISSING","MISSING","DENY","Каталожный узел; процедуры и рабочие параметры ещё не созданы","0.5-draft"
"TD-HEALTH-ACUTE-ABDOMEN","TD-HEALTH","HEALTH","KNOWLEDGE","Острая боль в животе и красные флаги","Иметь измеримую и проверяемую способность: острая боль в животе и красные флаги","S3_LICENSED_PROFESSIONAL","LICENSED_ONLY","TD-BASE-SAFETY|TD-BASE-SITE|TD-BASE-INVENTORY","","MISSING","","До использования задать service level, единицу, объём, срок и критерий приёмки","Точный метод, прибор/reference и неопределённость TBD до исполнения","MISSING_OR_NOT_APPLICABLE","PORTUGAL_AND_SITE_REVIEW_REQUIRED","Потоки, совместимость, хранение и законный маршрут TBD до исполнения","Неизвестная идентичность; отсутствующее полномочие; опасная среда; непроверенный источник; выход за подготовку","Периодичность, расходники, запасные части и failure signs TBD","Другой назначенный участник находит карточку и демонстрирует допустимую часть без устной помощи автора","Профиль; источник; инвентарь; измерения; acceptance log; reviewer; дата","MISSING","MISSING","DENY","Каталожный узел; процедуры и рабочие параметры ещё не созданы","0.5-draft"
"TD-HEALTH-HEADACHE","TD-HEALTH","HEALTH","KNOWLEDGE","Тяжёлая внезапная головная боль и красные флаги","Иметь измеримую и проверяемую способность: тяжёлая внезапная головная боль и красные флаги","S3_LICENSED_PROFESSIONAL","LICENSED_ONLY","TD-BASE-SAFETY|TD-BASE-SITE|TD-BASE-INVENTORY","","MISSING","","До использования задать service level, единицу, объём, срок и критерий приёмки","Точный метод, прибор/reference и неопределённость TBD до исполнения","MISSING_OR_NOT_APPLICABLE","PORTUGAL_AND_SITE_REVIEW_REQUIRED","Потоки, совместимость, хранение и законный маршрут TBD до исполнения","Неизвестная идентичность; отсутствующее полномочие; опасная среда; непроверенный источник; выход за подготовку","Периодичность, расходники, запасные части и failure signs TBD","Другой назначенный участник находит карточку и демонстрирует допустимую часть без устной помощи автора","Профиль; источник; инвентарь; измерения; acceptance log; reviewer; дата","MISSING","MISSING","DENY","Каталожный узел; процедуры и рабочие параметры ещё не созданы","0.5-draft"
"TD-HEALTH-URINARY","TD-HEALTH","HEALTH","KNOWLEDGE","Острая задержка мочи и срочная маршрутизация","Иметь измеримую и проверяемую способность: острая задержка мочи и срочная маршрутизация","S3_LICENSED_PROFESSIONAL","LICENSED_ONLY","TD-BASE-SAFETY|TD-BASE-SITE|TD-BASE-INVENTORY","","MISSING","","До использования задать service level, единицу, объём, срок и критерий приёмки","Точный метод, прибор/reference и неопределённость TBD до исполнения","MISSING_OR_NOT_APPLICABLE","PORTUGAL_AND_SITE_REVIEW_REQUIRED","Потоки, совместимость, хранение и законный маршрут TBD до исполнения","Неизвестная идентичность; отсутствующее полномочие; опасная среда; непроверенный источник; выход за подготовку","Периодичность, расходники, запасные части и failure signs TBD","Другой назначенный участник находит карточку и демонстрирует допустимую часть без устной помощи автора","Профиль; источник; инвентарь; измерения; acceptance log; reviewer; дата","MISSING","MISSING","DENY","Каталожный узел; процедуры и рабочие параметры ещё не созданы","0.5-draft"
"TD-HEALTH-FEVER","TD-HEALTH","HEALTH","KNOWLEDGE","Лихорадка с опасными признаками","Иметь измеримую и проверяемую способность: лихорадка с опасными признаками","S2_TRAINED_SUPERVISED","TRAINED_SUPERVISED","TD-BASE-SAFETY|TD-BASE-SITE|TD-BASE-INVENTORY","","MISSING","","До использования задать service level, единицу, объём, срок и критерий приёмки","Точный метод, прибор/reference и неопределённость TBD до исполнения","MISSING_OR_NOT_APPLICABLE","PORTUGAL_AND_SITE_REVIEW_REQUIRED","Потоки, совместимость, хранение и законный маршрут TBD до исполнения","Неизвестная идентичность; отсутствующее полномочие; опасная среда; непроверенный источник; выход за подготовку","Периодичность, расходники, запасные части и failure signs TBD","Другой назначенный участник находит карточку и демонстрирует допустимую часть без устной помощи автора","Профиль; источник; инвентарь; измерения; acceptance log; reviewer; дата","MISSING","MISSING","DENY","Каталожный узел; процедуры и рабочие параметры ещё не созданы","0.5-draft"
"TD-HEALTH-BITES-STINGS","TD-HEALTH","HEALTH","KNOWLEDGE","Укусы; ужаления и аллергический риск","Иметь измеримую и проверяемую способность: укусы; ужаления и аллергический риск","S2_TRAINED_SUPERVISED","TRAINED_SUPERVISED","TD-BASE-SAFETY|TD-BASE-SITE|TD-BASE-INVENTORY","","MISSING","","До использования задать service level, единицу, объём, срок и критерий приёмки","Точный метод, прибор/reference и неопределённость TBD до исполнения","MISSING_OR_NOT_APPLICABLE","PORTUGAL_AND_SITE_REVIEW_REQUIRED","Потоки, совместимость, хранение и законный маршрут TBD до исполнения","Неизвестная идентичность; отсутствующее полномочие; опасная среда; непроверенный источник; выход за подготовку","Периодичность, расходники, запасные части и failure signs TBD","Другой назначенный участник находит карточку и демонстрирует допустимую часть без устной помощи автора","Профиль; источник; инвентарь; измерения; acceptance log; reviewer; дата","MISSING","MISSING","DENY","Каталожный узел; процедуры и рабочие параметры ещё не созданы","0.5-draft"
"TD-HEALTH-SNAKE-MARINE","TD-HEALTH","HEALTH","KNOWLEDGE","Змеи и морские животные: запрет импровизации и маршрут","Иметь измеримую и проверяемую способность: змеи и морские животные: запрет импровизации и маршрут","S3_LICENSED_PROFESSIONAL","LICENSED_ONLY","TD-BASE-SAFETY|TD-BASE-SITE|TD-BASE-INVENTORY","","MISSING","","До использования задать service level, единицу, объём, срок и критерий приёмки","Точный метод, прибор/reference и неопределённость TBD до исполнения","MISSING_OR_NOT_APPLICABLE","PORTUGAL_AND_SITE_REVIEW_REQUIRED","Потоки, совместимость, хранение и законный маршрут TBD до исполнения","Неизвестная идентичность; отсутствующее полномочие; опасная среда; непроверенный источник; выход за подготовку","Периодичность, расходники, запасные части и failure signs TBD","Другой назначенный участник находит карточку и демонстрирует допустимую часть без устной помощи автора","Профиль; источник; инвентарь; измерения; acceptance log; reviewer; дата","MISSING","MISSING","DENY","Каталожный узел; процедуры и рабочие параметры ещё не созданы","0.5-draft"
"TD-HEALTH-RABIES-TETANUS","TD-HEALTH","HEALTH","KNOWLEDGE","Риск бешенства и столбняка; история вакцинации и referral","Иметь измеримую и проверяемую способность: риск бешенства и столбняка; история вакцинации и referral","S3_LICENSED_PROFESSIONAL","LICENSED_ONLY","TD-BASE-SAFETY|TD-BASE-SITE|TD-BASE-INVENTORY","","MISSING","","До использования задать service level, единицу, объём, срок и критерий приёмки","Точный метод, прибор/reference и неопределённость TBD до исполнения","MISSING_OR_NOT_APPLICABLE","PORTUGAL_AND_SITE_REVIEW_REQUIRED","Потоки, совместимость, хранение и законный маршрут TBD до исполнения","Неизвестная идентичность; отсутствующее полномочие; опасная среда; непроверенный источник; выход за подготовку","Периодичность, расходники, запасные части и failure signs TBD","Другой назначенный участник находит карточку и демонстрирует допустимую часть без устной помощи автора","Профиль; источник; инвентарь; измерения; acceptance log; reviewer; дата","MISSING","MISSING","DENY","Каталожный узел; процедуры и рабочие параметры ещё не созданы","0.5-draft"
"TD-HEALTH-OB-BLEED","TD-HEALTH","HEALTH","KNOWLEDGE","Кровотечение при беременности","Иметь измеримую и проверяемую способность: кровотечение при беременности","S3_LICENSED_PROFESSIONAL","LICENSED_ONLY","TD-BASE-SAFETY|TD-BASE-SITE|TD-BASE-INVENTORY","","MISSING","","До использования задать service level, единицу, объём, срок и критерий приёмки","Точный метод, прибор/reference и неопределённость TBD до исполнения","MISSING_OR_NOT_APPLICABLE","PORTUGAL_AND_SITE_REVIEW_REQUIRED","Потоки, совместимость, хранение и законный маршрут TBD до исполнения","Неизвестная идентичность; отсутствующее полномочие; опасная среда; непроверенный источник; выход за подготовку","Периодичность, расходники, запасные части и failure signs TBD","Другой назначенный участник находит карточку и демонстрирует допустимую часть без устной помощи автора","Профиль; источник; инвентарь; измерения; acceptance log; reviewer; дата","MISSING","MISSING","DENY","Каталожный узел; процедуры и рабочие параметры ещё не созданы","0.5-draft"
"TD-HEALTH-OB-ECTOPIC","TD-HEALTH","HEALTH","KNOWLEDGE","Признаки возможной внематочной беременности","Иметь измеримую и проверяемую способность: признаки возможной внематочной беременности","S3_LICENSED_PROFESSIONAL","LICENSED_ONLY","TD-BASE-SAFETY|TD-BASE-SITE|TD-BASE-INVENTORY","","MISSING","","До использования задать service level, единицу, объём, срок и критерий приёмки","Точный метод, прибор/reference и неопределённость TBD до исполнения","MISSING_OR_NOT_APPLICABLE","PORTUGAL_AND_SITE_REVIEW_REQUIRED","Потоки, совместимость, хранение и законный маршрут TBD до исполнения","Неизвестная идентичность; отсутствующее полномочие; опасная среда; непроверенный источник; выход за подготовку","Периодичность, расходники, запасные части и failure signs TBD","Другой назначенный участник находит карточку и демонстрирует допустимую часть без устной помощи автора","Профиль; источник; инвентарь; измерения; acceptance log; reviewer; дата","MISSING","MISSING","DENY","Каталожный узел; процедуры и рабочие параметры ещё не созданы","0.5-draft"
"TD-HEALTH-OB-PREECLAMPSIA","TD-HEALTH","HEALTH","KNOWLEDGE","Признаки преэклампсии и эклампсии","Иметь измеримую и проверяемую способность: признаки преэклампсии и эклампсии","S3_LICENSED_PROFESSIONAL","LICENSED_ONLY","TD-BASE-SAFETY|TD-BASE-SITE|TD-BASE-INVENTORY","","MISSING","","До использования задать service level, единицу, объём, срок и критерий приёмки","Точный метод, прибор/reference и неопределённость TBD до исполнения","MISSING_OR_NOT_APPLICABLE","PORTUGAL_AND_SITE_REVIEW_REQUIRED","Потоки, совместимость, хранение и законный маршрут TBD до исполнения","Неизвестная идентичность; отсутствующее полномочие; опасная среда; непроверенный источник; выход за подготовку","Периодичность, расходники, запасные части и failure signs TBD","Другой назначенный участник находит карточку и демонстрирует допустимую часть без устной помощи автора","Профиль; источник; инвентарь; измерения; acceptance log; reviewer; дата","MISSING","MISSING","DENY","Каталожный узел; процедуры и рабочие параметры ещё не созданы","0.5-draft"
"TD-HEALTH-OB-BIRTH","TD-HEALTH","HEALTH","HAZARD_BOUNDARY","Роды до прибытия профессиональной помощи","Иметь измеримую и проверяемую способность: роды до прибытия профессиональной помощи","S4_REFERENCE_ONLY_PROHIBITED_HOUSEHOLD","REFERENCE_ONLY_NO_BUILD","TD-BASE-SAFETY|TD-BASE-SITE|TD-BASE-INVENTORY","","NO_BUILD_MATERIALS","","Граница распознавания и профессиональный маршрут определены; household execution отсутствует","Official professional references only","NO_BUILD_DRAWINGS","PORTUGAL_AND_SITE_REVIEW_REQUIRED","Потоки, совместимость, хранение и законный маршрут TBD до исполнения","Неизвестная идентичность; отсутствующее полномочие; опасная среда; непроверенный источник; выход за подготовку","Периодичность, расходники, запасные части и failure signs TBD","Другой назначенный участник находит карточку и демонстрирует допустимую часть без устной помощи автора","Профиль; источник; инвентарь; измерения; acceptance log; reviewer; дата","BOUNDARY_DEFINED","REFERENCE_ONLY","REFERENCE_ONLY","Каталожный узел; процедуры и рабочие параметры ещё не созданы","0.5-draft"
"TD-HEALTH-OB-POSTPARTUM-BLEED","TD-HEALTH","HEALTH","KNOWLEDGE","Послеродовое кровотечение","Иметь измеримую и проверяемую способность: послеродовое кровотечение","S3_LICENSED_PROFESSIONAL","LICENSED_ONLY","TD-BASE-SAFETY|TD-BASE-SITE|TD-BASE-INVENTORY","","MISSING","","До использования задать service level, единицу, объём, срок и критерий приёмки","Точный метод, прибор/reference и неопределённость TBD до исполнения","MISSING_OR_NOT_APPLICABLE","PORTUGAL_AND_SITE_REVIEW_REQUIRED","Потоки, совместимость, хранение и законный маршрут TBD до исполнения","Неизвестная идентичность; отсутствующее полномочие; опасная среда; непроверенный источник; выход за подготовку","Периодичность, расходники, запасные части и failure signs TBD","Другой назначенный участник находит карточку и демонстрирует допустимую часть без устной помощи автора","Профиль; источник; инвентарь; измерения; acceptance log; reviewer; дата","MISSING","MISSING","DENY","Каталожный узел; процедуры и рабочие параметры ещё не созданы","0.5-draft"
"TD-HEALTH-NEWBORN","TD-HEALTH","HEALTH","KNOWLEDGE","Опасные признаки у новорождённого","Иметь измеримую и проверяемую способность: опасные признаки у новорождённого","S3_LICENSED_PROFESSIONAL","LICENSED_ONLY","TD-BASE-SAFETY|TD-BASE-SITE|TD-BASE-INVENTORY","","MISSING","","До использования задать service level, единицу, объём, срок и критерий приёмки","Точный метод, прибор/reference и неопределённость TBD до исполнения","MISSING_OR_NOT_APPLICABLE","PORTUGAL_AND_SITE_REVIEW_REQUIRED","Потоки, совместимость, хранение и законный маршрут TBD до исполнения","Неизвестная идентичность; отсутствующее полномочие; опасная среда; непроверенный источник; выход за подготовку","Периодичность, расходники, запасные части и failure signs TBD","Другой назначенный участник находит карточку и демонстрирует допустимую часть без устной помощи автора","Профиль; источник; инвентарь; измерения; acceptance log; reviewer; дата","MISSING","MISSING","DENY","Каталожный узел; процедуры и рабочие параметры ещё не созданы","0.5-draft"
"TD-HEALTH-SEXUAL-VIOLENCE","TD-HEALTH","HEALTH","GOVERNANCE","Сексуальное насилие; согласие; safeguarding и конфиденциальная помощь","Иметь измеримую и проверяемую способность: сексуальное насилие; согласие; safeguarding и конфиденциальная помощь","S3_LICENSED_PROFESSIONAL","LICENSED_ONLY","TD-BASE-SAFETY|TD-BASE-SITE|TD-BASE-INVENTORY","","MISSING","","До использования задать service level, единицу, объём, срок и критерий приёмки","Точный метод, прибор/reference и неопределённость TBD до исполнения","MISSING_OR_NOT_APPLICABLE","PORTUGAL_AND_SITE_REVIEW_REQUIRED","Потоки, совместимость, хранение и законный маршрут TBD до исполнения","Неизвестная идентичность; отсутствующее полномочие; опасная среда; непроверенный источник; выход за подготовку","Периодичность, расходники, запасные части и failure signs TBD","Другой назначенный участник находит карточку и демонстрирует допустимую часть без устной помощи автора","Профиль; источник; инвентарь; измерения; acceptance log; reviewer; дата","MISSING","MISSING","DENY","Каталожный узел; процедуры и рабочие параметры ещё не созданы","0.5-draft"
"TD-HEALTH-MH-SUICIDE","TD-HEALTH","HEALTH","TRAINING","Суицидальный риск и непосредственная безопасность","Иметь измеримую и проверяемую способность: суицидальный риск и непосредственная безопасность","S3_LICENSED_PROFESSIONAL","LICENSED_ONLY","TD-BASE-SAFETY|TD-BASE-SITE|TD-BASE-INVENTORY","","MISSING","","До использования задать service level, единицу, объём, срок и критерий приёмки","Точный метод, прибор/reference и неопределённость TBD до исполнения","MISSING_OR_NOT_APPLICABLE","PORTUGAL_AND_SITE_REVIEW_REQUIRED","Потоки, совместимость, хранение и законный маршрут TBD до исполнения","Неизвестная идентичность; отсутствующее полномочие; опасная среда; непроверенный источник; выход за подготовку","Периодичность, расходники, запасные части и failure signs TBD","Другой назначенный участник находит карточку и демонстрирует допустимую часть без устной помощи автора","Профиль; источник; инвентарь; измерения; acceptance log; reviewer; дата","MISSING","MISSING","DENY","Каталожный узел; процедуры и рабочие параметры ещё не созданы","0.5-draft"
"TD-HEALTH-MH-PSYCHOSIS","TD-HEALTH","HEALTH","KNOWLEDGE","Психоз и безопасная маршрутизация","Иметь измеримую и проверяемую способность: психоз и безопасная маршрутизация","S3_LICENSED_PROFESSIONAL","LICENSED_ONLY","TD-BASE-SAFETY|TD-BASE-SITE|TD-BASE-INVENTORY","","MISSING","","До использования задать service level, единицу, объём, срок и критерий приёмки","Точный метод, прибор/reference и неопределённость TBD до исполнения","MISSING_OR_NOT_APPLICABLE","PORTUGAL_AND_SITE_REVIEW_REQUIRED","Потоки, совместимость, хранение и законный маршрут TBD до исполнения","Неизвестная идентичность; отсутствующее полномочие; опасная среда; непроверенный источник; выход за подготовку","Периодичность, расходники, запасные части и failure signs TBD","Другой назначенный участник находит карточку и демонстрирует допустимую часть без устной помощи автора","Профиль; источник; инвентарь; измерения; acceptance log; reviewer; дата","MISSING","MISSING","DENY","Каталожный узел; процедуры и рабочие параметры ещё не созданы","0.5-draft"
"TD-HEALTH-MH-AGITATION","TD-HEALTH","HEALTH","TRAINING","Тяжёлое возбуждение и безопасность помощника","Иметь измеримую и проверяемую способность: тяжёлое возбуждение и безопасность помощника","S3_LICENSED_PROFESSIONAL","LICENSED_ONLY","TD-BASE-SAFETY|TD-BASE-SITE|TD-BASE-INVENTORY","","MISSING","","До использования задать service level, единицу, объём, срок и критерий приёмки","Точный метод, прибор/reference и неопределённость TBD до исполнения","MISSING_OR_NOT_APPLICABLE","PORTUGAL_AND_SITE_REVIEW_REQUIRED","Потоки, совместимость, хранение и законный маршрут TBD до исполнения","Неизвестная идентичность; отсутствующее полномочие; опасная среда; непроверенный источник; выход за подготовку","Периодичность, расходники, запасные части и failure signs TBD","Другой назначенный участник находит карточку и демонстрирует допустимую часть без устной помощи автора","Профиль; источник; инвентарь; измерения; acceptance log; reviewer; дата","MISSING","MISSING","DENY","Каталожный узел; процедуры и рабочие параметры ещё не созданы","0.5-draft"
"TD-HEALTH-MH-WITHDRAWAL","TD-HEALTH","HEALTH","KNOWLEDGE","Опасная отмена алкоголя или веществ","Иметь измеримую и проверяемую способность: опасная отмена алкоголя или веществ","S3_LICENSED_PROFESSIONAL","LICENSED_ONLY","TD-BASE-SAFETY|TD-BASE-SITE|TD-BASE-INVENTORY","","MISSING","","До использования задать service level, единицу, объём, срок и критерий приёмки","Точный метод, прибор/reference и неопределённость TBD до исполнения","MISSING_OR_NOT_APPLICABLE","PORTUGAL_AND_SITE_REVIEW_REQUIRED","Потоки, совместимость, хранение и законный маршрут TBD до исполнения","Неизвестная идентичность; отсутствующее полномочие; опасная среда; непроверенный источник; выход за подготовку","Периодичность, расходники, запасные части и failure signs TBD","Другой назначенный участник находит карточку и демонстрирует допустимую часть без устной помощи автора","Профиль; источник; инвентарь; измерения; acceptance log; reviewer; дата","MISSING","MISSING","DENY","Каталожный узел; процедуры и рабочие параметры ещё не созданы","0.5-draft"
"TD-HEALTH-DEVICE-OXYGEN-CPAP","TD-HEALTH","HEALTH","SITE_DATA","Потеря кислорода; CPAP или респираторного устройства","Иметь измеримую и проверяемую способность: потеря кислорода; cpap или респираторного устройства","S3_LICENSED_PROFESSIONAL","LICENSED_ONLY","TD-BASE-SAFETY|TD-BASE-SITE|TD-BASE-INVENTORY","","MISSING","","До использования задать service level, единицу, объём, срок и критерий приёмки","Точный метод, прибор/reference и неопределённость TBD до исполнения","MISSING_OR_NOT_APPLICABLE","PORTUGAL_AND_SITE_REVIEW_REQUIRED","Потоки, совместимость, хранение и законный маршрут TBD до исполнения","Неизвестная идентичность; отсутствующее полномочие; опасная среда; непроверенный источник; выход за подготовку","Периодичность, расходники, запасные части и failure signs TBD","Другой назначенный участник находит карточку и демонстрирует допустимую часть без устной помощи автора","Профиль; источник; инвентарь; измерения; acceptance log; reviewer; дата","MISSING","MISSING","DENY","Каталожный узел; процедуры и рабочие параметры ещё не созданы","0.5-draft"
"TD-HEALTH-DEVICE-DIALYSIS","TD-HEALTH","HEALTH","SITE_DATA","Потеря диализа или почечной поддержки","Иметь измеримую и проверяемую способность: потеря диализа или почечной поддержки","S3_LICENSED_PROFESSIONAL","LICENSED_ONLY","TD-BASE-SAFETY|TD-BASE-SITE|TD-BASE-INVENTORY","","MISSING","","До использования задать service level, единицу, объём, срок и критерий приёмки","Точный метод, прибор/reference и неопределённость TBD до исполнения","MISSING_OR_NOT_APPLICABLE","PORTUGAL_AND_SITE_REVIEW_REQUIRED","Потоки, совместимость, хранение и законный маршрут TBD до исполнения","Неизвестная идентичность; отсутствующее полномочие; опасная среда; непроверенный источник; выход за подготовку","Периодичность, расходники, запасные части и failure signs TBD","Другой назначенный участник находит карточку и демонстрирует допустимую часть без устной помощи автора","Профиль; источник; инвентарь; измерения; acceptance log; reviewer; дата","MISSING","MISSING","DENY","Каталожный узел; процедуры и рабочие параметры ещё не созданы","0.5-draft"
"TD-HEALTH-DEVICE-TUBE-FEED","TD-HEALTH","HEALTH","SITE_DATA","Потеря зондового питания или медпитания","Иметь измеримую и проверяемую способность: потеря зондового питания или медпитания","S3_LICENSED_PROFESSIONAL","LICENSED_ONLY","TD-BASE-SAFETY|TD-BASE-SITE|TD-BASE-INVENTORY","","MISSING","","До использования задать service level, единицу, объём, срок и критерий приёмки","Точный метод, прибор/reference и неопределённость TBD до исполнения","MISSING_OR_NOT_APPLICABLE","PORTUGAL_AND_SITE_REVIEW_REQUIRED","Потоки, совместимость, хранение и законный маршрут TBD до исполнения","Неизвестная идентичность; отсутствующее полномочие; опасная среда; непроверенный источник; выход за подготовку","Периодичность, расходники, запасные части и failure signs TBD","Другой назначенный участник находит карточку и демонстрирует допустимую часть без устной помощи автора","Профиль; источник; инвентарь; измерения; acceptance log; reviewer; дата","MISSING","MISSING","DENY","Каталожный узел; процедуры и рабочие параметры ещё не созданы","0.5-draft"
"TD-HEALTH-ISOLATION-IMMEDIATE","TD-HEALTH","HEALTH","PROCESS","Немедленная изоляция симптомного человека","Иметь измеримую и проверяемую способность: немедленная изоляция симптомного человека","S2_TRAINED_SUPERVISED","TRAINED_SUPERVISED","TD-BASE-SAFETY|TD-BASE-SITE|TD-BASE-INVENTORY","","MISSING","","До использования задать service level, единицу, объём, срок и критерий приёмки","Точный метод, прибор/reference и неопределённость TBD до исполнения","MISSING_OR_NOT_APPLICABLE","PORTUGAL_AND_SITE_REVIEW_REQUIRED","Потоки, совместимость, хранение и законный маршрут TBD до исполнения","Неизвестная идентичность; отсутствующее полномочие; опасная среда; непроверенный источник; выход за подготовку","Периодичность, расходники, запасные части и failure signs TBD","Другой назначенный участник находит карточку и демонстрирует допустимую часть без устной помощи автора","Профиль; источник; инвентарь; измерения; acceptance log; reviewer; дата","MISSING","MISSING","DENY","Каталожный узел; процедуры и рабочие параметры ещё не созданы","0.5-draft"
"TD-HEALTH-CONTACT-LOG","TD-HEALTH","HEALTH","GOVERNANCE","Первичный журнал контактов с защитой приватности","Иметь измеримую и проверяемую способность: первичный журнал контактов с защитой приватности","S2_TRAINED_SUPERVISED","TRAINED_SUPERVISED","TD-BASE-SAFETY|TD-BASE-SITE|TD-BASE-INVENTORY","","MISSING","","До использования задать service level, единицу, объём, срок и критерий приёмки","Точный метод, прибор/reference и неопределённость TBD до исполнения","MISSING_OR_NOT_APPLICABLE","PORTUGAL_AND_SITE_REVIEW_REQUIRED","Потоки, совместимость, хранение и законный маршрут TBD до исполнения","Неизвестная идентичность; отсутствующее полномочие; опасная среда; непроверенный источник; выход за подготовку","Периодичность, расходники, запасные части и failure signs TBD","Другой назначенный участник находит карточку и демонстрирует допустимую часть без устной помощи автора","Профиль; источник; инвентарь; измерения; acceptance log; reviewer; дата","MISSING","MISSING","DENY","Каталожный узел; процедуры и рабочие параметры ещё не созданы","0.5-draft"
"TD-HEALTH-EVAC-ACCESS","TD-HEALTH","HEALTH","PROCESS","Медицинская эвакуация маломобильного; ребёнка или зависимого человека","Иметь измеримую и проверяемую способность: медицинская эвакуация маломобильного; ребёнка или зависимого человека","S3_LICENSED_PROFESSIONAL","LICENSED_ONLY","TD-BASE-SAFETY|TD-BASE-SITE|TD-BASE-INVENTORY","","MISSING","","До использования задать service level, единицу, объём, срок и критерий приёмки","Точный метод, прибор/reference и неопределённость TBD до исполнения","MISSING_OR_NOT_APPLICABLE","PORTUGAL_AND_SITE_REVIEW_REQUIRED","Потоки, совместимость, хранение и законный маршрут TBD до исполнения","Неизвестная идентичность; отсутствующее полномочие; опасная среда; непроверенный источник; выход за подготовку","Периодичность, расходники, запасные части и failure signs TBD","Другой назначенный участник находит карточку и демонстрирует допустимую часть без устной помощи автора","Профиль; источник; инвентарь; измерения; acceptance log; reviewer; дата","MISSING","MISSING","DENY","Каталожный узел; процедуры и рабочие параметры ещё не созданы","0.5-draft"
"TD-HEALTH-TEAM-ROLES","TD-HEALTH","HEALTH","GOVERNANCE","Командные роли N2–N7 при неотложной помощи","Иметь измеримую и проверяемую способность: командные роли n2–n7 при неотложной помощи","S2_TRAINED_SUPERVISED","TRAINED_SUPERVISED","TD-BASE-SAFETY|TD-BASE-SITE|TD-BASE-INVENTORY","","MISSING","","До использования задать service level, единицу, объём, срок и критерий приёмки","Точный метод, прибор/reference и неопределённость TBD до исполнения","MISSING_OR_NOT_APPLICABLE","PORTUGAL_AND_SITE_REVIEW_REQUIRED","Потоки, совместимость, хранение и законный маршрут TBD до исполнения","Неизвестная идентичность; отсутствующее полномочие; опасная среда; непроверенный источник; выход за подготовку","Периодичность, расходники, запасные части и failure signs TBD","Другой назначенный участник находит карточку и демонстрирует допустимую часть без устной помощи автора","Профиль; источник; инвентарь; измерения; acceptance log; reviewer; дата","MISSING","MISSING","DENY","Каталожный узел; процедуры и рабочие параметры ещё не созданы","0.5-draft"
"TD-HEALTH-CASUALTY-CAPACITY","TD-HEALTH","HEALTH","TEST","Мощность ухода и порог перегрузки группы","Иметь измеримую и проверяемую способность: мощность ухода и порог перегрузки группы","S2_TRAINED_SUPERVISED","TRAINED_SUPERVISED","TD-BASE-SAFETY|TD-BASE-SITE|TD-BASE-INVENTORY","","MISSING","","До использования задать service level, единицу, объём, срок и критерий приёмки","Точный метод, прибор/reference и неопределённость TBD до исполнения","MISSING_OR_NOT_APPLICABLE","PORTUGAL_AND_SITE_REVIEW_REQUIRED","Потоки, совместимость, хранение и законный маршрут TBD до исполнения","Неизвестная идентичность; отсутствующее полномочие; опасная среда; непроверенный источник; выход за подготовку","Периодичность, расходники, запасные части и failure signs TBD","Другой назначенный участник находит карточку и демонстрирует допустимую часть без устной помощи автора","Профиль; источник; инвентарь; измерения; acceptance log; reviewer; дата","MISSING","MISSING","DENY","Каталожный узел; процедуры и рабочие параметры ещё не созданы","0.5-draft"
"TD-HEALTH-CARE-NURSING","TD-HEALTH","HEALTH","TRAINING","Базовый caregiver/nursing support в пределах подготовки","Иметь измеримую и проверяемую способность: базовый caregiver/nursing support в пределах подготовки","S3_LICENSED_PROFESSIONAL","LICENSED_ONLY","TD-BASE-SAFETY|TD-BASE-SITE|TD-BASE-INVENTORY","","MISSING","","До использования задать service level, единицу, объём, срок и критерий приёмки","Точный метод, прибор/reference и неопределённость TBD до исполнения","MISSING_OR_NOT_APPLICABLE","PORTUGAL_AND_SITE_REVIEW_REQUIRED","Потоки, совместимость, хранение и законный маршрут TBD до исполнения","Неизвестная идентичность; отсутствующее полномочие; опасная среда; непроверенный источник; выход за подготовку","Периодичность, расходники, запасные части и failure signs TBD","Другой назначенный участник находит карточку и демонстрирует допустимую часть без устной помощи автора","Профиль; источник; инвентарь; измерения; acceptance log; reviewer; дата","MISSING","MISSING","DENY","Каталожный узел; процедуры и рабочие параметры ещё не созданы","0.5-draft"
"TD-HEALTH-CARE-SWALLOW","TD-HEALTH","HEALTH","KNOWLEDGE","Безопасное питание; глотание и риск аспирации","Иметь измеримую и проверяемую способность: безопасное питание; глотание и риск аспирации","S3_LICENSED_PROFESSIONAL","LICENSED_ONLY","TD-BASE-SAFETY|TD-BASE-SITE|TD-BASE-INVENTORY","","MISSING","","До использования задать service level, единицу, объём, срок и критерий приёмки","Точный метод, прибор/reference и неопределённость TBD до исполнения","MISSING_OR_NOT_APPLICABLE","PORTUGAL_AND_SITE_REVIEW_REQUIRED","Потоки, совместимость, хранение и законный маршрут TBD до исполнения","Неизвестная идентичность; отсутствующее полномочие; опасная среда; непроверенный источник; выход за подготовку","Периодичность, расходники, запасные части и failure signs TBD","Другой назначенный участник находит карточку и демонстрирует допустимую часть без устной помощи автора","Профиль; источник; инвентарь; измерения; acceptance log; reviewer; дата","MISSING","MISSING","DENY","Каталожный узел; процедуры и рабочие параметры ещё не созданы","0.5-draft"
"TD-HEALTH-CONT-CARDIO","TD-HEALTH","HEALTH","SITE_DATA","Непрерывность сердечно-сосудистого лечения","Иметь измеримую и проверяемую способность: непрерывность сердечно-сосудистого лечения","S3_LICENSED_PROFESSIONAL","LICENSED_ONLY","TD-BASE-SAFETY|TD-BASE-SITE|TD-BASE-INVENTORY","","MISSING","","До использования задать service level, единицу, объём, срок и критерий приёмки","Точный метод, прибор/reference и неопределённость TBD до исполнения","MISSING_OR_NOT_APPLICABLE","PORTUGAL_AND_SITE_REVIEW_REQUIRED","Потоки, совместимость, хранение и законный маршрут TBD до исполнения","Неизвестная идентичность; отсутствующее полномочие; опасная среда; непроверенный источник; выход за подготовку","Периодичность, расходники, запасные части и failure signs TBD","Другой назначенный участник находит карточку и демонстрирует допустимую часть без устной помощи автора","Профиль; источник; инвентарь; измерения; acceptance log; reviewer; дата","MISSING","MISSING","DENY","Каталожный узел; процедуры и рабочие параметры ещё не созданы","0.5-draft"
"TD-HEALTH-CONT-DIABETES","TD-HEALTH","HEALTH","SITE_DATA","Непрерывность лечения диабета","Иметь измеримую и проверяемую способность: непрерывность лечения диабета","S3_LICENSED_PROFESSIONAL","LICENSED_ONLY","TD-BASE-SAFETY|TD-BASE-SITE|TD-BASE-INVENTORY","","MISSING","","До использования задать service level, единицу, объём, срок и критерий приёмки","Точный метод, прибор/reference и неопределённость TBD до исполнения","MISSING_OR_NOT_APPLICABLE","PORTUGAL_AND_SITE_REVIEW_REQUIRED","Потоки, совместимость, хранение и законный маршрут TBD до исполнения","Неизвестная идентичность; отсутствующее полномочие; опасная среда; непроверенный источник; выход за подготовку","Периодичность, расходники, запасные части и failure signs TBD","Другой назначенный участник находит карточку и демонстрирует допустимую часть без устной помощи автора","Профиль; источник; инвентарь; измерения; acceptance log; reviewer; дата","MISSING","MISSING","DENY","Каталожный узел; процедуры и рабочие параметры ещё не созданы","0.5-draft"
"TD-HEALTH-CONT-RESP","TD-HEALTH","HEALTH","SITE_DATA","Непрерывность лечения астмы и COPD","Иметь измеримую и проверяемую способность: непрерывность лечения астмы и copd","S3_LICENSED_PROFESSIONAL","LICENSED_ONLY","TD-BASE-SAFETY|TD-BASE-SITE|TD-BASE-INVENTORY","","MISSING","","До использования задать service level, единицу, объём, срок и критерий приёмки","Точный метод, прибор/reference и неопределённость TBD до исполнения","MISSING_OR_NOT_APPLICABLE","PORTUGAL_AND_SITE_REVIEW_REQUIRED","Потоки, совместимость, хранение и законный маршрут TBD до исполнения","Неизвестная идентичность; отсутствующее полномочие; опасная среда; непроверенный источник; выход за подготовку","Периодичность, расходники, запасные части и failure signs TBD","Другой назначенный участник находит карточку и демонстрирует допустимую часть без устной помощи автора","Профиль; источник; инвентарь; измерения; acceptance log; reviewer; дата","MISSING","MISSING","DENY","Каталожный узел; процедуры и рабочие параметры ещё не созданы","0.5-draft"
"TD-HEALTH-CONT-EPILEPSY","TD-HEALTH","HEALTH","SITE_DATA","Непрерывность лечения эпилепсии","Иметь измеримую и проверяемую способность: непрерывность лечения эпилепсии","S3_LICENSED_PROFESSIONAL","LICENSED_ONLY","TD-BASE-SAFETY|TD-BASE-SITE|TD-BASE-INVENTORY","","MISSING","","До использования задать service level, единицу, объём, срок и критерий приёмки","Точный метод, прибор/reference и неопределённость TBD до исполнения","MISSING_OR_NOT_APPLICABLE","PORTUGAL_AND_SITE_REVIEW_REQUIRED","Потоки, совместимость, хранение и законный маршрут TBD до исполнения","Неизвестная идентичность; отсутствующее полномочие; опасная среда; непроверенный источник; выход за подготовку","Периодичность, расходники, запасные части и failure signs TBD","Другой назначенный участник находит карточку и демонстрирует допустимую часть без устной помощи автора","Профиль; источник; инвентарь; измерения; acceptance log; reviewer; дата","MISSING","MISSING","DENY","Каталожный узел; процедуры и рабочие параметры ещё не созданы","0.5-draft"
"TD-HEALTH-CONT-ENDOCRINE","TD-HEALTH","HEALTH","SITE_DATA","Щитовидная и надпочечниковая недостаточность","Иметь измеримую и проверяемую способность: щитовидная и надпочечниковая недостаточность","S3_LICENSED_PROFESSIONAL","LICENSED_ONLY","TD-BASE-SAFETY|TD-BASE-SITE|TD-BASE-INVENTORY","","MISSING","","До использования задать service level, единицу, объём, срок и критерий приёмки","Точный метод, прибор/reference и неопределённость TBD до исполнения","MISSING_OR_NOT_APPLICABLE","PORTUGAL_AND_SITE_REVIEW_REQUIRED","Потоки, совместимость, хранение и законный маршрут TBD до исполнения","Неизвестная идентичность; отсутствующее полномочие; опасная среда; непроверенный источник; выход за подготовку","Периодичность, расходники, запасные части и failure signs TBD","Другой назначенный участник находит карточку и демонстрирует допустимую часть без устной помощи автора","Профиль; источник; инвентарь; измерения; acceptance log; reviewer; дата","MISSING","MISSING","DENY","Каталожный узел; процедуры и рабочие параметры ещё не созданы","0.5-draft"
"TD-HEALTH-CONT-ANTICOAG","TD-HEALTH","HEALTH","SITE_DATA","Антикоагуляция и person-specific plan","Иметь измеримую и проверяемую способность: антикоагуляция и person-specific plan","S3_LICENSED_PROFESSIONAL","LICENSED_ONLY","TD-BASE-SAFETY|TD-BASE-SITE|TD-BASE-INVENTORY","","MISSING","","До использования задать service level, единицу, объём, срок и критерий приёмки","Точный метод, прибор/reference и неопределённость TBD до исполнения","MISSING_OR_NOT_APPLICABLE","PORTUGAL_AND_SITE_REVIEW_REQUIRED","Потоки, совместимость, хранение и законный маршрут TBD до исполнения","Неизвестная идентичность; отсутствующее полномочие; опасная среда; непроверенный источник; выход за подготовку","Периодичность, расходники, запасные части и failure signs TBD","Другой назначенный участник находит карточку и демонстрирует допустимую часть без устной помощи автора","Профиль; источник; инвентарь; измерения; acceptance log; reviewer; дата","MISSING","MISSING","DENY","Каталожный узел; процедуры и рабочие параметры ещё не созданы","0.5-draft"
"TD-HEALTH-CONT-PSYCH","TD-HEALTH","HEALTH","SITE_DATA","Психиатрические лекарства и опасность внезапной отмены","Иметь измеримую и проверяемую способность: психиатрические лекарства и опасность внезапной отмены","S3_LICENSED_PROFESSIONAL","LICENSED_ONLY","TD-BASE-SAFETY|TD-BASE-SITE|TD-BASE-INVENTORY","","MISSING","","До использования задать service level, единицу, объём, срок и критерий приёмки","Точный метод, прибор/reference и неопределённость TBD до исполнения","MISSING_OR_NOT_APPLICABLE","PORTUGAL_AND_SITE_REVIEW_REQUIRED","Потоки, совместимость, хранение и законный маршрут TBD до исполнения","Неизвестная идентичность; отсутствующее полномочие; опасная среда; непроверенный источник; выход за подготовку","Периодичность, расходники, запасные части и failure signs TBD","Другой назначенный участник находит карточку и демонстрирует допустимую часть без устной помощи автора","Профиль; источник; инвентарь; измерения; acceptance log; reviewer; дата","MISSING","MISSING","DENY","Каталожный узел; процедуры и рабочие параметры ещё не созданы","0.5-draft"
"TD-HEALTH-CONT-RENAL","TD-HEALTH","HEALTH","SITE_DATA","Почечная недостаточность и диализ","Иметь измеримую и проверяемую способность: почечная недостаточность и диализ","S3_LICENSED_PROFESSIONAL","LICENSED_ONLY","TD-BASE-SAFETY|TD-BASE-SITE|TD-BASE-INVENTORY","","MISSING","","До использования задать service level, единицу, объём, срок и критерий приёмки","Точный метод, прибор/reference и неопределённость TBD до исполнения","MISSING_OR_NOT_APPLICABLE","PORTUGAL_AND_SITE_REVIEW_REQUIRED","Потоки, совместимость, хранение и законный маршрут TBD до исполнения","Неизвестная идентичность; отсутствующее полномочие; опасная среда; непроверенный источник; выход за подготовку","Периодичность, расходники, запасные части и failure signs TBD","Другой назначенный участник находит карточку и демонстрирует допустимую часть без устной помощи автора","Профиль; источник; инвентарь; измерения; acceptance log; reviewer; дата","MISSING","MISSING","DENY","Каталожный узел; процедуры и рабочие параметры ещё не созданы","0.5-draft"
"TD-HEALTH-CONT-ONCOLOGY","TD-HEALTH","HEALTH","SITE_DATA","Онкологическое лечение и иммуносупрессия","Иметь измеримую и проверяемую способность: онкологическое лечение и иммуносупрессия","S3_LICENSED_PROFESSIONAL","LICENSED_ONLY","TD-BASE-SAFETY|TD-BASE-SITE|TD-BASE-INVENTORY","","MISSING","","До использования задать service level, единицу, объём, срок и критерий приёмки","Точный метод, прибор/reference и неопределённость TBD до исполнения","MISSING_OR_NOT_APPLICABLE","PORTUGAL_AND_SITE_REVIEW_REQUIRED","Потоки, совместимость, хранение и законный маршрут TBD до исполнения","Неизвестная идентичность; отсутствующее полномочие; опасная среда; непроверенный источник; выход за подготовку","Периодичность, расходники, запасные части и failure signs TBD","Другой назначенный участник находит карточку и демонстрирует допустимую часть без устной помощи автора","Профиль; источник; инвентарь; измерения; acceptance log; reviewer; дата","MISSING","MISSING","DENY","Каталожный узел; процедуры и рабочие параметры ещё не созданы","0.5-draft"
"TD-HEALTH-CONT-TRANSPLANT","TD-HEALTH","HEALTH","SITE_DATA","Трансплантация и иммуносупрессия","Иметь измеримую и проверяемую способность: трансплантация и иммуносупрессия","S3_LICENSED_PROFESSIONAL","LICENSED_ONLY","TD-BASE-SAFETY|TD-BASE-SITE|TD-BASE-INVENTORY","","MISSING","","До использования задать service level, единицу, объём, срок и критерий приёмки","Точный метод, прибор/reference и неопределённость TBD до исполнения","MISSING_OR_NOT_APPLICABLE","PORTUGAL_AND_SITE_REVIEW_REQUIRED","Потоки, совместимость, хранение и законный маршрут TBD до исполнения","Неизвестная идентичность; отсутствующее полномочие; опасная среда; непроверенный источник; выход за подготовку","Периодичность, расходники, запасные части и failure signs TBD","Другой назначенный участник находит карточку и демонстрирует допустимую часть без устной помощи автора","Профиль; источник; инвентарь; измерения; acceptance log; reviewer; дата","MISSING","MISSING","DENY","Каталожный узел; процедуры и рабочие параметры ещё не созданы","0.5-draft"
"TD-HEALTH-CONT-HIV-TB","TD-HEALTH","HEALTH","SITE_DATA","HIV/TB и непрерывность лечения","Иметь измеримую и проверяемую способность: hiv/tb и непрерывность лечения","S3_LICENSED_PROFESSIONAL","LICENSED_ONLY","TD-BASE-SAFETY|TD-BASE-SITE|TD-BASE-INVENTORY","","MISSING","","До использования задать service level, единицу, объём, срок и критерий приёмки","Точный метод, прибор/reference и неопределённость TBD до исполнения","MISSING_OR_NOT_APPLICABLE","PORTUGAL_AND_SITE_REVIEW_REQUIRED","Потоки, совместимость, хранение и законный маршрут TBD до исполнения","Неизвестная идентичность; отсутствующее полномочие; опасная среда; непроверенный источник; выход за подготовку","Периодичность, расходники, запасные части и failure signs TBD","Другой назначенный участник находит карточку и демонстрирует допустимую часть без устной помощи автора","Профиль; источник; инвентарь; измерения; acceptance log; reviewer; дата","MISSING","MISSING","DENY","Каталожный узел; процедуры и рабочие параметры ещё не созданы","0.5-draft"
"TD-HEALTH-CONT-AUTOIMMUNE","TD-HEALTH","HEALTH","SITE_DATA","Аутоиммунные заболевания","Иметь измеримую и проверяемую способность: аутоиммунные заболевания","S3_LICENSED_PROFESSIONAL","LICENSED_ONLY","TD-BASE-SAFETY|TD-BASE-SITE|TD-BASE-INVENTORY","","MISSING","","До использования задать service level, единицу, объём, срок и критерий приёмки","Точный метод, прибор/reference и неопределённость TBD до исполнения","MISSING_OR_NOT_APPLICABLE","PORTUGAL_AND_SITE_REVIEW_REQUIRED","Потоки, совместимость, хранение и законный маршрут TBD до исполнения","Неизвестная идентичность; отсутствующее полномочие; опасная среда; непроверенный источник; выход за подготовку","Периодичность, расходники, запасные части и failure signs TBD","Другой назначенный участник находит карточку и демонстрирует допустимую часть без устной помощи автора","Профиль; источник; инвентарь; измерения; acceptance log; reviewer; дата","MISSING","MISSING","DENY","Каталожный узел; процедуры и рабочие параметры ещё не созданы","0.5-draft"
"TD-HEALTH-CONT-HEMOPHILIA","TD-HEALTH","HEALTH","SITE_DATA","Нарушения свёртывания и гемофилия","Иметь измеримую и проверяемую способность: нарушения свёртывания и гемофилия","S3_LICENSED_PROFESSIONAL","LICENSED_ONLY","TD-BASE-SAFETY|TD-BASE-SITE|TD-BASE-INVENTORY","","MISSING","","До использования задать service level, единицу, объём, срок и критерий приёмки","Точный метод, прибор/reference и неопределённость TBD до исполнения","MISSING_OR_NOT_APPLICABLE","PORTUGAL_AND_SITE_REVIEW_REQUIRED","Потоки, совместимость, хранение и законный маршрут TBD до исполнения","Неизвестная идентичность; отсутствующее полномочие; опасная среда; непроверенный источник; выход за подготовку","Периодичность, расходники, запасные части и failure signs TBD","Другой назначенный участник находит карточку и демонстрирует допустимую часть без устной помощи автора","Профиль; источник; инвентарь; измерения; acceptance log; reviewer; дата","MISSING","MISSING","DENY","Каталожный узел; процедуры и рабочие параметры ещё не созданы","0.5-draft"
"TD-HEALTH-CONT-PAIN","TD-HEALTH","HEALTH","SITE_DATA","Хроническая боль и законный персональный план","Иметь измеримую и проверяемую способность: хроническая боль и законный персональный план","S3_LICENSED_PROFESSIONAL","LICENSED_ONLY","TD-BASE-SAFETY|TD-BASE-SITE|TD-BASE-INVENTORY","","MISSING","","До использования задать service level, единицу, объём, срок и критерий приёмки","Точный метод, прибор/reference и неопределённость TBD до исполнения","MISSING_OR_NOT_APPLICABLE","PORTUGAL_AND_SITE_REVIEW_REQUIRED","Потоки, совместимость, хранение и законный маршрут TBD до исполнения","Неизвестная идентичность; отсутствующее полномочие; опасная среда; непроверенный источник; выход за подготовку","Периодичность, расходники, запасные части и failure signs TBD","Другой назначенный участник находит карточку и демонстрирует допустимую часть без устной помощи автора","Профиль; источник; инвентарь; измерения; acceptance log; reviewer; дата","MISSING","MISSING","DENY","Каталожный узел; процедуры и рабочие параметры ещё не созданы","0.5-draft"
"TD-HEALTH-CONT-STOMA-CATH","TD-HEALTH","HEALTH","SITE_DATA","Стома; катетер и расходники","Иметь измеримую и проверяемую способность: стома; катетер и расходники","S3_LICENSED_PROFESSIONAL","LICENSED_ONLY","TD-BASE-SAFETY|TD-BASE-SITE|TD-BASE-INVENTORY","","MISSING","","До использования задать service level, единицу, объём, срок и критерий приёмки","Точный метод, прибор/reference и неопределённость TBD до исполнения","MISSING_OR_NOT_APPLICABLE","PORTUGAL_AND_SITE_REVIEW_REQUIRED","Потоки, совместимость, хранение и законный маршрут TBD до исполнения","Неизвестная идентичность; отсутствующее полномочие; опасная среда; непроверенный источник; выход за подготовку","Периодичность, расходники, запасные части и failure signs TBD","Другой назначенный участник находит карточку и демонстрирует допустимую часть без устной помощи автора","Профиль; источник; инвентарь; измерения; acceptance log; reviewer; дата","MISSING","MISSING","DENY","Каталожный узел; процедуры и рабочие параметры ещё не созданы","0.5-draft"
"TD-HEALTH-ASSISTIVE","TD-HEALTH","HEALTH","MATERIAL","Очки; слуховые аппараты; кресла; ходунки и протезы","Иметь измеримую и проверяемую способность: очки; слуховые аппараты; кресла; ходунки и протезы","S2_TRAINED_SUPERVISED","TRAINED_SUPERVISED","TD-BASE-SAFETY|TD-BASE-SITE|TD-BASE-INVENTORY","","MISSING","","До использования задать service level, единицу, объём, срок и критерий приёмки","Точный метод, прибор/reference и неопределённость TBD до исполнения","MISSING_OR_NOT_APPLICABLE","PORTUGAL_AND_SITE_REVIEW_REQUIRED","Потоки, совместимость, хранение и законный маршрут TBD до исполнения","Неизвестная идентичность; отсутствующее полномочие; опасная среда; непроверенный источник; выход за подготовку","Периодичность, расходники, запасные части и failure signs TBD","Другой назначенный участник находит карточку и демонстрирует допустимую часть без устной помощи автора","Профиль; источник; инвентарь; измерения; acceptance log; reviewer; дата","MISSING","MISSING","DENY","Каталожный узел; процедуры и рабочие параметры ещё не созданы","0.5-draft"
"TD-HEALTH-POSTPARTUM","TD-HEALTH","HEALTH","KNOWLEDGE","Послеродовой уход и грудное вскармливание","Иметь измеримую и проверяемую способность: послеродовой уход и грудное вскармливание","S3_LICENSED_PROFESSIONAL","LICENSED_ONLY","TD-BASE-SAFETY|TD-BASE-SITE|TD-BASE-INVENTORY","","MISSING","","До использования задать service level, единицу, объём, срок и критерий приёмки","Точный метод, прибор/reference и неопределённость TBD до исполнения","MISSING_OR_NOT_APPLICABLE","PORTUGAL_AND_SITE_REVIEW_REQUIRED","Потоки, совместимость, хранение и законный маршрут TBD до исполнения","Неизвестная идентичность; отсутствующее полномочие; опасная среда; непроверенный источник; выход за подготовку","Периодичность, расходники, запасные части и failure signs TBD","Другой назначенный участник находит карточку и демонстрирует допустимую часть без устной помощи автора","Профиль; источник; инвентарь; измерения; acceptance log; reviewer; дата","MISSING","MISSING","DENY","Каталожный узел; процедуры и рабочие параметры ещё не созданы","0.5-draft"
"TD-HEALTH-REPRODUCTIVE","TD-HEALTH","HEALTH","KNOWLEDGE","Добровольное репродуктивное планирование и STI-маршрут","Иметь измеримую и проверяемую способность: добровольное репродуктивное планирование и sti-маршрут","S3_LICENSED_PROFESSIONAL","LICENSED_ONLY","TD-BASE-SAFETY|TD-BASE-SITE|TD-BASE-INVENTORY","","MISSING","","До использования задать service level, единицу, объём, срок и критерий приёмки","Точный метод, прибор/reference и неопределённость TBD до исполнения","MISSING_OR_NOT_APPLICABLE","PORTUGAL_AND_SITE_REVIEW_REQUIRED","Потоки, совместимость, хранение и законный маршрут TBD до исполнения","Неизвестная идентичность; отсутствующее полномочие; опасная среда; непроверенный источник; выход за подготовку","Периодичность, расходники, запасные части и failure signs TBD","Другой назначенный участник находит карточку и демонстрирует допустимую часть без устной помощи автора","Профиль; источник; инвентарь; измерения; acceptance log; reviewer; дата","MISSING","MISSING","DENY","Каталожный узел; процедуры и рабочие параметры ещё не созданы","0.5-draft"
"TD-HEALTH-SKIN-EYE-EAR","TD-HEALTH","HEALTH","KNOWLEDGE","Повседневные кожные; глазные и слуховые проблемы с красными флагами","Иметь измеримую и проверяемую способность: повседневные кожные; глазные и слуховые проблемы с красными флагами","S3_LICENSED_PROFESSIONAL","LICENSED_ONLY","TD-BASE-SAFETY|TD-BASE-SITE|TD-BASE-INVENTORY","","MISSING","","До использования задать service level, единицу, объём, срок и критерий приёмки","Точный метод, прибор/reference и неопределённость TBD до исполнения","MISSING_OR_NOT_APPLICABLE","PORTUGAL_AND_SITE_REVIEW_REQUIRED","Потоки, совместимость, хранение и законный маршрут TBD до исполнения","Неизвестная идентичность; отсутствующее полномочие; опасная среда; непроверенный источник; выход за подготовку","Периодичность, расходники, запасные части и failure signs TBD","Другой назначенный участник находит карточку и демонстрирует допустимую часть без устной помощи автора","Профиль; источник; инвентарь; измерения; acceptance log; reviewer; дата","MISSING","MISSING","DENY","Каталожный узел; процедуры и рабочие параметры ещё не созданы","0.5-draft"
"TD-HEALTH-GRIEF-CAREGIVER","TD-HEALTH","HEALTH","PROCESS","Горе; нагрузка caregiver и психологическая поддержка","Иметь измеримую и проверяемую способность: горе; нагрузка caregiver и психологическая поддержка","S2_TRAINED_SUPERVISED","TRAINED_SUPERVISED","TD-BASE-SAFETY|TD-BASE-SITE|TD-BASE-INVENTORY","","MISSING","","До использования задать service level, единицу, объём, срок и критерий приёмки","Точный метод, прибор/reference и неопределённость TBD до исполнения","MISSING_OR_NOT_APPLICABLE","PORTUGAL_AND_SITE_REVIEW_REQUIRED","Потоки, совместимость, хранение и законный маршрут TBD до исполнения","Неизвестная идентичность; отсутствующее полномочие; опасная среда; непроверенный источник; выход за подготовку","Периодичность, расходники, запасные части и failure signs TBD","Другой назначенный участник находит карточку и демонстрирует допустимую часть без устной помощи автора","Профиль; источник; инвентарь; измерения; acceptance log; reviewer; дата","MISSING","MISSING","DENY","Каталожный узел; процедуры и рабочие параметры ещё не созданы","0.5-draft"
"TD-HEALTH-CARE-HANDOVER","TD-HEALTH","HEALTH","GOVERNANCE","Смена caregiver и журнал наблюдения","Иметь измеримую и проверяемую способность: смена caregiver и журнал наблюдения","S2_TRAINED_SUPERVISED","TRAINED_SUPERVISED","TD-BASE-SAFETY|TD-BASE-SITE|TD-BASE-INVENTORY","","MISSING","","До использования задать service level, единицу, объём, срок и критерий приёмки","Точный метод, прибор/reference и неопределённость TBD до исполнения","MISSING_OR_NOT_APPLICABLE","PORTUGAL_AND_SITE_REVIEW_REQUIRED","Потоки, совместимость, хранение и законный маршрут TBD до исполнения","Неизвестная идентичность; отсутствующее полномочие; опасная среда; непроверенный источник; выход за подготовку","Периодичность, расходники, запасные части и failure signs TBD","Другой назначенный участник находит карточку и демонстрирует допустимую часть без устной помощи автора","Профиль; источник; инвентарь; измерения; acceptance log; reviewer; дата","MISSING","MISSING","DENY","Каталожный узел; процедуры и рабочие параметры ещё не созданы","0.5-draft"
"TD-HEALTH-PREVENT-VACCINE","TD-HEALTH","HEALTH","GOVERNANCE","Профилактика и вакцинация по персональному плану","Иметь измеримую и проверяемую способность: профилактика и вакцинация по персональному плану","S3_LICENSED_PROFESSIONAL","LICENSED_ONLY","TD-BASE-SAFETY|TD-BASE-SITE|TD-BASE-INVENTORY","","MISSING","","До использования задать service level, единицу, объём, срок и критерий приёмки","Точный метод, прибор/reference и неопределённость TBD до исполнения","MISSING_OR_NOT_APPLICABLE","PORTUGAL_AND_SITE_REVIEW_REQUIRED","Потоки, совместимость, хранение и законный маршрут TBD до исполнения","Неизвестная идентичность; отсутствующее полномочие; опасная среда; непроверенный источник; выход за подготовку","Периодичность, расходники, запасные части и failure signs TBD","Другой назначенный участник находит карточку и демонстрирует допустимую часть без устной помощи автора","Профиль; источник; инвентарь; измерения; acceptance log; reviewer; дата","MISSING","MISSING","DENY","Каталожный узел; процедуры и рабочие параметры ещё не созданы","0.5-draft"
"TD-HEALTH-CHILD-GROWTH","TD-HEALTH","HEALTH","TEST","Рост; питание и функциональное состояние детей","Иметь измеримую и проверяемую способность: рост; питание и функциональное состояние детей","S3_LICENSED_PROFESSIONAL","LICENSED_ONLY","TD-BASE-SAFETY|TD-BASE-SITE|TD-BASE-INVENTORY","","MISSING","","До использования задать service level, единицу, объём, срок и критерий приёмки","Точный метод, прибор/reference и неопределённость TBD до исполнения","MISSING_OR_NOT_APPLICABLE","PORTUGAL_AND_SITE_REVIEW_REQUIRED","Потоки, совместимость, хранение и законный маршрут TBD до исполнения","Неизвестная идентичность; отсутствующее полномочие; опасная среда; непроверенный источник; выход за подготовку","Периодичность, расходники, запасные части и failure signs TBD","Другой назначенный участник находит карточку и демонстрирует допустимую часть без устной помощи автора","Профиль; источник; инвентарь; измерения; acceptance log; reviewer; дата","MISSING","MISSING","DENY","Каталожный узел; процедуры и рабочие параметры ещё не созданы","0.5-draft"
"TD-HEALTH-FALLS-DECONDITION","TD-HEALTH","HEALTH","PROCESS","Профилактика падений и декондиционирования","Иметь измеримую и проверяемую способность: профилактика падений и декондиционирования","S2_TRAINED_SUPERVISED","TRAINED_SUPERVISED","TD-BASE-SAFETY|TD-BASE-SITE|TD-BASE-INVENTORY","","MISSING","","До использования задать service level, единицу, объём, срок и критерий приёмки","Точный метод, прибор/reference и неопределённость TBD до исполнения","MISSING_OR_NOT_APPLICABLE","PORTUGAL_AND_SITE_REVIEW_REQUIRED","Потоки, совместимость, хранение и законный маршрут TBD до исполнения","Неизвестная идентичность; отсутствующее полномочие; опасная среда; непроверенный источник; выход за подготовку","Периодичность, расходники, запасные части и failure signs TBD","Другой назначенный участник находит карточку и демонстрирует допустимую часть без устной помощи автора","Профиль; источник; инвентарь; измерения; acceptance log; reviewer; дата","MISSING","MISSING","DENY","Каталожный узел; процедуры и рабочие параметры ещё не созданы","0.5-draft"
"TD-HEALTH-OCC-HEALTH","TD-HEALTH","HEALTH","SITE_DATA","Шум; пыль; химикаты; вибрация; тепло и усталость","Иметь измеримую и проверяемую способность: шум; пыль; химикаты; вибрация; тепло и усталость","S3_LICENSED_PROFESSIONAL","LICENSED_ONLY","TD-BASE-SAFETY|TD-BASE-SITE|TD-BASE-INVENTORY","","MISSING","","До использования задать service level, единицу, объём, срок и критерий приёмки","Точный метод, прибор/reference и неопределённость TBD до исполнения","MISSING_OR_NOT_APPLICABLE","PORTUGAL_AND_SITE_REVIEW_REQUIRED","Потоки, совместимость, хранение и законный маршрут TBD до исполнения","Неизвестная идентичность; отсутствующее полномочие; опасная среда; непроверенный источник; выход за подготовку","Периодичность, расходники, запасные части и failure signs TBD","Другой назначенный участник находит карточку и демонстрирует допустимую часть без устной помощи автора","Профиль; источник; инвентарь; измерения; acceptance log; reviewer; дата","MISSING","MISSING","DENY","Каталожный узел; процедуры и рабочие параметры ещё не созданы","0.5-draft"
"TD-HEALTH-VECTOR","TD-HEALTH","HEALTH","PROCESS","Переносчики и environmental health","Иметь измеримую и проверяемую способность: переносчики и environmental health","S3_LICENSED_PROFESSIONAL","LICENSED_ONLY","TD-BASE-SAFETY|TD-BASE-SITE|TD-BASE-INVENTORY","","MISSING","","До использования задать service level, единицу, объём, срок и критерий приёмки","Точный метод, прибор/reference и неопределённость TBD до исполнения","MISSING_OR_NOT_APPLICABLE","PORTUGAL_AND_SITE_REVIEW_REQUIRED","Потоки, совместимость, хранение и законный маршрут TBD до исполнения","Неизвестная идентичность; отсутствующее полномочие; опасная среда; непроверенный источник; выход за подготовку","Периодичность, расходники, запасные части и failure signs TBD","Другой назначенный участник находит карточку и демонстрирует допустимую часть без устной помощи автора","Профиль; источник; инвентарь; измерения; acceptance log; reviewer; дата","MISSING","MISSING","DENY","Каталожный узел; процедуры и рабочие параметры ещё не созданы","0.5-draft"
"TD-HEALTH-SURVEILLANCE","TD-HEALTH","HEALTH","GOVERNANCE","Синдромный журнал группы и outbreak reporting","Иметь измеримую и проверяемую способность: синдромный журнал группы и outbreak reporting","S3_LICENSED_PROFESSIONAL","LICENSED_ONLY","TD-BASE-SAFETY|TD-BASE-SITE|TD-BASE-INVENTORY","","MISSING","","До использования задать service level, единицу, объём, срок и критерий приёмки","Точный метод, прибор/reference и неопределённость TBD до исполнения","MISSING_OR_NOT_APPLICABLE","PORTUGAL_AND_SITE_REVIEW_REQUIRED","Потоки, совместимость, хранение и законный маршрут TBD до исполнения","Неизвестная идентичность; отсутствующее полномочие; опасная среда; непроверенный источник; выход за подготовку","Периодичность, расходники, запасные части и failure signs TBD","Другой назначенный участник находит карточку и демонстрирует допустимую часть без устной помощи автора","Профиль; источник; инвентарь; измерения; acceptance log; reviewer; дата","MISSING","MISSING","DENY","Каталожный узел; процедуры и рабочие параметры ещё не созданы","0.5-draft"
"TD-HEALTH-ISOLATION-ROOM","TD-HEALTH","HEALTH","DRAWING","Изоляционное помещение; вентиляция и потоки","Иметь измеримую и проверяемую способность: изоляционное помещение; вентиляция и потоки","S3_LICENSED_PROFESSIONAL","LICENSED_ONLY","TD-BASE-SAFETY|TD-BASE-SITE|TD-BASE-INVENTORY","","MISSING","","До использования задать service level, единицу, объём, срок и критерий приёмки","Точный метод, прибор/reference и неопределённость TBD до исполнения","MISSING_OR_NOT_APPLICABLE","PORTUGAL_AND_SITE_REVIEW_REQUIRED","Потоки, совместимость, хранение и законный маршрут TBD до исполнения","Неизвестная идентичность; отсутствующее полномочие; опасная среда; непроверенный источник; выход за подготовку","Периодичность, расходники, запасные части и failure signs TBD","Другой назначенный участник находит карточку и демонстрирует допустимую часть без устной помощи автора","Профиль; источник; инвентарь; измерения; acceptance log; reviewer; дата","MISSING","MISSING","DENY","Каталожный узел; процедуры и рабочие параметры ещё не созданы","0.5-draft"
"TD-HEALTH-SUPPLY-REGISTER","TD-HEALTH","HEALTH","GOVERNANCE","Медицинский supply register; минимум; расход; срок и fallback","Иметь измеримую и проверяемую способность: медицинский supply register; минимум; расход; срок и fallback","S2_TRAINED_SUPERVISED","TRAINED_SUPERVISED","TD-BASE-SAFETY|TD-BASE-SITE|TD-BASE-INVENTORY","","MISSING","","До использования задать service level, единицу, объём, срок и критерий приёмки","Точный метод, прибор/reference и неопределённость TBD до исполнения","MISSING_OR_NOT_APPLICABLE","PORTUGAL_AND_SITE_REVIEW_REQUIRED","Потоки, совместимость, хранение и законный маршрут TBD до исполнения","Неизвестная идентичность; отсутствующее полномочие; опасная среда; непроверенный источник; выход за подготовку","Периодичность, расходники, запасные части и failure signs TBD","Другой назначенный участник находит карточку и демонстрирует допустимую часть без устной помощи автора","Профиль; источник; инвентарь; измерения; acceptance log; reviewer; дата","MISSING","MISSING","DENY","Каталожный узел; процедуры и рабочие параметры ещё не созданы","0.5-draft"
"TD-HEALTH-DEVICE-QC","TD-HEALTH","HEALTH","TEST","Контроль; отказ и вывод медицинских приборов","Иметь измеримую и проверяемую способность: контроль; отказ и вывод медицинских приборов","S3_LICENSED_PROFESSIONAL","LICENSED_ONLY","TD-BASE-SAFETY|TD-BASE-SITE|TD-BASE-INVENTORY","","MISSING","","До использования задать service level, единицу, объём, срок и критерий приёмки","Точный метод, прибор/reference и неопределённость TBD до исполнения","MISSING_OR_NOT_APPLICABLE","PORTUGAL_AND_SITE_REVIEW_REQUIRED","Потоки, совместимость, хранение и законный маршрут TBD до исполнения","Неизвестная идентичность; отсутствующее полномочие; опасная среда; непроверенный источник; выход за подготовку","Периодичность, расходники, запасные части и failure signs TBD","Другой назначенный участник находит карточку и демонстрирует допустимую часть без устной помощи автора","Профиль; источник; инвентарь; измерения; acceptance log; reviewer; дата","MISSING","MISSING","DENY","Каталожный узел; процедуры и рабочие параметры ещё не созданы","0.5-draft"
"TD-HEALTH-AED-LIFECYCLE","TD-HEALTH","HEALTH","MAINTENANCE","AED; батареи; электроды; осмотр и тренажёр","Иметь измеримую и проверяемую способность: aed; батареи; электроды; осмотр и тренажёр","S2_TRAINED_SUPERVISED","TRAINED_SUPERVISED","TD-BASE-SAFETY|TD-BASE-SITE|TD-BASE-INVENTORY","","MISSING","","До использования задать service level, единицу, объём, срок и критерий приёмки","Точный метод, прибор/reference и неопределённость TBD до исполнения","MISSING_OR_NOT_APPLICABLE","PORTUGAL_AND_SITE_REVIEW_REQUIRED","Потоки, совместимость, хранение и законный маршрут TBD до исполнения","Неизвестная идентичность; отсутствующее полномочие; опасная среда; непроверенный источник; выход за подготовку","Периодичность, расходники, запасные части и failure signs TBD","Другой назначенный участник находит карточку и демонстрирует допустимую часть без устной помощи автора","Профиль; источник; инвентарь; измерения; acceptance log; reviewer; дата","MISSING","MISSING","DENY","Каталожный узел; процедуры и рабочие параметры ещё не созданы","0.5-draft"
"TD-HEALTH-SKILL-MATRIX","TD-HEALTH","HEALTH","GOVERNANCE","Матрица first-aid/caregiver навыков и currency","Иметь измеримую и проверяемую способность: матрица first-aid/caregiver навыков и currency","S2_TRAINED_SUPERVISED","TRAINED_SUPERVISED","TD-BASE-SAFETY|TD-BASE-SITE|TD-BASE-INVENTORY","","MISSING","","До использования задать service level, единицу, объём, срок и критерий приёмки","Точный метод, прибор/reference и неопределённость TBD до исполнения","MISSING_OR_NOT_APPLICABLE","PORTUGAL_AND_SITE_REVIEW_REQUIRED","Потоки, совместимость, хранение и законный маршрут TBD до исполнения","Неизвестная идентичность; отсутствующее полномочие; опасная среда; непроверенный источник; выход за подготовку","Периодичность, расходники, запасные части и failure signs TBD","Другой назначенный участник находит карточку и демонстрирует допустимую часть без устной помощи автора","Профиль; источник; инвентарь; измерения; acceptance log; reviewer; дата","MISSING","MISSING","DENY","Каталожный узел; процедуры и рабочие параметры ещё не созданы","0.5-draft"
"TD-HEALTH-REFERRAL-NET","TD-HEALTH","HEALTH","SITE_DATA","Сеть врача; аптеки; стоматолога; роддома; лаборатории и транспорта","Иметь измеримую и проверяемую способность: сеть врача; аптеки; стоматолога; роддома; лаборатории и транспорта","S2_TRAINED_SUPERVISED","TRAINED_SUPERVISED","TD-BASE-SAFETY|TD-BASE-SITE|TD-BASE-INVENTORY","","MISSING","","До использования задать service level, единицу, объём, срок и критерий приёмки","Точный метод, прибор/reference и неопределённость TBD до исполнения","MISSING_OR_NOT_APPLICABLE","PORTUGAL_AND_SITE_REVIEW_REQUIRED","Потоки, совместимость, хранение и законный маршрут TBD до исполнения","Неизвестная идентичность; отсутствующее полномочие; опасная среда; непроверенный источник; выход за подготовку","Периодичность, расходники, запасные части и failure signs TBD","Другой назначенный участник находит карточку и демонстрирует допустимую часть без устной помощи автора","Профиль; источник; инвентарь; измерения; acceptance log; reviewer; дата","MISSING","MISSING","DENY","Каталожный узел; процедуры и рабочие параметры ещё не созданы","0.5-draft"
"TD-HEALTH-CARE-ROOM","TD-HEALTH","HEALTH","DRAWING","Помещение ухода: вода; санитария; свет; тепло; энергия и приватность","Иметь измеримую и проверяемую способность: помещение ухода: вода; санитария; свет; тепло; энергия и приватность","S3_LICENSED_PROFESSIONAL","LICENSED_ONLY","TD-BASE-SAFETY|TD-BASE-SITE|TD-BASE-INVENTORY","","MISSING","","До использования задать service level, единицу, объём, срок и критерий приёмки","Точный метод, прибор/reference и неопределённость TBD до исполнения","MISSING_OR_NOT_APPLICABLE","PORTUGAL_AND_SITE_REVIEW_REQUIRED","Потоки, совместимость, хранение и законный маршрут TBD до исполнения","Неизвестная идентичность; отсутствующее полномочие; опасная среда; непроверенный источник; выход за подготовку","Периодичность, расходники, запасные части и failure signs TBD","Другой назначенный участник находит карточку и демонстрирует допустимую часть без устной помощи автора","Профиль; источник; инвентарь; измерения; acceptance log; reviewer; дата","MISSING","MISSING","DENY","Каталожный узел; процедуры и рабочие параметры ещё не созданы","0.5-draft"
"TD-HEALTH-PROF-ANATOMY","TD-HEALTH","HEALTH","KNOWLEDGE","Профессиональная анатомия; физиология и патология","Иметь измеримую и проверяемую способность: профессиональная анатомия; физиология и патология","S3_LICENSED_PROFESSIONAL","LICENSED_ONLY","TD-BASE-SAFETY|TD-BASE-SITE|TD-BASE-INVENTORY","","MISSING","","До использования задать service level, единицу, объём, срок и критерий приёмки","Точный метод, прибор/reference и неопределённость TBD до исполнения","MISSING_OR_NOT_APPLICABLE","PORTUGAL_AND_SITE_REVIEW_REQUIRED","Потоки, совместимость, хранение и законный маршрут TBD до исполнения","Неизвестная идентичность; отсутствующее полномочие; опасная среда; непроверенный источник; выход за подготовку","Периодичность, расходники, запасные части и failure signs TBD","Другой назначенный участник находит карточку и демонстрирует допустимую часть без устной помощи автора","Профиль; источник; инвентарь; измерения; acceptance log; reviewer; дата","MISSING","MISSING","DENY","Каталожный узел; процедуры и рабочие параметры ещё не созданы","0.5-draft"
"TD-HEALTH-PROF-EMERGENCY","TD-HEALTH","HEALTH","HAZARD_BOUNDARY","Emergency и critical care","Иметь измеримую и проверяемую способность: emergency и critical care","S4_REFERENCE_ONLY_PROHIBITED_HOUSEHOLD","REFERENCE_ONLY_NO_BUILD","TD-BASE-SAFETY|TD-BASE-SITE|TD-BASE-INVENTORY","","NO_BUILD_MATERIALS","","Граница распознавания и профессиональный маршрут определены; household execution отсутствует","Official professional references only","NO_BUILD_DRAWINGS","PORTUGAL_AND_SITE_REVIEW_REQUIRED","Потоки, совместимость, хранение и законный маршрут TBD до исполнения","Неизвестная идентичность; отсутствующее полномочие; опасная среда; непроверенный источник; выход за подготовку","Периодичность, расходники, запасные части и failure signs TBD","Другой назначенный участник находит карточку и демонстрирует допустимую часть без устной помощи автора","Профиль; источник; инвентарь; измерения; acceptance log; reviewer; дата","BOUNDARY_DEFINED","REFERENCE_ONLY","REFERENCE_ONLY","Каталожный узел; процедуры и рабочие параметры ещё не созданы","0.5-draft"
"TD-HEALTH-PROF-PRIMARY","TD-HEALTH","HEALTH","KNOWLEDGE","Primary и community medicine","Иметь измеримую и проверяемую способность: primary и community medicine","S3_LICENSED_PROFESSIONAL","LICENSED_ONLY","TD-BASE-SAFETY|TD-BASE-SITE|TD-BASE-INVENTORY","","MISSING","","До использования задать service level, единицу, объём, срок и критерий приёмки","Точный метод, прибор/reference и неопределённость TBD до исполнения","MISSING_OR_NOT_APPLICABLE","PORTUGAL_AND_SITE_REVIEW_REQUIRED","Потоки, совместимость, хранение и законный маршрут TBD до исполнения","Неизвестная идентичность; отсутствующее полномочие; опасная среда; непроверенный источник; выход за подготовку","Периодичность, расходники, запасные части и failure signs TBD","Другой назначенный участник находит карточку и демонстрирует допустимую часть без устной помощи автора","Профиль; источник; инвентарь; измерения; acceptance log; reviewer; дата","MISSING","MISSING","DENY","Каталожный узел; процедуры и рабочие параметры ещё не созданы","0.5-draft"
"TD-HEALTH-PROF-NURSING","TD-HEALTH","HEALTH","KNOWLEDGE","Сестринское дело и long-term care","Иметь измеримую и проверяемую способность: сестринское дело и long-term care","S3_LICENSED_PROFESSIONAL","LICENSED_ONLY","TD-BASE-SAFETY|TD-BASE-SITE|TD-BASE-INVENTORY","","MISSING","","До использования задать service level, единицу, объём, срок и критерий приёмки","Точный метод, прибор/reference и неопределённость TBD до исполнения","MISSING_OR_NOT_APPLICABLE","PORTUGAL_AND_SITE_REVIEW_REQUIRED","Потоки, совместимость, хранение и законный маршрут TBD до исполнения","Неизвестная идентичность; отсутствующее полномочие; опасная среда; непроверенный источник; выход за подготовку","Периодичность, расходники, запасные части и failure signs TBD","Другой назначенный участник находит карточку и демонстрирует допустимую часть без устной помощи автора","Профиль; источник; инвентарь; измерения; acceptance log; reviewer; дата","MISSING","MISSING","DENY","Каталожный узел; процедуры и рабочие параметры ещё не созданы","0.5-draft"
"TD-HEALTH-PROF-PHARMACY","TD-HEALTH","HEALTH","KNOWLEDGE","Фармация; medication safety и lawful formulary","Иметь измеримую и проверяемую способность: фармация; medication safety и lawful formulary","S3_LICENSED_PROFESSIONAL","LICENSED_ONLY","TD-BASE-SAFETY|TD-BASE-SITE|TD-BASE-INVENTORY","","MISSING","","До использования задать service level, единицу, объём, срок и критерий приёмки","Точный метод, прибор/reference и неопределённость TBD до исполнения","MISSING_OR_NOT_APPLICABLE","PORTUGAL_AND_SITE_REVIEW_REQUIRED","Потоки, совместимость, хранение и законный маршрут TBD до исполнения","Неизвестная идентичность; отсутствующее полномочие; опасная среда; непроверенный источник; выход за подготовку","Периодичность, расходники, запасные части и failure signs TBD","Другой назначенный участник находит карточку и демонстрирует допустимую часть без устной помощи автора","Профиль; источник; инвентарь; измерения; acceptance log; reviewer; дата","MISSING","MISSING","DENY","Каталожный узел; процедуры и рабочие параметры ещё не созданы","0.5-draft"
"TD-HEALTH-PROF-INTERNAL","TD-HEALTH","HEALTH","KNOWLEDGE","Внутренняя медицина и NCD","Иметь измеримую и проверяемую способность: внутренняя медицина и ncd","S3_LICENSED_PROFESSIONAL","LICENSED_ONLY","TD-BASE-SAFETY|TD-BASE-SITE|TD-BASE-INVENTORY","","MISSING","","До использования задать service level, единицу, объём, срок и критерий приёмки","Точный метод, прибор/reference и неопределённость TBD до исполнения","MISSING_OR_NOT_APPLICABLE","PORTUGAL_AND_SITE_REVIEW_REQUIRED","Потоки, совместимость, хранение и законный маршрут TBD до исполнения","Неизвестная идентичность; отсутствующее полномочие; опасная среда; непроверенный источник; выход за подготовку","Периодичность, расходники, запасные части и failure signs TBD","Другой назначенный участник находит карточку и демонстрирует допустимую часть без устной помощи автора","Профиль; источник; инвентарь; измерения; acceptance log; reviewer; дата","MISSING","MISSING","DENY","Каталожный узел; процедуры и рабочие параметры ещё не созданы","0.5-draft"
"TD-HEALTH-PROF-INFECTIOUS","TD-HEALTH","HEALTH","KNOWLEDGE","Инфекционные болезни; IPC и antimicrobial stewardship","Иметь измеримую и проверяемую способность: инфекционные болезни; ipc и antimicrobial stewardship","S3_LICENSED_PROFESSIONAL","LICENSED_ONLY","TD-BASE-SAFETY|TD-BASE-SITE|TD-BASE-INVENTORY","","MISSING","","До использования задать service level, единицу, объём, срок и критерий приёмки","Точный метод, прибор/reference и неопределённость TBD до исполнения","MISSING_OR_NOT_APPLICABLE","PORTUGAL_AND_SITE_REVIEW_REQUIRED","Потоки, совместимость, хранение и законный маршрут TBD до исполнения","Неизвестная идентичность; отсутствующее полномочие; опасная среда; непроверенный источник; выход за подготовку","Периодичность, расходники, запасные части и failure signs TBD","Другой назначенный участник находит карточку и демонстрирует допустимую часть без устной помощи автора","Профиль; источник; инвентарь; измерения; acceptance log; reviewer; дата","MISSING","MISSING","DENY","Каталожный узел; процедуры и рабочие параметры ещё не созданы","0.5-draft"
"TD-HEALTH-PROF-OB","TD-HEALTH","HEALTH","HAZARD_BOUNDARY","Акушерство; midwifery и гинекология","Иметь измеримую и проверяемую способность: акушерство; midwifery и гинекология","S4_REFERENCE_ONLY_PROHIBITED_HOUSEHOLD","REFERENCE_ONLY_NO_BUILD","TD-BASE-SAFETY|TD-BASE-SITE|TD-BASE-INVENTORY","","NO_BUILD_MATERIALS","","Граница распознавания и профессиональный маршрут определены; household execution отсутствует","Official professional references only","NO_BUILD_DRAWINGS","PORTUGAL_AND_SITE_REVIEW_REQUIRED","Потоки, совместимость, хранение и законный маршрут TBD до исполнения","Неизвестная идентичность; отсутствующее полномочие; опасная среда; непроверенный источник; выход за подготовку","Периодичность, расходники, запасные части и failure signs TBD","Другой назначенный участник находит карточку и демонстрирует допустимую часть без устной помощи автора","Профиль; источник; инвентарь; измерения; acceptance log; reviewer; дата","BOUNDARY_DEFINED","REFERENCE_ONLY","REFERENCE_ONLY","Каталожный узел; процедуры и рабочие параметры ещё не созданы","0.5-draft"
"TD-HEALTH-PROF-PEDIATRICS","TD-HEALTH","HEALTH","KNOWLEDGE","Неонатология и педиатрия","Иметь измеримую и проверяемую способность: неонатология и педиатрия","S3_LICENSED_PROFESSIONAL","LICENSED_ONLY","TD-BASE-SAFETY|TD-BASE-SITE|TD-BASE-INVENTORY","","MISSING","","До использования задать service level, единицу, объём, срок и критерий приёмки","Точный метод, прибор/reference и неопределённость TBD до исполнения","MISSING_OR_NOT_APPLICABLE","PORTUGAL_AND_SITE_REVIEW_REQUIRED","Потоки, совместимость, хранение и законный маршрут TBD до исполнения","Неизвестная идентичность; отсутствующее полномочие; опасная среда; непроверенный источник; выход за подготовку","Периодичность, расходники, запасные части и failure signs TBD","Другой назначенный участник находит карточку и демонстрирует допустимую часть без устной помощи автора","Профиль; источник; инвентарь; измерения; acceptance log; reviewer; дата","MISSING","MISSING","DENY","Каталожный узел; процедуры и рабочие параметры ещё не созданы","0.5-draft"
"TD-HEALTH-PROF-GERIATRICS","TD-HEALTH","HEALTH","KNOWLEDGE","Гериатрия","Иметь измеримую и проверяемую способность: гериатрия","S3_LICENSED_PROFESSIONAL","LICENSED_ONLY","TD-BASE-SAFETY|TD-BASE-SITE|TD-BASE-INVENTORY","","MISSING","","До использования задать service level, единицу, объём, срок и критерий приёмки","Точный метод, прибор/reference и неопределённость TBD до исполнения","MISSING_OR_NOT_APPLICABLE","PORTUGAL_AND_SITE_REVIEW_REQUIRED","Потоки, совместимость, хранение и законный маршрут TBD до исполнения","Неизвестная идентичность; отсутствующее полномочие; опасная среда; непроверенный источник; выход за подготовку","Периодичность, расходники, запасные части и failure signs TBD","Другой назначенный участник находит карточку и демонстрирует допустимую часть без устной помощи автора","Профиль; источник; инвентарь; измерения; acceptance log; reviewer; дата","MISSING","MISSING","DENY","Каталожный узел; процедуры и рабочие параметры ещё не созданы","0.5-draft"
"TD-HEALTH-PROF-MENTAL","TD-HEALTH","HEALTH","KNOWLEDGE","Психиатрия и substance-use care","Иметь измеримую и проверяемую способность: психиатрия и substance-use care","S3_LICENSED_PROFESSIONAL","LICENSED_ONLY","TD-BASE-SAFETY|TD-BASE-SITE|TD-BASE-INVENTORY","","MISSING","","До использования задать service level, единицу, объём, срок и критерий приёмки","Точный метод, прибор/reference и неопределённость TBD до исполнения","MISSING_OR_NOT_APPLICABLE","PORTUGAL_AND_SITE_REVIEW_REQUIRED","Потоки, совместимость, хранение и законный маршрут TBD до исполнения","Неизвестная идентичность; отсутствующее полномочие; опасная среда; непроверенный источник; выход за подготовку","Периодичность, расходники, запасные части и failure signs TBD","Другой назначенный участник находит карточку и демонстрирует допустимую часть без устной помощи автора","Профиль; источник; инвентарь; измерения; acceptance log; reviewer; дата","MISSING","MISSING","DENY","Каталожный узел; процедуры и рабочие параметры ещё не созданы","0.5-draft"
"TD-HEALTH-PROF-REHAB","TD-HEALTH","HEALTH","KNOWLEDGE","Реабилитация и assistive technology","Иметь измеримую и проверяемую способность: реабилитация и assistive technology","S3_LICENSED_PROFESSIONAL","LICENSED_ONLY","TD-BASE-SAFETY|TD-BASE-SITE|TD-BASE-INVENTORY","","MISSING","","До использования задать service level, единицу, объём, срок и критерий приёмки","Точный метод, прибор/reference и неопределённость TBD до исполнения","MISSING_OR_NOT_APPLICABLE","PORTUGAL_AND_SITE_REVIEW_REQUIRED","Потоки, совместимость, хранение и законный маршрут TBD до исполнения","Неизвестная идентичность; отсутствующее полномочие; опасная среда; непроверенный источник; выход за подготовку","Периодичность, расходники, запасные части и failure signs TBD","Другой назначенный участник находит карточку и демонстрирует допустимую часть без устной помощи автора","Профиль; источник; инвентарь; измерения; acceptance log; reviewer; дата","MISSING","MISSING","DENY","Каталожный узел; процедуры и рабочие параметры ещё не созданы","0.5-draft"
"TD-HEALTH-PROF-PALLIATIVE","TD-HEALTH","HEALTH","KNOWLEDGE","Паллиативная помощь и конец жизни","Иметь измеримую и проверяемую способность: паллиативная помощь и конец жизни","S3_LICENSED_PROFESSIONAL","LICENSED_ONLY","TD-BASE-SAFETY|TD-BASE-SITE|TD-BASE-INVENTORY","","MISSING","","До использования задать service level, единицу, объём, срок и критерий приёмки","Точный метод, прибор/reference и неопределённость TBD до исполнения","MISSING_OR_NOT_APPLICABLE","PORTUGAL_AND_SITE_REVIEW_REQUIRED","Потоки, совместимость, хранение и законный маршрут TBD до исполнения","Неизвестная идентичность; отсутствующее полномочие; опасная среда; непроверенный источник; выход за подготовку","Периодичность, расходники, запасные части и failure signs TBD","Другой назначенный участник находит карточку и демонстрирует допустимую часть без устной помощи автора","Профиль; источник; инвентарь; измерения; acceptance log; reviewer; дата","MISSING","MISSING","DENY","Каталожный узел; процедуры и рабочие параметры ещё не созданы","0.5-draft"
"TD-HEALTH-PROF-DENTISTRY","TD-HEALTH","HEALTH","HAZARD_BOUNDARY","Стоматология","Иметь измеримую и проверяемую способность: стоматология","S4_REFERENCE_ONLY_PROHIBITED_HOUSEHOLD","REFERENCE_ONLY_NO_BUILD","TD-BASE-SAFETY|TD-BASE-SITE|TD-BASE-INVENTORY","","NO_BUILD_MATERIALS","","Граница распознавания и профессиональный маршрут определены; household execution отсутствует","Official professional references only","NO_BUILD_DRAWINGS","PORTUGAL_AND_SITE_REVIEW_REQUIRED","Потоки, совместимость, хранение и законный маршрут TBD до исполнения","Неизвестная идентичность; отсутствующее полномочие; опасная среда; непроверенный источник; выход за подготовку","Периодичность, расходники, запасные части и failure signs TBD","Другой назначенный участник находит карточку и демонстрирует допустимую часть без устной помощи автора","Профиль; источник; инвентарь; измерения; acceptance log; reviewer; дата","BOUNDARY_DEFINED","REFERENCE_ONLY","REFERENCE_ONLY","Каталожный узел; процедуры и рабочие параметры ещё не созданы","0.5-draft"
"TD-HEALTH-PROF-OPHTH-ENT","TD-HEALTH","HEALTH","KNOWLEDGE","Офтальмология; ЛОР и аудиология","Иметь измеримую и проверяемую способность: офтальмология; лор и аудиология","S3_LICENSED_PROFESSIONAL","LICENSED_ONLY","TD-BASE-SAFETY|TD-BASE-SITE|TD-BASE-INVENTORY","","MISSING","","До использования задать service level, единицу, объём, срок и критерий приёмки","Точный метод, прибор/reference и неопределённость TBD до исполнения","MISSING_OR_NOT_APPLICABLE","PORTUGAL_AND_SITE_REVIEW_REQUIRED","Потоки, совместимость, хранение и законный маршрут TBD до исполнения","Неизвестная идентичность; отсутствующее полномочие; опасная среда; непроверенный источник; выход за подготовку","Периодичность, расходники, запасные части и failure signs TBD","Другой назначенный участник находит карточку и демонстрирует допустимую часть без устной помощи автора","Профиль; источник; инвентарь; измерения; acceptance log; reviewer; дата","MISSING","MISSING","DENY","Каталожный узел; процедуры и рабочие параметры ещё не созданы","0.5-draft"
"TD-HEALTH-PROF-DERM","TD-HEALTH","HEALTH","KNOWLEDGE","Дерматология","Иметь измеримую и проверяемую способность: дерматология","S3_LICENSED_PROFESSIONAL","LICENSED_ONLY","TD-BASE-SAFETY|TD-BASE-SITE|TD-BASE-INVENTORY","","MISSING","","До использования задать service level, единицу, объём, срок и критерий приёмки","Точный метод, прибор/reference и неопределённость TBD до исполнения","MISSING_OR_NOT_APPLICABLE","PORTUGAL_AND_SITE_REVIEW_REQUIRED","Потоки, совместимость, хранение и законный маршрут TBD до исполнения","Неизвестная идентичность; отсутствующее полномочие; опасная среда; непроверенный источник; выход за подготовку","Периодичность, расходники, запасные части и failure signs TBD","Другой назначенный участник находит карточку и демонстрирует допустимую часть без устной помощи автора","Профиль; источник; инвентарь; измерения; acceptance log; reviewer; дата","MISSING","MISSING","DENY","Каталожный узел; процедуры и рабочие параметры ещё не созданы","0.5-draft"
"TD-HEALTH-PROF-NUTRITION","TD-HEALTH","HEALTH","KNOWLEDGE","Клиническое питание; malnutrition и refeeding","Иметь измеримую и проверяемую способность: клиническое питание; malnutrition и refeeding","S3_LICENSED_PROFESSIONAL","LICENSED_ONLY","TD-BASE-SAFETY|TD-BASE-SITE|TD-BASE-INVENTORY","","MISSING","","До использования задать service level, единицу, объём, срок и критерий приёмки","Точный метод, прибор/reference и неопределённость TBD до исполнения","MISSING_OR_NOT_APPLICABLE","PORTUGAL_AND_SITE_REVIEW_REQUIRED","Потоки, совместимость, хранение и законный маршрут TBD до исполнения","Неизвестная идентичность; отсутствующее полномочие; опасная среда; непроверенный источник; выход за подготовку","Периодичность, расходники, запасные части и failure signs TBD","Другой назначенный участник находит карточку и демонстрирует допустимую часть без устной помощи автора","Профиль; источник; инвентарь; измерения; acceptance log; reviewer; дата","MISSING","MISSING","DENY","Каталожный узел; процедуры и рабочие параметры ещё не созданы","0.5-draft"
"TD-HEALTH-PROF-TOX","TD-HEALTH","HEALTH","HAZARD_BOUNDARY","Клиническая токсикология","Иметь измеримую и проверяемую способность: клиническая токсикология","S4_REFERENCE_ONLY_PROHIBITED_HOUSEHOLD","REFERENCE_ONLY_NO_BUILD","TD-BASE-SAFETY|TD-BASE-SITE|TD-BASE-INVENTORY","","NO_BUILD_MATERIALS","","Граница распознавания и профессиональный маршрут определены; household execution отсутствует","Official professional references only","NO_BUILD_DRAWINGS","PORTUGAL_AND_SITE_REVIEW_REQUIRED","Потоки, совместимость, хранение и законный маршрут TBD до исполнения","Неизвестная идентичность; отсутствующее полномочие; опасная среда; непроверенный источник; выход за подготовку","Периодичность, расходники, запасные части и failure signs TBD","Другой назначенный участник находит карточку и демонстрирует допустимую часть без устной помощи автора","Профиль; источник; инвентарь; измерения; acceptance log; reviewer; дата","BOUNDARY_DEFINED","REFERENCE_ONLY","REFERENCE_ONLY","Каталожный узел; процедуры и рабочие параметры ещё не созданы","0.5-draft"
"TD-HEALTH-PROF-SURGERY","TD-HEALTH","HEALTH","HAZARD_BOUNDARY","Хирургия; анестезия и trauma surgery","Иметь измеримую и проверяемую способность: хирургия; анестезия и trauma surgery","S4_REFERENCE_ONLY_PROHIBITED_HOUSEHOLD","REFERENCE_ONLY_NO_BUILD","TD-BASE-SAFETY|TD-BASE-SITE|TD-BASE-INVENTORY","","NO_BUILD_MATERIALS","","Граница распознавания и профессиональный маршрут определены; household execution отсутствует","Official professional references only","NO_BUILD_DRAWINGS","PORTUGAL_AND_SITE_REVIEW_REQUIRED","Потоки, совместимость, хранение и законный маршрут TBD до исполнения","Неизвестная идентичность; отсутствующее полномочие; опасная среда; непроверенный источник; выход за подготовку","Периодичность, расходники, запасные части и failure signs TBD","Другой назначенный участник находит карточку и демонстрирует допустимую часть без устной помощи автора","Профиль; источник; инвентарь; измерения; acceptance log; reviewer; дата","BOUNDARY_DEFINED","REFERENCE_ONLY","REFERENCE_ONLY","Каталожный узел; процедуры и рабочие параметры ещё не созданы","0.5-draft"
"TD-HEALTH-PROF-BLOOD","TD-HEALTH","HEALTH","HAZARD_BOUNDARY","Кровь; совместимость и трансфузия","Иметь измеримую и проверяемую способность: кровь; совместимость и трансфузия","S4_REFERENCE_ONLY_PROHIBITED_HOUSEHOLD","REFERENCE_ONLY_NO_BUILD","TD-BASE-SAFETY|TD-BASE-SITE|TD-BASE-INVENTORY","","NO_BUILD_MATERIALS","","Граница распознавания и профессиональный маршрут определены; household execution отсутствует","Official professional references only","NO_BUILD_DRAWINGS","PORTUGAL_AND_SITE_REVIEW_REQUIRED","Потоки, совместимость, хранение и законный маршрут TBD до исполнения","Неизвестная идентичность; отсутствующее полномочие; опасная среда; непроверенный источник; выход за подготовку","Периодичность, расходники, запасные части и failure signs TBD","Другой назначенный участник находит карточку и демонстрирует допустимую часть без устной помощи автора","Профиль; источник; инвентарь; измерения; acceptance log; reviewer; дата","BOUNDARY_DEFINED","REFERENCE_ONLY","REFERENCE_ONLY","Каталожный узел; процедуры и рабочие параметры ещё не созданы","0.5-draft"
"TD-HEALTH-PROF-LAB","TD-HEALTH","HEALTH","HAZARD_BOUNDARY","Лабораторная медицина; samples и quality control","Иметь измеримую и проверяемую способность: лабораторная медицина; samples и quality control","S4_REFERENCE_ONLY_PROHIBITED_HOUSEHOLD","REFERENCE_ONLY_NO_BUILD","TD-BASE-SAFETY|TD-BASE-SITE|TD-BASE-INVENTORY","","NO_BUILD_MATERIALS","","Граница распознавания и профессиональный маршрут определены; household execution отсутствует","Official professional references only","NO_BUILD_DRAWINGS","PORTUGAL_AND_SITE_REVIEW_REQUIRED","Потоки, совместимость, хранение и законный маршрут TBD до исполнения","Неизвестная идентичность; отсутствующее полномочие; опасная среда; непроверенный источник; выход за подготовку","Периодичность, расходники, запасные части и failure signs TBD","Другой назначенный участник находит карточку и демонстрирует допустимую часть без устной помощи автора","Профиль; источник; инвентарь; измерения; acceptance log; reviewer; дата","BOUNDARY_DEFINED","REFERENCE_ONLY","REFERENCE_ONLY","Каталожный узел; процедуры и рабочие параметры ещё не созданы","0.5-draft"
"TD-HEALTH-PROF-IMAGING","TD-HEALTH","HEALTH","HAZARD_BOUNDARY","УЗИ; рентген и медицинская визуализация","Иметь измеримую и проверяемую способность: узи; рентген и медицинская визуализация","S4_REFERENCE_ONLY_PROHIBITED_HOUSEHOLD","REFERENCE_ONLY_NO_BUILD","TD-BASE-SAFETY|TD-BASE-SITE|TD-BASE-INVENTORY","","NO_BUILD_MATERIALS","","Граница распознавания и профессиональный маршрут определены; household execution отсутствует","Official professional references only","NO_BUILD_DRAWINGS","PORTUGAL_AND_SITE_REVIEW_REQUIRED","Потоки, совместимость, хранение и законный маршрут TBD до исполнения","Неизвестная идентичность; отсутствующее полномочие; опасная среда; непроверенный источник; выход за подготовку","Периодичность, расходники, запасные части и failure signs TBD","Другой назначенный участник находит карточку и демонстрирует допустимую часть без устной помощи автора","Профиль; источник; инвентарь; измерения; acceptance log; reviewer; дата","BOUNDARY_DEFINED","REFERENCE_ONLY","REFERENCE_ONLY","Каталожный узел; процедуры и рабочие параметры ещё не созданы","0.5-draft"
"TD-HEALTH-PROF-OXYGEN","TD-HEALTH","HEALTH","HAZARD_BOUNDARY","Медицинский кислород и respiratory equipment","Иметь измеримую и проверяемую способность: медицинский кислород и respiratory equipment","S4_REFERENCE_ONLY_PROHIBITED_HOUSEHOLD","REFERENCE_ONLY_NO_BUILD","TD-BASE-SAFETY|TD-BASE-SITE|TD-BASE-INVENTORY","","NO_BUILD_MATERIALS","","Граница распознавания и профессиональный маршрут определены; household execution отсутствует","Official professional references only","NO_BUILD_DRAWINGS","PORTUGAL_AND_SITE_REVIEW_REQUIRED","Потоки, совместимость, хранение и законный маршрут TBD до исполнения","Неизвестная идентичность; отсутствующее полномочие; опасная среда; непроверенный источник; выход за подготовку","Периодичность, расходники, запасные части и failure signs TBD","Другой назначенный участник находит карточку и демонстрирует допустимую часть без устной помощи автора","Профиль; источник; инвентарь; измерения; acceptance log; reviewer; дата","BOUNDARY_DEFINED","REFERENCE_ONLY","REFERENCE_ONLY","Каталожный узел; процедуры и рабочие параметры ещё не созданы","0.5-draft"
"TD-HEALTH-PROF-BIOMED","TD-HEALTH","HEALTH","KNOWLEDGE","Biomedical engineering; сервис и вывод приборов","Иметь измеримую и проверяемую способность: biomedical engineering; сервис и вывод приборов","S3_LICENSED_PROFESSIONAL","LICENSED_ONLY","TD-BASE-SAFETY|TD-BASE-SITE|TD-BASE-INVENTORY","","MISSING","","До использования задать service level, единицу, объём, срок и критерий приёмки","Точный метод, прибор/reference и неопределённость TBD до исполнения","MISSING_OR_NOT_APPLICABLE","PORTUGAL_AND_SITE_REVIEW_REQUIRED","Потоки, совместимость, хранение и законный маршрут TBD до исполнения","Неизвестная идентичность; отсутствующее полномочие; опасная среда; непроверенный источник; выход за подготовку","Периодичность, расходники, запасные части и failure signs TBD","Другой назначенный участник находит карточку и демонстрирует допустимую часть без устной помощи автора","Профиль; источник; инвентарь; измерения; acceptance log; reviewer; дата","MISSING","MISSING","DENY","Каталожный узел; процедуры и рабочие параметры ещё не созданы","0.5-draft"
"TD-HEALTH-PROF-STERILE","TD-HEALTH","HEALTH","HAZARD_BOUNDARY","Стерилизация и healthcare facility IPC","Иметь измеримую и проверяемую способность: стерилизация и healthcare facility ipc","S4_REFERENCE_ONLY_PROHIBITED_HOUSEHOLD","REFERENCE_ONLY_NO_BUILD","TD-BASE-SAFETY|TD-BASE-SITE|TD-BASE-INVENTORY","","NO_BUILD_MATERIALS","","Граница распознавания и профессиональный маршрут определены; household execution отсутствует","Official professional references only","NO_BUILD_DRAWINGS","PORTUGAL_AND_SITE_REVIEW_REQUIRED","Потоки, совместимость, хранение и законный маршрут TBD до исполнения","Неизвестная идентичность; отсутствующее полномочие; опасная среда; непроверенный источник; выход за подготовку","Периодичность, расходники, запасные части и failure signs TBD","Другой назначенный участник находит карточку и демонстрирует допустимую часть без устной помощи автора","Профиль; источник; инвентарь; измерения; acceptance log; reviewer; дата","BOUNDARY_DEFINED","REFERENCE_ONLY","REFERENCE_ONLY","Каталожный узел; процедуры и рабочие параметры ещё не созданы","0.5-draft"
"TD-HEALTH-PROF-CLINIC","TD-HEALTH","HEALTH","KNOWLEDGE","Clinic design; triage flow; registry; referral и transport","Иметь измеримую и проверяемую способность: clinic design; triage flow; registry; referral и transport","S3_LICENSED_PROFESSIONAL","LICENSED_ONLY","TD-BASE-SAFETY|TD-BASE-SITE|TD-BASE-INVENTORY","","MISSING","","До использования задать service level, единицу, объём, срок и критерий приёмки","Точный метод, прибор/reference и неопределённость TBD до исполнения","MISSING_OR_NOT_APPLICABLE","PORTUGAL_AND_SITE_REVIEW_REQUIRED","Потоки, совместимость, хранение и законный маршрут TBD до исполнения","Неизвестная идентичность; отсутствующее полномочие; опасная среда; непроверенный источник; выход за подготовку","Периодичность, расходники, запасные части и failure signs TBD","Другой назначенный участник находит карточку и демонстрирует допустимую часть без устной помощи автора","Профиль; источник; инвентарь; измерения; acceptance log; reviewer; дата","MISSING","MISSING","DENY","Каталожный узел; процедуры и рабочие параметры ещё не созданы","0.5-draft"
"TD-HEALTH-PROF-SUPPLY","TD-HEALTH","HEALTH","KNOWLEDGE","Medical supply chain; anti-counterfeit и recalls","Иметь измеримую и проверяемую способность: medical supply chain; anti-counterfeit и recalls","S3_LICENSED_PROFESSIONAL","LICENSED_ONLY","TD-BASE-SAFETY|TD-BASE-SITE|TD-BASE-INVENTORY","","MISSING","","До использования задать service level, единицу, объём, срок и критерий приёмки","Точный метод, прибор/reference и неопределённость TBD до исполнения","MISSING_OR_NOT_APPLICABLE","PORTUGAL_AND_SITE_REVIEW_REQUIRED","Потоки, совместимость, хранение и законный маршрут TBD до исполнения","Неизвестная идентичность; отсутствующее полномочие; опасная среда; непроверенный источник; выход за подготовку","Периодичность, расходники, запасные части и failure signs TBD","Другой назначенный участник находит карточку и демонстрирует допустимую часть без устной помощи автора","Профиль; источник; инвентарь; измерения; acceptance log; reviewer; дата","MISSING","MISSING","DENY","Каталожный узел; процедуры и рабочие параметры ещё не созданы","0.5-draft"
"TD-HEALTH-PROF-RECORDS","TD-HEALTH","HEALTH","KNOWLEDGE","Health records; privacy; backup и patient matching","Иметь измеримую и проверяемую способность: health records; privacy; backup и patient matching","S3_LICENSED_PROFESSIONAL","LICENSED_ONLY","TD-BASE-SAFETY|TD-BASE-SITE|TD-BASE-INVENTORY","","MISSING","","До использования задать service level, единицу, объём, срок и критерий приёмки","Точный метод, прибор/reference и неопределённость TBD до исполнения","MISSING_OR_NOT_APPLICABLE","PORTUGAL_AND_SITE_REVIEW_REQUIRED","Потоки, совместимость, хранение и законный маршрут TBD до исполнения","Неизвестная идентичность; отсутствующее полномочие; опасная среда; непроверенный источник; выход за подготовку","Периодичность, расходники, запасные части и failure signs TBD","Другой назначенный участник находит карточку и демонстрирует допустимую часть без устной помощи автора","Профиль; источник; инвентарь; измерения; acceptance log; reviewer; дата","MISSING","MISSING","DENY","Каталожный узел; процедуры и рабочие параметры ещё не созданы","0.5-draft"
"TD-HEALTH-PROF-EPIDEMIOLOGY","TD-HEALTH","HEALTH","KNOWLEDGE","Эпидемиология; surveillance и outbreak management","Иметь измеримую и проверяемую способность: эпидемиология; surveillance и outbreak management","S3_LICENSED_PROFESSIONAL","LICENSED_ONLY","TD-BASE-SAFETY|TD-BASE-SITE|TD-BASE-INVENTORY","","MISSING","","До использования задать service level, единицу, объём, срок и критерий приёмки","Точный метод, прибор/reference и неопределённость TBD до исполнения","MISSING_OR_NOT_APPLICABLE","PORTUGAL_AND_SITE_REVIEW_REQUIRED","Потоки, совместимость, хранение и законный маршрут TBD до исполнения","Неизвестная идентичность; отсутствующее полномочие; опасная среда; непроверенный источник; выход за подготовку","Периодичность, расходники, запасные части и failure signs TBD","Другой назначенный участник находит карточку и демонстрирует допустимую часть без устной помощи автора","Профиль; источник; инвентарь; измерения; acceptance log; reviewer; дата","MISSING","MISSING","DENY","Каталожный узел; процедуры и рабочие параметры ещё не созданы","0.5-draft"
"TD-HEALTH-PROF-ENVIRONMENT","TD-HEALTH","HEALTH","KNOWLEDGE","Environmental и climate health","Иметь измеримую и проверяемую способность: environmental и climate health","S3_LICENSED_PROFESSIONAL","LICENSED_ONLY","TD-BASE-SAFETY|TD-BASE-SITE|TD-BASE-INVENTORY","","MISSING","","До использования задать service level, единицу, объём, срок и критерий приёмки","Точный метод, прибор/reference и неопределённость TBD до исполнения","MISSING_OR_NOT_APPLICABLE","PORTUGAL_AND_SITE_REVIEW_REQUIRED","Потоки, совместимость, хранение и законный маршрут TBD до исполнения","Неизвестная идентичность; отсутствующее полномочие; опасная среда; непроверенный источник; выход за подготовку","Периодичность, расходники, запасные части и failure signs TBD","Другой назначенный участник находит карточку и демонстрирует допустимую часть без устной помощи автора","Профиль; источник; инвентарь; измерения; acceptance log; reviewer; дата","MISSING","MISSING","DENY","Каталожный узел; процедуры и рабочие параметры ещё не созданы","0.5-draft"
"TD-HEALTH-PROF-OCCUPATIONAL","TD-HEALTH","HEALTH","KNOWLEDGE","Профессиональная медицина","Иметь измеримую и проверяемую способность: профессиональная медицина","S3_LICENSED_PROFESSIONAL","LICENSED_ONLY","TD-BASE-SAFETY|TD-BASE-SITE|TD-BASE-INVENTORY","","MISSING","","До использования задать service level, единицу, объём, срок и критерий приёмки","Точный метод, прибор/reference и неопределённость TBD до исполнения","MISSING_OR_NOT_APPLICABLE","PORTUGAL_AND_SITE_REVIEW_REQUIRED","Потоки, совместимость, хранение и законный маршрут TBD до исполнения","Неизвестная идентичность; отсутствующее полномочие; опасная среда; непроверенный источник; выход за подготовку","Периодичность, расходники, запасные части и failure signs TBD","Другой назначенный участник находит карточку и демонстрирует допустимую часть без устной помощи автора","Профиль; источник; инвентарь; измерения; acceptance log; reviewer; дата","MISSING","MISSING","DENY","Каталожный узел; процедуры и рабочие параметры ещё не созданы","0.5-draft"
"TD-HEALTH-PROF-ONE-HEALTH","TD-HEALTH","HEALTH","KNOWLEDGE","Ветеринарная медицина и One Health","Иметь измеримую и проверяемую способность: ветеринарная медицина и one health","S3_LICENSED_PROFESSIONAL","LICENSED_ONLY","TD-BASE-SAFETY|TD-BASE-SITE|TD-BASE-INVENTORY","","MISSING","","До использования задать service level, единицу, объём, срок и критерий приёмки","Точный метод, прибор/reference и неопределённость TBD до исполнения","MISSING_OR_NOT_APPLICABLE","PORTUGAL_AND_SITE_REVIEW_REQUIRED","Потоки, совместимость, хранение и законный маршрут TBD до исполнения","Неизвестная идентичность; отсутствующее полномочие; опасная среда; непроверенный источник; выход за подготовку","Периодичность, расходники, запасные части и failure signs TBD","Другой назначенный участник находит карточку и демонстрирует допустимую часть без устной помощи автора","Профиль; источник; инвентарь; измерения; acceptance log; reviewer; дата","MISSING","MISSING","DENY","Каталожный узел; процедуры и рабочие параметры ещё не созданы","0.5-draft"
"TD-HEALTH-PROF-ETHICS","TD-HEALTH","HEALTH","KNOWLEDGE","Медицинская этика; согласие; capacity; safeguarding и rationing","Иметь измеримую и проверяемую способность: медицинская этика; согласие; capacity; safeguarding и rationing","S3_LICENSED_PROFESSIONAL","LICENSED_ONLY","TD-BASE-SAFETY|TD-BASE-SITE|TD-BASE-INVENTORY","","MISSING","","До использования задать service level, единицу, объём, срок и критерий приёмки","Точный метод, прибор/reference и неопределённость TBD до исполнения","MISSING_OR_NOT_APPLICABLE","PORTUGAL_AND_SITE_REVIEW_REQUIRED","Потоки, совместимость, хранение и законный маршрут TBD до исполнения","Неизвестная идентичность; отсутствующее полномочие; опасная среда; непроверенный источник; выход за подготовку","Периодичность, расходники, запасные части и failure signs TBD","Другой назначенный участник находит карточку и демонстрирует допустимую часть без устной помощи автора","Профиль; источник; инвентарь; измерения; acceptance log; reviewer; дата","MISSING","MISSING","DENY","Каталожный узел; процедуры и рабочие параметры ещё не созданы","0.5-draft"
"TD-HEALTH-PROF-PORTUGAL","TD-HEALTH","HEALTH","KNOWLEDGE","SNS; INEM; DGS; INFARMED и португальский medical overlay","Иметь измеримую и проверяемую способность: sns; inem; dgs; infarmed и португальский medical overlay","S3_LICENSED_PROFESSIONAL","LICENSED_ONLY","TD-BASE-SAFETY|TD-BASE-SITE|TD-BASE-INVENTORY","","MISSING","","До использования задать service level, единицу, объём, срок и критерий приёмки","Точный метод, прибор/reference и неопределённость TBD до исполнения","MISSING_OR_NOT_APPLICABLE","PORTUGAL_AND_SITE_REVIEW_REQUIRED","Потоки, совместимость, хранение и законный маршрут TBD до исполнения","Неизвестная идентичность; отсутствующее полномочие; опасная среда; непроверенный источник; выход за подготовку","Периодичность, расходники, запасные части и failure signs TBD","Другой назначенный участник находит карточку и демонстрирует допустимую часть без устной помощи автора","Профиль; источник; инвентарь; измерения; acceptance log; reviewer; дата","MISSING","MISSING","DENY","Каталожный узел; процедуры и рабочие параметры ещё не созданы","0.5-draft"
"TD-HEALTH-P4-EDUCATION","TD-HEALTH","HEALTH","HAZARD_BOUNDARY","Профессиональная медицинская образовательная линия","Иметь измеримую и проверяемую способность: профессиональная медицинская образовательная линия","S4_REFERENCE_ONLY_PROHIBITED_HOUSEHOLD","REFERENCE_ONLY_NO_BUILD","TD-BASE-SAFETY|TD-BASE-SITE|TD-BASE-INVENTORY","","NO_BUILD_MATERIALS","","Граница распознавания и профессиональный маршрут определены; household execution отсутствует","Official professional references only","NO_BUILD_DRAWINGS","PORTUGAL_AND_SITE_REVIEW_REQUIRED","Потоки, совместимость, хранение и законный маршрут TBD до исполнения","Неизвестная идентичность; отсутствующее полномочие; опасная среда; непроверенный источник; выход за подготовку","Периодичность, расходники, запасные части и failure signs TBD","Другой назначенный участник находит карточку и демонстрирует допустимую часть без устной помощи автора","Профиль; источник; инвентарь; измерения; acceptance log; reviewer; дата","BOUNDARY_DEFINED","REFERENCE_ONLY","REFERENCE_ONLY","Каталожный узел; процедуры и рабочие параметры ещё не созданы","0.5-draft"
"TD-HEALTH-P4-SUCCESSION","TD-HEALTH","HEALTH","HAZARD_BOUNDARY","Преемственность врачебных; nursing; pharmacy и public-health ролей","Иметь измеримую и проверяемую способность: преемственность врачебных; nursing; pharmacy и public-health ролей","S4_REFERENCE_ONLY_PROHIBITED_HOUSEHOLD","REFERENCE_ONLY_NO_BUILD","TD-BASE-SAFETY|TD-BASE-SITE|TD-BASE-INVENTORY","","NO_BUILD_MATERIALS","","Граница распознавания и профессиональный маршрут определены; household execution отсутствует","Official professional references only","NO_BUILD_DRAWINGS","PORTUGAL_AND_SITE_REVIEW_REQUIRED","Потоки, совместимость, хранение и законный маршрут TBD до исполнения","Неизвестная идентичность; отсутствующее полномочие; опасная среда; непроверенный источник; выход за подготовку","Периодичность, расходники, запасные части и failure signs TBD","Другой назначенный участник находит карточку и демонстрирует допустимую часть без устной помощи автора","Профиль; источник; инвентарь; измерения; acceptance log; reviewer; дата","BOUNDARY_DEFINED","REFERENCE_ONLY","REFERENCE_ONLY","Каталожный узел; процедуры и рабочие параметры ещё не созданы","0.5-draft"
"TD-HEALTH-P4-QA-PEER","TD-HEALTH","HEALTH","HAZARD_BOUNDARY","Peer review; incident и morbidity/mortality review","Иметь измеримую и проверяемую способность: peer review; incident и morbidity/mortality review","S4_REFERENCE_ONLY_PROHIBITED_HOUSEHOLD","REFERENCE_ONLY_NO_BUILD","TD-BASE-SAFETY|TD-BASE-SITE|TD-BASE-INVENTORY","","NO_BUILD_MATERIALS","","Граница распознавания и профессиональный маршрут определены; household execution отсутствует","Official professional references only","NO_BUILD_DRAWINGS","PORTUGAL_AND_SITE_REVIEW_REQUIRED","Потоки, совместимость, хранение и законный маршрут TBD до исполнения","Неизвестная идентичность; отсутствующее полномочие; опасная среда; непроверенный источник; выход за подготовку","Периодичность, расходники, запасные части и failure signs TBD","Другой назначенный участник находит карточку и демонстрирует допустимую часть без устной помощи автора","Профиль; источник; инвентарь; измерения; acceptance log; reviewer; дата","BOUNDARY_DEFINED","REFERENCE_ONLY","REFERENCE_ONLY","Каталожный узел; процедуры и рабочие параметры ещё не созданы","0.5-draft"
"TD-HEALTH-P4-GUIDELINE","TD-HEALTH","HEALTH","HAZARD_BOUNDARY","Guideline governance; evidence synthesis и pharmacovigilance","Иметь измеримую и проверяемую способность: guideline governance; evidence synthesis и pharmacovigilance","S4_REFERENCE_ONLY_PROHIBITED_HOUSEHOLD","REFERENCE_ONLY_NO_BUILD","TD-BASE-SAFETY|TD-BASE-SITE|TD-BASE-INVENTORY","","NO_BUILD_MATERIALS","","Граница распознавания и профессиональный маршрут определены; household execution отсутствует","Official professional references only","NO_BUILD_DRAWINGS","PORTUGAL_AND_SITE_REVIEW_REQUIRED","Потоки, совместимость, хранение и законный маршрут TBD до исполнения","Неизвестная идентичность; отсутствующее полномочие; опасная среда; непроверенный источник; выход за подготовку","Периодичность, расходники, запасные части и failure signs TBD","Другой назначенный участник находит карточку и демонстрирует допустимую часть без устной помощи автора","Профиль; источник; инвентарь; измерения; acceptance log; reviewer; дата","BOUNDARY_DEFINED","REFERENCE_ONLY","REFERENCE_ONLY","Каталожный узел; процедуры и рабочие параметры ещё не созданы","0.5-draft"
"TD-HEALTH-P4-INSTITUTION","TD-HEALTH","HEALTH","HAZARD_BOUNDARY","Преемственность клиники; аптеки; лаборатории и referral network","Иметь измеримую и проверяемую способность: преемственность клиники; аптеки; лаборатории и referral network","S4_REFERENCE_ONLY_PROHIBITED_HOUSEHOLD","REFERENCE_ONLY_NO_BUILD","TD-BASE-SAFETY|TD-BASE-SITE|TD-BASE-INVENTORY","","NO_BUILD_MATERIALS","","Граница распознавания и профессиональный маршрут определены; household execution отсутствует","Official professional references only","NO_BUILD_DRAWINGS","PORTUGAL_AND_SITE_REVIEW_REQUIRED","Потоки, совместимость, хранение и законный маршрут TBD до исполнения","Неизвестная идентичность; отсутствующее полномочие; опасная среда; непроверенный источник; выход за подготовку","Периодичность, расходники, запасные части и failure signs TBD","Другой назначенный участник находит карточку и демонстрирует допустимую часть без устной помощи автора","Профиль; источник; инвентарь; измерения; acceptance log; reviewer; дата","BOUNDARY_DEFINED","REFERENCE_ONLY","REFERENCE_ONLY","Каталожный узел; процедуры и рабочие параметры ещё не созданы","0.5-draft"
"TD-HEALTH-P4-PUBLIC-RECORDS","TD-HEALTH","HEALTH","KNOWLEDGE","Public-health records; демография и outbreak history","Иметь измеримую и проверяемую способность: public-health records; демография и outbreak history","S3_LICENSED_PROFESSIONAL","LICENSED_ONLY","TD-BASE-SAFETY|TD-BASE-SITE|TD-BASE-INVENTORY","","MISSING","","До использования задать service level, единицу, объём, срок и критерий приёмки","Точный метод, прибор/reference и неопределённость TBD до исполнения","MISSING_OR_NOT_APPLICABLE","PORTUGAL_AND_SITE_REVIEW_REQUIRED","Потоки, совместимость, хранение и законный маршрут TBD до исполнения","Неизвестная идентичность; отсутствующее полномочие; опасная среда; непроверенный источник; выход за подготовку","Периодичность, расходники, запасные части и failure signs TBD","Другой назначенный участник находит карточку и демонстрирует допустимую часть без устной помощи автора","Профиль; источник; инвентарь; измерения; acceptance log; reviewer; дата","MISSING","MISSING","DENY","Каталожный узел; процедуры и рабочие параметры ещё не созданы","0.5-draft"
"TD-HEALTH-P4-GMP-PHARMA","TD-HEALTH","HEALTH","HAZARD_BOUNDARY","GMP и регулируемое производство лекарств","Иметь измеримую и проверяемую способность: gmp и регулируемое производство лекарств","S4_REFERENCE_ONLY_PROHIBITED_HOUSEHOLD","REFERENCE_ONLY_NO_BUILD","TD-BASE-SAFETY|TD-BASE-SITE|TD-BASE-INVENTORY","","NO_BUILD_MATERIALS","","Граница распознавания и профессиональный маршрут определены; household execution отсутствует","Official professional references only","NO_BUILD_DRAWINGS","PORTUGAL_AND_SITE_REVIEW_REQUIRED","Потоки, совместимость, хранение и законный маршрут TBD до исполнения","Неизвестная идентичность; отсутствующее полномочие; опасная среда; непроверенный источник; выход за подготовку","Периодичность, расходники, запасные части и failure signs TBD","Другой назначенный участник находит карточку и демонстрирует допустимую часть без устной помощи автора","Профиль; источник; инвентарь; измерения; acceptance log; reviewer; дата","BOUNDARY_DEFINED","REFERENCE_ONLY","REFERENCE_ONLY","Каталожный узел; процедуры и рабочие параметры ещё не созданы","0.5-draft"
"TD-HEALTH-P4-VACCINE","TD-HEALTH","HEALTH","HAZARD_BOUNDARY","Производство вакцин и biological safety","Иметь измеримую и проверяемую способность: производство вакцин и biological safety","S4_REFERENCE_ONLY_PROHIBITED_HOUSEHOLD","REFERENCE_ONLY_NO_BUILD","TD-BASE-SAFETY|TD-BASE-SITE|TD-BASE-INVENTORY","","NO_BUILD_MATERIALS","","Граница распознавания и профессиональный маршрут определены; household execution отсутствует","Official professional references only","NO_BUILD_DRAWINGS","PORTUGAL_AND_SITE_REVIEW_REQUIRED","Потоки, совместимость, хранение и законный маршрут TBD до исполнения","Неизвестная идентичность; отсутствующее полномочие; опасная среда; непроверенный источник; выход за подготовку","Периодичность, расходники, запасные части и failure signs TBD","Другой назначенный участник находит карточку и демонстрирует допустимую часть без устной помощи автора","Профиль; источник; инвентарь; измерения; acceptance log; reviewer; дата","BOUNDARY_DEFINED","REFERENCE_ONLY","REFERENCE_ONLY","Каталожный узел; процедуры и рабочие параметры ещё не созданы","0.5-draft"
"TD-HEALTH-P4-DEVICE-MAKE","TD-HEALTH","HEALTH","HAZARD_BOUNDARY","Регулируемое производство медицинских изделий","Иметь измеримую и проверяемую способность: регулируемое производство медицинских изделий","S4_REFERENCE_ONLY_PROHIBITED_HOUSEHOLD","REFERENCE_ONLY_NO_BUILD","TD-BASE-SAFETY|TD-BASE-SITE|TD-BASE-INVENTORY","","NO_BUILD_MATERIALS","","Граница распознавания и профессиональный маршрут определены; household execution отсутствует","Official professional references only","NO_BUILD_DRAWINGS","PORTUGAL_AND_SITE_REVIEW_REQUIRED","Потоки, совместимость, хранение и законный маршрут TBD до исполнения","Неизвестная идентичность; отсутствующее полномочие; опасная среда; непроверенный источник; выход за подготовку","Периодичность, расходники, запасные части и failure signs TBD","Другой назначенный участник находит карточку и демонстрирует допустимую часть без устной помощи автора","Профиль; источник; инвентарь; измерения; acceptance log; reviewer; дата","BOUNDARY_DEFINED","REFERENCE_ONLY","REFERENCE_ONLY","Каталожный узел; процедуры и рабочие параметры ещё не созданы","0.5-draft"
"TD-HEALTH-P4-RESEARCH","TD-HEALTH","HEALTH","HAZARD_BOUNDARY","Clinical research и trials governance","Иметь измеримую и проверяемую способность: clinical research и trials governance","S4_REFERENCE_ONLY_PROHIBITED_HOUSEHOLD","REFERENCE_ONLY_NO_BUILD","TD-BASE-SAFETY|TD-BASE-SITE|TD-BASE-INVENTORY","","NO_BUILD_MATERIALS","","Граница распознавания и профессиональный маршрут определены; household execution отсутствует","Official professional references only","NO_BUILD_DRAWINGS","PORTUGAL_AND_SITE_REVIEW_REQUIRED","Потоки, совместимость, хранение и законный маршрут TBD до исполнения","Неизвестная идентичность; отсутствующее полномочие; опасная среда; непроверенный источник; выход за подготовку","Периодичность, расходники, запасные части и failure signs TBD","Другой назначенный участник находит карточку и демонстрирует допустимую часть без устной помощи автора","Профиль; источник; инвентарь; измерения; acceptance log; reviewer; дата","BOUNDARY_DEFINED","REFERENCE_ONLY","REFERENCE_ONLY","Каталожный узел; процедуры и рабочие параметры ещё не созданы","0.5-draft"
"TD-HEALTH-P4-GENETICS","TD-HEALTH","HEALTH","HAZARD_BOUNDARY","Генетика; counselling; этика и privacy","Иметь измеримую и проверяемую способность: генетика; counselling; этика и privacy","S4_REFERENCE_ONLY_PROHIBITED_HOUSEHOLD","REFERENCE_ONLY_NO_BUILD","TD-BASE-SAFETY|TD-BASE-SITE|TD-BASE-INVENTORY","","NO_BUILD_MATERIALS","","Граница распознавания и профессиональный маршрут определены; household execution отсутствует","Official professional references only","NO_BUILD_DRAWINGS","PORTUGAL_AND_SITE_REVIEW_REQUIRED","Потоки, совместимость, хранение и законный маршрут TBD до исполнения","Неизвестная идентичность; отсутствующее полномочие; опасная среда; непроверенный источник; выход за подготовку","Периодичность, расходники, запасные части и failure signs TBD","Другой назначенный участник находит карточку и демонстрирует допустимую часть без устной помощи автора","Профиль; источник; инвентарь; измерения; acceptance log; reviewer; дата","BOUNDARY_DEFINED","REFERENCE_ONLY","REFERENCE_ONLY","Каталожный узел; процедуры и рабочие параметры ещё не созданы","0.5-draft"
"TD-HEALTH-P4-LEGACY","TD-HEALTH","HEALTH","KNOWLEDGE","Устаревшие медицинские методы вне оперативного поиска","Иметь измеримую и проверяемую способность: устаревшие медицинские методы вне оперативного поиска","S0_OBSERVE_READ","HOUSEHOLD_S0","TD-BASE-SAFETY|TD-BASE-SITE|TD-BASE-INVENTORY","","MISSING","","До использования задать service level, единицу, объём, срок и критерий приёмки","Точный метод, прибор/reference и неопределённость TBD до исполнения","MISSING_OR_NOT_APPLICABLE","PORTUGAL_AND_SITE_REVIEW_REQUIRED","Потоки, совместимость, хранение и законный маршрут TBD до исполнения","Неизвестная идентичность; отсутствующее полномочие; опасная среда; непроверенный источник; выход за подготовку","Периодичность, расходники, запасные части и failure signs TBD","Другой назначенный участник находит карточку и демонстрирует допустимую часть без устной помощи автора","Профиль; источник; инвентарь; измерения; acceptance log; reviewer; дата","MISSING","MISSING","DENY","Каталожный узел; процедуры и рабочие параметры ещё не созданы","0.5-draft"
