"edge_id","from_node_id","to_node_id","edge_role","alternative_group","minimum_required_count","service_level","applicable_if","rationale","review_state","release_gate","release_version"
"EDGE-TD-ROOT-001","TD-ROOT","TD-BASE","REQUIRED","","","SL0","","Generated provisional semantics; human domain review required","PROVISIONAL_AUTO_REVIEW_REQUIRED","DENY","0.5-draft"
"EDGE-TD-ROOT-002","TD-ROOT","TD-WATER","REQUIRED","","","SL0","","Generated provisional semantics; human domain review required","PROVISIONAL_AUTO_REVIEW_REQUIRED","DENY","0.5-draft"
"EDGE-TD-ROOT-003","TD-ROOT","TD-FOOD","REQUIRED","","","SL1","","Generated provisional semantics; human domain review required","PROVISIONAL_AUTO_REVIEW_REQUIRED","DENY","0.5-draft"
"EDGE-TD-ROOT-004","TD-ROOT","TD-SHELTER","REQUIRED","","","SL0","","Generated provisional semantics; human domain review required","PROVISIONAL_AUTO_REVIEW_REQUIRED","DENY","0.5-draft"
"EDGE-TD-ROOT-005","TD-ROOT","TD-ENERGY","REQUIRED","","","SL1","","Generated provisional semantics; human domain review required","PROVISIONAL_AUTO_REVIEW_REQUIRED","DENY","0.5-draft"
"EDGE-TD-ROOT-006","TD-ROOT","TD-HEALTH","REQUIRED","","","SL0","","Generated provisional semantics; human domain review required","PROVISIONAL_AUTO_REVIEW_REQUIRED","DENY","0.5-draft"
"EDGE-TD-ROOT-007","TD-ROOT","TD-MAPS-COMMS","REQUIRED","","","SL0","","Generated provisional semantics; human domain review required","PROVISIONAL_AUTO_REVIEW_REQUIRED","DENY","0.5-draft"
"EDGE-TD-ROOT-008","TD-ROOT","TD-KNOWLEDGE","REQUIRED","","","SL2","","Generated provisional semantics; human domain review required","PROVISIONAL_AUTO_REVIEW_REQUIRED","DENY","0.5-draft"
"EDGE-TD-ROOT-009","TD-ROOT","TD-GOV","REQUIRED","","","SL0","","Generated provisional semantics; human domain review required","PROVISIONAL_AUTO_REVIEW_REQUIRED","DENY","0.5-draft"
"EDGE-TD-ROOT-010","TD-ROOT","TD-WORKSHOP","REQUIRED","","","SL3","","Generated provisional semantics; human domain review required","PROVISIONAL_AUTO_REVIEW_REQUIRED","DENY","0.5-draft"
"EDGE-TD-ROOT-011","TD-ROOT","TD-FUELS","CONDITIONAL","","","SL2","fuel_dependent_service_present","Generated provisional semantics; human domain review required","PROVISIONAL_AUTO_REVIEW_REQUIRED","DENY","0.5-draft"
"EDGE-TD-ROOT-012","TD-ROOT","TD-PEOPLE","REQUIRED","","","SL0","","Generated provisional semantics; human domain review required","PROVISIONAL_AUTO_REVIEW_REQUIRED","DENY","0.5-draft"
"EDGE-TD-ROOT-013","TD-ROOT","TD-TRANSPORT","REQUIRED","","","SL2","","Generated provisional semantics; human domain review required","PROVISIONAL_AUTO_REVIEW_REQUIRED","DENY","0.5-draft"
"EDGE-TD-ROOT-014","TD-ROOT","TD-SECURITY","REQUIRED","","","SL0","","Generated provisional semantics; human domain review required","PROVISIONAL_AUTO_REVIEW_REQUIRED","DENY","0.5-draft"
"EDGE-TD-ROOT-015","TD-ROOT","TD-EDUCATION","REQUIRED","","","SL3","","Generated provisional semantics; human domain review required","PROVISIONAL_AUTO_REVIEW_REQUIRED","DENY","0.5-draft"
"EDGE-TD-ROOT-016","TD-ROOT","TD-MATERIALS-PRODUCTION","CONDITIONAL","","","SL5","household_repair_or_intergroup_production_path_selected","Generated provisional semantics; human domain review required","PROVISIONAL_AUTO_REVIEW_REQUIRED","DENY","0.5-draft"
"EDGE-TD-ROOT-017","TD-ROOT","TD-CONSTRUCTION","CONDITIONAL","","","SL3","construction_or_structural_work_present","Generated provisional semantics; human domain review required","PROVISIONAL_AUTO_REVIEW_REQUIRED","DENY","0.5-draft"
"EDGE-TD-ROOT-018","TD-ROOT","TD-ANIMALS","CONDITIONAL","","","SL3","animals_present","Generated provisional semantics; human domain review required","PROVISIONAL_AUTO_REVIEW_REQUIRED","DENY","0.5-draft"
"EDGE-TD-ROOT-019","TD-ROOT","TD-ENVIRONMENT","REQUIRED","","","SL2","","Generated provisional semantics; human domain review required","PROVISIONAL_AUTO_REVIEW_REQUIRED","DENY","0.5-draft"
"EDGE-TD-ROOT-020","TD-ROOT","TD-PORTUGAL","REQUIRED","","","SL0","","Generated provisional semantics; human domain review required","PROVISIONAL_AUTO_REVIEW_REQUIRED","DENY","0.5-draft"
"EDGE-TD-ROOT-021","TD-ROOT","TD-HAZARDS","HAZARD_ONLY","","","SL0","always_visible_as_stop_boundary","Generated provisional semantics; human domain review required","PROVISIONAL_AUTO_REVIEW_REQUIRED","DENY","0.5-draft"
"EDGE-TD-BASE-001","TD-BASE","TD-BASE-SAFETY","REQUIRED","","","SL1","","Generated provisional semantics; human domain review required","PROVISIONAL_AUTO_REVIEW_REQUIRED","DENY","0.5-draft"
"EDGE-TD-BASE-002","TD-BASE","TD-BASE-SITE","REQUIRED","","","SL1","","Generated provisional semantics; human domain review required","PROVISIONAL_AUTO_REVIEW_REQUIRED","DENY","0.5-draft"
"EDGE-TD-BASE-003","TD-BASE","TD-BASE-INVENTORY","REQUIRED","","","SL1","","Generated provisional semantics; human domain review required","PROVISIONAL_AUTO_REVIEW_REQUIRED","DENY","0.5-draft"
"EDGE-TD-BASE-004","TD-BASE","TD-BASE-METROLOGY","REQUIRED","","","SL3","","Generated provisional semantics; human domain review required","PROVISIONAL_AUTO_REVIEW_REQUIRED","DENY","0.5-draft"
"EDGE-TD-BASE-005","TD-BASE","TD-BASE-DRAWINGS","REQUIRED","","","SL3","","Generated provisional semantics; human domain review required","PROVISIONAL_AUTO_REVIEW_REQUIRED","DENY","0.5-draft"
"EDGE-TD-BASE-006","TD-BASE","TD-BASE-MATERIALS","REQUIRED","","","SL3","","Generated provisional semantics; human domain review required","PROVISIONAL_AUTO_REVIEW_REQUIRED","DENY","0.5-draft"
"EDGE-TD-BASE-007","TD-BASE","TD-BASE-ARCHIVE","REQUIRED","","","SL3","","Generated provisional semantics; human domain review required","PROVISIONAL_AUTO_REVIEW_REQUIRED","DENY","0.5-draft"
"EDGE-TD-BASE-008","TD-BASE","TD-BASE-TRAINING","REQUIRED","","","SL3","","Generated provisional semantics; human domain review required","PROVISIONAL_AUTO_REVIEW_REQUIRED","DENY","0.5-draft"
"EDGE-TD-BASE-009","TD-BASE","TD-BASE-MAINTENANCE","REQUIRED","","","SL3","","Generated provisional semantics; human domain review required","PROVISIONAL_AUTO_REVIEW_REQUIRED","DENY","0.5-draft"
"EDGE-TD-BASE-SITE-001","TD-BASE-SITE","TD-BASE-SAFETY","REQUIRED","","","SL1","","Generated provisional semantics; human domain review required","PROVISIONAL_AUTO_REVIEW_REQUIRED","DENY","0.5-draft"
"EDGE-TD-BASE-INVENTORY-001","TD-BASE-INVENTORY","TD-BASE-SAFETY","REQUIRED","","","SL1","","Generated provisional semantics; human domain review required","PROVISIONAL_AUTO_REVIEW_REQUIRED","DENY","0.5-draft"
"EDGE-TD-BASE-INVENTORY-002","TD-BASE-INVENTORY","TD-BASE-SITE","REQUIRED","","","SL1","","Generated provisional semantics; human domain review required","PROVISIONAL_AUTO_REVIEW_REQUIRED","DENY","0.5-draft"
"EDGE-TD-BASE-METROLOGY-001","TD-BASE-METROLOGY","TD-BASE-SAFETY","REQUIRED","","","SL1","","Generated provisional semantics; human domain review required","PROVISIONAL_AUTO_REVIEW_REQUIRED","DENY","0.5-draft"
"EDGE-TD-BASE-METROLOGY-002","TD-BASE-METROLOGY","TD-BASE-INVENTORY","REQUIRED","","","SL1","","Generated provisional semantics; human domain review required","PROVISIONAL_AUTO_REVIEW_REQUIRED","DENY","0.5-draft"
"EDGE-TD-BASE-METROLOGY-003","TD-BASE-METROLOGY","TD-METRO-SI","REQUIRED","","","SL3","","Generated provisional semantics; human domain review required","PROVISIONAL_AUTO_REVIEW_REQUIRED","DENY","0.5-draft"
"EDGE-TD-BASE-METROLOGY-004","TD-BASE-METROLOGY","TD-METRO-LENGTH","REQUIRED","","","SL3","","Generated provisional semantics; human domain review required","PROVISIONAL_AUTO_REVIEW_REQUIRED","DENY","0.5-draft"
"EDGE-TD-BASE-METROLOGY-005","TD-BASE-METROLOGY","TD-METRO-MASS","REQUIRED","","","SL3","","Generated provisional semantics; human domain review required","PROVISIONAL_AUTO_REVIEW_REQUIRED","DENY","0.5-draft"
"EDGE-TD-BASE-METROLOGY-006","TD-BASE-METROLOGY","TD-METRO-TIME","REQUIRED","","","SL3","","Generated provisional semantics; human domain review required","PROVISIONAL_AUTO_REVIEW_REQUIRED","DENY","0.5-draft"
"EDGE-TD-BASE-METROLOGY-007","TD-BASE-METROLOGY","TD-METRO-TEMP","REQUIRED","","","SL3","","Generated provisional semantics; human domain review required","PROVISIONAL_AUTO_REVIEW_REQUIRED","DENY","0.5-draft"
"EDGE-TD-BASE-METROLOGY-008","TD-BASE-METROLOGY","TD-METRO-HUMIDITY","REQUIRED","","","SL3","","Generated provisional semantics; human domain review required","PROVISIONAL_AUTO_REVIEW_REQUIRED","DENY","0.5-draft"
"EDGE-TD-BASE-METROLOGY-009","TD-BASE-METROLOGY","TD-METRO-PRESSURE","CONDITIONAL","","","SL3","applicable_profile_site_or_qualified_role_required","Generated provisional semantics; human domain review required","PROVISIONAL_AUTO_REVIEW_REQUIRED","DENY","0.5-draft"
"EDGE-TD-BASE-METROLOGY-010","TD-BASE-METROLOGY","TD-METRO-FLOW","REQUIRED","","","SL3","","Generated provisional semantics; human domain review required","PROVISIONAL_AUTO_REVIEW_REQUIRED","DENY","0.5-draft"
"EDGE-TD-BASE-METROLOGY-011","TD-BASE-METROLOGY","TD-METRO-VOLUME","REQUIRED","","","SL3","","Generated provisional semantics; human domain review required","PROVISIONAL_AUTO_REVIEW_REQUIRED","DENY","0.5-draft"
"EDGE-TD-BASE-METROLOGY-012","TD-BASE-METROLOGY","TD-METRO-ANGLE","REQUIRED","","","SL3","","Generated provisional semantics; human domain review required","PROVISIONAL_AUTO_REVIEW_REQUIRED","DENY","0.5-draft"
"EDGE-TD-BASE-METROLOGY-013","TD-BASE-METROLOGY","TD-METRO-ELECTRIC","REQUIRED","","","SL3","","Generated provisional semantics; human domain review required","PROVISIONAL_AUTO_REVIEW_REQUIRED","DENY","0.5-draft"
"EDGE-TD-BASE-METROLOGY-014","TD-BASE-METROLOGY","TD-METRO-LIGHT","REQUIRED","","","SL3","","Generated provisional semantics; human domain review required","PROVISIONAL_AUTO_REVIEW_REQUIRED","DENY","0.5-draft"
"EDGE-TD-BASE-METROLOGY-015","TD-BASE-METROLOGY","TD-METRO-CO-SMOKE","REQUIRED","","","SL3","","Generated provisional semantics; human domain review required","PROVISIONAL_AUTO_REVIEW_REQUIRED","DENY","0.5-draft"
"EDGE-TD-BASE-METROLOGY-016","TD-BASE-METROLOGY","TD-METRO-PH","REQUIRED","","","SL3","","Generated provisional semantics; human domain review required","PROVISIONAL_AUTO_REVIEW_REQUIRED","DENY","0.5-draft"
"EDGE-TD-BASE-METROLOGY-017","TD-BASE-METROLOGY","TD-METRO-EC","REQUIRED","","","SL3","","Generated provisional semantics; human domain review required","PROVISIONAL_AUTO_REVIEW_REQUIRED","DENY","0.5-draft"
"EDGE-TD-BASE-METROLOGY-018","TD-BASE-METROLOGY","TD-METRO-TURBIDITY","REQUIRED","","","SL3","","Generated provisional semantics; human domain review required","PROVISIONAL_AUTO_REVIEW_REQUIRED","DENY","0.5-draft"
"EDGE-TD-BASE-METROLOGY-019","TD-BASE-METROLOGY","TD-METRO-CHLORINE","REQUIRED","","","SL3","","Generated provisional semantics; human domain review required","PROVISIONAL_AUTO_REVIEW_REQUIRED","DENY","0.5-draft"
"EDGE-TD-BASE-METROLOGY-020","TD-BASE-METROLOGY","TD-METRO-SOIL","REQUIRED","","","SL3","","Generated provisional semantics; human domain review required","PROVISIONAL_AUTO_REVIEW_REQUIRED","DENY","0.5-draft"
"EDGE-TD-BASE-METROLOGY-021","TD-BASE-METROLOGY","TD-METRO-MOISTURE","REQUIRED","","","SL3","","Generated provisional semantics; human domain review required","PROVISIONAL_AUTO_REVIEW_REQUIRED","DENY","0.5-draft"
"EDGE-TD-BASE-METROLOGY-022","TD-BASE-METROLOGY","TD-METRO-RAIN","REQUIRED","","","SL3","","Generated provisional semantics; human domain review required","PROVISIONAL_AUTO_REVIEW_REQUIRED","DENY","0.5-draft"
"EDGE-TD-BASE-METROLOGY-023","TD-BASE-METROLOGY","TD-METRO-WIND","REQUIRED","","","SL3","","Generated provisional semantics; human domain review required","PROVISIONAL_AUTO_REVIEW_REQUIRED","DENY","0.5-draft"
"EDGE-TD-BASE-METROLOGY-024","TD-BASE-METROLOGY","TD-METRO-POSITION","REQUIRED","","","SL3","","Generated provisional semantics; human domain review required","PROVISIONAL_AUTO_REVIEW_REQUIRED","DENY","0.5-draft"
"EDGE-TD-BASE-METROLOGY-025","TD-BASE-METROLOGY","TD-METRO-MEDICAL","CONDITIONAL","","","SL3","applicable_profile_site_or_qualified_role_required","Generated provisional semantics; human domain review required","PROVISIONAL_AUTO_REVIEW_REQUIRED","DENY","0.5-draft"
"EDGE-TD-BASE-METROLOGY-026","TD-BASE-METROLOGY","TD-METRO-REFERENCE","REQUIRED","","","SL3","","Generated provisional semantics; human domain review required","PROVISIONAL_AUTO_REVIEW_REQUIRED","DENY","0.5-draft"
"EDGE-TD-BASE-METROLOGY-027","TD-BASE-METROLOGY","TD-METRO-UNCERTAINTY","REQUIRED","","","SL3","","Generated provisional semantics; human domain review required","PROVISIONAL_AUTO_REVIEW_REQUIRED","DENY","0.5-draft"
"EDGE-TD-BASE-METROLOGY-028","TD-BASE-METROLOGY","TD-METRO-HISTORY","REQUIRED","","","SL3","","Generated provisional semantics; human domain review required","PROVISIONAL_AUTO_REVIEW_REQUIRED","DENY","0.5-draft"
"EDGE-TD-BASE-METROLOGY-029","TD-BASE-METROLOGY","TD-METRO-SPARES","REQUIRED","","","SL3","","Generated provisional semantics; human domain review required","PROVISIONAL_AUTO_REVIEW_REQUIRED","DENY","0.5-draft"
"EDGE-TD-BASE-METROLOGY-030","TD-BASE-METROLOGY","TD-METRO-FAILURE","REQUIRED","","","SL3","","Generated provisional semantics; human domain review required","PROVISIONAL_AUTO_REVIEW_REQUIRED","DENY","0.5-draft"
"EDGE-TD-BASE-DRAWINGS-001","TD-BASE-DRAWINGS","TD-BASE-SAFETY","REQUIRED","","","SL1","","Generated provisional semantics; human domain review required","PROVISIONAL_AUTO_REVIEW_REQUIRED","DENY","0.5-draft"
"EDGE-TD-BASE-DRAWINGS-002","TD-BASE-DRAWINGS","TD-BASE-SITE","REQUIRED","","","SL1","","Generated provisional semantics; human domain review required","PROVISIONAL_AUTO_REVIEW_REQUIRED","DENY","0.5-draft"
"EDGE-TD-BASE-DRAWINGS-003","TD-BASE-DRAWINGS","TD-BASE-METROLOGY","REQUIRED","","","SL3","","Generated provisional semantics; human domain review required","PROVISIONAL_AUTO_REVIEW_REQUIRED","DENY","0.5-draft"
"EDGE-TD-BASE-MATERIALS-001","TD-BASE-MATERIALS","TD-BASE-SAFETY","REQUIRED","","","SL1","","Generated provisional semantics; human domain review required","PROVISIONAL_AUTO_REVIEW_REQUIRED","DENY","0.5-draft"
"EDGE-TD-BASE-MATERIALS-002","TD-BASE-MATERIALS","TD-BASE-INVENTORY","REQUIRED","","","SL1","","Generated provisional semantics; human domain review required","PROVISIONAL_AUTO_REVIEW_REQUIRED","DENY","0.5-draft"
"EDGE-TD-BASE-ARCHIVE-001","TD-BASE-ARCHIVE","TD-BASE-SAFETY","REQUIRED","","","SL1","","Generated provisional semantics; human domain review required","PROVISIONAL_AUTO_REVIEW_REQUIRED","DENY","0.5-draft"
"EDGE-TD-BASE-ARCHIVE-002","TD-BASE-ARCHIVE","TD-BASE-INVENTORY","REQUIRED","","","SL1","","Generated provisional semantics; human domain review required","PROVISIONAL_AUTO_REVIEW_REQUIRED","DENY","0.5-draft"
"EDGE-TD-BASE-TRAINING-001","TD-BASE-TRAINING","TD-BASE-SAFETY","REQUIRED","","","SL1","","Generated provisional semantics; human domain review required","PROVISIONAL_AUTO_REVIEW_REQUIRED","DENY","0.5-draft"
"EDGE-TD-BASE-TRAINING-002","TD-BASE-TRAINING","TD-BASE-ARCHIVE","REQUIRED","","","SL3","","Generated provisional semantics; human domain review required","PROVISIONAL_AUTO_REVIEW_REQUIRED","DENY","0.5-draft"
"EDGE-TD-BASE-MAINTENANCE-001","TD-BASE-MAINTENANCE","TD-BASE-INVENTORY","REQUIRED","","","SL1","","Generated provisional semantics; human domain review required","PROVISIONAL_AUTO_REVIEW_REQUIRED","DENY","0.5-draft"
"EDGE-TD-BASE-MAINTENANCE-002","TD-BASE-MAINTENANCE","TD-BASE-DRAWINGS","REQUIRED","","","SL3","","Generated provisional semantics; human domain review required","PROVISIONAL_AUTO_REVIEW_REQUIRED","DENY","0.5-draft"
"EDGE-TD-BASE-MAINTENANCE-003","TD-BASE-MAINTENANCE","TD-BASE-MATERIALS","REQUIRED","","","SL3","","Generated provisional semantics; human domain review required","PROVISIONAL_AUTO_REVIEW_REQUIRED","DENY","0.5-draft"
"EDGE-TD-BASE-MAINTENANCE-004","TD-BASE-MAINTENANCE","TD-BASE-METROLOGY","REQUIRED","","","SL3","","Generated provisional semantics; human domain review required","PROVISIONAL_AUTO_REVIEW_REQUIRED","DENY","0.5-draft"
"EDGE-TD-WATER-001","TD-WATER","TD-BASE","REQUIRED","","","SL3","","Generated provisional semantics; human domain review required","PROVISIONAL_AUTO_REVIEW_REQUIRED","DENY","0.5-draft"
"EDGE-TD-WATER-002","TD-WATER","TD-WATER-SOURCE","REQUIRED","","","SL3","","Generated provisional semantics; human domain review required","PROVISIONAL_AUTO_REVIEW_REQUIRED","DENY","0.5-draft"
"EDGE-TD-WATER-003","TD-WATER","TD-WATER-YIELD","REQUIRED","","","SL3","","Generated provisional semantics; human domain review required","PROVISIONAL_AUTO_REVIEW_REQUIRED","DENY","0.5-draft"
"EDGE-TD-WATER-004","TD-WATER","TD-WATER-RISK","CONDITIONAL","","","SL3","applicable_profile_site_or_qualified_role_required","Generated provisional semantics; human domain review required","PROVISIONAL_AUTO_REVIEW_REQUIRED","DENY","0.5-draft"
"EDGE-TD-WATER-005","TD-WATER","TD-WATER-TREATMENT","REQUIRED","","","SL3","","Generated provisional semantics; human domain review required","PROVISIONAL_AUTO_REVIEW_REQUIRED","DENY","0.5-draft"
"EDGE-TD-WATER-006","TD-WATER","TD-WATER-STORAGE","REQUIRED","","","SL3","","Generated provisional semantics; human domain review required","PROVISIONAL_AUTO_REVIEW_REQUIRED","DENY","0.5-draft"
"EDGE-TD-WATER-007","TD-WATER","TD-WATER-MONITORING","REQUIRED","","","SL3","","Generated provisional semantics; human domain review required","PROVISIONAL_AUTO_REVIEW_REQUIRED","DENY","0.5-draft"
"EDGE-TD-WATER-008","TD-WATER","TD-SANITATION","REQUIRED","","","SL2","","Generated provisional semantics; human domain review required","PROVISIONAL_AUTO_REVIEW_REQUIRED","DENY","0.5-draft"
"EDGE-TD-WATER-009","TD-WATER","TD-WATER-P0-RESERVE","REQUIRED","","","SL1","","Generated provisional semantics; human domain review required","PROVISIONAL_AUTO_REVIEW_REQUIRED","DENY","0.5-draft"
"EDGE-TD-WATER-010","TD-WATER","TD-WATER-DEMAND","REQUIRED","","","SL1","","Generated provisional semantics; human domain review required","PROVISIONAL_AUTO_REVIEW_REQUIRED","DENY","0.5-draft"
"EDGE-TD-WATER-011","TD-WATER","TD-WATER-RATION","REQUIRED","","","SL1","","Generated provisional semantics; human domain review required","PROVISIONAL_AUTO_REVIEW_REQUIRED","DENY","0.5-draft"
"EDGE-TD-WATER-012","TD-WATER","TD-WATER-VULNERABLE","REQUIRED","","","SL1","","Generated provisional semantics; human domain review required","PROVISIONAL_AUTO_REVIEW_REQUIRED","DENY","0.5-draft"
"EDGE-TD-WATER-013","TD-WATER","TD-WATER-COLLECTION","REQUIRED","","","SL3","","Generated provisional semantics; human domain review required","PROVISIONAL_AUTO_REVIEW_REQUIRED","DENY","0.5-draft"
"EDGE-TD-WATER-014","TD-WATER","TD-WATER-CARRY","REQUIRED","","","SL1","","Generated provisional semantics; human domain review required","PROVISIONAL_AUTO_REVIEW_REQUIRED","DENY","0.5-draft"
"EDGE-TD-WATER-015","TD-WATER","TD-WATER-CROSS-CONTAM","REQUIRED","","","SL1","","Generated provisional semantics; human domain review required","PROVISIONAL_AUTO_REVIEW_REQUIRED","DENY","0.5-draft"
"EDGE-TD-WATER-016","TD-WATER","TD-WATER-LABEL","REQUIRED","","","SL1","","Generated provisional semantics; human domain review required","PROVISIONAL_AUTO_REVIEW_REQUIRED","DENY","0.5-draft"
"EDGE-TD-WATER-017","TD-WATER","TD-WATER-EMERGENCY-PRODUCT","REQUIRED","","","SL1","","Generated provisional semantics; human domain review required","PROVISIONAL_AUTO_REVIEW_REQUIRED","DENY","0.5-draft"
"EDGE-TD-WATER-018","TD-WATER","TD-WATER-CONTAINER-CLEAN","REQUIRED","","","SL1","","Generated provisional semantics; human domain review required","PROVISIONAL_AUTO_REVIEW_REQUIRED","DENY","0.5-draft"
"EDGE-TD-WATER-019","TD-WATER","TD-WATER-PORTFOLIO","REQUIRED","","","SL2","","Generated provisional semantics; human domain review required","PROVISIONAL_AUTO_REVIEW_REQUIRED","DENY","0.5-draft"
"EDGE-TD-WATER-020","TD-WATER","TD-WATER-RAIN","ALTERNATIVE","WATER_SOURCE","1","SL2","select_at_least_one_verified_path_for_applicable_service","Generated provisional semantics; human domain review required","PROVISIONAL_AUTO_REVIEW_REQUIRED","DENY","0.5-draft"
"EDGE-TD-WATER-021","TD-WATER","TD-WATER-DELIVERED","ALTERNATIVE","WATER_SOURCE","1","SL2","select_at_least_one_verified_path_for_applicable_service","Generated provisional semantics; human domain review required","PROVISIONAL_AUTO_REVIEW_REQUIRED","DENY","0.5-draft"
"EDGE-TD-WATER-022","TD-WATER","TD-WATER-WELL","ALTERNATIVE","WATER_SOURCE","1","SL3","select_at_least_one_verified_path_for_applicable_service","Generated provisional semantics; human domain review required","PROVISIONAL_AUTO_REVIEW_REQUIRED","DENY","0.5-draft"
"EDGE-TD-WATER-023","TD-WATER","TD-WATER-SURFACE","ALTERNATIVE","WATER_SOURCE","1","SL3","select_at_least_one_verified_path_for_applicable_service","Generated provisional semantics; human domain review required","PROVISIONAL_AUTO_REVIEW_REQUIRED","DENY","0.5-draft"
"EDGE-TD-WATER-024","TD-WATER","TD-WATER-GRAVITY","ALTERNATIVE","WATER_DELIVERY","1","SL2","select_at_least_one_verified_path_for_applicable_service","Generated provisional semantics; human domain review required","PROVISIONAL_AUTO_REVIEW_REQUIRED","DENY","0.5-draft"
"EDGE-TD-WATER-025","TD-WATER","TD-WATER-HAND-PUMP","ALTERNATIVE","WATER_DELIVERY","1","SL2","select_at_least_one_verified_path_for_applicable_service","Generated provisional semantics; human domain review required","PROVISIONAL_AUTO_REVIEW_REQUIRED","DENY","0.5-draft"
"EDGE-TD-WATER-026","TD-WATER","TD-WATER-LOWE-PUMP","ALTERNATIVE","WATER_DELIVERY","1","SL2","select_at_least_one_verified_path_for_applicable_service","Generated provisional semantics; human domain review required","PROVISIONAL_AUTO_REVIEW_REQUIRED","DENY","0.5-draft"
"EDGE-TD-WATER-027","TD-WATER","TD-WATER-DISTRIBUTION","REQUIRED","","","SL2","","Generated provisional semantics; human domain review required","PROVISIONAL_AUTO_REVIEW_REQUIRED","DENY","0.5-draft"
"EDGE-TD-WATER-028","TD-WATER","TD-WATER-BACKFLOW","CONDITIONAL","","","SL3","applicable_profile_site_or_qualified_role_required","Generated provisional semantics; human domain review required","PROVISIONAL_AUTO_REVIEW_REQUIRED","DENY","0.5-draft"
"EDGE-TD-WATER-029","TD-WATER","TD-WATER-LEAK","REQUIRED","","","SL2","","Generated provisional semantics; human domain review required","PROVISIONAL_AUTO_REVIEW_REQUIRED","DENY","0.5-draft"
"EDGE-TD-WATER-030","TD-WATER","TD-WATER-SPARES","REQUIRED","","","SL2","","Generated provisional semantics; human domain review required","PROVISIONAL_AUTO_REVIEW_REQUIRED","DENY","0.5-draft"
"EDGE-TD-WATER-031","TD-WATER","TD-WATER-LAB","CONDITIONAL","","","SL3","applicable_profile_site_or_qualified_role_required","Generated provisional semantics; human domain review required","PROVISIONAL_AUTO_REVIEW_REQUIRED","DENY","0.5-draft"
"EDGE-TD-WATER-032","TD-WATER","TD-WATER-REDUNDANCY","REQUIRED","","","SL2","","Generated provisional semantics; human domain review required","PROVISIONAL_AUTO_REVIEW_REQUIRED","DENY","0.5-draft"
"EDGE-TD-WATER-SOURCE-001","TD-WATER-SOURCE","TD-BASE-SITE","REQUIRED","","","SL1","","Generated provisional semantics; human domain review required","PROVISIONAL_AUTO_REVIEW_REQUIRED","DENY","0.5-draft"
"EDGE-TD-WATER-SOURCE-002","TD-WATER-SOURCE","TD-BASE-SAFETY","REQUIRED","","","SL1","","Generated provisional semantics; human domain review required","PROVISIONAL_AUTO_REVIEW_REQUIRED","DENY","0.5-draft"
"EDGE-TD-WATER-YIELD-001","TD-WATER-YIELD","TD-WATER-SOURCE","REQUIRED","","","SL3","","Generated provisional semantics; human domain review required","PROVISIONAL_AUTO_REVIEW_REQUIRED","DENY","0.5-draft"
"EDGE-TD-WATER-YIELD-002","TD-WATER-YIELD","TD-BASE-METROLOGY","REQUIRED","","","SL3","","Generated provisional semantics; human domain review required","PROVISIONAL_AUTO_REVIEW_REQUIRED","DENY","0.5-draft"
"EDGE-TD-WATER-RISK-001","TD-WATER-RISK","TD-WATER-SOURCE","REQUIRED","","","SL3","","Generated provisional semantics; human domain review required","PROVISIONAL_AUTO_REVIEW_REQUIRED","DENY","0.5-draft"
"EDGE-TD-WATER-RISK-002","TD-WATER-RISK","TD-BASE-SAFETY","REQUIRED","","","SL1","","Generated provisional semantics; human domain review required","PROVISIONAL_AUTO_REVIEW_REQUIRED","DENY","0.5-draft"
"EDGE-TD-WATER-TREATMENT-001","TD-WATER-TREATMENT","TD-WATER-RISK","CONDITIONAL","","","SL3","applicable_profile_site_or_qualified_role_required","Generated provisional semantics; human domain review required","PROVISIONAL_AUTO_REVIEW_REQUIRED","DENY","0.5-draft"
"EDGE-TD-WATER-TREATMENT-002","TD-WATER-TREATMENT","TD-WATER-YIELD","REQUIRED","","","SL3","","Generated provisional semantics; human domain review required","PROVISIONAL_AUTO_REVIEW_REQUIRED","DENY","0.5-draft"
"EDGE-TD-WATER-TREATMENT-003","TD-WATER-TREATMENT","TD-BASE-DRAWINGS","REQUIRED","","","SL3","","Generated provisional semantics; human domain review required","PROVISIONAL_AUTO_REVIEW_REQUIRED","DENY","0.5-draft"
"EDGE-TD-WATER-TREATMENT-004","TD-WATER-TREATMENT","TD-BASE-MATERIALS","REQUIRED","","","SL3","","Generated provisional semantics; human domain review required","PROVISIONAL_AUTO_REVIEW_REQUIRED","DENY","0.5-draft"
"EDGE-TD-WATER-STORAGE-001","TD-WATER-STORAGE","TD-WATER-TREATMENT","REQUIRED","","","SL3","","Generated provisional semantics; human domain review required","PROVISIONAL_AUTO_REVIEW_REQUIRED","DENY","0.5-draft"
"EDGE-TD-WATER-STORAGE-002","TD-WATER-STORAGE","TD-BASE-MATERIALS","REQUIRED","","","SL3","","Generated provisional semantics; human domain review required","PROVISIONAL_AUTO_REVIEW_REQUIRED","DENY","0.5-draft"
"EDGE-TD-WATER-MONITORING-001","TD-WATER-MONITORING","TD-WATER-TREATMENT","REQUIRED","","","SL3","","Generated provisional semantics; human domain review required","PROVISIONAL_AUTO_REVIEW_REQUIRED","DENY","0.5-draft"
"EDGE-TD-WATER-MONITORING-002","TD-WATER-MONITORING","TD-WATER-STORAGE","REQUIRED","","","SL3","","Generated provisional semantics; human domain review required","PROVISIONAL_AUTO_REVIEW_REQUIRED","DENY","0.5-draft"
"EDGE-TD-WATER-MONITORING-003","TD-WATER-MONITORING","TD-BASE-METROLOGY","REQUIRED","","","SL3","","Generated provisional semantics; human domain review required","PROVISIONAL_AUTO_REVIEW_REQUIRED","DENY","0.5-draft"
"EDGE-TD-SANITATION-001","TD-SANITATION","TD-BASE-SITE","REQUIRED","","","SL1","","Generated provisional semantics; human domain review required","PROVISIONAL_AUTO_REVIEW_REQUIRED","DENY","0.5-draft"
"EDGE-TD-SANITATION-002","TD-SANITATION","TD-WATER-SOURCE","REQUIRED","","","SL3","","Generated provisional semantics; human domain review required","PROVISIONAL_AUTO_REVIEW_REQUIRED","DENY","0.5-draft"
"EDGE-TD-SANITATION-003","TD-SANITATION","TD-BASE-DRAWINGS","REQUIRED","","","SL3","","Generated provisional semantics; human domain review required","PROVISIONAL_AUTO_REVIEW_REQUIRED","DENY","0.5-draft"
"EDGE-TD-SANITATION-004","TD-SANITATION","TD-BASE-MATERIALS","REQUIRED","","","SL3","","Generated provisional semantics; human domain review required","PROVISIONAL_AUTO_REVIEW_REQUIRED","DENY","0.5-draft"
"EDGE-TD-SANITATION-005","TD-SANITATION","TD-SAN-TOILET","REQUIRED","","","SL1","","Generated provisional semantics; human domain review required","PROVISIONAL_AUTO_REVIEW_REQUIRED","DENY","0.5-draft"
"EDGE-TD-SANITATION-006","TD-SANITATION","TD-SAN-HANDWASH","REQUIRED","","","SL1","","Generated provisional semantics; human domain review required","PROVISIONAL_AUTO_REVIEW_REQUIRED","DENY","0.5-draft"
"EDGE-TD-SANITATION-007","TD-SANITATION","TD-SAN-ZONING","REQUIRED","","","SL1","","Generated provisional semantics; human domain review required","PROVISIONAL_AUTO_REVIEW_REQUIRED","DENY","0.5-draft"
"EDGE-TD-SANITATION-008","TD-SANITATION","TD-SAN-SOAP","REQUIRED","","","SL1","","Generated provisional semantics; human domain review required","PROVISIONAL_AUTO_REVIEW_REQUIRED","DENY","0.5-draft"
"EDGE-TD-SANITATION-009","TD-SANITATION","TD-SAN-MENSTRUAL","REQUIRED","","","SL1","","Generated provisional semantics; human domain review required","PROVISIONAL_AUTO_REVIEW_REQUIRED","DENY","0.5-draft"
"EDGE-TD-SANITATION-010","TD-SANITATION","TD-SAN-DIAPERS","REQUIRED","","","SL1","","Generated provisional semantics; human domain review required","PROVISIONAL_AUTO_REVIEW_REQUIRED","DENY","0.5-draft"
"EDGE-TD-SANITATION-011","TD-SANITATION","TD-SAN-INCONTINENCE","REQUIRED","","","SL1","","Generated provisional semantics; human domain review required","PROVISIONAL_AUTO_REVIEW_REQUIRED","DENY","0.5-draft"
"EDGE-TD-SANITATION-012","TD-SANITATION","TD-SAN-BATHING","REQUIRED","","","SL2","","Generated provisional semantics; human domain review required","PROVISIONAL_AUTO_REVIEW_REQUIRED","DENY","0.5-draft"
"EDGE-TD-SANITATION-013","TD-SANITATION","TD-SAN-LAUNDRY","REQUIRED","","","SL2","","Generated provisional semantics; human domain review required","PROVISIONAL_AUTO_REVIEW_REQUIRED","DENY","0.5-draft"
"EDGE-TD-SANITATION-014","TD-SANITATION","TD-SAN-BLACKWATER","HAZARD_ONLY","","","SL1","not_an_operational_prerequisite","Generated provisional semantics; human domain review required","PROVISIONAL_AUTO_REVIEW_REQUIRED","DENY","0.5-draft"
"EDGE-TD-SANITATION-015","TD-SANITATION","TD-SAN-GREYWATER","CONDITIONAL","","","SL2","applicable_profile_site_or_qualified_role_required","Generated provisional semantics; human domain review required","PROVISIONAL_AUTO_REVIEW_REQUIRED","DENY","0.5-draft"
"EDGE-TD-SANITATION-016","TD-SANITATION","TD-SAN-HOUSEHOLD-WASTE","REQUIRED","","","SL2","","Generated provisional semantics; human domain review required","PROVISIONAL_AUTO_REVIEW_REQUIRED","DENY","0.5-draft"
"EDGE-TD-SANITATION-017","TD-SANITATION","TD-SAN-FOOD-WASTE","REQUIRED","","","SL2","","Generated provisional semantics; human domain review required","PROVISIONAL_AUTO_REVIEW_REQUIRED","DENY","0.5-draft"
"EDGE-TD-SANITATION-018","TD-SANITATION","TD-SAN-HAZARDOUS-WASTE","HAZARD_ONLY","","","SL1","not_an_operational_prerequisite","Generated provisional semantics; human domain review required","PROVISIONAL_AUTO_REVIEW_REQUIRED","DENY","0.5-draft"
"EDGE-TD-SANITATION-019","TD-SANITATION","TD-SAN-BATTERIES","CONDITIONAL","","","SL2","applicable_profile_site_or_qualified_role_required","Generated provisional semantics; human domain review required","PROVISIONAL_AUTO_REVIEW_REQUIRED","DENY","0.5-draft"
"EDGE-TD-SANITATION-020","TD-SANITATION","TD-SAN-OILS","CONDITIONAL","","","SL2","applicable_profile_site_or_qualified_role_required","Generated provisional semantics; human domain review required","PROVISIONAL_AUTO_REVIEW_REQUIRED","DENY","0.5-draft"
"EDGE-TD-SANITATION-021","TD-SANITATION","TD-SAN-SHARPS","CONDITIONAL","","","SL2","applicable_profile_site_or_qualified_role_required","Generated provisional semantics; human domain review required","PROVISIONAL_AUTO_REVIEW_REQUIRED","DENY","0.5-draft"
"EDGE-TD-SANITATION-022","TD-SANITATION","TD-SAN-MEDICAL","CONDITIONAL","","","SL2","applicable_profile_site_or_qualified_role_required","Generated provisional semantics; human domain review required","PROVISIONAL_AUTO_REVIEW_REQUIRED","DENY","0.5-draft"
"EDGE-TD-SANITATION-023","TD-SANITATION","TD-SAN-ANIMAL","CONDITIONAL","","","SL2","applicable_profile_site_or_qualified_role_required","Generated provisional semantics; human domain review required","PROVISIONAL_AUTO_REVIEW_REQUIRED","DENY","0.5-draft"
"EDGE-TD-SANITATION-024","TD-SANITATION","TD-SAN-CONSTRUCTION","CONDITIONAL","","","SL2","applicable_profile_site_or_qualified_role_required","Generated provisional semantics; human domain review required","PROVISIONAL_AUTO_REVIEW_REQUIRED","DENY","0.5-draft"
"EDGE-TD-SANITATION-025","TD-SANITATION","TD-SAN-DEAD-ANIMAL","HAZARD_ONLY","","","SL1","not_an_operational_prerequisite","Generated provisional semantics; human domain review required","PROVISIONAL_AUTO_REVIEW_REQUIRED","DENY","0.5-draft"
"EDGE-TD-SANITATION-026","TD-SANITATION","TD-SAN-HUMAN-DEATH","HAZARD_ONLY","","","SL1","not_an_operational_prerequisite","Generated provisional semantics; human domain review required","PROVISIONAL_AUTO_REVIEW_REQUIRED","DENY","0.5-draft"
"EDGE-TD-SANITATION-027","TD-SANITATION","TD-SAN-PESTS","REQUIRED","","","SL2","","Generated provisional semantics; human domain review required","PROVISIONAL_AUTO_REVIEW_REQUIRED","DENY","0.5-draft"
"EDGE-TD-FOOD-001","TD-FOOD","TD-BASE","REQUIRED","","","SL3","","Generated provisional semantics; human domain review required","PROVISIONAL_AUTO_REVIEW_REQUIRED","DENY","0.5-draft"
"EDGE-TD-FOOD-002","TD-FOOD","TD-WATER","REQUIRED","","","SL3","","Generated provisional semantics; human domain review required","PROVISIONAL_AUTO_REVIEW_REQUIRED","DENY","0.5-draft"
"EDGE-TD-FOOD-003","TD-FOOD","TD-FOOD-SITE","REQUIRED","","","SL3","","Generated provisional semantics; human domain review required","PROVISIONAL_AUTO_REVIEW_REQUIRED","DENY","0.5-draft"
"EDGE-TD-FOOD-004","TD-FOOD","TD-SEED-BANK","REQUIRED","","","SL3","","Generated provisional semantics; human domain review required","PROVISIONAL_AUTO_REVIEW_REQUIRED","DENY","0.5-draft"
"EDGE-TD-FOOD-005","TD-FOOD","TD-CROP-TRIAL","REQUIRED","","","SL3","","Generated provisional semantics; human domain review required","PROVISIONAL_AUTO_REVIEW_REQUIRED","DENY","0.5-draft"
"EDGE-TD-FOOD-006","TD-FOOD","TD-SEED-REGEN","REQUIRED","","","SL3","","Generated provisional semantics; human domain review required","PROVISIONAL_AUTO_REVIEW_REQUIRED","DENY","0.5-draft"
"EDGE-TD-FOOD-007","TD-FOOD","TD-HARVEST-STORAGE","REQUIRED","","","SL3","","Generated provisional semantics; human domain review required","PROVISIONAL_AUTO_REVIEW_REQUIRED","DENY","0.5-draft"
"EDGE-TD-FOOD-008","TD-FOOD","TD-FOOD-PRESERVATION","REQUIRED","","","SL2","","Generated provisional semantics; human domain review required","PROVISIONAL_AUTO_REVIEW_REQUIRED","DENY","0.5-draft"
"EDGE-TD-FOOD-009","TD-FOOD","TD-NUTRITION","REQUIRED","","","SL4","","Generated provisional semantics; human domain review required","PROVISIONAL_AUTO_REVIEW_REQUIRED","DENY","0.5-draft"
"EDGE-TD-FOOD-010","TD-FOOD","TD-FOOD-P0-RESERVE","REQUIRED","","","SL1","","Generated provisional semantics; human domain review required","PROVISIONAL_AUTO_REVIEW_REQUIRED","DENY","0.5-draft"
"EDGE-TD-FOOD-011","TD-FOOD","TD-FOOD-P1-PANTRY","REQUIRED","","","SL2","","Generated provisional semantics; human domain review required","PROVISIONAL_AUTO_REVIEW_REQUIRED","DENY","0.5-draft"
"EDGE-TD-FOOD-012","TD-FOOD","TD-FOOD-NO-COOK","REQUIRED","","","SL1","","Generated provisional semantics; human domain review required","PROVISIONAL_AUTO_REVIEW_REQUIRED","DENY","0.5-draft"
"EDGE-TD-FOOD-013","TD-FOOD","TD-FOOD-MENU","REQUIRED","","","SL1","","Generated provisional semantics; human domain review required","PROVISIONAL_AUTO_REVIEW_REQUIRED","DENY","0.5-draft"
"EDGE-TD-FOOD-014","TD-FOOD","TD-FOOD-ALLERGENS","REQUIRED","","","SL1","","Generated provisional semantics; human domain review required","PROVISIONAL_AUTO_REVIEW_REQUIRED","DENY","0.5-draft"
"EDGE-TD-FOOD-015","TD-FOOD","TD-FOOD-SPECIAL-DIET","REQUIRED","","","SL1","","Generated provisional semantics; human domain review required","PROVISIONAL_AUTO_REVIEW_REQUIRED","DENY","0.5-draft"
"EDGE-TD-FOOD-016","TD-FOOD","TD-FOOD-INFANT","CONDITIONAL","","","SL1","applicable_profile_site_or_qualified_role_required","Generated provisional semantics; human domain review required","PROVISIONAL_AUTO_REVIEW_REQUIRED","DENY","0.5-draft"
"EDGE-TD-FOOD-017","TD-FOOD","TD-FOOD-COOK-WATER","REQUIRED","","","SL1","","Generated provisional semantics; human domain review required","PROVISIONAL_AUTO_REVIEW_REQUIRED","DENY","0.5-draft"
"EDGE-TD-FOOD-018","TD-FOOD","TD-FOOD-HAND-TOOLS","REQUIRED","","","SL1","","Generated provisional semantics; human domain review required","PROVISIONAL_AUTO_REVIEW_REQUIRED","DENY","0.5-draft"
"EDGE-TD-FOOD-019","TD-FOOD","TD-FOOD-COOK-SAFETY","REQUIRED","","","SL2","","Generated provisional semantics; human domain review required","PROVISIONAL_AUTO_REVIEW_REQUIRED","DENY","0.5-draft"
"EDGE-TD-FOOD-020","TD-FOOD","TD-FOOD-COOK-FUEL","REQUIRED","","","SL2","","Generated provisional semantics; human domain review required","PROVISIONAL_AUTO_REVIEW_REQUIRED","DENY","0.5-draft"
"EDGE-TD-FOOD-021","TD-FOOD","TD-FOOD-PEST","REQUIRED","","","SL2","","Generated provisional semantics; human domain review required","PROVISIONAL_AUTO_REVIEW_REQUIRED","DENY","0.5-draft"
"EDGE-TD-FOOD-022","TD-FOOD","TD-FOOD-WASTE","REQUIRED","","","SL2","","Generated provisional semantics; human domain review required","PROVISIONAL_AUTO_REVIEW_REQUIRED","DENY","0.5-draft"
"EDGE-TD-FOOD-023","TD-FOOD","TD-FOOD-ROTATION","REQUIRED","","","SL2","","Generated provisional semantics; human domain review required","PROVISIONAL_AUTO_REVIEW_REQUIRED","DENY","0.5-draft"
"EDGE-TD-FOOD-024","TD-FOOD","TD-FOOD-RATION","REQUIRED","","","SL2","","Generated provisional semantics; human domain review required","PROVISIONAL_AUTO_REVIEW_REQUIRED","DENY","0.5-draft"
"EDGE-TD-FOOD-025","TD-FOOD","TD-AGRI-LAND-RIGHTS","REQUIRED","","","SL3","","Generated provisional semantics; human domain review required","PROVISIONAL_AUTO_REVIEW_REQUIRED","DENY","0.5-draft"
"EDGE-TD-FOOD-026","TD-FOOD","TD-AGRI-TOPO","REQUIRED","","","SL3","","Generated provisional semantics; human domain review required","PROVISIONAL_AUTO_REVIEW_REQUIRED","DENY","0.5-draft"
"EDGE-TD-FOOD-027","TD-FOOD","TD-AGRI-SOIL-MAP","REQUIRED","","","SL3","","Generated provisional semantics; human domain review required","PROVISIONAL_AUTO_REVIEW_REQUIRED","DENY","0.5-draft"
"EDGE-TD-FOOD-028","TD-FOOD","TD-AGRI-SOIL-TEST","REQUIRED","","","SL3","","Generated provisional semantics; human domain review required","PROVISIONAL_AUTO_REVIEW_REQUIRED","DENY","0.5-draft"
"EDGE-TD-FOOD-029","TD-FOOD","TD-AGRI-SOIL-OM","REQUIRED","","","SL3","","Generated provisional semantics; human domain review required","PROVISIONAL_AUTO_REVIEW_REQUIRED","DENY","0.5-draft"
"EDGE-TD-FOOD-030","TD-FOOD","TD-AGRI-SOIL-PH","REQUIRED","","","SL3","","Generated provisional semantics; human domain review required","PROVISIONAL_AUTO_REVIEW_REQUIRED","DENY","0.5-draft"
"EDGE-TD-FOOD-031","TD-FOOD","TD-AGRI-SOIL-SALINITY","REQUIRED","","","SL3","","Generated provisional semantics; human domain review required","PROVISIONAL_AUTO_REVIEW_REQUIRED","DENY","0.5-draft"
"EDGE-TD-FOOD-032","TD-FOOD","TD-AGRI-IRRIGATION-BUDGET","REQUIRED","","","SL3","","Generated provisional semantics; human domain review required","PROVISIONAL_AUTO_REVIEW_REQUIRED","DENY","0.5-draft"
"EDGE-TD-FOOD-033","TD-FOOD","TD-AGRI-MICROCLIMATE","REQUIRED","","","SL3","","Generated provisional semantics; human domain review required","PROVISIONAL_AUTO_REVIEW_REQUIRED","DENY","0.5-draft"
"EDGE-TD-FOOD-034","TD-FOOD","TD-AGRI-PT-CALENDAR","REQUIRED","","","SL3","","Generated provisional semantics; human domain review required","PROVISIONAL_AUTO_REVIEW_REQUIRED","DENY","0.5-draft"
"EDGE-TD-FOOD-035","TD-FOOD","TD-AGRI-NURSERY","REQUIRED","","","SL3","","Generated provisional semantics; human domain review required","PROVISIONAL_AUTO_REVIEW_REQUIRED","DENY","0.5-draft"
"EDGE-TD-FOOD-036","TD-FOOD","TD-AGRI-GREENHOUSE","REQUIRED","","","SL3","","Generated provisional semantics; human domain review required","PROVISIONAL_AUTO_REVIEW_REQUIRED","DENY","0.5-draft"
"EDGE-TD-FOOD-037","TD-FOOD","TD-AGRI-IRRIGATION","REQUIRED","","","SL3","","Generated provisional semantics; human domain review required","PROVISIONAL_AUTO_REVIEW_REQUIRED","DENY","0.5-draft"
"EDGE-TD-FOOD-038","TD-FOOD","TD-AGRI-IRRIGATION-UNIFORM","REQUIRED","","","SL3","","Generated provisional semantics; human domain review required","PROVISIONAL_AUTO_REVIEW_REQUIRED","DENY","0.5-draft"
"EDGE-TD-FOOD-039","TD-FOOD","TD-AGRI-DRAINAGE","REQUIRED","","","SL3","","Generated provisional semantics; human domain review required","PROVISIONAL_AUTO_REVIEW_REQUIRED","DENY","0.5-draft"
"EDGE-TD-FOOD-040","TD-FOOD","TD-AGRI-STAPLES","ALTERNATIVE","CROP_PORTFOLIO","1","SL3","select_at_least_one_verified_path_for_applicable_service","Generated provisional semantics; human domain review required","PROVISIONAL_AUTO_REVIEW_REQUIRED","DENY","0.5-draft"
"EDGE-TD-FOOD-041","TD-FOOD","TD-AGRI-LEGUMES","ALTERNATIVE","CROP_PORTFOLIO","1","SL3","select_at_least_one_verified_path_for_applicable_service","Generated provisional semantics; human domain review required","PROVISIONAL_AUTO_REVIEW_REQUIRED","DENY","0.5-draft"
"EDGE-TD-FOOD-042","TD-FOOD","TD-AGRI-OILSEEDS","ALTERNATIVE","CROP_PORTFOLIO","1","SL3","select_at_least_one_verified_path_for_applicable_service","Generated provisional semantics; human domain review required","PROVISIONAL_AUTO_REVIEW_REQUIRED","DENY","0.5-draft"
"EDGE-TD-FOOD-043","TD-FOOD","TD-AGRI-VEGETABLES","ALTERNATIVE","CROP_PORTFOLIO","1","SL3","select_at_least_one_verified_path_for_applicable_service","Generated provisional semantics; human domain review required","PROVISIONAL_AUTO_REVIEW_REQUIRED","DENY","0.5-draft"
"EDGE-TD-FOOD-044","TD-FOOD","TD-AGRI-PERENNIALS","ALTERNATIVE","CROP_PORTFOLIO","1","SL3","select_at_least_one_verified_path_for_applicable_service","Generated provisional semantics; human domain review required","PROVISIONAL_AUTO_REVIEW_REQUIRED","DENY","0.5-draft"
"EDGE-TD-FOOD-045","TD-FOOD","TD-AGRI-CLONAL","CONDITIONAL","","","SL3","applicable_profile_site_or_qualified_role_required","Generated provisional semantics; human domain review required","PROVISIONAL_AUTO_REVIEW_REQUIRED","DENY","0.5-draft"
"EDGE-TD-FOOD-046","TD-FOOD","TD-AGRI-POTATO","REQUIRED","","","SL3","","Generated provisional semantics; human domain review required","PROVISIONAL_AUTO_REVIEW_REQUIRED","DENY","0.5-draft"
"EDGE-TD-FOOD-047","TD-FOOD","TD-AGRI-GARLIC","REQUIRED","","","SL3","","Generated provisional semantics; human domain review required","PROVISIONAL_AUTO_REVIEW_REQUIRED","DENY","0.5-draft"
"EDGE-TD-FOOD-048","TD-FOOD","TD-AGRI-SWEET-POTATO","REQUIRED","","","SL3","","Generated provisional semantics; human domain review required","PROVISIONAL_AUTO_REVIEW_REQUIRED","DENY","0.5-draft"
"EDGE-TD-FOOD-049","TD-FOOD","TD-AGRI-VARIETY-STATUS","REQUIRED","","","SL3","","Generated provisional semantics; human domain review required","PROVISIONAL_AUTO_REVIEW_REQUIRED","DENY","0.5-draft"
"EDGE-TD-FOOD-050","TD-FOOD","TD-AGRI-TWO-LOTS","REQUIRED","","","SL3","","Generated provisional semantics; human domain review required","PROVISIONAL_AUTO_REVIEW_REQUIRED","DENY","0.5-draft"
"EDGE-TD-FOOD-051","TD-FOOD","TD-AGRI-OFFSITE","REQUIRED","","","SL3","","Generated provisional semantics; human domain review required","PROVISIONAL_AUTO_REVIEW_REQUIRED","DENY","0.5-draft"
"EDGE-TD-FOOD-052","TD-FOOD","TD-AGRI-SEED-STORAGE","REQUIRED","","","SL3","","Generated provisional semantics; human domain review required","PROVISIONAL_AUTO_REVIEW_REQUIRED","DENY","0.5-draft"
"EDGE-TD-FOOD-053","TD-FOOD","TD-AGRI-RESEED","REQUIRED","","","SL3","","Generated provisional semantics; human domain review required","PROVISIONAL_AUTO_REVIEW_REQUIRED","DENY","0.5-draft"
"EDGE-TD-FOOD-054","TD-FOOD","TD-AGRI-ISOLATION","REQUIRED","","","SL3","","Generated provisional semantics; human domain review required","PROVISIONAL_AUTO_REVIEW_REQUIRED","DENY","0.5-draft"
"EDGE-TD-FOOD-055","TD-FOOD","TD-AGRI-POPULATION","REQUIRED","","","SL3","","Generated provisional semantics; human domain review required","PROVISIONAL_AUTO_REVIEW_REQUIRED","DENY","0.5-draft"
"EDGE-TD-FOOD-056","TD-FOOD","TD-AGRI-POLLINATION","REQUIRED","","","SL3","","Generated provisional semantics; human domain review required","PROVISIONAL_AUTO_REVIEW_REQUIRED","DENY","0.5-draft"
"EDGE-TD-FOOD-057","TD-FOOD","TD-AGRI-PURITY","REQUIRED","","","SL3","","Generated provisional semantics; human domain review required","PROVISIONAL_AUTO_REVIEW_REQUIRED","DENY","0.5-draft"
"EDGE-TD-FOOD-058","TD-FOOD","TD-AGRI-QUARANTINE","CONDITIONAL","","","SL3","applicable_profile_site_or_qualified_role_required","Generated provisional semantics; human domain review required","PROVISIONAL_AUTO_REVIEW_REQUIRED","DENY","0.5-draft"
"EDGE-TD-FOOD-059","TD-FOOD","TD-AGRI-IPM","REQUIRED","","","SL3","","Generated provisional semantics; human domain review required","PROVISIONAL_AUTO_REVIEW_REQUIRED","DENY","0.5-draft"
"EDGE-TD-FOOD-060","TD-FOOD","TD-AGRI-THRESH","REQUIRED","","","SL3","","Generated provisional semantics; human domain review required","PROVISIONAL_AUTO_REVIEW_REQUIRED","DENY","0.5-draft"
"EDGE-TD-FOOD-061","TD-FOOD","TD-AGRI-CLEAN","REQUIRED","","","SL3","","Generated provisional semantics; human domain review required","PROVISIONAL_AUTO_REVIEW_REQUIRED","DENY","0.5-draft"
"EDGE-TD-FOOD-062","TD-FOOD","TD-AGRI-DRY","REQUIRED","","","SL3","","Generated provisional semantics; human domain review required","PROVISIONAL_AUTO_REVIEW_REQUIRED","DENY","0.5-draft"
"EDGE-TD-FOOD-063","TD-FOOD","TD-AGRI-LOSS","REQUIRED","","","SL3","","Generated provisional semantics; human domain review required","PROVISIONAL_AUTO_REVIEW_REQUIRED","DENY","0.5-draft"
"EDGE-TD-FOOD-064","TD-FOOD","TD-AGRI-CROP-FAIL","REQUIRED","","","SL3","","Generated provisional semantics; human domain review required","PROVISIONAL_AUTO_REVIEW_REQUIRED","DENY","0.5-draft"
"EDGE-TD-FOOD-065","TD-FOOD","TD-FERTILIZERS","REQUIRED","","","SL3","","Generated provisional semantics; human domain review required","PROVISIONAL_AUTO_REVIEW_REQUIRED","DENY","0.5-draft"
"EDGE-TD-FOOD-066","TD-FOOD","TD-ANIMALS","REQUIRED","","","SL4","","Generated provisional semantics; human domain review required","PROVISIONAL_AUTO_REVIEW_REQUIRED","DENY","0.5-draft"
"EDGE-TD-FOOD-SITE-001","TD-FOOD-SITE","TD-BASE-SITE","REQUIRED","","","SL1","","Generated provisional semantics; human domain review required","PROVISIONAL_AUTO_REVIEW_REQUIRED","DENY","0.5-draft"
"EDGE-TD-FOOD-SITE-002","TD-FOOD-SITE","TD-WATER-YIELD","REQUIRED","","","SL3","","Generated provisional semantics; human domain review required","PROVISIONAL_AUTO_REVIEW_REQUIRED","DENY","0.5-draft"
"EDGE-TD-SEED-BANK-001","TD-SEED-BANK","TD-BASE-MATERIALS","REQUIRED","","","SL3","","Generated provisional semantics; human domain review required","PROVISIONAL_AUTO_REVIEW_REQUIRED","DENY","0.5-draft"
"EDGE-TD-SEED-BANK-002","TD-SEED-BANK","TD-FOOD-SITE","REQUIRED","","","SL3","","Generated provisional semantics; human domain review required","PROVISIONAL_AUTO_REVIEW_REQUIRED","DENY","0.5-draft"
"EDGE-TD-GERMINATION-001","TD-GERMINATION","TD-SEED-BANK","REQUIRED","","","SL3","","Generated provisional semantics; human domain review required","PROVISIONAL_AUTO_REVIEW_REQUIRED","DENY","0.5-draft"
"EDGE-TD-GERMINATION-002","TD-GERMINATION","TD-BASE-METROLOGY","REQUIRED","","","SL3","","Generated provisional semantics; human domain review required","PROVISIONAL_AUTO_REVIEW_REQUIRED","DENY","0.5-draft"
"EDGE-TD-CROP-PLAN-001","TD-CROP-PLAN","TD-FOOD-SITE","REQUIRED","","","SL3","","Generated provisional semantics; human domain review required","PROVISIONAL_AUTO_REVIEW_REQUIRED","DENY","0.5-draft"
"EDGE-TD-CROP-PLAN-002","TD-CROP-PLAN","TD-SEED-BANK","REQUIRED","","","SL3","","Generated provisional semantics; human domain review required","PROVISIONAL_AUTO_REVIEW_REQUIRED","DENY","0.5-draft"
"EDGE-TD-CROP-PLAN-003","TD-CROP-PLAN","TD-NUTRITION","REQUIRED","","","SL4","","Generated provisional semantics; human domain review required","PROVISIONAL_AUTO_REVIEW_REQUIRED","DENY","0.5-draft"
"EDGE-TD-CROP-TRIAL-001","TD-CROP-TRIAL","TD-CROP-PLAN","REQUIRED","","","SL3","","Generated provisional semantics; human domain review required","PROVISIONAL_AUTO_REVIEW_REQUIRED","DENY","0.5-draft"
"EDGE-TD-CROP-TRIAL-002","TD-CROP-TRIAL","TD-GERMINATION","REQUIRED","","","SL4","","Generated provisional semantics; human domain review required","PROVISIONAL_AUTO_REVIEW_REQUIRED","DENY","0.5-draft"
"EDGE-TD-CROP-TRIAL-003","TD-CROP-TRIAL","TD-BASE-TRAINING","REQUIRED","","","SL3","","Generated provisional semantics; human domain review required","PROVISIONAL_AUTO_REVIEW_REQUIRED","DENY","0.5-draft"
"EDGE-TD-SEED-REGEN-001","TD-SEED-REGEN","TD-CROP-TRIAL","REQUIRED","","","SL3","","Generated provisional semantics; human domain review required","PROVISIONAL_AUTO_REVIEW_REQUIRED","DENY","0.5-draft"
"EDGE-TD-SEED-REGEN-002","TD-SEED-REGEN","TD-SEED-BANK","REQUIRED","","","SL3","","Generated provisional semantics; human domain review required","PROVISIONAL_AUTO_REVIEW_REQUIRED","DENY","0.5-draft"
"EDGE-TD-SEED-REGEN-003","TD-SEED-REGEN","TD-BASE-TRAINING","REQUIRED","","","SL3","","Generated provisional semantics; human domain review required","PROVISIONAL_AUTO_REVIEW_REQUIRED","DENY","0.5-draft"
"EDGE-TD-HARVEST-STORAGE-001","TD-HARVEST-STORAGE","TD-CROP-TRIAL","REQUIRED","","","SL3","","Generated provisional semantics; human domain review required","PROVISIONAL_AUTO_REVIEW_REQUIRED","DENY","0.5-draft"
"EDGE-TD-HARVEST-STORAGE-002","TD-HARVEST-STORAGE","TD-BASE-MATERIALS","REQUIRED","","","SL3","","Generated provisional semantics; human domain review required","PROVISIONAL_AUTO_REVIEW_REQUIRED","DENY","0.5-draft"
"EDGE-TD-HARVEST-STORAGE-003","TD-HARVEST-STORAGE","TD-BASE-METROLOGY","REQUIRED","","","SL3","","Generated provisional semantics; human domain review required","PROVISIONAL_AUTO_REVIEW_REQUIRED","DENY","0.5-draft"
"EDGE-TD-FOOD-PRESERVATION-001","TD-FOOD-PRESERVATION","TD-HARVEST-STORAGE","REQUIRED","","","SL3","","Generated provisional semantics; human domain review required","PROVISIONAL_AUTO_REVIEW_REQUIRED","DENY","0.5-draft"
"EDGE-TD-FOOD-PRESERVATION-002","TD-FOOD-PRESERVATION","TD-BASE-METROLOGY","REQUIRED","","","SL3","","Generated provisional semantics; human domain review required","PROVISIONAL_AUTO_REVIEW_REQUIRED","DENY","0.5-draft"
"EDGE-TD-FOOD-PRESERVATION-003","TD-FOOD-PRESERVATION","TD-BASE-SAFETY","REQUIRED","","","SL1","","Generated provisional semantics; human domain review required","PROVISIONAL_AUTO_REVIEW_REQUIRED","DENY","0.5-draft"
"EDGE-TD-NUTRITION-001","TD-NUTRITION","TD-BASE-SAFETY","REQUIRED","","","SL1","","Generated provisional semantics; human domain review required","PROVISIONAL_AUTO_REVIEW_REQUIRED","DENY","0.5-draft"
"EDGE-TD-NUTRITION-002","TD-NUTRITION","TD-BASE-INVENTORY","REQUIRED","","","SL1","","Generated provisional semantics; human domain review required","PROVISIONAL_AUTO_REVIEW_REQUIRED","DENY","0.5-draft"
"EDGE-TD-SHELTER-001","TD-SHELTER","TD-BASE","REQUIRED","","","SL3","","Generated provisional semantics; human domain review required","PROVISIONAL_AUTO_REVIEW_REQUIRED","DENY","0.5-draft"
"EDGE-TD-SHELTER-002","TD-SHELTER","TD-SHELTER-SURVEY","CONDITIONAL","","","SL2","applicable_profile_site_or_qualified_role_required","Generated provisional semantics; human domain review required","PROVISIONAL_AUTO_REVIEW_REQUIRED","DENY","0.5-draft"
"EDGE-TD-SHELTER-003","TD-SHELTER","TD-EXITS-SHUTOFFS","REQUIRED","","","SL0","","Generated provisional semantics; human domain review required","PROVISIONAL_AUTO_REVIEW_REQUIRED","DENY","0.5-draft"
"EDGE-TD-SHELTER-004","TD-SHELTER","TD-FIRE-CO","REQUIRED","","","SL0","","Generated provisional semantics; human domain review required","PROVISIONAL_AUTO_REVIEW_REQUIRED","DENY","0.5-draft"
"EDGE-TD-SHELTER-005","TD-SHELTER","TD-VENTILATION","REQUIRED","","","SL2","","Generated provisional semantics; human domain review required","PROVISIONAL_AUTO_REVIEW_REQUIRED","DENY","0.5-draft"
"EDGE-TD-SHELTER-006","TD-SHELTER","TD-THERMAL","REQUIRED","","","SL2","","Generated provisional semantics; human domain review required","PROVISIONAL_AUTO_REVIEW_REQUIRED","DENY","0.5-draft"
"EDGE-TD-SHELTER-007","TD-SHELTER","TD-DRAINAGE","REQUIRED","","","SL4","","Generated provisional semantics; human domain review required","PROVISIONAL_AUTO_REVIEW_REQUIRED","DENY","0.5-draft"
"EDGE-TD-SHELTER-008","TD-SHELTER","TD-SHELTER-SHELTER-IN-PLACE","REQUIRED","","","SL2","","Generated provisional semantics; human domain review required","PROVISIONAL_AUTO_REVIEW_REQUIRED","DENY","0.5-draft"
"EDGE-TD-SHELTER-009","TD-SHELTER","TD-SHELTER-SAFE-ZONE","REQUIRED","","","SL1","","Generated provisional semantics; human domain review required","PROVISIONAL_AUTO_REVIEW_REQUIRED","DENY","0.5-draft"
"EDGE-TD-SHELTER-010","TD-SHELTER","TD-SHELTER-ACCESSIBLE-EXIT","REQUIRED","","","SL1","","Generated provisional semantics; human domain review required","PROVISIONAL_AUTO_REVIEW_REQUIRED","DENY","0.5-draft"
"EDGE-TD-SHELTER-011","TD-SHELTER","TD-SHELTER-SHUTOFF-WATER","REQUIRED","","","SL1","","Generated provisional semantics; human domain review required","PROVISIONAL_AUTO_REVIEW_REQUIRED","DENY","0.5-draft"
"EDGE-TD-SHELTER-012","TD-SHELTER","TD-SHELTER-SHUTOFF-GAS","CONDITIONAL","","","SL1","applicable_profile_site_or_qualified_role_required","Generated provisional semantics; human domain review required","PROVISIONAL_AUTO_REVIEW_REQUIRED","DENY","0.5-draft"
"EDGE-TD-SHELTER-013","TD-SHELTER","TD-SHELTER-SHUTOFF-ELECTRIC","REQUIRED","","","SL1","","Generated provisional semantics; human domain review required","PROVISIONAL_AUTO_REVIEW_REQUIRED","DENY","0.5-draft"
"EDGE-TD-SHELTER-014","TD-SHELTER","TD-SHELTER-ALARMS","REQUIRED","","","SL0","","Generated provisional semantics; human domain review required","PROVISIONAL_AUTO_REVIEW_REQUIRED","DENY","0.5-draft"
"EDGE-TD-SHELTER-015","TD-SHELTER","TD-SHELTER-EXTINGUISHER","REQUIRED","","","SL2","","Generated provisional semantics; human domain review required","PROVISIONAL_AUTO_REVIEW_REQUIRED","DENY","0.5-draft"
"EDGE-TD-SHELTER-016","TD-SHELTER","TD-SHELTER-FIRE-BLANKET","REQUIRED","","","SL1","","Generated provisional semantics; human domain review required","PROVISIONAL_AUTO_REVIEW_REQUIRED","DENY","0.5-draft"
"EDGE-TD-SHELTER-017","TD-SHELTER","TD-SHELTER-DARK-EXIT","REQUIRED","","","SL1","","Generated provisional semantics; human domain review required","PROVISIONAL_AUTO_REVIEW_REQUIRED","DENY","0.5-draft"
"EDGE-TD-SHELTER-018","TD-SHELTER","TD-SHELTER-COLLAPSE","HAZARD_ONLY","","","SL1","not_an_operational_prerequisite","Generated provisional semantics; human domain review required","PROVISIONAL_AUTO_REVIEW_REQUIRED","DENY","0.5-draft"
"EDGE-TD-SHELTER-019","TD-SHELTER","TD-SHELTER-HEAT-ZONE","REQUIRED","","","SL1","","Generated provisional semantics; human domain review required","PROVISIONAL_AUTO_REVIEW_REQUIRED","DENY","0.5-draft"
"EDGE-TD-SHELTER-020","TD-SHELTER","TD-SHELTER-COLD-ZONE","REQUIRED","","","SL1","","Generated provisional semantics; human domain review required","PROVISIONAL_AUTO_REVIEW_REQUIRED","DENY","0.5-draft"
"EDGE-TD-SHELTER-021","TD-SHELTER","TD-SHELTER-COMBUSTION-AIR","CONDITIONAL","","","SL2","applicable_profile_site_or_qualified_role_required","Generated provisional semantics; human domain review required","PROVISIONAL_AUTO_REVIEW_REQUIRED","DENY","0.5-draft"
"EDGE-TD-SHELTER-022","TD-SHELTER","TD-SHELTER-LIGHT","REQUIRED","","","SL1","","Generated provisional semantics; human domain review required","PROVISIONAL_AUTO_REVIEW_REQUIRED","DENY","0.5-draft"
"EDGE-TD-SHELTER-023","TD-SHELTER","TD-SHELTER-DEPENDENTS","REQUIRED","","","SL1","","Generated provisional semantics; human domain review required","PROVISIONAL_AUTO_REVIEW_REQUIRED","DENY","0.5-draft"
"EDGE-TD-SHELTER-024","TD-SHELTER","TD-SHELTER-KITCHEN","REQUIRED","","","SL2","","Generated provisional semantics; human domain review required","PROVISIONAL_AUTO_REVIEW_REQUIRED","DENY","0.5-draft"
"EDGE-TD-SHELTER-025","TD-SHELTER","TD-SHELTER-PESTS","REQUIRED","","","SL2","","Generated provisional semantics; human domain review required","PROVISIONAL_AUTO_REVIEW_REQUIRED","DENY","0.5-draft"
"EDGE-TD-SHELTER-026","TD-SHELTER","TD-CONSTRUCTION","CONDITIONAL","","","SL5","applicable_profile_site_or_qualified_role_required","Generated provisional semantics; human domain review required","PROVISIONAL_AUTO_REVIEW_REQUIRED","DENY","0.5-draft"
"EDGE-TD-SHELTER-SURVEY-001","TD-SHELTER-SURVEY","TD-BASE-SITE","REQUIRED","","","SL1","","Generated provisional semantics; human domain review required","PROVISIONAL_AUTO_REVIEW_REQUIRED","DENY","0.5-draft"
"EDGE-TD-SHELTER-SURVEY-002","TD-SHELTER-SURVEY","TD-BASE-SAFETY","REQUIRED","","","SL1","","Generated provisional semantics; human domain review required","PROVISIONAL_AUTO_REVIEW_REQUIRED","DENY","0.5-draft"
"EDGE-TD-EXITS-SHUTOFFS-001","TD-EXITS-SHUTOFFS","TD-SHELTER-SURVEY","CONDITIONAL","","","SL2","applicable_profile_site_or_qualified_role_required","Generated provisional semantics; human domain review required","PROVISIONAL_AUTO_REVIEW_REQUIRED","DENY","0.5-draft"
"EDGE-TD-EXITS-SHUTOFFS-002","TD-EXITS-SHUTOFFS","TD-BASE-DRAWINGS","REQUIRED","","","SL3","","Generated provisional semantics; human domain review required","PROVISIONAL_AUTO_REVIEW_REQUIRED","DENY","0.5-draft"
"EDGE-TD-FIRE-CO-001","TD-FIRE-CO","TD-SHELTER-SURVEY","CONDITIONAL","","","SL2","applicable_profile_site_or_qualified_role_required","Generated provisional semantics; human domain review required","PROVISIONAL_AUTO_REVIEW_REQUIRED","DENY","0.5-draft"
"EDGE-TD-FIRE-CO-002","TD-FIRE-CO","TD-BASE-INVENTORY","REQUIRED","","","SL1","","Generated provisional semantics; human domain review required","PROVISIONAL_AUTO_REVIEW_REQUIRED","DENY","0.5-draft"
"EDGE-TD-VENTILATION-001","TD-VENTILATION","TD-SHELTER-SURVEY","CONDITIONAL","","","SL2","applicable_profile_site_or_qualified_role_required","Generated provisional semantics; human domain review required","PROVISIONAL_AUTO_REVIEW_REQUIRED","DENY","0.5-draft"
"EDGE-TD-VENTILATION-002","TD-VENTILATION","TD-BASE-METROLOGY","REQUIRED","","","SL3","","Generated provisional semantics; human domain review required","PROVISIONAL_AUTO_REVIEW_REQUIRED","DENY","0.5-draft"
"EDGE-TD-THERMAL-001","TD-THERMAL","TD-SHELTER-SURVEY","CONDITIONAL","","","SL2","applicable_profile_site_or_qualified_role_required","Generated provisional semantics; human domain review required","PROVISIONAL_AUTO_REVIEW_REQUIRED","DENY","0.5-draft"
"EDGE-TD-THERMAL-002","TD-THERMAL","TD-ENERGY-LOADS","REQUIRED","","","SL2","","Generated provisional semantics; human domain review required","PROVISIONAL_AUTO_REVIEW_REQUIRED","DENY","0.5-draft"
"EDGE-TD-THERMAL-003","TD-THERMAL","TD-BASE-METROLOGY","REQUIRED","","","SL3","","Generated provisional semantics; human domain review required","PROVISIONAL_AUTO_REVIEW_REQUIRED","DENY","0.5-draft"
"EDGE-TD-DRAINAGE-001","TD-DRAINAGE","TD-SHELTER-SURVEY","CONDITIONAL","","","SL2","applicable_profile_site_or_qualified_role_required","Generated provisional semantics; human domain review required","PROVISIONAL_AUTO_REVIEW_REQUIRED","DENY","0.5-draft"
"EDGE-TD-DRAINAGE-002","TD-DRAINAGE","TD-BASE-DRAWINGS","REQUIRED","","","SL3","","Generated provisional semantics; human domain review required","PROVISIONAL_AUTO_REVIEW_REQUIRED","DENY","0.5-draft"
"EDGE-TD-ENERGY-001","TD-ENERGY","TD-BASE","REQUIRED","","","SL3","","Generated provisional semantics; human domain review required","PROVISIONAL_AUTO_REVIEW_REQUIRED","DENY","0.5-draft"
"EDGE-TD-ENERGY-002","TD-ENERGY","TD-ENERGY-LOADS","REQUIRED","","","SL2","","Generated provisional semantics; human domain review required","PROVISIONAL_AUTO_REVIEW_REQUIRED","DENY","0.5-draft"
"EDGE-TD-ENERGY-003","TD-ENERGY","TD-ENERGY-DC","REQUIRED","","","SL2","","Generated provisional semantics; human domain review required","PROVISIONAL_AUTO_REVIEW_REQUIRED","DENY","0.5-draft"
"EDGE-TD-ENERGY-004","TD-ENERGY","TD-ENERGY-GENERATION","ALTERNATIVE","ENERGY_SUPPLY","1","SL2","select_at_least_one_verified_path_for_applicable_service","Generated provisional semantics; human domain review required","PROVISIONAL_AUTO_REVIEW_REQUIRED","DENY","0.5-draft"
"EDGE-TD-ENERGY-005","TD-ENERGY","TD-ENERGY-STORAGE","CONDITIONAL","","","SL2","applicable_profile_site_or_qualified_role_required","Generated provisional semantics; human domain review required","PROVISIONAL_AUTO_REVIEW_REQUIRED","DENY","0.5-draft"
"EDGE-TD-ENERGY-006","TD-ENERGY","TD-ENERGY-PROTECTION","CONDITIONAL","","","SL2","applicable_profile_site_or_qualified_role_required","Generated provisional semantics; human domain review required","PROVISIONAL_AUTO_REVIEW_REQUIRED","DENY","0.5-draft"
"EDGE-TD-ENERGY-007","TD-ENERGY","TD-ENERGY-BLACKSTART","REQUIRED","","","SL2","","Generated provisional semantics; human domain review required","PROVISIONAL_AUTO_REVIEW_REQUIRED","DENY","0.5-draft"
"EDGE-TD-ENERGY-008","TD-ENERGY","TD-ENERGY-LIGHT","REQUIRED","","","SL1","","Generated provisional semantics; human domain review required","PROVISIONAL_AUTO_REVIEW_REQUIRED","DENY","0.5-draft"
"EDGE-TD-ENERGY-009","TD-ENERGY","TD-ENERGY-COMMS","REQUIRED","","","SL1","","Generated provisional semantics; human domain review required","PROVISIONAL_AUTO_REVIEW_REQUIRED","DENY","0.5-draft"
"EDGE-TD-ENERGY-010","TD-ENERGY","TD-ENERGY-MEDICAL","REQUIRED","","","SL1","","Generated provisional semantics; human domain review required","PROVISIONAL_AUTO_REVIEW_REQUIRED","DENY","0.5-draft"
"EDGE-TD-ENERGY-011","TD-ENERGY","TD-ENERGY-COLD-CHAIN","REQUIRED","","","SL1","","Generated provisional semantics; human domain review required","PROVISIONAL_AUTO_REVIEW_REQUIRED","DENY","0.5-draft"
"EDGE-TD-ENERGY-012","TD-ENERGY","TD-ENERGY-LOAD-SHED","REQUIRED","","","SL2","","Generated provisional semantics; human domain review required","PROVISIONAL_AUTO_REVIEW_REQUIRED","DENY","0.5-draft"
"EDGE-TD-ENERGY-013","TD-ENERGY","TD-ENERGY-FLASHLIGHT","REQUIRED","","","SL1","","Generated provisional semantics; human domain review required","PROVISIONAL_AUTO_REVIEW_REQUIRED","DENY","0.5-draft"
"EDGE-TD-ENERGY-014","TD-ENERGY","TD-ENERGY-BATTERY-STANDARD","REQUIRED","","","SL2","","Generated provisional semantics; human domain review required","PROVISIONAL_AUTO_REVIEW_REQUIRED","DENY","0.5-draft"
"EDGE-TD-ENERGY-015","TD-ENERGY","TD-ENERGY-POWERBANK","REQUIRED","","","SL2","","Generated provisional semantics; human domain review required","PROVISIONAL_AUTO_REVIEW_REQUIRED","DENY","0.5-draft"
"EDGE-TD-ENERGY-016","TD-ENERGY","TD-ENERGY-SOURCE","ALTERNATIVE","ENERGY_SUPPLY","1","SL2","select_at_least_one_verified_path_for_applicable_service","Generated provisional semantics; human domain review required","PROVISIONAL_AUTO_REVIEW_REQUIRED","DENY","0.5-draft"
"EDGE-TD-ENERGY-017","TD-ENERGY","TD-ENERGY-CHARGE","REQUIRED","","","SL2","","Generated provisional semantics; human domain review required","PROVISIONAL_AUTO_REVIEW_REQUIRED","DENY","0.5-draft"
"EDGE-TD-ENERGY-018","TD-ENERGY","TD-ENERGY-FAILURE","REQUIRED","","","SL2","","Generated provisional semantics; human domain review required","PROVISIONAL_AUTO_REVIEW_REQUIRED","DENY","0.5-draft"
"EDGE-TD-ENERGY-019","TD-ENERGY","TD-ENERGY-SPARES","REQUIRED","","","SL2","","Generated provisional semantics; human domain review required","PROVISIONAL_AUTO_REVIEW_REQUIRED","DENY","0.5-draft"
"EDGE-TD-ENERGY-LOADS-001","TD-ENERGY-LOADS","TD-BASE-INVENTORY","REQUIRED","","","SL1","","Generated provisional semantics; human domain review required","PROVISIONAL_AUTO_REVIEW_REQUIRED","DENY","0.5-draft"
"EDGE-TD-ENERGY-LOADS-002","TD-ENERGY-LOADS","TD-BASE-METROLOGY","REQUIRED","","","SL3","","Generated provisional semantics; human domain review required","PROVISIONAL_AUTO_REVIEW_REQUIRED","DENY","0.5-draft"
"EDGE-TD-ENERGY-DC-001","TD-ENERGY-DC","TD-ENERGY-LOADS","REQUIRED","","","SL2","","Generated provisional semantics; human domain review required","PROVISIONAL_AUTO_REVIEW_REQUIRED","DENY","0.5-draft"
"EDGE-TD-ENERGY-DC-002","TD-ENERGY-DC","TD-BASE-DRAWINGS","REQUIRED","","","SL3","","Generated provisional semantics; human domain review required","PROVISIONAL_AUTO_REVIEW_REQUIRED","DENY","0.5-draft"
"EDGE-TD-ENERGY-DC-003","TD-ENERGY-DC","TD-BASE-METROLOGY","REQUIRED","","","SL3","","Generated provisional semantics; human domain review required","PROVISIONAL_AUTO_REVIEW_REQUIRED","DENY","0.5-draft"
"EDGE-TD-ENERGY-GENERATION-001","TD-ENERGY-GENERATION","TD-ENERGY-LOADS","REQUIRED","","","SL2","","Generated provisional semantics; human domain review required","PROVISIONAL_AUTO_REVIEW_REQUIRED","DENY","0.5-draft"
"EDGE-TD-ENERGY-GENERATION-002","TD-ENERGY-GENERATION","TD-ENERGY-DC","REQUIRED","","","SL2","","Generated provisional semantics; human domain review required","PROVISIONAL_AUTO_REVIEW_REQUIRED","DENY","0.5-draft"
"EDGE-TD-ENERGY-GENERATION-003","TD-ENERGY-GENERATION","TD-BASE-SITE","REQUIRED","","","SL1","","Generated provisional semantics; human domain review required","PROVISIONAL_AUTO_REVIEW_REQUIRED","DENY","0.5-draft"
"EDGE-TD-ENERGY-STORAGE-001","TD-ENERGY-STORAGE","TD-ENERGY-LOADS","REQUIRED","","","SL2","","Generated provisional semantics; human domain review required","PROVISIONAL_AUTO_REVIEW_REQUIRED","DENY","0.5-draft"
"EDGE-TD-ENERGY-STORAGE-002","TD-ENERGY-STORAGE","TD-BASE-SAFETY","REQUIRED","","","SL1","","Generated provisional semantics; human domain review required","PROVISIONAL_AUTO_REVIEW_REQUIRED","DENY","0.5-draft"
"EDGE-TD-ENERGY-STORAGE-003","TD-ENERGY-STORAGE","TD-BASE-INVENTORY","REQUIRED","","","SL1","","Generated provisional semantics; human domain review required","PROVISIONAL_AUTO_REVIEW_REQUIRED","DENY","0.5-draft"
"EDGE-TD-ENERGY-PROTECTION-001","TD-ENERGY-PROTECTION","TD-ENERGY-DC","REQUIRED","","","SL2","","Generated provisional semantics; human domain review required","PROVISIONAL_AUTO_REVIEW_REQUIRED","DENY","0.5-draft"
"EDGE-TD-ENERGY-PROTECTION-002","TD-ENERGY-PROTECTION","TD-ENERGY-GENERATION","CONDITIONAL","","","SL2","applicable_profile_site_or_qualified_role_required","Generated provisional semantics; human domain review required","PROVISIONAL_AUTO_REVIEW_REQUIRED","DENY","0.5-draft"
"EDGE-TD-ENERGY-PROTECTION-003","TD-ENERGY-PROTECTION","TD-ENERGY-STORAGE","CONDITIONAL","","","SL2","applicable_profile_site_or_qualified_role_required","Generated provisional semantics; human domain review required","PROVISIONAL_AUTO_REVIEW_REQUIRED","DENY","0.5-draft"
"EDGE-TD-ENERGY-BLACKSTART-001","TD-ENERGY-BLACKSTART","TD-ENERGY-PROTECTION","CONDITIONAL","","","SL2","applicable_profile_site_or_qualified_role_required","Generated provisional semantics; human domain review required","PROVISIONAL_AUTO_REVIEW_REQUIRED","DENY","0.5-draft"
"EDGE-TD-ENERGY-BLACKSTART-002","TD-ENERGY-BLACKSTART","TD-ENERGY-LOADS","REQUIRED","","","SL2","","Generated provisional semantics; human domain review required","PROVISIONAL_AUTO_REVIEW_REQUIRED","DENY","0.5-draft"
"EDGE-TD-ENERGY-BLACKSTART-003","TD-ENERGY-BLACKSTART","TD-BASE-TRAINING","REQUIRED","","","SL3","","Generated provisional semantics; human domain review required","PROVISIONAL_AUTO_REVIEW_REQUIRED","DENY","0.5-draft"
"EDGE-TD-WORKSHOP-001","TD-WORKSHOP","TD-BASE","REQUIRED","","","SL3","","Generated provisional semantics; human domain review required","PROVISIONAL_AUTO_REVIEW_REQUIRED","DENY","0.5-draft"
"EDGE-TD-WORKSHOP-002","TD-WORKSHOP","TD-WORKSHOP-HANDTOOLS","REQUIRED","","","SL3","","Generated provisional semantics; human domain review required","PROVISIONAL_AUTO_REVIEW_REQUIRED","DENY","0.5-draft"
"EDGE-TD-WORKSHOP-003","TD-WORKSHOP","TD-WORKSHOP-FIXTURES","REQUIRED","","","SL3","","Generated provisional semantics; human domain review required","PROVISIONAL_AUTO_REVIEW_REQUIRED","DENY","0.5-draft"
"EDGE-TD-WORKSHOP-004","TD-WORKSHOP","TD-WORKSHOP-MEASURE","REQUIRED","","","SL3","","Generated provisional semantics; human domain review required","PROVISIONAL_AUTO_REVIEW_REQUIRED","DENY","0.5-draft"
"EDGE-TD-WORKSHOP-005","TD-WORKSHOP","TD-WORKSHOP-WOOD","REQUIRED","","","SL3","","Generated provisional semantics; human domain review required","PROVISIONAL_AUTO_REVIEW_REQUIRED","DENY","0.5-draft"
"EDGE-TD-WORKSHOP-006","TD-WORKSHOP","TD-WORKSHOP-TEXTILE","REQUIRED","","","SL3","","Generated provisional semantics; human domain review required","PROVISIONAL_AUTO_REVIEW_REQUIRED","DENY","0.5-draft"
"EDGE-TD-WORKSHOP-007","TD-WORKSHOP","TD-WORKSHOP-LOWV","REQUIRED","","","SL3","","Generated provisional semantics; human domain review required","PROVISIONAL_AUTO_REVIEW_REQUIRED","DENY","0.5-draft"
"EDGE-TD-WORKSHOP-008","TD-WORKSHOP","TD-WORKSHOP-SALVAGE","REQUIRED","","","SL3","","Generated provisional semantics; human domain review required","PROVISIONAL_AUTO_REVIEW_REQUIRED","DENY","0.5-draft"
"EDGE-TD-WORKSHOP-009","TD-WORKSHOP","TD-WORKSHOP-SPACE","REQUIRED","","","SL3","","Generated provisional semantics; human domain review required","PROVISIONAL_AUTO_REVIEW_REQUIRED","DENY","0.5-draft"
"EDGE-TD-WORKSHOP-010","TD-WORKSHOP","TD-WORKSHOP-LIGHT","REQUIRED","","","SL3","","Generated provisional semantics; human domain review required","PROVISIONAL_AUTO_REVIEW_REQUIRED","DENY","0.5-draft"
"EDGE-TD-WORKSHOP-011","TD-WORKSHOP","TD-WORKSHOP-VENT","CONDITIONAL","","","SL4","applicable_profile_site_or_qualified_role_required","Generated provisional semantics; human domain review required","PROVISIONAL_AUTO_REVIEW_REQUIRED","DENY","0.5-draft"
"EDGE-TD-WORKSHOP-012","TD-WORKSHOP","TD-WORKSHOP-FIRE","REQUIRED","","","SL3","","Generated provisional semantics; human domain review required","PROVISIONAL_AUTO_REVIEW_REQUIRED","DENY","0.5-draft"
"EDGE-TD-WORKSHOP-013","TD-WORKSHOP","TD-WORKSHOP-PPE","REQUIRED","","","SL3","","Generated provisional semantics; human domain review required","PROVISIONAL_AUTO_REVIEW_REQUIRED","DENY","0.5-draft"
"EDGE-TD-WORKSHOP-014","TD-WORKSHOP","TD-WORKSHOP-CUSTODY","REQUIRED","","","SL3","","Generated provisional semantics; human domain review required","PROVISIONAL_AUTO_REVIEW_REQUIRED","DENY","0.5-draft"
"EDGE-TD-WORKSHOP-015","TD-WORKSHOP","TD-WORKSHOP-MARK","REQUIRED","","","SL3","","Generated provisional semantics; human domain review required","PROVISIONAL_AUTO_REVIEW_REQUIRED","DENY","0.5-draft"
"EDGE-TD-WORKSHOP-016","TD-WORKSHOP","TD-WORKSHOP-TEMPLATES","REQUIRED","","","SL3","","Generated provisional semantics; human domain review required","PROVISIONAL_AUTO_REVIEW_REQUIRED","DENY","0.5-draft"
"EDGE-TD-WORKSHOP-017","TD-WORKSHOP","TD-WORKSHOP-HOLD","REQUIRED","","","SL3","","Generated provisional semantics; human domain review required","PROVISIONAL_AUTO_REVIEW_REQUIRED","DENY","0.5-draft"
"EDGE-TD-WORKSHOP-018","TD-WORKSHOP","TD-WORKSHOP-CUT","REQUIRED","","","SL3","","Generated provisional semantics; human domain review required","PROVISIONAL_AUTO_REVIEW_REQUIRED","DENY","0.5-draft"
"EDGE-TD-WORKSHOP-019","TD-WORKSHOP","TD-WORKSHOP-DRILL","REQUIRED","","","SL3","","Generated provisional semantics; human domain review required","PROVISIONAL_AUTO_REVIEW_REQUIRED","DENY","0.5-draft"
"EDGE-TD-WORKSHOP-020","TD-WORKSHOP","TD-WORKSHOP-FILE","REQUIRED","","","SL3","","Generated provisional semantics; human domain review required","PROVISIONAL_AUTO_REVIEW_REQUIRED","DENY","0.5-draft"
"EDGE-TD-WORKSHOP-021","TD-WORKSHOP","TD-WORKSHOP-PLANE","REQUIRED","","","SL3","","Generated provisional semantics; human domain review required","PROVISIONAL_AUTO_REVIEW_REQUIRED","DENY","0.5-draft"
"EDGE-TD-WORKSHOP-022","TD-WORKSHOP","TD-WORKSHOP-ABRASIVE","CONDITIONAL","","","SL4","applicable_profile_site_or_qualified_role_required","Generated provisional semantics; human domain review required","PROVISIONAL_AUTO_REVIEW_REQUIRED","DENY","0.5-draft"
"EDGE-TD-WORKSHOP-023","TD-WORKSHOP","TD-WORKSHOP-SHARPEN","REQUIRED","","","SL3","","Generated provisional semantics; human domain review required","PROVISIONAL_AUTO_REVIEW_REQUIRED","DENY","0.5-draft"
"EDGE-TD-WORKSHOP-024","TD-WORKSHOP","TD-WORKSHOP-FASTEN","REQUIRED","","","SL3","","Generated provisional semantics; human domain review required","PROVISIONAL_AUTO_REVIEW_REQUIRED","DENY","0.5-draft"
"EDGE-TD-WORKSHOP-025","TD-WORKSHOP","TD-WORKSHOP-TORQUE","CONDITIONAL","","","SL4","applicable_profile_site_or_qualified_role_required","Generated provisional semantics; human domain review required","PROVISIONAL_AUTO_REVIEW_REQUIRED","DENY","0.5-draft"
"EDGE-TD-WORKSHOP-026","TD-WORKSHOP","TD-WORKSHOP-ADHESIVE","REQUIRED","","","SL3","","Generated provisional semantics; human domain review required","PROVISIONAL_AUTO_REVIEW_REQUIRED","DENY","0.5-draft"
"EDGE-TD-WORKSHOP-027","TD-WORKSHOP","TD-WORKSHOP-SEW","REQUIRED","","","SL3","","Generated provisional semantics; human domain review required","PROVISIONAL_AUTO_REVIEW_REQUIRED","DENY","0.5-draft"
"EDGE-TD-WORKSHOP-028","TD-WORKSHOP","TD-WORKSHOP-ROPE","REQUIRED","","","SL3","","Generated provisional semantics; human domain review required","PROVISIONAL_AUTO_REVIEW_REQUIRED","DENY","0.5-draft"
"EDGE-TD-WORKSHOP-029","TD-WORKSHOP","TD-WORKSHOP-METAL-COLD","CONDITIONAL","","","SL4","applicable_profile_site_or_qualified_role_required","Generated provisional semantics; human domain review required","PROVISIONAL_AUTO_REVIEW_REQUIRED","DENY","0.5-draft"
"EDGE-TD-WORKSHOP-030","TD-WORKSHOP","TD-WORKSHOP-PLUMBING","REQUIRED","","","SL3","","Generated provisional semantics; human domain review required","PROVISIONAL_AUTO_REVIEW_REQUIRED","DENY","0.5-draft"
"EDGE-TD-WORKSHOP-031","TD-WORKSHOP","TD-WORKSHOP-PUMPS","CONDITIONAL","","","SL4","applicable_profile_site_or_qualified_role_required","Generated provisional semantics; human domain review required","PROVISIONAL_AUTO_REVIEW_REQUIRED","DENY","0.5-draft"
"EDGE-TD-WORKSHOP-032","TD-WORKSHOP","TD-WORKSHOP-BICYCLE","OPTIONAL","","","SL3","use_only_if_selected_technology_requires_it","Generated provisional semantics; human domain review required","PROVISIONAL_AUTO_REVIEW_REQUIRED","DENY","0.5-draft"
"EDGE-TD-WORKSHOP-033","TD-WORKSHOP","TD-WORKSHOP-CART","OPTIONAL","","","SL3","use_only_if_selected_technology_requires_it","Generated provisional semantics; human domain review required","PROVISIONAL_AUTO_REVIEW_REQUIRED","DENY","0.5-draft"
"EDGE-TD-WORKSHOP-034","TD-WORKSHOP","TD-WORKSHOP-FOOTWEAR","OPTIONAL","","","SL3","use_only_if_selected_technology_requires_it","Generated provisional semantics; human domain review required","PROVISIONAL_AUTO_REVIEW_REQUIRED","DENY","0.5-draft"
"EDGE-TD-WORKSHOP-035","TD-WORKSHOP","TD-WORKSHOP-DONOR","REQUIRED","","","SL3","","Generated provisional semantics; human domain review required","PROVISIONAL_AUTO_REVIEW_REQUIRED","DENY","0.5-draft"
"EDGE-TD-WORKSHOP-036","TD-WORKSHOP","TD-WORKSHOP-CONSUMABLES","REQUIRED","","","SL3","","Generated provisional semantics; human domain review required","PROVISIONAL_AUTO_REVIEW_REQUIRED","DENY","0.5-draft"
"EDGE-TD-WORKSHOP-037","TD-WORKSHOP","TD-WORKSHOP-INTERFACES","REQUIRED","","","SL3","","Generated provisional semantics; human domain review required","PROVISIONAL_AUTO_REVIEW_REQUIRED","DENY","0.5-draft"
"EDGE-TD-WORKSHOP-038","TD-WORKSHOP","TD-WORKSHOP-POST-TEST","REQUIRED","","","SL3","","Generated provisional semantics; human domain review required","PROVISIONAL_AUTO_REVIEW_REQUIRED","DENY","0.5-draft"
"EDGE-TD-WORKSHOP-HANDTOOLS-001","TD-WORKSHOP-HANDTOOLS","TD-BASE-INVENTORY","REQUIRED","","","SL1","","Generated provisional semantics; human domain review required","PROVISIONAL_AUTO_REVIEW_REQUIRED","DENY","0.5-draft"
"EDGE-TD-WORKSHOP-HANDTOOLS-002","TD-WORKSHOP-HANDTOOLS","TD-BASE-SAFETY","REQUIRED","","","SL1","","Generated provisional semantics; human domain review required","PROVISIONAL_AUTO_REVIEW_REQUIRED","DENY","0.5-draft"
"EDGE-TD-WORKSHOP-FIXTURES-001","TD-WORKSHOP-FIXTURES","TD-WORKSHOP-HANDTOOLS","REQUIRED","","","SL3","","Generated provisional semantics; human domain review required","PROVISIONAL_AUTO_REVIEW_REQUIRED","DENY","0.5-draft"
"EDGE-TD-WORKSHOP-FIXTURES-002","TD-WORKSHOP-FIXTURES","TD-BASE-DRAWINGS","REQUIRED","","","SL3","","Generated provisional semantics; human domain review required","PROVISIONAL_AUTO_REVIEW_REQUIRED","DENY","0.5-draft"
"EDGE-TD-WORKSHOP-FIXTURES-003","TD-WORKSHOP-FIXTURES","TD-BASE-SITE","REQUIRED","","","SL1","","Generated provisional semantics; human domain review required","PROVISIONAL_AUTO_REVIEW_REQUIRED","DENY","0.5-draft"
"EDGE-TD-WORKSHOP-MEASURE-001","TD-WORKSHOP-MEASURE","TD-BASE-METROLOGY","REQUIRED","","","SL3","","Generated provisional semantics; human domain review required","PROVISIONAL_AUTO_REVIEW_REQUIRED","DENY","0.5-draft"
"EDGE-TD-WORKSHOP-MEASURE-002","TD-WORKSHOP-MEASURE","TD-WORKSHOP-HANDTOOLS","REQUIRED","","","SL3","","Generated provisional semantics; human domain review required","PROVISIONAL_AUTO_REVIEW_REQUIRED","DENY","0.5-draft"
"EDGE-TD-WORKSHOP-WOOD-001","TD-WORKSHOP-WOOD","TD-WORKSHOP-HANDTOOLS","REQUIRED","","","SL3","","Generated provisional semantics; human domain review required","PROVISIONAL_AUTO_REVIEW_REQUIRED","DENY","0.5-draft"
"EDGE-TD-WORKSHOP-WOOD-002","TD-WORKSHOP-WOOD","TD-WORKSHOP-FIXTURES","REQUIRED","","","SL3","","Generated provisional semantics; human domain review required","PROVISIONAL_AUTO_REVIEW_REQUIRED","DENY","0.5-draft"
"EDGE-TD-WORKSHOP-WOOD-003","TD-WORKSHOP-WOOD","TD-WORKSHOP-MEASURE","REQUIRED","","","SL3","","Generated provisional semantics; human domain review required","PROVISIONAL_AUTO_REVIEW_REQUIRED","DENY","0.5-draft"
"EDGE-TD-WORKSHOP-WOOD-004","TD-WORKSHOP-WOOD","TD-BASE-MATERIALS","REQUIRED","","","SL3","","Generated provisional semantics; human domain review required","PROVISIONAL_AUTO_REVIEW_REQUIRED","DENY","0.5-draft"
"EDGE-TD-WORKSHOP-TEXTILE-001","TD-WORKSHOP-TEXTILE","TD-WORKSHOP-HANDTOOLS","REQUIRED","","","SL3","","Generated provisional semantics; human domain review required","PROVISIONAL_AUTO_REVIEW_REQUIRED","DENY","0.5-draft"
"EDGE-TD-WORKSHOP-TEXTILE-002","TD-WORKSHOP-TEXTILE","TD-BASE-MATERIALS","REQUIRED","","","SL3","","Generated provisional semantics; human domain review required","PROVISIONAL_AUTO_REVIEW_REQUIRED","DENY","0.5-draft"
"EDGE-TD-WORKSHOP-LOWV-001","TD-WORKSHOP-LOWV","TD-ENERGY-DC","REQUIRED","","","SL2","","Generated provisional semantics; human domain review required","PROVISIONAL_AUTO_REVIEW_REQUIRED","DENY","0.5-draft"
"EDGE-TD-WORKSHOP-LOWV-002","TD-WORKSHOP-LOWV","TD-WORKSHOP-MEASURE","REQUIRED","","","SL3","","Generated provisional semantics; human domain review required","PROVISIONAL_AUTO_REVIEW_REQUIRED","DENY","0.5-draft"
"EDGE-TD-WORKSHOP-LOWV-003","TD-WORKSHOP-LOWV","TD-BASE-DRAWINGS","REQUIRED","","","SL3","","Generated provisional semantics; human domain review required","PROVISIONAL_AUTO_REVIEW_REQUIRED","DENY","0.5-draft"
"EDGE-TD-WORKSHOP-SALVAGE-001","TD-WORKSHOP-SALVAGE","TD-BASE-SAFETY","REQUIRED","","","SL1","","Generated provisional semantics; human domain review required","PROVISIONAL_AUTO_REVIEW_REQUIRED","DENY","0.5-draft"
"EDGE-TD-WORKSHOP-SALVAGE-002","TD-WORKSHOP-SALVAGE","TD-BASE-MATERIALS","REQUIRED","","","SL3","","Generated provisional semantics; human domain review required","PROVISIONAL_AUTO_REVIEW_REQUIRED","DENY","0.5-draft"
"EDGE-TD-WORKSHOP-SALVAGE-003","TD-WORKSHOP-SALVAGE","TD-BASE-INVENTORY","REQUIRED","","","SL1","","Generated provisional semantics; human domain review required","PROVISIONAL_AUTO_REVIEW_REQUIRED","DENY","0.5-draft"
"EDGE-TD-HEALTH-001","TD-HEALTH","TD-BASE","REQUIRED","","","SL3","","Generated provisional semantics; human domain review required","PROVISIONAL_AUTO_REVIEW_REQUIRED","DENY","0.5-draft"
"EDGE-TD-HEALTH-002","TD-HEALTH","TD-HEALTH-PREVENTION","REQUIRED","","","SL2","","Generated provisional semantics; human domain review required","PROVISIONAL_AUTO_REVIEW_REQUIRED","DENY","0.5-draft"
"EDGE-TD-HEALTH-003","TD-HEALTH","TD-HEALTH-FIRSTAID","REQUIRED","","","SL1","","Generated provisional semantics; human domain review required","PROVISIONAL_AUTO_REVIEW_REQUIRED","DENY","0.5-draft"
"EDGE-TD-HEALTH-004","TD-HEALTH","TD-HEALTH-CARDS","REQUIRED","","","SL1","","Generated provisional semantics; human domain review required","PROVISIONAL_AUTO_REVIEW_REQUIRED","DENY","0.5-draft"
"EDGE-TD-HEALTH-005","TD-HEALTH","TD-HEALTH-MEDS","CONDITIONAL","","","SL1","applicable_profile_site_or_qualified_role_required","Generated provisional semantics; human domain review required","PROVISIONAL_AUTO_REVIEW_REQUIRED","DENY","0.5-draft"
"EDGE-TD-HEALTH-006","TD-HEALTH","TD-HEALTH-PRO","CONDITIONAL","","","SL1","applicable_profile_site_or_qualified_role_required","Generated provisional semantics; human domain review required","PROVISIONAL_AUTO_REVIEW_REQUIRED","DENY","0.5-draft"
"EDGE-TD-HEALTH-007","TD-HEALTH","TD-HEALTH-SCENE-PPE","REQUIRED","","","SL0","","Generated provisional semantics; human domain review required","PROVISIONAL_AUTO_REVIEW_REQUIRED","DENY","0.5-draft"
"EDGE-TD-HEALTH-008","TD-HEALTH","TD-HEALTH-CONTACTS","REQUIRED","","","SL0","","Generated provisional semantics; human domain review required","PROVISIONAL_AUTO_REVIEW_REQUIRED","DENY","0.5-draft"
"EDGE-TD-HEALTH-009","TD-HEALTH","TD-HEALTH-PRIMARY-ASSESS","REQUIRED","","","SL0","","Generated provisional semantics; human domain review required","PROVISIONAL_AUTO_REVIEW_REQUIRED","DENY","0.5-draft"
"EDGE-TD-HEALTH-010","TD-HEALTH","TD-HEALTH-BLS-AED","REQUIRED","","","SL0","","Generated provisional semantics; human domain review required","PROVISIONAL_AUTO_REVIEW_REQUIRED","DENY","0.5-draft"
"EDGE-TD-HEALTH-011","TD-HEALTH","TD-HEALTH-AIRWAY","REQUIRED","","","SL0","","Generated provisional semantics; human domain review required","PROVISIONAL_AUTO_REVIEW_REQUIRED","DENY","0.5-draft"
"EDGE-TD-HEALTH-012","TD-HEALTH","TD-HEALTH-BLEED-SHOCK","REQUIRED","","","SL0","","Generated provisional semantics; human domain review required","PROVISIONAL_AUTO_REVIEW_REQUIRED","DENY","0.5-draft"
"EDGE-TD-HEALTH-013","TD-HEALTH","TD-HEALTH-ANAPHYLAXIS","CONDITIONAL","","","SL1","applicable_profile_site_or_qualified_role_required","Generated provisional semantics; human domain review required","PROVISIONAL_AUTO_REVIEW_REQUIRED","DENY","0.5-draft"
"EDGE-TD-HEALTH-014","TD-HEALTH","TD-HEALTH-CHEST-STROKE","REQUIRED","","","SL1","","Generated provisional semantics; human domain review required","PROVISIONAL_AUTO_REVIEW_REQUIRED","DENY","0.5-draft"
"EDGE-TD-HEALTH-015","TD-HEALTH","TD-HEALTH-RESP","CONDITIONAL","","","SL1","applicable_profile_site_or_qualified_role_required","Generated provisional semantics; human domain review required","PROVISIONAL_AUTO_REVIEW_REQUIRED","DENY","0.5-draft"
"EDGE-TD-HEALTH-016","TD-HEALTH","TD-HEALTH-SEIZURE","REQUIRED","","","SL1","","Generated provisional semantics; human domain review required","PROVISIONAL_AUTO_REVIEW_REQUIRED","DENY","0.5-draft"
"EDGE-TD-HEALTH-017","TD-HEALTH","TD-HEALTH-DIABETES","CONDITIONAL","","","SL1","applicable_profile_site_or_qualified_role_required","Generated provisional semantics; human domain review required","PROVISIONAL_AUTO_REVIEW_REQUIRED","DENY","0.5-draft"
"EDGE-TD-HEALTH-018","TD-HEALTH","TD-HEALTH-BURNS","REQUIRED","","","SL1","","Generated provisional semantics; human domain review required","PROVISIONAL_AUTO_REVIEW_REQUIRED","DENY","0.5-draft"
"EDGE-TD-HEALTH-019","TD-HEALTH","TD-HEALTH-ELECTRIC","REQUIRED","","","SL1","","Generated provisional semantics; human domain review required","PROVISIONAL_AUTO_REVIEW_REQUIRED","DENY","0.5-draft"
"EDGE-TD-HEALTH-020","TD-HEALTH","TD-HEALTH-DROWNING","REQUIRED","","","SL1","","Generated provisional semantics; human domain review required","PROVISIONAL_AUTO_REVIEW_REQUIRED","DENY","0.5-draft"
"EDGE-TD-HEALTH-021","TD-HEALTH","TD-HEALTH-THERMAL-STRESS","REQUIRED","","","SL1","","Generated provisional semantics; human domain review required","PROVISIONAL_AUTO_REVIEW_REQUIRED","DENY","0.5-draft"
"EDGE-TD-HEALTH-022","TD-HEALTH","TD-HEALTH-DEHYDRATION","REQUIRED","","","SL1","","Generated provisional semantics; human domain review required","PROVISIONAL_AUTO_REVIEW_REQUIRED","DENY","0.5-draft"
"EDGE-TD-HEALTH-023","TD-HEALTH","TD-HEALTH-POISON","CONDITIONAL","","","SL1","applicable_profile_site_or_qualified_role_required","Generated provisional semantics; human domain review required","PROVISIONAL_AUTO_REVIEW_REQUIRED","DENY","0.5-draft"
"EDGE-TD-HEALTH-024","TD-HEALTH","TD-HEALTH-HEAD-SPINE","REQUIRED","","","SL1","","Generated provisional semantics; human domain review required","PROVISIONAL_AUTO_REVIEW_REQUIRED","DENY","0.5-draft"
"EDGE-TD-HEALTH-025","TD-HEALTH","TD-HEALTH-FRACTURE","REQUIRED","","","SL1","","Generated provisional semantics; human domain review required","PROVISIONAL_AUTO_REVIEW_REQUIRED","DENY","0.5-draft"
"EDGE-TD-HEALTH-026","TD-HEALTH","TD-HEALTH-WOUNDS","REQUIRED","","","SL2","","Generated provisional semantics; human domain review required","PROVISIONAL_AUTO_REVIEW_REQUIRED","DENY","0.5-draft"
"EDGE-TD-HEALTH-027","TD-HEALTH","TD-HEALTH-MATERNAL-NEONATAL","CONDITIONAL","","","SL1","applicable_profile_site_or_qualified_role_required","Generated provisional semantics; human domain review required","PROVISIONAL_AUTO_REVIEW_REQUIRED","DENY","0.5-draft"
"EDGE-TD-HEALTH-028","TD-HEALTH","TD-HEALTH-PEDIATRIC","CONDITIONAL","","","SL1","applicable_profile_site_or_qualified_role_required","Generated provisional semantics; human domain review required","PROVISIONAL_AUTO_REVIEW_REQUIRED","DENY","0.5-draft"
"EDGE-TD-HEALTH-029","TD-HEALTH","TD-HEALTH-MENTAL-CRISIS","REQUIRED","","","SL1","","Generated provisional semantics; human domain review required","PROVISIONAL_AUTO_REVIEW_REQUIRED","DENY","0.5-draft"
"EDGE-TD-HEALTH-030","TD-HEALTH","TD-HEALTH-RECORDS","REQUIRED","","","SL1","","Generated provisional semantics; human domain review required","PROVISIONAL_AUTO_REVIEW_REQUIRED","DENY","0.5-draft"
"EDGE-TD-HEALTH-031","TD-HEALTH","TD-HEALTH-KIT-INVENTORY","REQUIRED","","","SL1","","Generated provisional semantics; human domain review required","PROVISIONAL_AUTO_REVIEW_REQUIRED","DENY","0.5-draft"
"EDGE-TD-HEALTH-032","TD-HEALTH","TD-HEALTH-MEDICATION-INVENTORY","CONDITIONAL","","","SL2","applicable_profile_site_or_qualified_role_required","Generated provisional semantics; human domain review required","PROVISIONAL_AUTO_REVIEW_REQUIRED","DENY","0.5-draft"
"EDGE-TD-HEALTH-033","TD-HEALTH","TD-HEALTH-COLD-CHAIN","CONDITIONAL","","","SL2","applicable_profile_site_or_qualified_role_required","Generated provisional semantics; human domain review required","PROVISIONAL_AUTO_REVIEW_REQUIRED","DENY","0.5-draft"
"EDGE-TD-HEALTH-034","TD-HEALTH","TD-HEALTH-IPC","REQUIRED","","","SL2","","Generated provisional semantics; human domain review required","PROVISIONAL_AUTO_REVIEW_REQUIRED","DENY","0.5-draft"
"EDGE-TD-HEALTH-035","TD-HEALTH","TD-HEALTH-MED-WASTE","CONDITIONAL","","","SL2","applicable_profile_site_or_qualified_role_required","Generated provisional semantics; human domain review required","PROVISIONAL_AUTO_REVIEW_REQUIRED","DENY","0.5-draft"
"EDGE-TD-HEALTH-036","TD-HEALTH","TD-HEALTH-DELAYED-CARE","CONDITIONAL","","","SL4","applicable_profile_site_or_qualified_role_required","Generated provisional semantics; human domain review required","PROVISIONAL_AUTO_REVIEW_REQUIRED","DENY","0.5-draft"
"EDGE-TD-HEALTH-037","TD-HEALTH","TD-HEALTH-DENTAL","REQUIRED","","","SL2","","Generated provisional semantics; human domain review required","PROVISIONAL_AUTO_REVIEW_REQUIRED","DENY","0.5-draft"
"EDGE-TD-HEALTH-038","TD-HEALTH","TD-HEALTH-REHAB","CONDITIONAL","","","SL4","applicable_profile_site_or_qualified_role_required","Generated provisional semantics; human domain review required","PROVISIONAL_AUTO_REVIEW_REQUIRED","DENY","0.5-draft"
"EDGE-TD-HEALTH-039","TD-HEALTH","TD-HEALTH-PALLIATIVE","CONDITIONAL","","","SL4","applicable_profile_site_or_qualified_role_required","Generated provisional semantics; human domain review required","PROVISIONAL_AUTO_REVIEW_REQUIRED","DENY","0.5-draft"
"EDGE-TD-HEALTH-040","TD-HEALTH","TD-HEALTH-DEATH","HAZARD_ONLY","","","SL4","not_an_operational_prerequisite","Generated provisional semantics; human domain review required","PROVISIONAL_AUTO_REVIEW_REQUIRED","DENY","0.5-draft"
"EDGE-TD-HEALTH-041","TD-HEALTH","TD-HEALTH-LONE-PERSON","REQUIRED","","","SL1","","Generated provisional semantics; human domain review required","PROVISIONAL_AUTO_REVIEW_REQUIRED","DENY","0.5-draft"
"EDGE-TD-HEALTH-042","TD-HEALTH","TD-HEALTH-GEO-LANGUAGE","REQUIRED","","","SL1","","Generated provisional semantics; human domain review required","PROVISIONAL_AUTO_REVIEW_REQUIRED","DENY","0.5-draft"
"EDGE-TD-HEALTH-043","TD-HEALTH","TD-HEALTH-BLS-ADULT","REQUIRED","","","SL0","","Generated provisional semantics; human domain review required","PROVISIONAL_AUTO_REVIEW_REQUIRED","DENY","0.5-draft"
"EDGE-TD-HEALTH-044","TD-HEALTH","TD-HEALTH-BLS-CHILD","REQUIRED","","","SL0","","Generated provisional semantics; human domain review required","PROVISIONAL_AUTO_REVIEW_REQUIRED","DENY","0.5-draft"
"EDGE-TD-HEALTH-045","TD-HEALTH","TD-HEALTH-BLS-INFANT","REQUIRED","","","SL0","","Generated provisional semantics; human domain review required","PROVISIONAL_AUTO_REVIEW_REQUIRED","DENY","0.5-draft"
"EDGE-TD-HEALTH-046","TD-HEALTH","TD-HEALTH-BLS-PREGNANCY","REQUIRED","","","SL0","","Generated provisional semantics; human domain review required","PROVISIONAL_AUTO_REVIEW_REQUIRED","DENY","0.5-draft"
"EDGE-TD-HEALTH-047","TD-HEALTH","TD-HEALTH-BLS-DROWNING","REQUIRED","","","SL0","","Generated provisional semantics; human domain review required","PROVISIONAL_AUTO_REVIEW_REQUIRED","DENY","0.5-draft"
"EDGE-TD-HEALTH-048","TD-HEALTH","TD-HEALTH-AMPUTATION-IMPALED","REQUIRED","","","SL1","","Generated provisional semantics; human domain review required","PROVISIONAL_AUTO_REVIEW_REQUIRED","DENY","0.5-draft"
"EDGE-TD-HEALTH-049","TD-HEALTH","TD-HEALTH-TRAUMA-CHEST","CONDITIONAL","","","SL1","applicable_profile_site_or_qualified_role_required","Generated provisional semantics; human domain review required","PROVISIONAL_AUTO_REVIEW_REQUIRED","DENY","0.5-draft"
"EDGE-TD-HEALTH-050","TD-HEALTH","TD-HEALTH-TRAUMA-ABDOMEN","CONDITIONAL","","","SL1","applicable_profile_site_or_qualified_role_required","Generated provisional semantics; human domain review required","PROVISIONAL_AUTO_REVIEW_REQUIRED","DENY","0.5-draft"
"EDGE-TD-HEALTH-051","TD-HEALTH","TD-HEALTH-TRAUMA-CRUSH-BLAST","CONDITIONAL","","","SL1","applicable_profile_site_or_qualified_role_required","Generated provisional semantics; human domain review required","PROVISIONAL_AUTO_REVIEW_REQUIRED","DENY","0.5-draft"
"EDGE-TD-HEALTH-052","TD-HEALTH","TD-HEALTH-MOVE-HANDOVER","REQUIRED","","","SL1","","Generated provisional semantics; human domain review required","PROVISIONAL_AUTO_REVIEW_REQUIRED","DENY","0.5-draft"
"EDGE-TD-HEALTH-053","TD-HEALTH","TD-HEALTH-BURN-THERMAL","REQUIRED","","","SL1","","Generated provisional semantics; human domain review required","PROVISIONAL_AUTO_REVIEW_REQUIRED","DENY","0.5-draft"
"EDGE-TD-HEALTH-054","TD-HEALTH","TD-HEALTH-BURN-CHEMICAL","CONDITIONAL","","","SL1","applicable_profile_site_or_qualified_role_required","Generated provisional semantics; human domain review required","PROVISIONAL_AUTO_REVIEW_REQUIRED","DENY","0.5-draft"
"EDGE-TD-HEALTH-055","TD-HEALTH","TD-HEALTH-BURN-ELECTRICAL","CONDITIONAL","","","SL1","applicable_profile_site_or_qualified_role_required","Generated provisional semantics; human domain review required","PROVISIONAL_AUTO_REVIEW_REQUIRED","DENY","0.5-draft"
"EDGE-TD-HEALTH-056","TD-HEALTH","TD-HEALTH-EYE-CHEMICAL","CONDITIONAL","","","SL1","applicable_profile_site_or_qualified_role_required","Generated provisional semantics; human domain review required","PROVISIONAL_AUTO_REVIEW_REQUIRED","DENY","0.5-draft"
"EDGE-TD-HEALTH-057","TD-HEALTH","TD-HEALTH-SMOKE-CO","REQUIRED","","","SL1","","Generated provisional semantics; human domain review required","PROVISIONAL_AUTO_REVIEW_REQUIRED","DENY","0.5-draft"
"EDGE-TD-HEALTH-058","TD-HEALTH","TD-HEALTH-FROSTBITE","REQUIRED","","","SL1","","Generated provisional semantics; human domain review required","PROVISIONAL_AUTO_REVIEW_REQUIRED","DENY","0.5-draft"
"EDGE-TD-HEALTH-059","TD-HEALTH","TD-HEALTH-SYNCOPE","REQUIRED","","","SL1","","Generated provisional semantics; human domain review required","PROVISIONAL_AUTO_REVIEW_REQUIRED","DENY","0.5-draft"
"EDGE-TD-HEALTH-060","TD-HEALTH","TD-HEALTH-ACUTE-ABDOMEN","CONDITIONAL","","","SL1","applicable_profile_site_or_qualified_role_required","Generated provisional semantics; human domain review required","PROVISIONAL_AUTO_REVIEW_REQUIRED","DENY","0.5-draft"
"EDGE-TD-HEALTH-061","TD-HEALTH","TD-HEALTH-HEADACHE","CONDITIONAL","","","SL1","applicable_profile_site_or_qualified_role_required","Generated provisional semantics; human domain review required","PROVISIONAL_AUTO_REVIEW_REQUIRED","DENY","0.5-draft"
"EDGE-TD-HEALTH-062","TD-HEALTH","TD-HEALTH-URINARY","CONDITIONAL","","","SL1","applicable_profile_site_or_qualified_role_required","Generated provisional semantics; human domain review required","PROVISIONAL_AUTO_REVIEW_REQUIRED","DENY","0.5-draft"
"EDGE-TD-HEALTH-063","TD-HEALTH","TD-HEALTH-FEVER","REQUIRED","","","SL1","","Generated provisional semantics; human domain review required","PROVISIONAL_AUTO_REVIEW_REQUIRED","DENY","0.5-draft"
"EDGE-TD-HEALTH-064","TD-HEALTH","TD-HEALTH-BITES-STINGS","REQUIRED","","","SL1","","Generated provisional semantics; human domain review required","PROVISIONAL_AUTO_REVIEW_REQUIRED","DENY","0.5-draft"
"EDGE-TD-HEALTH-065","TD-HEALTH","TD-HEALTH-SNAKE-MARINE","CONDITIONAL","","","SL1","applicable_profile_site_or_qualified_role_required","Generated provisional semantics; human domain review required","PROVISIONAL_AUTO_REVIEW_REQUIRED","DENY","0.5-draft"
"EDGE-TD-HEALTH-066","TD-HEALTH","TD-HEALTH-RABIES-TETANUS","CONDITIONAL","","","SL1","applicable_profile_site_or_qualified_role_required","Generated provisional semantics; human domain review required","PROVISIONAL_AUTO_REVIEW_REQUIRED","DENY","0.5-draft"
"EDGE-TD-HEALTH-067","TD-HEALTH","TD-HEALTH-OB-BLEED","CONDITIONAL","","","SL1","applicable_profile_site_or_qualified_role_required","Generated provisional semantics; human domain review required","PROVISIONAL_AUTO_REVIEW_REQUIRED","DENY","0.5-draft"
"EDGE-TD-HEALTH-068","TD-HEALTH","TD-HEALTH-OB-ECTOPIC","CONDITIONAL","","","SL1","applicable_profile_site_or_qualified_role_required","Generated provisional semantics; human domain review required","PROVISIONAL_AUTO_REVIEW_REQUIRED","DENY","0.5-draft"
"EDGE-TD-HEALTH-069","TD-HEALTH","TD-HEALTH-OB-PREECLAMPSIA","CONDITIONAL","","","SL1","applicable_profile_site_or_qualified_role_required","Generated provisional semantics; human domain review required","PROVISIONAL_AUTO_REVIEW_REQUIRED","DENY","0.5-draft"
"EDGE-TD-HEALTH-070","TD-HEALTH","TD-HEALTH-OB-BIRTH","HAZARD_ONLY","","","SL1","not_an_operational_prerequisite","Generated provisional semantics; human domain review required","PROVISIONAL_AUTO_REVIEW_REQUIRED","DENY","0.5-draft"
"EDGE-TD-HEALTH-071","TD-HEALTH","TD-HEALTH-OB-POSTPARTUM-BLEED","CONDITIONAL","","","SL2","applicable_profile_site_or_qualified_role_required","Generated provisional semantics; human domain review required","PROVISIONAL_AUTO_REVIEW_REQUIRED","DENY","0.5-draft"
"EDGE-TD-HEALTH-072","TD-HEALTH","TD-HEALTH-NEWBORN","CONDITIONAL","","","SL1","applicable_profile_site_or_qualified_role_required","Generated provisional semantics; human domain review required","PROVISIONAL_AUTO_REVIEW_REQUIRED","DENY","0.5-draft"
"EDGE-TD-HEALTH-073","TD-HEALTH","TD-HEALTH-SEXUAL-VIOLENCE","CONDITIONAL","","","SL1","applicable_profile_site_or_qualified_role_required","Generated provisional semantics; human domain review required","PROVISIONAL_AUTO_REVIEW_REQUIRED","DENY","0.5-draft"
"EDGE-TD-HEALTH-074","TD-HEALTH","TD-HEALTH-MH-SUICIDE","CONDITIONAL","","","SL1","applicable_profile_site_or_qualified_role_required","Generated provisional semantics; human domain review required","PROVISIONAL_AUTO_REVIEW_REQUIRED","DENY","0.5-draft"
"EDGE-TD-HEALTH-075","TD-HEALTH","TD-HEALTH-MH-PSYCHOSIS","CONDITIONAL","","","SL1","applicable_profile_site_or_qualified_role_required","Generated provisional semantics; human domain review required","PROVISIONAL_AUTO_REVIEW_REQUIRED","DENY","0.5-draft"
"EDGE-TD-HEALTH-076","TD-HEALTH","TD-HEALTH-MH-AGITATION","CONDITIONAL","","","SL1","applicable_profile_site_or_qualified_role_required","Generated provisional semantics; human domain review required","PROVISIONAL_AUTO_REVIEW_REQUIRED","DENY","0.5-draft"
"EDGE-TD-HEALTH-077","TD-HEALTH","TD-HEALTH-MH-WITHDRAWAL","CONDITIONAL","","","SL1","applicable_profile_site_or_qualified_role_required","Generated provisional semantics; human domain review required","PROVISIONAL_AUTO_REVIEW_REQUIRED","DENY","0.5-draft"
"EDGE-TD-HEALTH-078","TD-HEALTH","TD-HEALTH-DEVICE-OXYGEN-CPAP","CONDITIONAL","","","SL1","applicable_profile_site_or_qualified_role_required","Generated provisional semantics; human domain review required","PROVISIONAL_AUTO_REVIEW_REQUIRED","DENY","0.5-draft"
"EDGE-TD-HEALTH-079","TD-HEALTH","TD-HEALTH-DEVICE-DIALYSIS","CONDITIONAL","","","SL1","applicable_profile_site_or_qualified_role_required","Generated provisional semantics; human domain review required","PROVISIONAL_AUTO_REVIEW_REQUIRED","DENY","0.5-draft"
"EDGE-TD-HEALTH-080","TD-HEALTH","TD-HEALTH-DEVICE-TUBE-FEED","CONDITIONAL","","","SL1","applicable_profile_site_or_qualified_role_required","Generated provisional semantics; human domain review required","PROVISIONAL_AUTO_REVIEW_REQUIRED","DENY","0.5-draft"
"EDGE-TD-HEALTH-081","TD-HEALTH","TD-HEALTH-ISOLATION-IMMEDIATE","REQUIRED","","","SL1","","Generated provisional semantics; human domain review required","PROVISIONAL_AUTO_REVIEW_REQUIRED","DENY","0.5-draft"
"EDGE-TD-HEALTH-082","TD-HEALTH","TD-HEALTH-CONTACT-LOG","REQUIRED","","","SL1","","Generated provisional semantics; human domain review required","PROVISIONAL_AUTO_REVIEW_REQUIRED","DENY","0.5-draft"
"EDGE-TD-HEALTH-083","TD-HEALTH","TD-HEALTH-EVAC-ACCESS","CONDITIONAL","","","SL1","applicable_profile_site_or_qualified_role_required","Generated provisional semantics; human domain review required","PROVISIONAL_AUTO_REVIEW_REQUIRED","DENY","0.5-draft"
"EDGE-TD-HEALTH-084","TD-HEALTH","TD-HEALTH-TEAM-ROLES","REQUIRED","","","SL1","","Generated provisional semantics; human domain review required","PROVISIONAL_AUTO_REVIEW_REQUIRED","DENY","0.5-draft"
"EDGE-TD-HEALTH-085","TD-HEALTH","TD-HEALTH-CASUALTY-CAPACITY","REQUIRED","","","SL3","","Generated provisional semantics; human domain review required","PROVISIONAL_AUTO_REVIEW_REQUIRED","DENY","0.5-draft"
"EDGE-TD-HEALTH-086","TD-HEALTH","TD-HEALTH-CARE-NURSING","CONDITIONAL","","","SL2","applicable_profile_site_or_qualified_role_required","Generated provisional semantics; human domain review required","PROVISIONAL_AUTO_REVIEW_REQUIRED","DENY","0.5-draft"
"EDGE-TD-HEALTH-087","TD-HEALTH","TD-HEALTH-CARE-SWALLOW","CONDITIONAL","","","SL2","applicable_profile_site_or_qualified_role_required","Generated provisional semantics; human domain review required","PROVISIONAL_AUTO_REVIEW_REQUIRED","DENY","0.5-draft"
"EDGE-TD-HEALTH-088","TD-HEALTH","TD-HEALTH-CONT-CARDIO","CONDITIONAL","","","SL2","applicable_profile_site_or_qualified_role_required","Generated provisional semantics; human domain review required","PROVISIONAL_AUTO_REVIEW_REQUIRED","DENY","0.5-draft"
"EDGE-TD-HEALTH-089","TD-HEALTH","TD-HEALTH-CONT-DIABETES","CONDITIONAL","","","SL2","applicable_profile_site_or_qualified_role_required","Generated provisional semantics; human domain review required","PROVISIONAL_AUTO_REVIEW_REQUIRED","DENY","0.5-draft"
"EDGE-TD-HEALTH-090","TD-HEALTH","TD-HEALTH-CONT-RESP","CONDITIONAL","","","SL2","applicable_profile_site_or_qualified_role_required","Generated provisional semantics; human domain review required","PROVISIONAL_AUTO_REVIEW_REQUIRED","DENY","0.5-draft"
"EDGE-TD-HEALTH-091","TD-HEALTH","TD-HEALTH-CONT-EPILEPSY","CONDITIONAL","","","SL2","applicable_profile_site_or_qualified_role_required","Generated provisional semantics; human domain review required","PROVISIONAL_AUTO_REVIEW_REQUIRED","DENY","0.5-draft"
"EDGE-TD-HEALTH-092","TD-HEALTH","TD-HEALTH-CONT-ENDOCRINE","CONDITIONAL","","","SL2","applicable_profile_site_or_qualified_role_required","Generated provisional semantics; human domain review required","PROVISIONAL_AUTO_REVIEW_REQUIRED","DENY","0.5-draft"
"EDGE-TD-HEALTH-093","TD-HEALTH","TD-HEALTH-CONT-ANTICOAG","CONDITIONAL","","","SL2","applicable_profile_site_or_qualified_role_required","Generated provisional semantics; human domain review required","PROVISIONAL_AUTO_REVIEW_REQUIRED","DENY","0.5-draft"
"EDGE-TD-HEALTH-094","TD-HEALTH","TD-HEALTH-CONT-PSYCH","CONDITIONAL","","","SL2","applicable_profile_site_or_qualified_role_required","Generated provisional semantics; human domain review required","PROVISIONAL_AUTO_REVIEW_REQUIRED","DENY","0.5-draft"
"EDGE-TD-HEALTH-095","TD-HEALTH","TD-HEALTH-CONT-RENAL","CONDITIONAL","","","SL2","applicable_profile_site_or_qualified_role_required","Generated provisional semantics; human domain review required","PROVISIONAL_AUTO_REVIEW_REQUIRED","DENY","0.5-draft"
"EDGE-TD-HEALTH-096","TD-HEALTH","TD-HEALTH-CONT-ONCOLOGY","CONDITIONAL","","","SL2","applicable_profile_site_or_qualified_role_required","Generated provisional semantics; human domain review required","PROVISIONAL_AUTO_REVIEW_REQUIRED","DENY","0.5-draft"
"EDGE-TD-HEALTH-097","TD-HEALTH","TD-HEALTH-CONT-TRANSPLANT","CONDITIONAL","","","SL2","applicable_profile_site_or_qualified_role_required","Generated provisional semantics; human domain review required","PROVISIONAL_AUTO_REVIEW_REQUIRED","DENY","0.5-draft"
"EDGE-TD-HEALTH-098","TD-HEALTH","TD-HEALTH-CONT-HIV-TB","CONDITIONAL","","","SL2","applicable_profile_site_or_qualified_role_required","Generated provisional semantics; human domain review required","PROVISIONAL_AUTO_REVIEW_REQUIRED","DENY","0.5-draft"
"EDGE-TD-HEALTH-099","TD-HEALTH","TD-HEALTH-CONT-AUTOIMMUNE","CONDITIONAL","","","SL2","applicable_profile_site_or_qualified_role_required","Generated provisional semantics; human domain review required","PROVISIONAL_AUTO_REVIEW_REQUIRED","DENY","0.5-draft"
"EDGE-TD-HEALTH-100","TD-HEALTH","TD-HEALTH-CONT-HEMOPHILIA","CONDITIONAL","","","SL2","applicable_profile_site_or_qualified_role_required","Generated provisional semantics; human domain review required","PROVISIONAL_AUTO_REVIEW_REQUIRED","DENY","0.5-draft"
"EDGE-TD-HEALTH-101","TD-HEALTH","TD-HEALTH-CONT-PAIN","CONDITIONAL","","","SL2","applicable_profile_site_or_qualified_role_required","Generated provisional semantics; human domain review required","PROVISIONAL_AUTO_REVIEW_REQUIRED","DENY","0.5-draft"
"EDGE-TD-HEALTH-102","TD-HEALTH","TD-HEALTH-CONT-STOMA-CATH","CONDITIONAL","","","SL2","applicable_profile_site_or_qualified_role_required","Generated provisional semantics; human domain review required","PROVISIONAL_AUTO_REVIEW_REQUIRED","DENY","0.5-draft"
"EDGE-TD-HEALTH-103","TD-HEALTH","TD-HEALTH-ASSISTIVE","REQUIRED","","","SL2","","Generated provisional semantics; human domain review required","PROVISIONAL_AUTO_REVIEW_REQUIRED","DENY","0.5-draft"
"EDGE-TD-HEALTH-104","TD-HEALTH","TD-HEALTH-POSTPARTUM","CONDITIONAL","","","SL2","applicable_profile_site_or_qualified_role_required","Generated provisional semantics; human domain review required","PROVISIONAL_AUTO_REVIEW_REQUIRED","DENY","0.5-draft"
"EDGE-TD-HEALTH-105","TD-HEALTH","TD-HEALTH-REPRODUCTIVE","CONDITIONAL","","","SL2","applicable_profile_site_or_qualified_role_required","Generated provisional semantics; human domain review required","PROVISIONAL_AUTO_REVIEW_REQUIRED","DENY","0.5-draft"
"EDGE-TD-HEALTH-106","TD-HEALTH","TD-HEALTH-SKIN-EYE-EAR","CONDITIONAL","","","SL1","applicable_profile_site_or_qualified_role_required","Generated provisional semantics; human domain review required","PROVISIONAL_AUTO_REVIEW_REQUIRED","DENY","0.5-draft"
"EDGE-TD-HEALTH-107","TD-HEALTH","TD-HEALTH-GRIEF-CAREGIVER","REQUIRED","","","SL2","","Generated provisional semantics; human domain review required","PROVISIONAL_AUTO_REVIEW_REQUIRED","DENY","0.5-draft"
"EDGE-TD-HEALTH-108","TD-HEALTH","TD-HEALTH-CARE-HANDOVER","REQUIRED","","","SL2","","Generated provisional semantics; human domain review required","PROVISIONAL_AUTO_REVIEW_REQUIRED","DENY","0.5-draft"
"EDGE-TD-HEALTH-109","TD-HEALTH","TD-HEALTH-PREVENT-VACCINE","CONDITIONAL","","","SL3","applicable_profile_site_or_qualified_role_required","Generated provisional semantics; human domain review required","PROVISIONAL_AUTO_REVIEW_REQUIRED","DENY","0.5-draft"
"EDGE-TD-HEALTH-110","TD-HEALTH","TD-HEALTH-CHILD-GROWTH","CONDITIONAL","","","SL3","applicable_profile_site_or_qualified_role_required","Generated provisional semantics; human domain review required","PROVISIONAL_AUTO_REVIEW_REQUIRED","DENY","0.5-draft"
"EDGE-TD-HEALTH-111","TD-HEALTH","TD-HEALTH-FALLS-DECONDITION","REQUIRED","","","SL3","","Generated provisional semantics; human domain review required","PROVISIONAL_AUTO_REVIEW_REQUIRED","DENY","0.5-draft"
"EDGE-TD-HEALTH-112","TD-HEALTH","TD-HEALTH-OCC-HEALTH","CONDITIONAL","","","SL3","applicable_profile_site_or_qualified_role_required","Generated provisional semantics; human domain review required","PROVISIONAL_AUTO_REVIEW_REQUIRED","DENY","0.5-draft"
"EDGE-TD-HEALTH-113","TD-HEALTH","TD-HEALTH-VECTOR","CONDITIONAL","","","SL3","applicable_profile_site_or_qualified_role_required","Generated provisional semantics; human domain review required","PROVISIONAL_AUTO_REVIEW_REQUIRED","DENY","0.5-draft"
"EDGE-TD-HEALTH-114","TD-HEALTH","TD-HEALTH-SURVEILLANCE","CONDITIONAL","","","SL3","applicable_profile_site_or_qualified_role_required","Generated provisional semantics; human domain review required","PROVISIONAL_AUTO_REVIEW_REQUIRED","DENY","0.5-draft"
"EDGE-TD-HEALTH-115","TD-HEALTH","TD-HEALTH-ISOLATION-ROOM","CONDITIONAL","","","SL3","applicable_profile_site_or_qualified_role_required","Generated provisional semantics; human domain review required","PROVISIONAL_AUTO_REVIEW_REQUIRED","DENY","0.5-draft"
"EDGE-TD-HEALTH-116","TD-HEALTH","TD-HEALTH-SUPPLY-REGISTER","REQUIRED","","","SL3","","Generated provisional semantics; human domain review required","PROVISIONAL_AUTO_REVIEW_REQUIRED","DENY","0.5-draft"
"EDGE-TD-HEALTH-117","TD-HEALTH","TD-HEALTH-DEVICE-QC","CONDITIONAL","","","SL3","applicable_profile_site_or_qualified_role_required","Generated provisional semantics; human domain review required","PROVISIONAL_AUTO_REVIEW_REQUIRED","DENY","0.5-draft"
"EDGE-TD-HEALTH-118","TD-HEALTH","TD-HEALTH-AED-LIFECYCLE","REQUIRED","","","SL3","","Generated provisional semantics; human domain review required","PROVISIONAL_AUTO_REVIEW_REQUIRED","DENY","0.5-draft"
"EDGE-TD-HEALTH-119","TD-HEALTH","TD-HEALTH-SKILL-MATRIX","REQUIRED","","","SL3","","Generated provisional semantics; human domain review required","PROVISIONAL_AUTO_REVIEW_REQUIRED","DENY","0.5-draft"
"EDGE-TD-HEALTH-120","TD-HEALTH","TD-HEALTH-REFERRAL-NET","REQUIRED","","","SL3","","Generated provisional semantics; human domain review required","PROVISIONAL_AUTO_REVIEW_REQUIRED","DENY","0.5-draft"
"EDGE-TD-HEALTH-121","TD-HEALTH","TD-HEALTH-CARE-ROOM","CONDITIONAL","","","SL3","applicable_profile_site_or_qualified_role_required","Generated provisional semantics; human domain review required","PROVISIONAL_AUTO_REVIEW_REQUIRED","DENY","0.5-draft"
"EDGE-TD-HEALTH-122","TD-HEALTH","TD-HEALTH-PROF-ANATOMY","CONDITIONAL","","","SL4","applicable_profile_site_or_qualified_role_required","Generated provisional semantics; human domain review required","PROVISIONAL_AUTO_REVIEW_REQUIRED","DENY","0.5-draft"
"EDGE-TD-HEALTH-123","TD-HEALTH","TD-HEALTH-PROF-EMERGENCY","HAZARD_ONLY","","","SL4","not_an_operational_prerequisite","Generated provisional semantics; human domain review required","PROVISIONAL_AUTO_REVIEW_REQUIRED","DENY","0.5-draft"
"EDGE-TD-HEALTH-124","TD-HEALTH","TD-HEALTH-PROF-PRIMARY","CONDITIONAL","","","SL4","applicable_profile_site_or_qualified_role_required","Generated provisional semantics; human domain review required","PROVISIONAL_AUTO_REVIEW_REQUIRED","DENY","0.5-draft"
"EDGE-TD-HEALTH-125","TD-HEALTH","TD-HEALTH-PROF-NURSING","CONDITIONAL","","","SL4","applicable_profile_site_or_qualified_role_required","Generated provisional semantics; human domain review required","PROVISIONAL_AUTO_REVIEW_REQUIRED","DENY","0.5-draft"
"EDGE-TD-HEALTH-126","TD-HEALTH","TD-HEALTH-PROF-PHARMACY","CONDITIONAL","","","SL4","applicable_profile_site_or_qualified_role_required","Generated provisional semantics; human domain review required","PROVISIONAL_AUTO_REVIEW_REQUIRED","DENY","0.5-draft"
"EDGE-TD-HEALTH-127","TD-HEALTH","TD-HEALTH-PROF-INTERNAL","CONDITIONAL","","","SL4","applicable_profile_site_or_qualified_role_required","Generated provisional semantics; human domain review required","PROVISIONAL_AUTO_REVIEW_REQUIRED","DENY","0.5-draft"
"EDGE-TD-HEALTH-128","TD-HEALTH","TD-HEALTH-PROF-INFECTIOUS","CONDITIONAL","","","SL4","applicable_profile_site_or_qualified_role_required","Generated provisional semantics; human domain review required","PROVISIONAL_AUTO_REVIEW_REQUIRED","DENY","0.5-draft"
"EDGE-TD-HEALTH-129","TD-HEALTH","TD-HEALTH-PROF-OB","HAZARD_ONLY","","","SL4","not_an_operational_prerequisite","Generated provisional semantics; human domain review required","PROVISIONAL_AUTO_REVIEW_REQUIRED","DENY","0.5-draft"
"EDGE-TD-HEALTH-130","TD-HEALTH","TD-HEALTH-PROF-PEDIATRICS","CONDITIONAL","","","SL4","applicable_profile_site_or_qualified_role_required","Generated provisional semantics; human domain review required","PROVISIONAL_AUTO_REVIEW_REQUIRED","DENY","0.5-draft"
"EDGE-TD-HEALTH-131","TD-HEALTH","TD-HEALTH-PROF-GERIATRICS","CONDITIONAL","","","SL4","applicable_profile_site_or_qualified_role_required","Generated provisional semantics; human domain review required","PROVISIONAL_AUTO_REVIEW_REQUIRED","DENY","0.5-draft"
"EDGE-TD-HEALTH-132","TD-HEALTH","TD-HEALTH-PROF-MENTAL","CONDITIONAL","","","SL4","applicable_profile_site_or_qualified_role_required","Generated provisional semantics; human domain review required","PROVISIONAL_AUTO_REVIEW_REQUIRED","DENY","0.5-draft"
"EDGE-TD-HEALTH-133","TD-HEALTH","TD-HEALTH-PROF-REHAB","CONDITIONAL","","","SL4","applicable_profile_site_or_qualified_role_required","Generated provisional semantics; human domain review required","PROVISIONAL_AUTO_REVIEW_REQUIRED","DENY","0.5-draft"
"EDGE-TD-HEALTH-134","TD-HEALTH","TD-HEALTH-PROF-PALLIATIVE","CONDITIONAL","","","SL4","applicable_profile_site_or_qualified_role_required","Generated provisional semantics; human domain review required","PROVISIONAL_AUTO_REVIEW_REQUIRED","DENY","0.5-draft"
"EDGE-TD-HEALTH-135","TD-HEALTH","TD-HEALTH-PROF-DENTISTRY","HAZARD_ONLY","","","SL4","not_an_operational_prerequisite","Generated provisional semantics; human domain review required","PROVISIONAL_AUTO_REVIEW_REQUIRED","DENY","0.5-draft"
"EDGE-TD-HEALTH-136","TD-HEALTH","TD-HEALTH-PROF-OPHTH-ENT","CONDITIONAL","","","SL4","applicable_profile_site_or_qualified_role_required","Generated provisional semantics; human domain review required","PROVISIONAL_AUTO_REVIEW_REQUIRED","DENY","0.5-draft"
"EDGE-TD-HEALTH-137","TD-HEALTH","TD-HEALTH-PROF-DERM","CONDITIONAL","","","SL4","applicable_profile_site_or_qualified_role_required","Generated provisional semantics; human domain review required","PROVISIONAL_AUTO_REVIEW_REQUIRED","DENY","0.5-draft"
"EDGE-TD-HEALTH-138","TD-HEALTH","TD-HEALTH-PROF-NUTRITION","CONDITIONAL","","","SL4","applicable_profile_site_or_qualified_role_required","Generated provisional semantics; human domain review required","PROVISIONAL_AUTO_REVIEW_REQUIRED","DENY","0.5-draft"
"EDGE-TD-HEALTH-139","TD-HEALTH","TD-HEALTH-PROF-TOX","HAZARD_ONLY","","","SL4","not_an_operational_prerequisite","Generated provisional semantics; human domain review required","PROVISIONAL_AUTO_REVIEW_REQUIRED","DENY","0.5-draft"
"EDGE-TD-HEALTH-140","TD-HEALTH","TD-HEALTH-PROF-SURGERY","HAZARD_ONLY","","","SL4","not_an_operational_prerequisite","Generated provisional semantics; human domain review required","PROVISIONAL_AUTO_REVIEW_REQUIRED","DENY","0.5-draft"
"EDGE-TD-HEALTH-141","TD-HEALTH","TD-HEALTH-PROF-BLOOD","HAZARD_ONLY","","","SL4","not_an_operational_prerequisite","Generated provisional semantics; human domain review required","PROVISIONAL_AUTO_REVIEW_REQUIRED","DENY","0.5-draft"
"EDGE-TD-HEALTH-142","TD-HEALTH","TD-HEALTH-PROF-LAB","HAZARD_ONLY","","","SL4","not_an_operational_prerequisite","Generated provisional semantics; human domain review required","PROVISIONAL_AUTO_REVIEW_REQUIRED","DENY","0.5-draft"
"EDGE-TD-HEALTH-143","TD-HEALTH","TD-HEALTH-PROF-IMAGING","HAZARD_ONLY","","","SL4","not_an_operational_prerequisite","Generated provisional semantics; human domain review required","PROVISIONAL_AUTO_REVIEW_REQUIRED","DENY","0.5-draft"
"EDGE-TD-HEALTH-144","TD-HEALTH","TD-HEALTH-PROF-OXYGEN","HAZARD_ONLY","","","SL4","not_an_operational_prerequisite","Generated provisional semantics; human domain review required","PROVISIONAL_AUTO_REVIEW_REQUIRED","DENY","0.5-draft"
"EDGE-TD-HEALTH-145","TD-HEALTH","TD-HEALTH-PROF-BIOMED","CONDITIONAL","","","SL4","applicable_profile_site_or_qualified_role_required","Generated provisional semantics; human domain review required","PROVISIONAL_AUTO_REVIEW_REQUIRED","DENY","0.5-draft"
"EDGE-TD-HEALTH-146","TD-HEALTH","TD-HEALTH-PROF-STERILE","HAZARD_ONLY","","","SL4","not_an_operational_prerequisite","Generated provisional semantics; human domain review required","PROVISIONAL_AUTO_REVIEW_REQUIRED","DENY","0.5-draft"
"EDGE-TD-HEALTH-147","TD-HEALTH","TD-HEALTH-PROF-CLINIC","CONDITIONAL","","","SL4","applicable_profile_site_or_qualified_role_required","Generated provisional semantics; human domain review required","PROVISIONAL_AUTO_REVIEW_REQUIRED","DENY","0.5-draft"
"EDGE-TD-HEALTH-148","TD-HEALTH","TD-HEALTH-PROF-SUPPLY","CONDITIONAL","","","SL4","applicable_profile_site_or_qualified_role_required","Generated provisional semantics; human domain review required","PROVISIONAL_AUTO_REVIEW_REQUIRED","DENY","0.5-draft"
"EDGE-TD-HEALTH-149","TD-HEALTH","TD-HEALTH-PROF-RECORDS","CONDITIONAL","","","SL4","applicable_profile_site_or_qualified_role_required","Generated provisional semantics; human domain review required","PROVISIONAL_AUTO_REVIEW_REQUIRED","DENY","0.5-draft"
"EDGE-TD-HEALTH-150","TD-HEALTH","TD-HEALTH-PROF-EPIDEMIOLOGY","CONDITIONAL","","","SL4","applicable_profile_site_or_qualified_role_required","Generated provisional semantics; human domain review required","PROVISIONAL_AUTO_REVIEW_REQUIRED","DENY","0.5-draft"
"EDGE-TD-HEALTH-151","TD-HEALTH","TD-HEALTH-PROF-ENVIRONMENT","CONDITIONAL","","","SL4","applicable_profile_site_or_qualified_role_required","Generated provisional semantics; human domain review required","PROVISIONAL_AUTO_REVIEW_REQUIRED","DENY","0.5-draft"
"EDGE-TD-HEALTH-152","TD-HEALTH","TD-HEALTH-PROF-OCCUPATIONAL","CONDITIONAL","","","SL4","applicable_profile_site_or_qualified_role_required","Generated provisional semantics; human domain review required","PROVISIONAL_AUTO_REVIEW_REQUIRED","DENY","0.5-draft"
"EDGE-TD-HEALTH-153","TD-HEALTH","TD-HEALTH-PROF-ONE-HEALTH","CONDITIONAL","","","SL4","applicable_profile_site_or_qualified_role_required","Generated provisional semantics; human domain review required","PROVISIONAL_AUTO_REVIEW_REQUIRED","DENY","0.5-draft"
"EDGE-TD-HEALTH-154","TD-HEALTH","TD-HEALTH-PROF-ETHICS","CONDITIONAL","","","SL4","applicable_profile_site_or_qualified_role_required","Generated provisional semantics; human domain review required","PROVISIONAL_AUTO_REVIEW_REQUIRED","DENY","0.5-draft"
"EDGE-TD-HEALTH-155","TD-HEALTH","TD-HEALTH-PROF-PORTUGAL","CONDITIONAL","","","SL4","applicable_profile_site_or_qualified_role_required","Generated provisional semantics; human domain review required","PROVISIONAL_AUTO_REVIEW_REQUIRED","DENY","0.5-draft"
"EDGE-TD-HEALTH-156","TD-HEALTH","TD-HEALTH-P4-EDUCATION","HAZARD_ONLY","","","SL6","not_an_operational_prerequisite","Generated provisional semantics; human domain review required","PROVISIONAL_AUTO_REVIEW_REQUIRED","DENY","0.5-draft"
"EDGE-TD-HEALTH-157","TD-HEALTH","TD-HEALTH-P4-SUCCESSION","HAZARD_ONLY","","","SL6","not_an_operational_prerequisite","Generated provisional semantics; human domain review required","PROVISIONAL_AUTO_REVIEW_REQUIRED","DENY","0.5-draft"
"EDGE-TD-HEALTH-158","TD-HEALTH","TD-HEALTH-P4-QA-PEER","HAZARD_ONLY","","","SL6","not_an_operational_prerequisite","Generated provisional semantics; human domain review required","PROVISIONAL_AUTO_REVIEW_REQUIRED","DENY","0.5-draft"
"EDGE-TD-HEALTH-159","TD-HEALTH","TD-HEALTH-P4-GUIDELINE","HAZARD_ONLY","","","SL6","not_an_operational_prerequisite","Generated provisional semantics; human domain review required","PROVISIONAL_AUTO_REVIEW_REQUIRED","DENY","0.5-draft"
"EDGE-TD-HEALTH-160","TD-HEALTH","TD-HEALTH-P4-INSTITUTION","HAZARD_ONLY","","","SL6","not_an_operational_prerequisite","Generated provisional semantics; human domain review required","PROVISIONAL_AUTO_REVIEW_REQUIRED","DENY","0.5-draft"
"EDGE-TD-HEALTH-161","TD-HEALTH","TD-HEALTH-P4-PUBLIC-RECORDS","CONDITIONAL","","","SL6","applicable_profile_site_or_qualified_role_required","Generated provisional semantics; human domain review required","PROVISIONAL_AUTO_REVIEW_REQUIRED","DENY","0.5-draft"
"EDGE-TD-HEALTH-162","TD-HEALTH","TD-HEALTH-P4-GMP-PHARMA","HAZARD_ONLY","","","SL6","not_an_operational_prerequisite","Generated provisional semantics; human domain review required","PROVISIONAL_AUTO_REVIEW_REQUIRED","DENY","0.5-draft"
"EDGE-TD-HEALTH-163","TD-HEALTH","TD-HEALTH-P4-VACCINE","HAZARD_ONLY","","","SL6","not_an_operational_prerequisite","Generated provisional semantics; human domain review required","PROVISIONAL_AUTO_REVIEW_REQUIRED","DENY","0.5-draft"
"EDGE-TD-HEALTH-164","TD-HEALTH","TD-HEALTH-P4-DEVICE-MAKE","HAZARD_ONLY","","","SL6","not_an_operational_prerequisite","Generated provisional semantics; human domain review required","PROVISIONAL_AUTO_REVIEW_REQUIRED","DENY","0.5-draft"
"EDGE-TD-HEALTH-165","TD-HEALTH","TD-HEALTH-P4-RESEARCH","HAZARD_ONLY","","","SL6","not_an_operational_prerequisite","Generated provisional semantics; human domain review required","PROVISIONAL_AUTO_REVIEW_REQUIRED","DENY","0.5-draft"
"EDGE-TD-HEALTH-166","TD-HEALTH","TD-HEALTH-P4-GENETICS","HAZARD_ONLY","","","SL6","not_an_operational_prerequisite","Generated provisional semantics; human domain review required","PROVISIONAL_AUTO_REVIEW_REQUIRED","DENY","0.5-draft"
"EDGE-TD-HEALTH-167","TD-HEALTH","TD-HEALTH-P4-LEGACY","REQUIRED","","","SL6","","Generated provisional semantics; human domain review required","PROVISIONAL_AUTO_REVIEW_REQUIRED","DENY","0.5-draft"
"EDGE-TD-HEALTH-PREVENTION-001","TD-HEALTH-PREVENTION","TD-WATER","REQUIRED","","","SL3","","Generated provisional semantics; human domain review required","PROVISIONAL_AUTO_REVIEW_REQUIRED","DENY","0.5-draft"
"EDGE-TD-HEALTH-PREVENTION-002","TD-HEALTH-PREVENTION","TD-FOOD","REQUIRED","","","SL3","","Generated provisional semantics; human domain review required","PROVISIONAL_AUTO_REVIEW_REQUIRED","DENY","0.5-draft"
"EDGE-TD-HEALTH-PREVENTION-003","TD-HEALTH-PREVENTION","TD-SHELTER","REQUIRED","","","SL2","","Generated provisional semantics; human domain review required","PROVISIONAL_AUTO_REVIEW_REQUIRED","DENY","0.5-draft"
"EDGE-TD-HEALTH-PREVENTION-004","TD-HEALTH-PREVENTION","TD-BASE-SAFETY","REQUIRED","","","SL1","","Generated provisional semantics; human domain review required","PROVISIONAL_AUTO_REVIEW_REQUIRED","DENY","0.5-draft"
"EDGE-TD-HEALTH-FIRSTAID-001","TD-HEALTH-FIRSTAID","TD-BASE-SAFETY","REQUIRED","","","SL1","","Generated provisional semantics; human domain review required","PROVISIONAL_AUTO_REVIEW_REQUIRED","DENY","0.5-draft"
"EDGE-TD-HEALTH-FIRSTAID-002","TD-HEALTH-FIRSTAID","TD-BASE-TRAINING","REQUIRED","","","SL3","","Generated provisional semantics; human domain review required","PROVISIONAL_AUTO_REVIEW_REQUIRED","DENY","0.5-draft"
"EDGE-TD-HEALTH-CARDS-001","TD-HEALTH-CARDS","TD-HEALTH-FIRSTAID","REQUIRED","","","SL1","","Generated provisional semantics; human domain review required","PROVISIONAL_AUTO_REVIEW_REQUIRED","DENY","0.5-draft"
"EDGE-TD-HEALTH-CARDS-002","TD-HEALTH-CARDS","TD-BASE-ARCHIVE","REQUIRED","","","SL3","","Generated provisional semantics; human domain review required","PROVISIONAL_AUTO_REVIEW_REQUIRED","DENY","0.5-draft"
"EDGE-TD-HEALTH-MEDS-001","TD-HEALTH-MEDS","TD-BASE-INVENTORY","REQUIRED","","","SL1","","Generated provisional semantics; human domain review required","PROVISIONAL_AUTO_REVIEW_REQUIRED","DENY","0.5-draft"
"EDGE-TD-HEALTH-MEDS-002","TD-HEALTH-MEDS","TD-BASE-ARCHIVE","REQUIRED","","","SL3","","Generated provisional semantics; human domain review required","PROVISIONAL_AUTO_REVIEW_REQUIRED","DENY","0.5-draft"
"EDGE-TD-HEALTH-PRO-001","TD-HEALTH-PRO","TD-BASE-ARCHIVE","REQUIRED","","","SL3","","Generated provisional semantics; human domain review required","PROVISIONAL_AUTO_REVIEW_REQUIRED","DENY","0.5-draft"
"EDGE-TD-HEALTH-PRO-002","TD-HEALTH-PRO","TD-BASE-SAFETY","REQUIRED","","","SL1","","Generated provisional semantics; human domain review required","PROVISIONAL_AUTO_REVIEW_REQUIRED","DENY","0.5-draft"
"EDGE-TD-MAPS-COMMS-001","TD-MAPS-COMMS","TD-BASE","REQUIRED","","","SL3","","Generated provisional semantics; human domain review required","PROVISIONAL_AUTO_REVIEW_REQUIRED","DENY","0.5-draft"
"EDGE-TD-MAPS-COMMS-002","TD-MAPS-COMMS","TD-MAPS","REQUIRED","","","SL2","","Generated provisional semantics; human domain review required","PROVISIONAL_AUTO_REVIEW_REQUIRED","DENY","0.5-draft"
"EDGE-TD-MAPS-COMMS-003","TD-MAPS-COMMS","TD-ROUTES","REQUIRED","","","SL2","","Generated provisional semantics; human domain review required","PROVISIONAL_AUTO_REVIEW_REQUIRED","DENY","0.5-draft"
"EDGE-TD-MAPS-COMMS-004","TD-MAPS-COMMS","TD-NAVIGATION","REQUIRED","","","SL2","","Generated provisional semantics; human domain review required","PROVISIONAL_AUTO_REVIEW_REQUIRED","DENY","0.5-draft"
"EDGE-TD-MAPS-COMMS-005","TD-MAPS-COMMS","TD-COMMS-RECEIVE","REQUIRED","","","SL2","","Generated provisional semantics; human domain review required","PROVISIONAL_AUTO_REVIEW_REQUIRED","DENY","0.5-draft"
"EDGE-TD-MAPS-COMMS-006","TD-MAPS-COMMS","TD-COMMS-PACE","REQUIRED","","","SL2","","Generated provisional semantics; human domain review required","PROVISIONAL_AUTO_REVIEW_REQUIRED","DENY","0.5-draft"
"EDGE-TD-MAPS-COMMS-007","TD-MAPS-COMMS","TD-TIME","REQUIRED","","","SL2","","Generated provisional semantics; human domain review required","PROVISIONAL_AUTO_REVIEW_REQUIRED","DENY","0.5-draft"
"EDGE-TD-MAPS-COMMS-008","TD-MAPS-COMMS","TD-COMMS-CONTACTS-PAPER","REQUIRED","","","SL1","","Generated provisional semantics; human domain review required","PROVISIONAL_AUTO_REVIEW_REQUIRED","DENY","0.5-draft"
"EDGE-TD-MAPS-COMMS-009","TD-MAPS-COMMS","TD-COMMS-WARNINGS","REQUIRED","","","SL0","","Generated provisional semantics; human domain review required","PROVISIONAL_AUTO_REVIEW_REQUIRED","DENY","0.5-draft"
"EDGE-TD-MAPS-COMMS-010","TD-MAPS-COMMS","TD-COMMS-CHECKIN","REQUIRED","","","SL1","","Generated provisional semantics; human domain review required","PROVISIONAL_AUTO_REVIEW_REQUIRED","DENY","0.5-draft"
"EDGE-TD-MAPS-COMMS-011","TD-MAPS-COMMS","TD-COMMS-MISSED","REQUIRED","","","SL1","","Generated provisional semantics; human domain review required","PROVISIONAL_AUTO_REVIEW_REQUIRED","DENY","0.5-draft"
"EDGE-TD-MAPS-COMMS-012","TD-MAPS-COMMS","TD-COMMS-ACCOUNTABILITY","REQUIRED","","","SL1","","Generated provisional semantics; human domain review required","PROVISIONAL_AUTO_REVIEW_REQUIRED","DENY","0.5-draft"
"EDGE-TD-MAPS-COMMS-013","TD-MAPS-COMMS","TD-COMMS-REUNION","REQUIRED","","","SL1","","Generated provisional semantics; human domain review required","PROVISIONAL_AUTO_REVIEW_REQUIRED","DENY","0.5-draft"
"EDGE-TD-MAPS-COMMS-014","TD-MAPS-COMMS","TD-COMMS-LOCAL-SIGNAL","REQUIRED","","","SL2","","Generated provisional semantics; human domain review required","PROVISIONAL_AUTO_REVIEW_REQUIRED","DENY","0.5-draft"
"EDGE-TD-MAPS-COMMS-015","TD-MAPS-COMMS","TD-COMMS-MESSAGE","REQUIRED","","","SL1","","Generated provisional semantics; human domain review required","PROVISIONAL_AUTO_REVIEW_REQUIRED","DENY","0.5-draft"
"EDGE-TD-MAPS-COMMS-016","TD-MAPS-COMMS","TD-COMMS-LOG","REQUIRED","","","SL2","","Generated provisional semantics; human domain review required","PROVISIONAL_AUTO_REVIEW_REQUIRED","DENY","0.5-draft"
"EDGE-TD-MAPS-COMMS-017","TD-MAPS-COMMS","TD-COMMS-BUILDING-MAP","REQUIRED","","","SL1","","Generated provisional semantics; human domain review required","PROVISIONAL_AUTO_REVIEW_REQUIRED","DENY","0.5-draft"
"EDGE-TD-MAPS-COMMS-018","TD-MAPS-COMMS","TD-COMMS-LOCAL-MAP","REQUIRED","","","SL2","","Generated provisional semantics; human domain review required","PROVISIONAL_AUTO_REVIEW_REQUIRED","DENY","0.5-draft"
"EDGE-TD-MAPS-COMMS-019","TD-MAPS-COMMS","TD-COMMS-SERVICE-POINTS","REQUIRED","","","SL1","","Generated provisional semantics; human domain review required","PROVISIONAL_AUTO_REVIEW_REQUIRED","DENY","0.5-draft"
"EDGE-TD-MAPS-COMMS-020","TD-MAPS-COMMS","TD-COMMS-HAZARD-MAP","REQUIRED","","","SL2","","Generated provisional semantics; human domain review required","PROVISIONAL_AUTO_REVIEW_REQUIRED","DENY","0.5-draft"
"EDGE-TD-MAPS-COMMS-021","TD-MAPS-COMMS","TD-COMMS-R1-R3","REQUIRED","","","SL2","","Generated provisional semantics; human domain review required","PROVISIONAL_AUTO_REVIEW_REQUIRED","DENY","0.5-draft"
"EDGE-TD-MAPS-COMMS-022","TD-MAPS-COMMS","TD-COMMS-SLOWEST","REQUIRED","","","SL2","","Generated provisional semantics; human domain review required","PROVISIONAL_AUTO_REVIEW_REQUIRED","DENY","0.5-draft"
"EDGE-TD-MAPS-COMMS-023","TD-MAPS-COMMS","TD-COMMS-PRIVACY","REQUIRED","","","SL2","","Generated provisional semantics; human domain review required","PROVISIONAL_AUTO_REVIEW_REQUIRED","DENY","0.5-draft"
"EDGE-TD-MAPS-001","TD-MAPS","TD-BASE-SITE","REQUIRED","","","SL1","","Generated provisional semantics; human domain review required","PROVISIONAL_AUTO_REVIEW_REQUIRED","DENY","0.5-draft"
"EDGE-TD-MAPS-002","TD-MAPS","TD-BASE-ARCHIVE","REQUIRED","","","SL3","","Generated provisional semantics; human domain review required","PROVISIONAL_AUTO_REVIEW_REQUIRED","DENY","0.5-draft"
"EDGE-TD-ROUTES-001","TD-ROUTES","TD-MAPS","REQUIRED","","","SL2","","Generated provisional semantics; human domain review required","PROVISIONAL_AUTO_REVIEW_REQUIRED","DENY","0.5-draft"
"EDGE-TD-ROUTES-002","TD-ROUTES","TD-BASE-TRAINING","REQUIRED","","","SL3","","Generated provisional semantics; human domain review required","PROVISIONAL_AUTO_REVIEW_REQUIRED","DENY","0.5-draft"
"EDGE-TD-NAVIGATION-001","TD-NAVIGATION","TD-MAPS","REQUIRED","","","SL2","","Generated provisional semantics; human domain review required","PROVISIONAL_AUTO_REVIEW_REQUIRED","DENY","0.5-draft"
"EDGE-TD-NAVIGATION-002","TD-NAVIGATION","TD-BASE-METROLOGY","REQUIRED","","","SL3","","Generated provisional semantics; human domain review required","PROVISIONAL_AUTO_REVIEW_REQUIRED","DENY","0.5-draft"
"EDGE-TD-COMMS-RECEIVE-001","TD-COMMS-RECEIVE","TD-BASE-INVENTORY","REQUIRED","","","SL1","","Generated provisional semantics; human domain review required","PROVISIONAL_AUTO_REVIEW_REQUIRED","DENY","0.5-draft"
"EDGE-TD-COMMS-RECEIVE-002","TD-COMMS-RECEIVE","TD-BASE-ARCHIVE","REQUIRED","","","SL3","","Generated provisional semantics; human domain review required","PROVISIONAL_AUTO_REVIEW_REQUIRED","DENY","0.5-draft"
"EDGE-TD-COMMS-PACE-001","TD-COMMS-PACE","TD-COMMS-RECEIVE","REQUIRED","","","SL2","","Generated provisional semantics; human domain review required","PROVISIONAL_AUTO_REVIEW_REQUIRED","DENY","0.5-draft"
"EDGE-TD-COMMS-PACE-002","TD-COMMS-PACE","TD-BASE-TRAINING","REQUIRED","","","SL3","","Generated provisional semantics; human domain review required","PROVISIONAL_AUTO_REVIEW_REQUIRED","DENY","0.5-draft"
"EDGE-TD-TIME-001","TD-TIME","TD-BASE-METROLOGY","REQUIRED","","","SL3","","Generated provisional semantics; human domain review required","PROVISIONAL_AUTO_REVIEW_REQUIRED","DENY","0.5-draft"
"EDGE-TD-KNOWLEDGE-001","TD-KNOWLEDGE","TD-BASE","REQUIRED","","","SL3","","Generated provisional semantics; human domain review required","PROVISIONAL_AUTO_REVIEW_REQUIRED","DENY","0.5-draft"
"EDGE-TD-KNOWLEDGE-002","TD-KNOWLEDGE","TD-KNOWLEDGE-CORPUS","REQUIRED","","","SL2","","Generated provisional semantics; human domain review required","PROVISIONAL_AUTO_REVIEW_REQUIRED","DENY","0.5-draft"
"EDGE-TD-KNOWLEDGE-003","TD-KNOWLEDGE","TD-KNOWLEDGE-READERS","REQUIRED","","","SL2","","Generated provisional semantics; human domain review required","PROVISIONAL_AUTO_REVIEW_REQUIRED","DENY","0.5-draft"
"EDGE-TD-KNOWLEDGE-004","TD-KNOWLEDGE","TD-KNOWLEDGE-INDEX","REQUIRED","","","SL2","","Generated provisional semantics; human domain review required","PROVISIONAL_AUTO_REVIEW_REQUIRED","DENY","0.5-draft"
"EDGE-TD-KNOWLEDGE-005","TD-KNOWLEDGE","TD-KNOWLEDGE-RESTORE","REQUIRED","","","SL2","","Generated provisional semantics; human domain review required","PROVISIONAL_AUTO_REVIEW_REQUIRED","DENY","0.5-draft"
"EDGE-TD-KNOWLEDGE-006","TD-KNOWLEDGE","TD-KNOWLEDGE-TOOLCHAINS","REQUIRED","","","SL4","","Generated provisional semantics; human domain review required","PROVISIONAL_AUTO_REVIEW_REQUIRED","DENY","0.5-draft"
"EDGE-TD-KNOWLEDGE-007","TD-KNOWLEDGE","TD-KNOWLEDGE-FIXITY","REQUIRED","","","SL4","","Generated provisional semantics; human domain review required","PROVISIONAL_AUTO_REVIEW_REQUIRED","DENY","0.5-draft"
"EDGE-TD-KNOWLEDGE-008","TD-KNOWLEDGE","TD-KNOWLEDGE-COPIES","REQUIRED","","","SL4","","Generated provisional semantics; human domain review required","PROVISIONAL_AUTO_REVIEW_REQUIRED","DENY","0.5-draft"
"EDGE-TD-KNOWLEDGE-009","TD-KNOWLEDGE","TD-KNOWLEDGE-MIGRATION","REQUIRED","","","SL4","","Generated provisional semantics; human domain review required","PROVISIONAL_AUTO_REVIEW_REQUIRED","DENY","0.5-draft"
"EDGE-TD-KNOWLEDGE-010","TD-KNOWLEDGE","TD-KNOWLEDGE-SEARCH","REQUIRED","","","SL2","","Generated provisional semantics; human domain review required","PROVISIONAL_AUTO_REVIEW_REQUIRED","DENY","0.5-draft"
"EDGE-TD-KNOWLEDGE-011","TD-KNOWLEDGE","TD-KNOWLEDGE-PRINT-CORE","REQUIRED","","","SL2","","Generated provisional semantics; human domain review required","PROVISIONAL_AUTO_REVIEW_REQUIRED","DENY","0.5-draft"
"EDGE-TD-KNOWLEDGE-012","TD-KNOWLEDGE","TD-KNOWLEDGE-SOURCE-CODE","REQUIRED","","","SL4","","Generated provisional semantics; human domain review required","PROVISIONAL_AUTO_REVIEW_REQUIRED","DENY","0.5-draft"
"EDGE-TD-KNOWLEDGE-013","TD-KNOWLEDGE","TD-KNOWLEDGE-COMPILERS","REQUIRED","","","SL4","","Generated provisional semantics; human domain review required","PROVISIONAL_AUTO_REVIEW_REQUIRED","DENY","0.5-draft"
"EDGE-TD-KNOWLEDGE-014","TD-KNOWLEDGE","TD-KNOWLEDGE-GIS","REQUIRED","","","SL4","","Generated provisional semantics; human domain review required","PROVISIONAL_AUTO_REVIEW_REQUIRED","DENY","0.5-draft"
"EDGE-TD-KNOWLEDGE-015","TD-KNOWLEDGE","TD-KNOWLEDGE-EDA-CAD","REQUIRED","","","SL4","","Generated provisional semantics; human domain review required","PROVISIONAL_AUTO_REVIEW_REQUIRED","DENY","0.5-draft"
"EDGE-TD-KNOWLEDGE-016","TD-KNOWLEDGE","TD-KNOWLEDGE-HARDWARE","CONDITIONAL","","","SL4","applicable_profile_site_or_qualified_role_required","Generated provisional semantics; human domain review required","PROVISIONAL_AUTO_REVIEW_REQUIRED","DENY","0.5-draft"
"EDGE-TD-KNOWLEDGE-017","TD-KNOWLEDGE","TD-KNOWLEDGE-READERS-SPARE","REQUIRED","","","SL2","","Generated provisional semantics; human domain review required","PROVISIONAL_AUTO_REVIEW_REQUIRED","DENY","0.5-draft"
"EDGE-TD-KNOWLEDGE-018","TD-KNOWLEDGE","TD-KNOWLEDGE-PAPER-FALLBACK","REQUIRED","","","SL4","","Generated provisional semantics; human domain review required","PROVISIONAL_AUTO_REVIEW_REQUIRED","DENY","0.5-draft"
"EDGE-TD-KNOWLEDGE-019","TD-KNOWLEDGE","TD-KNOWLEDGE-LANGUAGE","REQUIRED","","","SL4","","Generated provisional semantics; human domain review required","PROVISIONAL_AUTO_REVIEW_REQUIRED","DENY","0.5-draft"
"EDGE-TD-KNOWLEDGE-020","TD-KNOWLEDGE","TD-KNOWLEDGE-RIGHTS","REQUIRED","","","SL4","","Generated provisional semantics; human domain review required","PROVISIONAL_AUTO_REVIEW_REQUIRED","DENY","0.5-draft"
"EDGE-TD-KNOWLEDGE-021","TD-KNOWLEDGE","TD-KNOWLEDGE-SUCCESSOR","REQUIRED","","","SL4","","Generated provisional semantics; human domain review required","PROVISIONAL_AUTO_REVIEW_REQUIRED","DENY","0.5-draft"
"EDGE-TD-KNOWLEDGE-CORPUS-001","TD-KNOWLEDGE-CORPUS","TD-BASE-ARCHIVE","REQUIRED","","","SL3","","Generated provisional semantics; human domain review required","PROVISIONAL_AUTO_REVIEW_REQUIRED","DENY","0.5-draft"
"EDGE-TD-KNOWLEDGE-CORPUS-002","TD-KNOWLEDGE-CORPUS","TD-BASE-SAFETY","REQUIRED","","","SL1","","Generated provisional semantics; human domain review required","PROVISIONAL_AUTO_REVIEW_REQUIRED","DENY","0.5-draft"
"EDGE-TD-KNOWLEDGE-READERS-001","TD-KNOWLEDGE-READERS","TD-KNOWLEDGE-CORPUS","REQUIRED","","","SL2","","Generated provisional semantics; human domain review required","PROVISIONAL_AUTO_REVIEW_REQUIRED","DENY","0.5-draft"
"EDGE-TD-KNOWLEDGE-READERS-002","TD-KNOWLEDGE-READERS","TD-BASE-INVENTORY","REQUIRED","","","SL1","","Generated provisional semantics; human domain review required","PROVISIONAL_AUTO_REVIEW_REQUIRED","DENY","0.5-draft"
"EDGE-TD-KNOWLEDGE-INDEX-001","TD-KNOWLEDGE-INDEX","TD-KNOWLEDGE-CORPUS","REQUIRED","","","SL2","","Generated provisional semantics; human domain review required","PROVISIONAL_AUTO_REVIEW_REQUIRED","DENY","0.5-draft"
"EDGE-TD-KNOWLEDGE-INDEX-002","TD-KNOWLEDGE-INDEX","TD-KNOWLEDGE-READERS","REQUIRED","","","SL2","","Generated provisional semantics; human domain review required","PROVISIONAL_AUTO_REVIEW_REQUIRED","DENY","0.5-draft"
"EDGE-TD-KNOWLEDGE-RESTORE-001","TD-KNOWLEDGE-RESTORE","TD-KNOWLEDGE-CORPUS","REQUIRED","","","SL2","","Generated provisional semantics; human domain review required","PROVISIONAL_AUTO_REVIEW_REQUIRED","DENY","0.5-draft"
"EDGE-TD-KNOWLEDGE-RESTORE-002","TD-KNOWLEDGE-RESTORE","TD-KNOWLEDGE-READERS","REQUIRED","","","SL2","","Generated provisional semantics; human domain review required","PROVISIONAL_AUTO_REVIEW_REQUIRED","DENY","0.5-draft"
"EDGE-TD-KNOWLEDGE-RESTORE-003","TD-KNOWLEDGE-RESTORE","TD-KNOWLEDGE-INDEX","REQUIRED","","","SL2","","Generated provisional semantics; human domain review required","PROVISIONAL_AUTO_REVIEW_REQUIRED","DENY","0.5-draft"
"EDGE-TD-KNOWLEDGE-TOOLCHAINS-001","TD-KNOWLEDGE-TOOLCHAINS","TD-KNOWLEDGE-READERS","REQUIRED","","","SL2","","Generated provisional semantics; human domain review required","PROVISIONAL_AUTO_REVIEW_REQUIRED","DENY","0.5-draft"
"EDGE-TD-KNOWLEDGE-TOOLCHAINS-002","TD-KNOWLEDGE-TOOLCHAINS","TD-BASE-TRAINING","REQUIRED","","","SL3","","Generated provisional semantics; human domain review required","PROVISIONAL_AUTO_REVIEW_REQUIRED","DENY","0.5-draft"
"EDGE-TD-GOV-001","TD-GOV","TD-BASE","REQUIRED","","","SL3","","Generated provisional semantics; human domain review required","PROVISIONAL_AUTO_REVIEW_REQUIRED","DENY","0.5-draft"
"EDGE-TD-GOV-002","TD-GOV","TD-GOV-ROLES","REQUIRED","","","SL1","","Generated provisional semantics; human domain review required","PROVISIONAL_AUTO_REVIEW_REQUIRED","DENY","0.5-draft"
"EDGE-TD-GOV-003","TD-GOV","TD-GOV-LEDGER","REQUIRED","","","SL1","","Generated provisional semantics; human domain review required","PROVISIONAL_AUTO_REVIEW_REQUIRED","DENY","0.5-draft"
"EDGE-TD-GOV-004","TD-GOV","TD-GOV-SAFEGUARD","REQUIRED","","","SL1","","Generated provisional semantics; human domain review required","PROVISIONAL_AUTO_REVIEW_REQUIRED","DENY","0.5-draft"
"EDGE-TD-GOV-005","TD-GOV","TD-GOV-SUCCESSION","REQUIRED","","","SL6","","Generated provisional semantics; human domain review required","PROVISIONAL_AUTO_REVIEW_REQUIRED","DENY","0.5-draft"
"EDGE-TD-GOV-006","TD-GOV","TD-GOV-CONFLICT","REQUIRED","","","SL1","","Generated provisional semantics; human domain review required","PROVISIONAL_AUTO_REVIEW_REQUIRED","DENY","0.5-draft"
"EDGE-TD-GOV-007","TD-GOV","TD-GOV-LIMITS","REQUIRED","","","SL1","","Generated provisional semantics; human domain review required","PROVISIONAL_AUTO_REVIEW_REQUIRED","DENY","0.5-draft"
"EDGE-TD-GOV-008","TD-GOV","TD-GOV-AUDIT","REQUIRED","","","SL6","","Generated provisional semantics; human domain review required","PROVISIONAL_AUTO_REVIEW_REQUIRED","DENY","0.5-draft"
"EDGE-TD-GOV-009","TD-GOV","TD-GOV-GRIEVANCE","REQUIRED","","","SL6","","Generated provisional semantics; human domain review required","PROVISIONAL_AUTO_REVIEW_REQUIRED","DENY","0.5-draft"
"EDGE-TD-GOV-010","TD-GOV","TD-GOV-VULNERABLE","REQUIRED","","","SL1","","Generated provisional semantics; human domain review required","PROVISIONAL_AUTO_REVIEW_REQUIRED","DENY","0.5-draft"
"EDGE-TD-GOV-011","TD-GOV","TD-GOV-LAW","REQUIRED","","","SL6","","Generated provisional semantics; human domain review required","PROVISIONAL_AUTO_REVIEW_REQUIRED","DENY","0.5-draft"
"EDGE-TD-GOV-012","TD-GOV","TD-GOV-BIRTH-DEATH","CONDITIONAL","","","SL6","applicable_profile_site_or_qualified_role_required","Generated provisional semantics; human domain review required","PROVISIONAL_AUTO_REVIEW_REQUIRED","DENY","0.5-draft"
"EDGE-TD-GOV-013","TD-GOV","TD-GOV-TRADE","REQUIRED","","","SL6","","Generated provisional semantics; human domain review required","PROVISIONAL_AUTO_REVIEW_REQUIRED","DENY","0.5-draft"
"EDGE-TD-GOV-014","TD-GOV","TD-GOV-COMMUNITY","REQUIRED","","","SL6","","Generated provisional semantics; human domain review required","PROVISIONAL_AUTO_REVIEW_REQUIRED","DENY","0.5-draft"
"EDGE-TD-GOV-015","TD-GOV","TD-GOV-PROCUREMENT","REQUIRED","","","SL6","","Generated provisional semantics; human domain review required","PROVISIONAL_AUTO_REVIEW_REQUIRED","DENY","0.5-draft"
"EDGE-TD-GOV-016","TD-GOV","TD-GOV-STOCK","REQUIRED","","","SL6","","Generated provisional semantics; human domain review required","PROVISIONAL_AUTO_REVIEW_REQUIRED","DENY","0.5-draft"
"EDGE-TD-GOV-017","TD-GOV","TD-GOV-WAREHOUSE","REQUIRED","","","SL6","","Generated provisional semantics; human domain review required","PROVISIONAL_AUTO_REVIEW_REQUIRED","DENY","0.5-draft"
"EDGE-TD-GOV-018","TD-GOV","TD-GOV-DISTRIBUTION","REQUIRED","","","SL6","","Generated provisional semantics; human domain review required","PROVISIONAL_AUTO_REVIEW_REQUIRED","DENY","0.5-draft"
"EDGE-TD-GOV-019","TD-GOV","TD-GOV-LABOR","REQUIRED","","","SL1","","Generated provisional semantics; human domain review required","PROVISIONAL_AUTO_REVIEW_REQUIRED","DENY","0.5-draft"
"EDGE-TD-GOV-020","TD-GOV","TD-GOV-RECOVERY","REQUIRED","","","SL6","","Generated provisional semantics; human domain review required","PROVISIONAL_AUTO_REVIEW_REQUIRED","DENY","0.5-draft"
"EDGE-TD-GOV-021","TD-GOV","TD-GOV-RELOCATION","REQUIRED","","","SL6","","Generated provisional semantics; human domain review required","PROVISIONAL_AUTO_REVIEW_REQUIRED","DENY","0.5-draft"
"EDGE-TD-GOV-ROLES-001","TD-GOV-ROLES","TD-BASE-TRAINING","REQUIRED","","","SL3","","Generated provisional semantics; human domain review required","PROVISIONAL_AUTO_REVIEW_REQUIRED","DENY","0.5-draft"
"EDGE-TD-GOV-LEDGER-001","TD-GOV-LEDGER","TD-BASE-INVENTORY","REQUIRED","","","SL1","","Generated provisional semantics; human domain review required","PROVISIONAL_AUTO_REVIEW_REQUIRED","DENY","0.5-draft"
"EDGE-TD-GOV-LEDGER-002","TD-GOV-LEDGER","TD-GOV-ROLES","REQUIRED","","","SL1","","Generated provisional semantics; human domain review required","PROVISIONAL_AUTO_REVIEW_REQUIRED","DENY","0.5-draft"
"EDGE-TD-GOV-SAFEGUARD-001","TD-GOV-SAFEGUARD","TD-GOV-ROLES","REQUIRED","","","SL1","","Generated provisional semantics; human domain review required","PROVISIONAL_AUTO_REVIEW_REQUIRED","DENY","0.5-draft"
"EDGE-TD-GOV-SUCCESSION-001","TD-GOV-SUCCESSION","TD-GOV-ROLES","REQUIRED","","","SL1","","Generated provisional semantics; human domain review required","PROVISIONAL_AUTO_REVIEW_REQUIRED","DENY","0.5-draft"
"EDGE-TD-GOV-SUCCESSION-002","TD-GOV-SUCCESSION","TD-BASE-ARCHIVE","REQUIRED","","","SL3","","Generated provisional semantics; human domain review required","PROVISIONAL_AUTO_REVIEW_REQUIRED","DENY","0.5-draft"
"EDGE-TD-GOV-SUCCESSION-003","TD-GOV-SUCCESSION","TD-BASE-TRAINING","REQUIRED","","","SL3","","Generated provisional semantics; human domain review required","PROVISIONAL_AUTO_REVIEW_REQUIRED","DENY","0.5-draft"
"EDGE-TD-GOV-CONFLICT-001","TD-GOV-CONFLICT","TD-GOV-SAFEGUARD","REQUIRED","","","SL1","","Generated provisional semantics; human domain review required","PROVISIONAL_AUTO_REVIEW_REQUIRED","DENY","0.5-draft"
"EDGE-TD-GOV-CONFLICT-002","TD-GOV-CONFLICT","TD-GOV-ROLES","REQUIRED","","","SL1","","Generated provisional semantics; human domain review required","PROVISIONAL_AUTO_REVIEW_REQUIRED","DENY","0.5-draft"
"EDGE-TD-HAZARDS-001","TD-HAZARDS","TD-BASE-SAFETY","REQUIRED","","","SL1","","Generated provisional semantics; human domain review required","PROVISIONAL_AUTO_REVIEW_REQUIRED","DENY","0.5-draft"
"EDGE-TD-HAZ-OXIDIZERS-001","TD-HAZ-OXIDIZERS","TD-BASE-SAFETY","REQUIRED","","","SL1","","Generated provisional semantics; human domain review required","PROVISIONAL_AUTO_REVIEW_REQUIRED","DENY","0.5-draft"
"EDGE-TD-HAZ-ENERGETICS-001","TD-HAZ-ENERGETICS","TD-BASE-SAFETY","REQUIRED","","","SL1","","Generated provisional semantics; human domain review required","PROVISIONAL_AUTO_REVIEW_REQUIRED","DENY","0.5-draft"
"EDGE-TD-HAZ-REACTIVE-CHEM-001","TD-HAZ-REACTIVE-CHEM","TD-BASE-SAFETY","REQUIRED","","","SL1","","Generated provisional semantics; human domain review required","PROVISIONAL_AUTO_REVIEW_REQUIRED","DENY","0.5-draft"
"EDGE-TD-HAZ-MED-SYNTH-001","TD-HAZ-MED-SYNTH","TD-BASE-SAFETY","REQUIRED","","","SL1","","Generated provisional semantics; human domain review required","PROVISIONAL_AUTO_REVIEW_REQUIRED","DENY","0.5-draft"
"EDGE-TD-HAZ-MED-SYNTH-002","TD-HAZ-MED-SYNTH","TD-HEALTH-MEDS","CONDITIONAL","","","SL1","applicable_profile_site_or_qualified_role_required","Generated provisional semantics; human domain review required","PROVISIONAL_AUTO_REVIEW_REQUIRED","DENY","0.5-draft"
"EDGE-TD-HAZ-MAINS-001","TD-HAZ-MAINS","TD-BASE-SAFETY","REQUIRED","","","SL1","","Generated provisional semantics; human domain review required","PROVISIONAL_AUTO_REVIEW_REQUIRED","DENY","0.5-draft"
"EDGE-TD-HAZ-PRESSURE-GAS-001","TD-HAZ-PRESSURE-GAS","TD-BASE-SAFETY","REQUIRED","","","SL1","","Generated provisional semantics; human domain review required","PROVISIONAL_AUTO_REVIEW_REQUIRED","DENY","0.5-draft"
"EDGE-TD-HAZ-STRUCTURE-001","TD-HAZ-STRUCTURE","TD-BASE-SAFETY","REQUIRED","","","SL1","","Generated provisional semantics; human domain review required","PROVISIONAL_AUTO_REVIEW_REQUIRED","DENY","0.5-draft"
"EDGE-TD-HAZ-STRUCTURE-002","TD-HAZ-STRUCTURE","TD-SHELTER-SURVEY","CONDITIONAL","","","SL2","applicable_profile_site_or_qualified_role_required","Generated provisional semantics; human domain review required","PROVISIONAL_AUTO_REVIEW_REQUIRED","DENY","0.5-draft"
"EDGE-TD-FUELS-001","TD-FUELS","TD-BASE","REQUIRED","","","SL3","","Generated provisional semantics; human domain review required","PROVISIONAL_AUTO_REVIEW_REQUIRED","DENY","0.5-draft"
"EDGE-TD-FUELS-002","TD-FUELS","TD-FUEL-DEMAND","REQUIRED","","","SL3","","Generated provisional semantics; human domain review required","PROVISIONAL_AUTO_REVIEW_REQUIRED","DENY","0.5-draft"
"EDGE-TD-FUELS-003","TD-FUELS","TD-FUEL-STORAGE","CONDITIONAL","","","SL5","applicable_profile_site_or_qualified_role_required","Generated provisional semantics; human domain review required","PROVISIONAL_AUTO_REVIEW_REQUIRED","DENY","0.5-draft"
"EDGE-TD-FUELS-004","TD-FUELS","TD-FUEL-SOLID","REQUIRED","","","SL3","","Generated provisional semantics; human domain review required","PROVISIONAL_AUTO_REVIEW_REQUIRED","DENY","0.5-draft"
"EDGE-TD-FUELS-005","TD-FUELS","TD-FUEL-VEGOIL","OPTIONAL","","","SL3","use_only_if_selected_technology_requires_it","Generated provisional semantics; human domain review required","PROVISIONAL_AUTO_REVIEW_REQUIRED","DENY","0.5-draft"
"EDGE-TD-FUELS-006","TD-FUELS","TD-FUEL-LUBRICANTS","REQUIRED","","","SL3","","Generated provisional semantics; human domain review required","PROVISIONAL_AUTO_REVIEW_REQUIRED","DENY","0.5-draft"
"EDGE-TD-FUELS-007","TD-FUELS","TD-FUEL-ENGINE-COMPAT","CONDITIONAL","","","SL5","applicable_profile_site_or_qualified_role_required","Generated provisional semantics; human domain review required","PROVISIONAL_AUTO_REVIEW_REQUIRED","DENY","0.5-draft"
"EDGE-TD-FUELS-008","TD-FUELS","TD-FUEL-PETROLEUM-REFINING","HAZARD_ONLY","","","SL1","not_an_operational_prerequisite","Generated provisional semantics; human domain review required","PROVISIONAL_AUTO_REVIEW_REQUIRED","DENY","0.5-draft"
"EDGE-TD-FUELS-009","TD-FUELS","TD-FUEL-ETHANOL","HAZARD_ONLY","","","SL1","not_an_operational_prerequisite","Generated provisional semantics; human domain review required","PROVISIONAL_AUTO_REVIEW_REQUIRED","DENY","0.5-draft"
"EDGE-TD-FUELS-010","TD-FUELS","TD-FUEL-BIODIESEL","HAZARD_ONLY","","","SL1","not_an_operational_prerequisite","Generated provisional semantics; human domain review required","PROVISIONAL_AUTO_REVIEW_REQUIRED","DENY","0.5-draft"
"EDGE-TD-FUELS-011","TD-FUELS","TD-FUEL-BIOGAS","HAZARD_ONLY","","","SL1","not_an_operational_prerequisite","Generated provisional semantics; human domain review required","PROVISIONAL_AUTO_REVIEW_REQUIRED","DENY","0.5-draft"
"EDGE-TD-FUELS-012","TD-FUELS","TD-FUEL-PRODUCER-GAS","HAZARD_ONLY","","","SL1","not_an_operational_prerequisite","Generated provisional semantics; human domain review required","PROVISIONAL_AUTO_REVIEW_REQUIRED","DENY","0.5-draft"
"EDGE-TD-FUELS-013","TD-FUELS","TD-FUEL-USE-COOK","REQUIRED","","","SL3","","Generated provisional semantics; human domain review required","PROVISIONAL_AUTO_REVIEW_REQUIRED","DENY","0.5-draft"
"EDGE-TD-FUELS-014","TD-FUELS","TD-FUEL-USE-HEAT","CONDITIONAL","","","SL5","applicable_profile_site_or_qualified_role_required","Generated provisional semantics; human domain review required","PROVISIONAL_AUTO_REVIEW_REQUIRED","DENY","0.5-draft"
"EDGE-TD-FUELS-015","TD-FUELS","TD-FUEL-USE-POWER","CONDITIONAL","","","SL5","applicable_profile_site_or_qualified_role_required","Generated provisional semantics; human domain review required","PROVISIONAL_AUTO_REVIEW_REQUIRED","DENY","0.5-draft"
"EDGE-TD-FUELS-016","TD-FUELS","TD-FUEL-USE-TRANSPORT","CONDITIONAL","","","SL5","applicable_profile_site_or_qualified_role_required","Generated provisional semantics; human domain review required","PROVISIONAL_AUTO_REVIEW_REQUIRED","DENY","0.5-draft"
"EDGE-TD-FUELS-017","TD-FUELS","TD-FUEL-PRODUCT-ID","REQUIRED","","","SL3","","Generated provisional semantics; human domain review required","PROVISIONAL_AUTO_REVIEW_REQUIRED","DENY","0.5-draft"
"EDGE-TD-FUELS-018","TD-FUELS","TD-FUEL-BATCH-ACCEPT","REQUIRED","","","SL3","","Generated provisional semantics; human domain review required","PROVISIONAL_AUTO_REVIEW_REQUIRED","DENY","0.5-draft"
"EDGE-TD-FUELS-019","TD-FUELS","TD-FUEL-ROTATION","REQUIRED","","","SL3","","Generated provisional semantics; human domain review required","PROVISIONAL_AUTO_REVIEW_REQUIRED","DENY","0.5-draft"
"EDGE-TD-FUELS-020","TD-FUELS","TD-FUEL-SPILL","CONDITIONAL","","","SL5","applicable_profile_site_or_qualified_role_required","Generated provisional semantics; human domain review required","PROVISIONAL_AUTO_REVIEW_REQUIRED","DENY","0.5-draft"
"EDGE-TD-FUELS-021","TD-FUELS","TD-FUEL-EXHAUST","CONDITIONAL","","","SL5","applicable_profile_site_or_qualified_role_required","Generated provisional semantics; human domain review required","PROVISIONAL_AUTO_REVIEW_REQUIRED","DENY","0.5-draft"
"EDGE-TD-FUELS-022","TD-FUELS","TD-FUEL-ASH","CONDITIONAL","","","SL5","applicable_profile_site_or_qualified_role_required","Generated provisional semantics; human domain review required","PROVISIONAL_AUTO_REVIEW_REQUIRED","DENY","0.5-draft"
"EDGE-TD-FUELS-023","TD-FUELS","TD-FUEL-CONSUMPTION","REQUIRED","","","SL3","","Generated provisional semantics; human domain review required","PROVISIONAL_AUTO_REVIEW_REQUIRED","DENY","0.5-draft"
"EDGE-TD-FUELS-024","TD-FUELS","TD-FUEL-ALTERNATIVE","REQUIRED","","","SL3","","Generated provisional semantics; human domain review required","PROVISIONAL_AUTO_REVIEW_REQUIRED","DENY","0.5-draft"
"EDGE-TD-FUELS-025","TD-FUELS","TD-FUEL-WOODLOT","OPTIONAL","","","SL5","use_only_if_selected_technology_requires_it","Generated provisional semantics; human domain review required","PROVISIONAL_AUTO_REVIEW_REQUIRED","DENY","0.5-draft"
"EDGE-TD-FUELS-026","TD-FUELS","TD-FUEL-WOOD-DRY","OPTIONAL","","","SL3","use_only_if_selected_technology_requires_it","Generated provisional semantics; human domain review required","PROVISIONAL_AUTO_REVIEW_REQUIRED","DENY","0.5-draft"
"EDGE-TD-FUEL-DEMAND-001","TD-FUEL-DEMAND","TD-BASE-INVENTORY","REQUIRED","","","SL1","","Generated provisional semantics; human domain review required","PROVISIONAL_AUTO_REVIEW_REQUIRED","DENY","0.5-draft"
"EDGE-TD-FUEL-DEMAND-002","TD-FUEL-DEMAND","TD-ENERGY-LOADS","REQUIRED","","","SL2","","Generated provisional semantics; human domain review required","PROVISIONAL_AUTO_REVIEW_REQUIRED","DENY","0.5-draft"
"EDGE-TD-FUEL-STORAGE-001","TD-FUEL-STORAGE","TD-BASE-SITE","REQUIRED","","","SL1","","Generated provisional semantics; human domain review required","PROVISIONAL_AUTO_REVIEW_REQUIRED","DENY","0.5-draft"
"EDGE-TD-FUEL-STORAGE-002","TD-FUEL-STORAGE","TD-BASE-MATERIALS","REQUIRED","","","SL3","","Generated provisional semantics; human domain review required","PROVISIONAL_AUTO_REVIEW_REQUIRED","DENY","0.5-draft"
"EDGE-TD-FUEL-STORAGE-003","TD-FUEL-STORAGE","TD-FUEL-DEMAND","REQUIRED","","","SL3","","Generated provisional semantics; human domain review required","PROVISIONAL_AUTO_REVIEW_REQUIRED","DENY","0.5-draft"
"EDGE-TD-FUEL-SOLID-001","TD-FUEL-SOLID","TD-SHELTER-SURVEY","CONDITIONAL","","","SL2","applicable_profile_site_or_qualified_role_required","Generated provisional semantics; human domain review required","PROVISIONAL_AUTO_REVIEW_REQUIRED","DENY","0.5-draft"
"EDGE-TD-FUEL-SOLID-002","TD-FUEL-SOLID","TD-FIRE-CO","REQUIRED","","","SL0","","Generated provisional semantics; human domain review required","PROVISIONAL_AUTO_REVIEW_REQUIRED","DENY","0.5-draft"
"EDGE-TD-FUEL-SOLID-003","TD-FUEL-SOLID","TD-BASE-MATERIALS","REQUIRED","","","SL3","","Generated provisional semantics; human domain review required","PROVISIONAL_AUTO_REVIEW_REQUIRED","DENY","0.5-draft"
"EDGE-TD-FUEL-CHARCOAL-MAKING-001","TD-FUEL-CHARCOAL-MAKING","TD-BASE-SAFETY","REQUIRED","","","SL1","","Generated provisional semantics; human domain review required","PROVISIONAL_AUTO_REVIEW_REQUIRED","DENY","0.5-draft"
"EDGE-TD-FUEL-VEGOIL-001","TD-FUEL-VEGOIL","TD-FOOD-SITE","REQUIRED","","","SL3","","Generated provisional semantics; human domain review required","PROVISIONAL_AUTO_REVIEW_REQUIRED","DENY","0.5-draft"
"EDGE-TD-FUEL-VEGOIL-002","TD-FUEL-VEGOIL","TD-HARVEST-STORAGE","REQUIRED","","","SL3","","Generated provisional semantics; human domain review required","PROVISIONAL_AUTO_REVIEW_REQUIRED","DENY","0.5-draft"
"EDGE-TD-FUEL-VEGOIL-003","TD-FUEL-VEGOIL","TD-WORKSHOP","REQUIRED","","","SL3","","Generated provisional semantics; human domain review required","PROVISIONAL_AUTO_REVIEW_REQUIRED","DENY","0.5-draft"
"EDGE-TD-FUEL-VEGOIL-004","TD-FUEL-VEGOIL","TD-BASE-MATERIALS","REQUIRED","","","SL3","","Generated provisional semantics; human domain review required","PROVISIONAL_AUTO_REVIEW_REQUIRED","DENY","0.5-draft"
"EDGE-TD-FUEL-LUBRICANTS-001","TD-FUEL-LUBRICANTS","TD-BASE-MATERIALS","REQUIRED","","","SL3","","Generated provisional semantics; human domain review required","PROVISIONAL_AUTO_REVIEW_REQUIRED","DENY","0.5-draft"
"EDGE-TD-FUEL-LUBRICANTS-002","TD-FUEL-LUBRICANTS","TD-BASE-INVENTORY","REQUIRED","","","SL1","","Generated provisional semantics; human domain review required","PROVISIONAL_AUTO_REVIEW_REQUIRED","DENY","0.5-draft"
"EDGE-TD-FUEL-LUBRICANTS-003","TD-FUEL-LUBRICANTS","TD-BASE-MAINTENANCE","REQUIRED","","","SL3","","Generated provisional semantics; human domain review required","PROVISIONAL_AUTO_REVIEW_REQUIRED","DENY","0.5-draft"
"EDGE-TD-FUEL-ENGINE-COMPAT-001","TD-FUEL-ENGINE-COMPAT","TD-FUEL-STORAGE","CONDITIONAL","","","SL5","applicable_profile_site_or_qualified_role_required","Generated provisional semantics; human domain review required","PROVISIONAL_AUTO_REVIEW_REQUIRED","DENY","0.5-draft"
"EDGE-TD-FUEL-ENGINE-COMPAT-002","TD-FUEL-ENGINE-COMPAT","TD-BASE-MAINTENANCE","REQUIRED","","","SL3","","Generated provisional semantics; human domain review required","PROVISIONAL_AUTO_REVIEW_REQUIRED","DENY","0.5-draft"
"EDGE-TD-FUEL-PETROLEUM-REFINING-001","TD-FUEL-PETROLEUM-REFINING","TD-BASE-SAFETY","REQUIRED","","","SL1","","Generated provisional semantics; human domain review required","PROVISIONAL_AUTO_REVIEW_REQUIRED","DENY","0.5-draft"
"EDGE-TD-FUEL-GASOLINE-001","TD-FUEL-GASOLINE","TD-FUEL-PETROLEUM-REFINING","HAZARD_ONLY","","","SL1","not_an_operational_prerequisite","Generated provisional semantics; human domain review required","PROVISIONAL_AUTO_REVIEW_REQUIRED","DENY","0.5-draft"
"EDGE-TD-FUEL-GASOLINE-002","TD-FUEL-GASOLINE","TD-FUEL-STORAGE","CONDITIONAL","","","SL5","applicable_profile_site_or_qualified_role_required","Generated provisional semantics; human domain review required","PROVISIONAL_AUTO_REVIEW_REQUIRED","DENY","0.5-draft"
"EDGE-TD-FUEL-DIESEL-001","TD-FUEL-DIESEL","TD-FUEL-PETROLEUM-REFINING","HAZARD_ONLY","","","SL1","not_an_operational_prerequisite","Generated provisional semantics; human domain review required","PROVISIONAL_AUTO_REVIEW_REQUIRED","DENY","0.5-draft"
"EDGE-TD-FUEL-DIESEL-002","TD-FUEL-DIESEL","TD-FUEL-STORAGE","CONDITIONAL","","","SL5","applicable_profile_site_or_qualified_role_required","Generated provisional semantics; human domain review required","PROVISIONAL_AUTO_REVIEW_REQUIRED","DENY","0.5-draft"
"EDGE-TD-FUEL-KEROSENE-001","TD-FUEL-KEROSENE","TD-FUEL-PETROLEUM-REFINING","HAZARD_ONLY","","","SL1","not_an_operational_prerequisite","Generated provisional semantics; human domain review required","PROVISIONAL_AUTO_REVIEW_REQUIRED","DENY","0.5-draft"
"EDGE-TD-FUEL-KEROSENE-002","TD-FUEL-KEROSENE","TD-FUEL-STORAGE","CONDITIONAL","","","SL5","applicable_profile_site_or_qualified_role_required","Generated provisional semantics; human domain review required","PROVISIONAL_AUTO_REVIEW_REQUIRED","DENY","0.5-draft"
"EDGE-TD-FUEL-ETHANOL-001","TD-FUEL-ETHANOL","TD-BASE-SAFETY","REQUIRED","","","SL1","","Generated provisional semantics; human domain review required","PROVISIONAL_AUTO_REVIEW_REQUIRED","DENY","0.5-draft"
"EDGE-TD-FUEL-BIODIESEL-001","TD-FUEL-BIODIESEL","TD-BASE-SAFETY","REQUIRED","","","SL1","","Generated provisional semantics; human domain review required","PROVISIONAL_AUTO_REVIEW_REQUIRED","DENY","0.5-draft"
"EDGE-TD-FUEL-BIODIESEL-002","TD-FUEL-BIODIESEL","TD-FUEL-ENGINE-COMPAT","CONDITIONAL","","","SL5","applicable_profile_site_or_qualified_role_required","Generated provisional semantics; human domain review required","PROVISIONAL_AUTO_REVIEW_REQUIRED","DENY","0.5-draft"
"EDGE-TD-FUEL-BIOGAS-001","TD-FUEL-BIOGAS","TD-BASE-SAFETY","REQUIRED","","","SL1","","Generated provisional semantics; human domain review required","PROVISIONAL_AUTO_REVIEW_REQUIRED","DENY","0.5-draft"
"EDGE-TD-FUEL-PRODUCER-GAS-001","TD-FUEL-PRODUCER-GAS","TD-BASE-SAFETY","REQUIRED","","","SL1","","Generated provisional semantics; human domain review required","PROVISIONAL_AUTO_REVIEW_REQUIRED","DENY","0.5-draft"
"EDGE-TD-FERTILIZERS-001","TD-FERTILIZERS","TD-FOOD-SITE","REQUIRED","","","SL3","","Generated provisional semantics; human domain review required","PROVISIONAL_AUTO_REVIEW_REQUIRED","DENY","0.5-draft"
"EDGE-TD-FERTILIZERS-002","TD-FERTILIZERS","TD-BASE-MATERIALS","REQUIRED","","","SL3","","Generated provisional semantics; human domain review required","PROVISIONAL_AUTO_REVIEW_REQUIRED","DENY","0.5-draft"
"EDGE-TD-FERTILIZERS-003","TD-FERTILIZERS","TD-FERT-NUTRIENT-BUDGET","REQUIRED","","","SL3","","Generated provisional semantics; human domain review required","PROVISIONAL_AUTO_REVIEW_REQUIRED","DENY","0.5-draft"
"EDGE-TD-FERTILIZERS-004","TD-FERTILIZERS","TD-FERT-CROP-ROTATION","ALTERNATIVE","FERTILITY_STRATEGY","1","SL3","select_at_least_one_verified_path_for_applicable_service","Generated provisional semantics; human domain review required","PROVISIONAL_AUTO_REVIEW_REQUIRED","DENY","0.5-draft"
"EDGE-TD-FERTILIZERS-005","TD-FERTILIZERS","TD-FERT-COMPOST","ALTERNATIVE","FERTILITY_STRATEGY","1","SL3","select_at_least_one_verified_path_for_applicable_service","Generated provisional semantics; human domain review required","PROVISIONAL_AUTO_REVIEW_REQUIRED","DENY","0.5-draft"
"EDGE-TD-FERTILIZERS-006","TD-FERTILIZERS","TD-FERT-MANURE","ALTERNATIVE","FERTILITY_STRATEGY","1","SL3","select_at_least_one_verified_path_for_applicable_service","Generated provisional semantics; human domain review required","PROVISIONAL_AUTO_REVIEW_REQUIRED","DENY","0.5-draft"
"EDGE-TD-FERTILIZERS-007","TD-FERTILIZERS","TD-FERT-ASH","CONDITIONAL","","","SL3","applicable_profile_site_or_qualified_role_required","Generated provisional semantics; human domain review required","PROVISIONAL_AUTO_REVIEW_REQUIRED","DENY","0.5-draft"
"EDGE-TD-FERTILIZERS-008","TD-FERTILIZERS","TD-FERT-LIME-USE","CONDITIONAL","","","SL3","applicable_profile_site_or_qualified_role_required","Generated provisional semantics; human domain review required","PROVISIONAL_AUTO_REVIEW_REQUIRED","DENY","0.5-draft"
"EDGE-TD-FERTILIZERS-009","TD-FERTILIZERS","TD-FERT-STORAGE","CONDITIONAL","","","SL3","applicable_profile_site_or_qualified_role_required","Generated provisional semantics; human domain review required","PROVISIONAL_AUTO_REVIEW_REQUIRED","DENY","0.5-draft"
"EDGE-TD-FERTILIZERS-010","TD-FERTILIZERS","TD-FERT-INDUSTRIAL-N","HAZARD_ONLY","","","SL1","not_an_operational_prerequisite","Generated provisional semantics; human domain review required","PROVISIONAL_AUTO_REVIEW_REQUIRED","DENY","0.5-draft"
"EDGE-TD-FERTILIZERS-011","TD-FERTILIZERS","TD-FERT-PHOSPHATE-POTASH","HAZARD_ONLY","","","SL1","not_an_operational_prerequisite","Generated provisional semantics; human domain review required","PROVISIONAL_AUTO_REVIEW_REQUIRED","DENY","0.5-draft"
"EDGE-TD-FERTILIZERS-012","TD-FERTILIZERS","TD-FERT-BIOLOGICAL","HAZARD_ONLY","","","SL1","not_an_operational_prerequisite","Generated provisional semantics; human domain review required","PROVISIONAL_AUTO_REVIEW_REQUIRED","DENY","0.5-draft"
"EDGE-TD-FERTILIZERS-013","TD-FERTILIZERS","TD-FERT-CROP-REMOVAL","REQUIRED","","","SL3","","Generated provisional semantics; human domain review required","PROVISIONAL_AUTO_REVIEW_REQUIRED","DENY","0.5-draft"
"EDGE-TD-FERTILIZERS-014","TD-FERTILIZERS","TD-FERT-LEGUMES","ALTERNATIVE","FERTILITY_STRATEGY","1","SL3","select_at_least_one_verified_path_for_applicable_service","Generated provisional semantics; human domain review required","PROVISIONAL_AUTO_REVIEW_REQUIRED","DENY","0.5-draft"
"EDGE-TD-FERTILIZERS-015","TD-FERTILIZERS","TD-FERT-RESIDUES","ALTERNATIVE","FERTILITY_STRATEGY","1","SL3","select_at_least_one_verified_path_for_applicable_service","Generated provisional semantics; human domain review required","PROVISIONAL_AUTO_REVIEW_REQUIRED","DENY","0.5-draft"
"EDGE-TD-FERTILIZERS-016","TD-FERTILIZERS","TD-FERT-LABELED","ALTERNATIVE","FERTILITY_STRATEGY","1","SL3","select_at_least_one_verified_path_for_applicable_service","Generated provisional semantics; human domain review required","PROVISIONAL_AUTO_REVIEW_REQUIRED","DENY","0.5-draft"
"EDGE-TD-FERTILIZERS-017","TD-FERTILIZERS","TD-FERT-MICRONUTRIENTS","CONDITIONAL","","","SL3","applicable_profile_site_or_qualified_role_required","Generated provisional semantics; human domain review required","PROVISIONAL_AUTO_REVIEW_REQUIRED","DENY","0.5-draft"
"EDGE-TD-FERTILIZERS-018","TD-FERTILIZERS","TD-FERT-RUNOFF","REQUIRED","","","SL3","","Generated provisional semantics; human domain review required","PROVISIONAL_AUTO_REVIEW_REQUIRED","DENY","0.5-draft"
"EDGE-TD-FERTILIZERS-019","TD-FERTILIZERS","TD-FERT-TRACEABILITY","REQUIRED","","","SL3","","Generated provisional semantics; human domain review required","PROVISIONAL_AUTO_REVIEW_REQUIRED","DENY","0.5-draft"
"EDGE-TD-FERT-NUTRIENT-BUDGET-001","TD-FERT-NUTRIENT-BUDGET","TD-FOOD-SITE","REQUIRED","","","SL3","","Generated provisional semantics; human domain review required","PROVISIONAL_AUTO_REVIEW_REQUIRED","DENY","0.5-draft"
"EDGE-TD-FERT-NUTRIENT-BUDGET-002","TD-FERT-NUTRIENT-BUDGET","TD-BASE-METROLOGY","REQUIRED","","","SL3","","Generated provisional semantics; human domain review required","PROVISIONAL_AUTO_REVIEW_REQUIRED","DENY","0.5-draft"
"EDGE-TD-FERT-CROP-ROTATION-001","TD-FERT-CROP-ROTATION","TD-CROP-PLAN","REQUIRED","","","SL3","","Generated provisional semantics; human domain review required","PROVISIONAL_AUTO_REVIEW_REQUIRED","DENY","0.5-draft"
"EDGE-TD-FERT-CROP-ROTATION-002","TD-FERT-CROP-ROTATION","TD-FERT-NUTRIENT-BUDGET","REQUIRED","","","SL3","","Generated provisional semantics; human domain review required","PROVISIONAL_AUTO_REVIEW_REQUIRED","DENY","0.5-draft"
"EDGE-TD-FERT-COMPOST-001","TD-FERT-COMPOST","TD-BASE-SITE","REQUIRED","","","SL1","","Generated provisional semantics; human domain review required","PROVISIONAL_AUTO_REVIEW_REQUIRED","DENY","0.5-draft"
"EDGE-TD-FERT-COMPOST-002","TD-FERT-COMPOST","TD-BASE-MATERIALS","REQUIRED","","","SL3","","Generated provisional semantics; human domain review required","PROVISIONAL_AUTO_REVIEW_REQUIRED","DENY","0.5-draft"
"EDGE-TD-FERT-COMPOST-003","TD-FERT-COMPOST","TD-FERT-NUTRIENT-BUDGET","REQUIRED","","","SL3","","Generated provisional semantics; human domain review required","PROVISIONAL_AUTO_REVIEW_REQUIRED","DENY","0.5-draft"
"EDGE-TD-FERT-MANURE-001","TD-FERT-MANURE","TD-BASE-SITE","REQUIRED","","","SL1","","Generated provisional semantics; human domain review required","PROVISIONAL_AUTO_REVIEW_REQUIRED","DENY","0.5-draft"
"EDGE-TD-FERT-MANURE-002","TD-FERT-MANURE","TD-FERT-NUTRIENT-BUDGET","REQUIRED","","","SL3","","Generated provisional semantics; human domain review required","PROVISIONAL_AUTO_REVIEW_REQUIRED","DENY","0.5-draft"
"EDGE-TD-FERT-MANURE-003","TD-FERT-MANURE","TD-BASE-SAFETY","REQUIRED","","","SL1","","Generated provisional semantics; human domain review required","PROVISIONAL_AUTO_REVIEW_REQUIRED","DENY","0.5-draft"
"EDGE-TD-FERT-HUMAN-WASTE-001","TD-FERT-HUMAN-WASTE","TD-BASE-SAFETY","REQUIRED","","","SL1","","Generated provisional semantics; human domain review required","PROVISIONAL_AUTO_REVIEW_REQUIRED","DENY","0.5-draft"
"EDGE-TD-FERT-HUMAN-WASTE-002","TD-FERT-HUMAN-WASTE","TD-SANITATION","REQUIRED","","","SL2","","Generated provisional semantics; human domain review required","PROVISIONAL_AUTO_REVIEW_REQUIRED","DENY","0.5-draft"
"EDGE-TD-FERT-ASH-001","TD-FERT-ASH","TD-FUEL-SOLID","REQUIRED","","","SL3","","Generated provisional semantics; human domain review required","PROVISIONAL_AUTO_REVIEW_REQUIRED","DENY","0.5-draft"
"EDGE-TD-FERT-ASH-002","TD-FERT-ASH","TD-FERT-NUTRIENT-BUDGET","REQUIRED","","","SL3","","Generated provisional semantics; human domain review required","PROVISIONAL_AUTO_REVIEW_REQUIRED","DENY","0.5-draft"
"EDGE-TD-FERT-ASH-003","TD-FERT-ASH","TD-BASE-MATERIALS","REQUIRED","","","SL3","","Generated provisional semantics; human domain review required","PROVISIONAL_AUTO_REVIEW_REQUIRED","DENY","0.5-draft"
"EDGE-TD-FERT-LIME-USE-001","TD-FERT-LIME-USE","TD-FERT-NUTRIENT-BUDGET","REQUIRED","","","SL3","","Generated provisional semantics; human domain review required","PROVISIONAL_AUTO_REVIEW_REQUIRED","DENY","0.5-draft"
"EDGE-TD-FERT-LIME-USE-002","TD-FERT-LIME-USE","TD-BASE-MATERIALS","REQUIRED","","","SL3","","Generated provisional semantics; human domain review required","PROVISIONAL_AUTO_REVIEW_REQUIRED","DENY","0.5-draft"
"EDGE-TD-FERT-LIME-MAKING-001","TD-FERT-LIME-MAKING","TD-BASE-SAFETY","REQUIRED","","","SL1","","Generated provisional semantics; human domain review required","PROVISIONAL_AUTO_REVIEW_REQUIRED","DENY","0.5-draft"
"EDGE-TD-FERT-STORAGE-001","TD-FERT-STORAGE","TD-BASE-SITE","REQUIRED","","","SL1","","Generated provisional semantics; human domain review required","PROVISIONAL_AUTO_REVIEW_REQUIRED","DENY","0.5-draft"
"EDGE-TD-FERT-STORAGE-002","TD-FERT-STORAGE","TD-BASE-MATERIALS","REQUIRED","","","SL3","","Generated provisional semantics; human domain review required","PROVISIONAL_AUTO_REVIEW_REQUIRED","DENY","0.5-draft"
"EDGE-TD-FERT-STORAGE-003","TD-FERT-STORAGE","TD-FERT-NUTRIENT-BUDGET","REQUIRED","","","SL3","","Generated provisional semantics; human domain review required","PROVISIONAL_AUTO_REVIEW_REQUIRED","DENY","0.5-draft"
"EDGE-TD-FERT-INDUSTRIAL-N-001","TD-FERT-INDUSTRIAL-N","TD-BASE-SAFETY","REQUIRED","","","SL1","","Generated provisional semantics; human domain review required","PROVISIONAL_AUTO_REVIEW_REQUIRED","DENY","0.5-draft"
"EDGE-TD-FERT-PHOSPHATE-POTASH-001","TD-FERT-PHOSPHATE-POTASH","TD-BASE-SAFETY","REQUIRED","","","SL1","","Generated provisional semantics; human domain review required","PROVISIONAL_AUTO_REVIEW_REQUIRED","DENY","0.5-draft"
"EDGE-TD-FERT-PHOSPHATE-POTASH-002","TD-FERT-PHOSPHATE-POTASH","TD-FERT-NUTRIENT-BUDGET","REQUIRED","","","SL3","","Generated provisional semantics; human domain review required","PROVISIONAL_AUTO_REVIEW_REQUIRED","DENY","0.5-draft"
"EDGE-TD-FERT-BIOLOGICAL-001","TD-FERT-BIOLOGICAL","TD-BASE-SAFETY","REQUIRED","","","SL1","","Generated provisional semantics; human domain review required","PROVISIONAL_AUTO_REVIEW_REQUIRED","DENY","0.5-draft"
"EDGE-TD-PEOPLE-PROFILE-001","TD-PEOPLE-PROFILE","TD-BASE-SAFETY","REQUIRED","","","SL1","","Generated provisional semantics; human domain review required","PROVISIONAL_AUTO_REVIEW_REQUIRED","DENY","0.5-draft"
"EDGE-TD-PEOPLE-PROFILE-002","TD-PEOPLE-PROFILE","TD-BASE-SITE","REQUIRED","","","SL1","","Generated provisional semantics; human domain review required","PROVISIONAL_AUTO_REVIEW_REQUIRED","DENY","0.5-draft"
"EDGE-TD-PEOPLE-PROFILE-003","TD-PEOPLE-PROFILE","TD-BASE-INVENTORY","REQUIRED","","","SL1","","Generated provisional semantics; human domain review required","PROVISIONAL_AUTO_REVIEW_REQUIRED","DENY","0.5-draft"
"EDGE-TD-PEOPLE-MEDICAL-001","TD-PEOPLE-MEDICAL","TD-BASE-SAFETY","REQUIRED","","","SL1","","Generated provisional semantics; human domain review required","PROVISIONAL_AUTO_REVIEW_REQUIRED","DENY","0.5-draft"
"EDGE-TD-PEOPLE-MEDICAL-002","TD-PEOPLE-MEDICAL","TD-BASE-SITE","REQUIRED","","","SL1","","Generated provisional semantics; human domain review required","PROVISIONAL_AUTO_REVIEW_REQUIRED","DENY","0.5-draft"
"EDGE-TD-PEOPLE-MEDICAL-003","TD-PEOPLE-MEDICAL","TD-BASE-INVENTORY","REQUIRED","","","SL1","","Generated provisional semantics; human domain review required","PROVISIONAL_AUTO_REVIEW_REQUIRED","DENY","0.5-draft"
"EDGE-TD-PEOPLE-AGE-MASS-001","TD-PEOPLE-AGE-MASS","TD-BASE-SAFETY","REQUIRED","","","SL1","","Generated provisional semantics; human domain review required","PROVISIONAL_AUTO_REVIEW_REQUIRED","DENY","0.5-draft"
"EDGE-TD-PEOPLE-AGE-MASS-002","TD-PEOPLE-AGE-MASS","TD-BASE-SITE","REQUIRED","","","SL1","","Generated provisional semantics; human domain review required","PROVISIONAL_AUTO_REVIEW_REQUIRED","DENY","0.5-draft"
"EDGE-TD-PEOPLE-AGE-MASS-003","TD-PEOPLE-AGE-MASS","TD-BASE-INVENTORY","REQUIRED","","","SL1","","Generated provisional semantics; human domain review required","PROVISIONAL_AUTO_REVIEW_REQUIRED","DENY","0.5-draft"
"EDGE-TD-PEOPLE-PREGNANCY-001","TD-PEOPLE-PREGNANCY","TD-BASE-SAFETY","REQUIRED","","","SL1","","Generated provisional semantics; human domain review required","PROVISIONAL_AUTO_REVIEW_REQUIRED","DENY","0.5-draft"
"EDGE-TD-PEOPLE-PREGNANCY-002","TD-PEOPLE-PREGNANCY","TD-BASE-SITE","REQUIRED","","","SL1","","Generated provisional semantics; human domain review required","PROVISIONAL_AUTO_REVIEW_REQUIRED","DENY","0.5-draft"
"EDGE-TD-PEOPLE-PREGNANCY-003","TD-PEOPLE-PREGNANCY","TD-BASE-INVENTORY","REQUIRED","","","SL1","","Generated provisional semantics; human domain review required","PROVISIONAL_AUTO_REVIEW_REQUIRED","DENY","0.5-draft"
"EDGE-TD-PEOPLE-CHILD-001","TD-PEOPLE-CHILD","TD-BASE-SAFETY","REQUIRED","","","SL1","","Generated provisional semantics; human domain review required","PROVISIONAL_AUTO_REVIEW_REQUIRED","DENY","0.5-draft"
"EDGE-TD-PEOPLE-CHILD-002","TD-PEOPLE-CHILD","TD-BASE-SITE","REQUIRED","","","SL1","","Generated provisional semantics; human domain review required","PROVISIONAL_AUTO_REVIEW_REQUIRED","DENY","0.5-draft"
"EDGE-TD-PEOPLE-CHILD-003","TD-PEOPLE-CHILD","TD-BASE-INVENTORY","REQUIRED","","","SL1","","Generated provisional semantics; human domain review required","PROVISIONAL_AUTO_REVIEW_REQUIRED","DENY","0.5-draft"
"EDGE-TD-PEOPLE-ELDER-001","TD-PEOPLE-ELDER","TD-BASE-SAFETY","REQUIRED","","","SL1","","Generated provisional semantics; human domain review required","PROVISIONAL_AUTO_REVIEW_REQUIRED","DENY","0.5-draft"
"EDGE-TD-PEOPLE-ELDER-002","TD-PEOPLE-ELDER","TD-BASE-SITE","REQUIRED","","","SL1","","Generated provisional semantics; human domain review required","PROVISIONAL_AUTO_REVIEW_REQUIRED","DENY","0.5-draft"
"EDGE-TD-PEOPLE-ELDER-003","TD-PEOPLE-ELDER","TD-BASE-INVENTORY","REQUIRED","","","SL1","","Generated provisional semantics; human domain review required","PROVISIONAL_AUTO_REVIEW_REQUIRED","DENY","0.5-draft"
"EDGE-TD-PEOPLE-ACCESS-001","TD-PEOPLE-ACCESS","TD-BASE-SAFETY","REQUIRED","","","SL1","","Generated provisional semantics; human domain review required","PROVISIONAL_AUTO_REVIEW_REQUIRED","DENY","0.5-draft"
"EDGE-TD-PEOPLE-ACCESS-002","TD-PEOPLE-ACCESS","TD-BASE-SITE","REQUIRED","","","SL1","","Generated provisional semantics; human domain review required","PROVISIONAL_AUTO_REVIEW_REQUIRED","DENY","0.5-draft"
"EDGE-TD-PEOPLE-ACCESS-003","TD-PEOPLE-ACCESS","TD-BASE-INVENTORY","REQUIRED","","","SL1","","Generated provisional semantics; human domain review required","PROVISIONAL_AUTO_REVIEW_REQUIRED","DENY","0.5-draft"
"EDGE-TD-PEOPLE-LANGUAGE-001","TD-PEOPLE-LANGUAGE","TD-BASE-SAFETY","REQUIRED","","","SL1","","Generated provisional semantics; human domain review required","PROVISIONAL_AUTO_REVIEW_REQUIRED","DENY","0.5-draft"
"EDGE-TD-PEOPLE-LANGUAGE-002","TD-PEOPLE-LANGUAGE","TD-BASE-SITE","REQUIRED","","","SL1","","Generated provisional semantics; human domain review required","PROVISIONAL_AUTO_REVIEW_REQUIRED","DENY","0.5-draft"
"EDGE-TD-PEOPLE-LANGUAGE-003","TD-PEOPLE-LANGUAGE","TD-BASE-INVENTORY","REQUIRED","","","SL1","","Generated provisional semantics; human domain review required","PROVISIONAL_AUTO_REVIEW_REQUIRED","DENY","0.5-draft"
"EDGE-TD-PEOPLE-CARE-DEPS-001","TD-PEOPLE-CARE-DEPS","TD-BASE-SAFETY","REQUIRED","","","SL1","","Generated provisional semantics; human domain review required","PROVISIONAL_AUTO_REVIEW_REQUIRED","DENY","0.5-draft"
"EDGE-TD-PEOPLE-CARE-DEPS-002","TD-PEOPLE-CARE-DEPS","TD-BASE-SITE","REQUIRED","","","SL1","","Generated provisional semantics; human domain review required","PROVISIONAL_AUTO_REVIEW_REQUIRED","DENY","0.5-draft"
"EDGE-TD-PEOPLE-CARE-DEPS-003","TD-PEOPLE-CARE-DEPS","TD-BASE-INVENTORY","REQUIRED","","","SL1","","Generated provisional semantics; human domain review required","PROVISIONAL_AUTO_REVIEW_REQUIRED","DENY","0.5-draft"
"EDGE-TD-PEOPLE-ANIMALS-001","TD-PEOPLE-ANIMALS","TD-BASE-SAFETY","REQUIRED","","","SL1","","Generated provisional semantics; human domain review required","PROVISIONAL_AUTO_REVIEW_REQUIRED","DENY","0.5-draft"
"EDGE-TD-PEOPLE-ANIMALS-002","TD-PEOPLE-ANIMALS","TD-BASE-SITE","REQUIRED","","","SL1","","Generated provisional semantics; human domain review required","PROVISIONAL_AUTO_REVIEW_REQUIRED","DENY","0.5-draft"
"EDGE-TD-PEOPLE-ANIMALS-003","TD-PEOPLE-ANIMALS","TD-BASE-INVENTORY","REQUIRED","","","SL1","","Generated provisional semantics; human domain review required","PROVISIONAL_AUTO_REVIEW_REQUIRED","DENY","0.5-draft"
"EDGE-TD-PEOPLE-CONSENT-001","TD-PEOPLE-CONSENT","TD-BASE-SAFETY","REQUIRED","","","SL1","","Generated provisional semantics; human domain review required","PROVISIONAL_AUTO_REVIEW_REQUIRED","DENY","0.5-draft"
"EDGE-TD-PEOPLE-CONSENT-002","TD-PEOPLE-CONSENT","TD-BASE-SITE","REQUIRED","","","SL1","","Generated provisional semantics; human domain review required","PROVISIONAL_AUTO_REVIEW_REQUIRED","DENY","0.5-draft"
"EDGE-TD-PEOPLE-CONSENT-003","TD-PEOPLE-CONSENT","TD-BASE-INVENTORY","REQUIRED","","","SL1","","Generated provisional semantics; human domain review required","PROVISIONAL_AUTO_REVIEW_REQUIRED","DENY","0.5-draft"
"EDGE-TD-PEOPLE-CAPACITY-001","TD-PEOPLE-CAPACITY","TD-BASE-SAFETY","REQUIRED","","","SL1","","Generated provisional semantics; human domain review required","PROVISIONAL_AUTO_REVIEW_REQUIRED","DENY","0.5-draft"
"EDGE-TD-PEOPLE-CAPACITY-002","TD-PEOPLE-CAPACITY","TD-BASE-SITE","REQUIRED","","","SL1","","Generated provisional semantics; human domain review required","PROVISIONAL_AUTO_REVIEW_REQUIRED","DENY","0.5-draft"
"EDGE-TD-PEOPLE-CAPACITY-003","TD-PEOPLE-CAPACITY","TD-BASE-INVENTORY","REQUIRED","","","SL1","","Generated provisional semantics; human domain review required","PROVISIONAL_AUTO_REVIEW_REQUIRED","DENY","0.5-draft"
"EDGE-TD-PEOPLE-SINGLE-POINT-001","TD-PEOPLE-SINGLE-POINT","TD-BASE-SAFETY","REQUIRED","","","SL1","","Generated provisional semantics; human domain review required","PROVISIONAL_AUTO_REVIEW_REQUIRED","DENY","0.5-draft"
"EDGE-TD-PEOPLE-SINGLE-POINT-002","TD-PEOPLE-SINGLE-POINT","TD-BASE-SITE","REQUIRED","","","SL1","","Generated provisional semantics; human domain review required","PROVISIONAL_AUTO_REVIEW_REQUIRED","DENY","0.5-draft"
"EDGE-TD-PEOPLE-SINGLE-POINT-003","TD-PEOPLE-SINGLE-POINT","TD-BASE-INVENTORY","REQUIRED","","","SL1","","Generated provisional semantics; human domain review required","PROVISIONAL_AUTO_REVIEW_REQUIRED","DENY","0.5-draft"
"EDGE-TD-PEOPLE-REST-001","TD-PEOPLE-REST","TD-BASE-SAFETY","REQUIRED","","","SL1","","Generated provisional semantics; human domain review required","PROVISIONAL_AUTO_REVIEW_REQUIRED","DENY","0.5-draft"
"EDGE-TD-PEOPLE-REST-002","TD-PEOPLE-REST","TD-BASE-SITE","REQUIRED","","","SL1","","Generated provisional semantics; human domain review required","PROVISIONAL_AUTO_REVIEW_REQUIRED","DENY","0.5-draft"
"EDGE-TD-PEOPLE-REST-003","TD-PEOPLE-REST","TD-BASE-INVENTORY","REQUIRED","","","SL1","","Generated provisional semantics; human domain review required","PROVISIONAL_AUTO_REVIEW_REQUIRED","DENY","0.5-draft"
"EDGE-TD-PEOPLE-ABSENCE-001","TD-PEOPLE-ABSENCE","TD-BASE-SAFETY","REQUIRED","","","SL1","","Generated provisional semantics; human domain review required","PROVISIONAL_AUTO_REVIEW_REQUIRED","DENY","0.5-draft"
"EDGE-TD-PEOPLE-ABSENCE-002","TD-PEOPLE-ABSENCE","TD-BASE-SITE","REQUIRED","","","SL1","","Generated provisional semantics; human domain review required","PROVISIONAL_AUTO_REVIEW_REQUIRED","DENY","0.5-draft"
"EDGE-TD-PEOPLE-ABSENCE-003","TD-PEOPLE-ABSENCE","TD-BASE-INVENTORY","REQUIRED","","","SL1","","Generated provisional semantics; human domain review required","PROVISIONAL_AUTO_REVIEW_REQUIRED","DENY","0.5-draft"
"EDGE-TD-PEOPLE-DEMOGRAPHY-001","TD-PEOPLE-DEMOGRAPHY","TD-BASE-SAFETY","REQUIRED","","","SL1","","Generated provisional semantics; human domain review required","PROVISIONAL_AUTO_REVIEW_REQUIRED","DENY","0.5-draft"
"EDGE-TD-PEOPLE-DEMOGRAPHY-002","TD-PEOPLE-DEMOGRAPHY","TD-BASE-SITE","REQUIRED","","","SL1","","Generated provisional semantics; human domain review required","PROVISIONAL_AUTO_REVIEW_REQUIRED","DENY","0.5-draft"
"EDGE-TD-PEOPLE-DEMOGRAPHY-003","TD-PEOPLE-DEMOGRAPHY","TD-BASE-INVENTORY","REQUIRED","","","SL1","","Generated provisional semantics; human domain review required","PROVISIONAL_AUTO_REVIEW_REQUIRED","DENY","0.5-draft"
"EDGE-TD-PEOPLE-001","TD-PEOPLE","TD-BASE","REQUIRED","","","SL3","","Generated provisional semantics; human domain review required","PROVISIONAL_AUTO_REVIEW_REQUIRED","DENY","0.5-draft"
"EDGE-TD-PEOPLE-002","TD-PEOPLE","TD-PEOPLE-PROFILE","REQUIRED","","","SL1","","Generated provisional semantics; human domain review required","PROVISIONAL_AUTO_REVIEW_REQUIRED","DENY","0.5-draft"
"EDGE-TD-PEOPLE-003","TD-PEOPLE","TD-PEOPLE-MEDICAL","REQUIRED","","","SL1","","Generated provisional semantics; human domain review required","PROVISIONAL_AUTO_REVIEW_REQUIRED","DENY","0.5-draft"
"EDGE-TD-PEOPLE-004","TD-PEOPLE","TD-PEOPLE-AGE-MASS","REQUIRED","","","SL1","","Generated provisional semantics; human domain review required","PROVISIONAL_AUTO_REVIEW_REQUIRED","DENY","0.5-draft"
"EDGE-TD-PEOPLE-005","TD-PEOPLE","TD-PEOPLE-PREGNANCY","CONDITIONAL","","","SL1","applicable_profile_site_or_qualified_role_required","Generated provisional semantics; human domain review required","PROVISIONAL_AUTO_REVIEW_REQUIRED","DENY","0.5-draft"
"EDGE-TD-PEOPLE-006","TD-PEOPLE","TD-PEOPLE-CHILD","REQUIRED","","","SL1","","Generated provisional semantics; human domain review required","PROVISIONAL_AUTO_REVIEW_REQUIRED","DENY","0.5-draft"
"EDGE-TD-PEOPLE-007","TD-PEOPLE","TD-PEOPLE-ELDER","REQUIRED","","","SL1","","Generated provisional semantics; human domain review required","PROVISIONAL_AUTO_REVIEW_REQUIRED","DENY","0.5-draft"
"EDGE-TD-PEOPLE-008","TD-PEOPLE","TD-PEOPLE-ACCESS","REQUIRED","","","SL1","","Generated provisional semantics; human domain review required","PROVISIONAL_AUTO_REVIEW_REQUIRED","DENY","0.5-draft"
"EDGE-TD-PEOPLE-009","TD-PEOPLE","TD-PEOPLE-LANGUAGE","REQUIRED","","","SL1","","Generated provisional semantics; human domain review required","PROVISIONAL_AUTO_REVIEW_REQUIRED","DENY","0.5-draft"
"EDGE-TD-PEOPLE-010","TD-PEOPLE","TD-PEOPLE-CARE-DEPS","REQUIRED","","","SL1","","Generated provisional semantics; human domain review required","PROVISIONAL_AUTO_REVIEW_REQUIRED","DENY","0.5-draft"
"EDGE-TD-PEOPLE-011","TD-PEOPLE","TD-PEOPLE-ANIMALS","REQUIRED","","","SL1","","Generated provisional semantics; human domain review required","PROVISIONAL_AUTO_REVIEW_REQUIRED","DENY","0.5-draft"
"EDGE-TD-PEOPLE-012","TD-PEOPLE","TD-PEOPLE-CONSENT","REQUIRED","","","SL1","","Generated provisional semantics; human domain review required","PROVISIONAL_AUTO_REVIEW_REQUIRED","DENY","0.5-draft"
"EDGE-TD-PEOPLE-013","TD-PEOPLE","TD-PEOPLE-CAPACITY","REQUIRED","","","SL1","","Generated provisional semantics; human domain review required","PROVISIONAL_AUTO_REVIEW_REQUIRED","DENY","0.5-draft"
"EDGE-TD-PEOPLE-014","TD-PEOPLE","TD-PEOPLE-SINGLE-POINT","REQUIRED","","","SL1","","Generated provisional semantics; human domain review required","PROVISIONAL_AUTO_REVIEW_REQUIRED","DENY","0.5-draft"
"EDGE-TD-PEOPLE-015","TD-PEOPLE","TD-PEOPLE-REST","REQUIRED","","","SL1","","Generated provisional semantics; human domain review required","PROVISIONAL_AUTO_REVIEW_REQUIRED","DENY","0.5-draft"
"EDGE-TD-PEOPLE-016","TD-PEOPLE","TD-PEOPLE-ABSENCE","REQUIRED","","","SL1","","Generated provisional semantics; human domain review required","PROVISIONAL_AUTO_REVIEW_REQUIRED","DENY","0.5-draft"
"EDGE-TD-PEOPLE-017","TD-PEOPLE","TD-PEOPLE-DEMOGRAPHY","REQUIRED","","","SL6","","Generated provisional semantics; human domain review required","PROVISIONAL_AUTO_REVIEW_REQUIRED","DENY","0.5-draft"
"EDGE-TD-HEALTH-SCENE-PPE-001","TD-HEALTH-SCENE-PPE","TD-BASE-SAFETY","REQUIRED","","","SL1","","Generated provisional semantics; human domain review required","PROVISIONAL_AUTO_REVIEW_REQUIRED","DENY","0.5-draft"
"EDGE-TD-HEALTH-SCENE-PPE-002","TD-HEALTH-SCENE-PPE","TD-BASE-SITE","REQUIRED","","","SL1","","Generated provisional semantics; human domain review required","PROVISIONAL_AUTO_REVIEW_REQUIRED","DENY","0.5-draft"
"EDGE-TD-HEALTH-SCENE-PPE-003","TD-HEALTH-SCENE-PPE","TD-BASE-INVENTORY","REQUIRED","","","SL1","","Generated provisional semantics; human domain review required","PROVISIONAL_AUTO_REVIEW_REQUIRED","DENY","0.5-draft"
"EDGE-TD-HEALTH-CONTACTS-001","TD-HEALTH-CONTACTS","TD-BASE-SAFETY","REQUIRED","","","SL1","","Generated provisional semantics; human domain review required","PROVISIONAL_AUTO_REVIEW_REQUIRED","DENY","0.5-draft"
"EDGE-TD-HEALTH-CONTACTS-002","TD-HEALTH-CONTACTS","TD-BASE-SITE","REQUIRED","","","SL1","","Generated provisional semantics; human domain review required","PROVISIONAL_AUTO_REVIEW_REQUIRED","DENY","0.5-draft"
"EDGE-TD-HEALTH-CONTACTS-003","TD-HEALTH-CONTACTS","TD-BASE-INVENTORY","REQUIRED","","","SL1","","Generated provisional semantics; human domain review required","PROVISIONAL_AUTO_REVIEW_REQUIRED","DENY","0.5-draft"
"EDGE-TD-HEALTH-PRIMARY-ASSESS-001","TD-HEALTH-PRIMARY-ASSESS","TD-BASE-SAFETY","REQUIRED","","","SL1","","Generated provisional semantics; human domain review required","PROVISIONAL_AUTO_REVIEW_REQUIRED","DENY","0.5-draft"
"EDGE-TD-HEALTH-PRIMARY-ASSESS-002","TD-HEALTH-PRIMARY-ASSESS","TD-BASE-SITE","REQUIRED","","","SL1","","Generated provisional semantics; human domain review required","PROVISIONAL_AUTO_REVIEW_REQUIRED","DENY","0.5-draft"
"EDGE-TD-HEALTH-PRIMARY-ASSESS-003","TD-HEALTH-PRIMARY-ASSESS","TD-BASE-INVENTORY","REQUIRED","","","SL1","","Generated provisional semantics; human domain review required","PROVISIONAL_AUTO_REVIEW_REQUIRED","DENY","0.5-draft"
"EDGE-TD-HEALTH-BLS-AED-001","TD-HEALTH-BLS-AED","TD-BASE-SAFETY","REQUIRED","","","SL1","","Generated provisional semantics; human domain review required","PROVISIONAL_AUTO_REVIEW_REQUIRED","DENY","0.5-draft"
"EDGE-TD-HEALTH-BLS-AED-002","TD-HEALTH-BLS-AED","TD-BASE-SITE","REQUIRED","","","SL1","","Generated provisional semantics; human domain review required","PROVISIONAL_AUTO_REVIEW_REQUIRED","DENY","0.5-draft"
"EDGE-TD-HEALTH-BLS-AED-003","TD-HEALTH-BLS-AED","TD-BASE-INVENTORY","REQUIRED","","","SL1","","Generated provisional semantics; human domain review required","PROVISIONAL_AUTO_REVIEW_REQUIRED","DENY","0.5-draft"
"EDGE-TD-HEALTH-AIRWAY-001","TD-HEALTH-AIRWAY","TD-BASE-SAFETY","REQUIRED","","","SL1","","Generated provisional semantics; human domain review required","PROVISIONAL_AUTO_REVIEW_REQUIRED","DENY","0.5-draft"
"EDGE-TD-HEALTH-AIRWAY-002","TD-HEALTH-AIRWAY","TD-BASE-SITE","REQUIRED","","","SL1","","Generated provisional semantics; human domain review required","PROVISIONAL_AUTO_REVIEW_REQUIRED","DENY","0.5-draft"
"EDGE-TD-HEALTH-AIRWAY-003","TD-HEALTH-AIRWAY","TD-BASE-INVENTORY","REQUIRED","","","SL1","","Generated provisional semantics; human domain review required","PROVISIONAL_AUTO_REVIEW_REQUIRED","DENY","0.5-draft"
"EDGE-TD-HEALTH-BLEED-SHOCK-001","TD-HEALTH-BLEED-SHOCK","TD-BASE-SAFETY","REQUIRED","","","SL1","","Generated provisional semantics; human domain review required","PROVISIONAL_AUTO_REVIEW_REQUIRED","DENY","0.5-draft"
"EDGE-TD-HEALTH-BLEED-SHOCK-002","TD-HEALTH-BLEED-SHOCK","TD-BASE-SITE","REQUIRED","","","SL1","","Generated provisional semantics; human domain review required","PROVISIONAL_AUTO_REVIEW_REQUIRED","DENY","0.5-draft"
"EDGE-TD-HEALTH-BLEED-SHOCK-003","TD-HEALTH-BLEED-SHOCK","TD-BASE-INVENTORY","REQUIRED","","","SL1","","Generated provisional semantics; human domain review required","PROVISIONAL_AUTO_REVIEW_REQUIRED","DENY","0.5-draft"
"EDGE-TD-HEALTH-ANAPHYLAXIS-001","TD-HEALTH-ANAPHYLAXIS","TD-BASE-SAFETY","REQUIRED","","","SL1","","Generated provisional semantics; human domain review required","PROVISIONAL_AUTO_REVIEW_REQUIRED","DENY","0.5-draft"
"EDGE-TD-HEALTH-ANAPHYLAXIS-002","TD-HEALTH-ANAPHYLAXIS","TD-BASE-SITE","REQUIRED","","","SL1","","Generated provisional semantics; human domain review required","PROVISIONAL_AUTO_REVIEW_REQUIRED","DENY","0.5-draft"
"EDGE-TD-HEALTH-ANAPHYLAXIS-003","TD-HEALTH-ANAPHYLAXIS","TD-BASE-INVENTORY","REQUIRED","","","SL1","","Generated provisional semantics; human domain review required","PROVISIONAL_AUTO_REVIEW_REQUIRED","DENY","0.5-draft"
"EDGE-TD-HEALTH-CHEST-STROKE-001","TD-HEALTH-CHEST-STROKE","TD-BASE-SAFETY","REQUIRED","","","SL1","","Generated provisional semantics; human domain review required","PROVISIONAL_AUTO_REVIEW_REQUIRED","DENY","0.5-draft"
"EDGE-TD-HEALTH-CHEST-STROKE-002","TD-HEALTH-CHEST-STROKE","TD-BASE-SITE","REQUIRED","","","SL1","","Generated provisional semantics; human domain review required","PROVISIONAL_AUTO_REVIEW_REQUIRED","DENY","0.5-draft"
"EDGE-TD-HEALTH-CHEST-STROKE-003","TD-HEALTH-CHEST-STROKE","TD-BASE-INVENTORY","REQUIRED","","","SL1","","Generated provisional semantics; human domain review required","PROVISIONAL_AUTO_REVIEW_REQUIRED","DENY","0.5-draft"
"EDGE-TD-HEALTH-RESP-001","TD-HEALTH-RESP","TD-BASE-SAFETY","REQUIRED","","","SL1","","Generated provisional semantics; human domain review required","PROVISIONAL_AUTO_REVIEW_REQUIRED","DENY","0.5-draft"
"EDGE-TD-HEALTH-RESP-002","TD-HEALTH-RESP","TD-BASE-SITE","REQUIRED","","","SL1","","Generated provisional semantics; human domain review required","PROVISIONAL_AUTO_REVIEW_REQUIRED","DENY","0.5-draft"
"EDGE-TD-HEALTH-RESP-003","TD-HEALTH-RESP","TD-BASE-INVENTORY","REQUIRED","","","SL1","","Generated provisional semantics; human domain review required","PROVISIONAL_AUTO_REVIEW_REQUIRED","DENY","0.5-draft"
"EDGE-TD-HEALTH-SEIZURE-001","TD-HEALTH-SEIZURE","TD-BASE-SAFETY","REQUIRED","","","SL1","","Generated provisional semantics; human domain review required","PROVISIONAL_AUTO_REVIEW_REQUIRED","DENY","0.5-draft"
"EDGE-TD-HEALTH-SEIZURE-002","TD-HEALTH-SEIZURE","TD-BASE-SITE","REQUIRED","","","SL1","","Generated provisional semantics; human domain review required","PROVISIONAL_AUTO_REVIEW_REQUIRED","DENY","0.5-draft"
"EDGE-TD-HEALTH-SEIZURE-003","TD-HEALTH-SEIZURE","TD-BASE-INVENTORY","REQUIRED","","","SL1","","Generated provisional semantics; human domain review required","PROVISIONAL_AUTO_REVIEW_REQUIRED","DENY","0.5-draft"
"EDGE-TD-HEALTH-DIABETES-001","TD-HEALTH-DIABETES","TD-BASE-SAFETY","REQUIRED","","","SL1","","Generated provisional semantics; human domain review required","PROVISIONAL_AUTO_REVIEW_REQUIRED","DENY","0.5-draft"
"EDGE-TD-HEALTH-DIABETES-002","TD-HEALTH-DIABETES","TD-BASE-SITE","REQUIRED","","","SL1","","Generated provisional semantics; human domain review required","PROVISIONAL_AUTO_REVIEW_REQUIRED","DENY","0.5-draft"
"EDGE-TD-HEALTH-DIABETES-003","TD-HEALTH-DIABETES","TD-BASE-INVENTORY","REQUIRED","","","SL1","","Generated provisional semantics; human domain review required","PROVISIONAL_AUTO_REVIEW_REQUIRED","DENY","0.5-draft"
"EDGE-TD-HEALTH-BURNS-001","TD-HEALTH-BURNS","TD-BASE-SAFETY","REQUIRED","","","SL1","","Generated provisional semantics; human domain review required","PROVISIONAL_AUTO_REVIEW_REQUIRED","DENY","0.5-draft"
"EDGE-TD-HEALTH-BURNS-002","TD-HEALTH-BURNS","TD-BASE-SITE","REQUIRED","","","SL1","","Generated provisional semantics; human domain review required","PROVISIONAL_AUTO_REVIEW_REQUIRED","DENY","0.5-draft"
"EDGE-TD-HEALTH-BURNS-003","TD-HEALTH-BURNS","TD-BASE-INVENTORY","REQUIRED","","","SL1","","Generated provisional semantics; human domain review required","PROVISIONAL_AUTO_REVIEW_REQUIRED","DENY","0.5-draft"
"EDGE-TD-HEALTH-ELECTRIC-001","TD-HEALTH-ELECTRIC","TD-BASE-SAFETY","REQUIRED","","","SL1","","Generated provisional semantics; human domain review required","PROVISIONAL_AUTO_REVIEW_REQUIRED","DENY","0.5-draft"
"EDGE-TD-HEALTH-ELECTRIC-002","TD-HEALTH-ELECTRIC","TD-BASE-SITE","REQUIRED","","","SL1","","Generated provisional semantics; human domain review required","PROVISIONAL_AUTO_REVIEW_REQUIRED","DENY","0.5-draft"
"EDGE-TD-HEALTH-ELECTRIC-003","TD-HEALTH-ELECTRIC","TD-BASE-INVENTORY","REQUIRED","","","SL1","","Generated provisional semantics; human domain review required","PROVISIONAL_AUTO_REVIEW_REQUIRED","DENY","0.5-draft"
"EDGE-TD-HEALTH-DROWNING-001","TD-HEALTH-DROWNING","TD-BASE-SAFETY","REQUIRED","","","SL1","","Generated provisional semantics; human domain review required","PROVISIONAL_AUTO_REVIEW_REQUIRED","DENY","0.5-draft"
"EDGE-TD-HEALTH-DROWNING-002","TD-HEALTH-DROWNING","TD-BASE-SITE","REQUIRED","","","SL1","","Generated provisional semantics; human domain review required","PROVISIONAL_AUTO_REVIEW_REQUIRED","DENY","0.5-draft"
"EDGE-TD-HEALTH-DROWNING-003","TD-HEALTH-DROWNING","TD-BASE-INVENTORY","REQUIRED","","","SL1","","Generated provisional semantics; human domain review required","PROVISIONAL_AUTO_REVIEW_REQUIRED","DENY","0.5-draft"
"EDGE-TD-HEALTH-THERMAL-STRESS-001","TD-HEALTH-THERMAL-STRESS","TD-BASE-SAFETY","REQUIRED","","","SL1","","Generated provisional semantics; human domain review required","PROVISIONAL_AUTO_REVIEW_REQUIRED","DENY","0.5-draft"
"EDGE-TD-HEALTH-THERMAL-STRESS-002","TD-HEALTH-THERMAL-STRESS","TD-BASE-SITE","REQUIRED","","","SL1","","Generated provisional semantics; human domain review required","PROVISIONAL_AUTO_REVIEW_REQUIRED","DENY","0.5-draft"
"EDGE-TD-HEALTH-THERMAL-STRESS-003","TD-HEALTH-THERMAL-STRESS","TD-BASE-INVENTORY","REQUIRED","","","SL1","","Generated provisional semantics; human domain review required","PROVISIONAL_AUTO_REVIEW_REQUIRED","DENY","0.5-draft"
"EDGE-TD-HEALTH-DEHYDRATION-001","TD-HEALTH-DEHYDRATION","TD-BASE-SAFETY","REQUIRED","","","SL1","","Generated provisional semantics; human domain review required","PROVISIONAL_AUTO_REVIEW_REQUIRED","DENY","0.5-draft"
"EDGE-TD-HEALTH-DEHYDRATION-002","TD-HEALTH-DEHYDRATION","TD-BASE-SITE","REQUIRED","","","SL1","","Generated provisional semantics; human domain review required","PROVISIONAL_AUTO_REVIEW_REQUIRED","DENY","0.5-draft"
"EDGE-TD-HEALTH-DEHYDRATION-003","TD-HEALTH-DEHYDRATION","TD-BASE-INVENTORY","REQUIRED","","","SL1","","Generated provisional semantics; human domain review required","PROVISIONAL_AUTO_REVIEW_REQUIRED","DENY","0.5-draft"
"EDGE-TD-HEALTH-POISON-001","TD-HEALTH-POISON","TD-BASE-SAFETY","REQUIRED","","","SL1","","Generated provisional semantics; human domain review required","PROVISIONAL_AUTO_REVIEW_REQUIRED","DENY","0.5-draft"
"EDGE-TD-HEALTH-POISON-002","TD-HEALTH-POISON","TD-BASE-SITE","REQUIRED","","","SL1","","Generated provisional semantics; human domain review required","PROVISIONAL_AUTO_REVIEW_REQUIRED","DENY","0.5-draft"
"EDGE-TD-HEALTH-POISON-003","TD-HEALTH-POISON","TD-BASE-INVENTORY","REQUIRED","","","SL1","","Generated provisional semantics; human domain review required","PROVISIONAL_AUTO_REVIEW_REQUIRED","DENY","0.5-draft"
"EDGE-TD-HEALTH-HEAD-SPINE-001","TD-HEALTH-HEAD-SPINE","TD-BASE-SAFETY","REQUIRED","","","SL1","","Generated provisional semantics; human domain review required","PROVISIONAL_AUTO_REVIEW_REQUIRED","DENY","0.5-draft"
"EDGE-TD-HEALTH-HEAD-SPINE-002","TD-HEALTH-HEAD-SPINE","TD-BASE-SITE","REQUIRED","","","SL1","","Generated provisional semantics; human domain review required","PROVISIONAL_AUTO_REVIEW_REQUIRED","DENY","0.5-draft"
"EDGE-TD-HEALTH-HEAD-SPINE-003","TD-HEALTH-HEAD-SPINE","TD-BASE-INVENTORY","REQUIRED","","","SL1","","Generated provisional semantics; human domain review required","PROVISIONAL_AUTO_REVIEW_REQUIRED","DENY","0.5-draft"
"EDGE-TD-HEALTH-FRACTURE-001","TD-HEALTH-FRACTURE","TD-BASE-SAFETY","REQUIRED","","","SL1","","Generated provisional semantics; human domain review required","PROVISIONAL_AUTO_REVIEW_REQUIRED","DENY","0.5-draft"
"EDGE-TD-HEALTH-FRACTURE-002","TD-HEALTH-FRACTURE","TD-BASE-SITE","REQUIRED","","","SL1","","Generated provisional semantics; human domain review required","PROVISIONAL_AUTO_REVIEW_REQUIRED","DENY","0.5-draft"
"EDGE-TD-HEALTH-FRACTURE-003","TD-HEALTH-FRACTURE","TD-BASE-INVENTORY","REQUIRED","","","SL1","","Generated provisional semantics; human domain review required","PROVISIONAL_AUTO_REVIEW_REQUIRED","DENY","0.5-draft"
"EDGE-TD-HEALTH-WOUNDS-001","TD-HEALTH-WOUNDS","TD-BASE-SAFETY","REQUIRED","","","SL1","","Generated provisional semantics; human domain review required","PROVISIONAL_AUTO_REVIEW_REQUIRED","DENY","0.5-draft"
"EDGE-TD-HEALTH-WOUNDS-002","TD-HEALTH-WOUNDS","TD-BASE-SITE","REQUIRED","","","SL1","","Generated provisional semantics; human domain review required","PROVISIONAL_AUTO_REVIEW_REQUIRED","DENY","0.5-draft"
"EDGE-TD-HEALTH-WOUNDS-003","TD-HEALTH-WOUNDS","TD-BASE-INVENTORY","REQUIRED","","","SL1","","Generated provisional semantics; human domain review required","PROVISIONAL_AUTO_REVIEW_REQUIRED","DENY","0.5-draft"
"EDGE-TD-HEALTH-MATERNAL-NEONATAL-001","TD-HEALTH-MATERNAL-NEONATAL","TD-BASE-SAFETY","REQUIRED","","","SL1","","Generated provisional semantics; human domain review required","PROVISIONAL_AUTO_REVIEW_REQUIRED","DENY","0.5-draft"
"EDGE-TD-HEALTH-MATERNAL-NEONATAL-002","TD-HEALTH-MATERNAL-NEONATAL","TD-BASE-SITE","REQUIRED","","","SL1","","Generated provisional semantics; human domain review required","PROVISIONAL_AUTO_REVIEW_REQUIRED","DENY","0.5-draft"
"EDGE-TD-HEALTH-MATERNAL-NEONATAL-003","TD-HEALTH-MATERNAL-NEONATAL","TD-BASE-INVENTORY","REQUIRED","","","SL1","","Generated provisional semantics; human domain review required","PROVISIONAL_AUTO_REVIEW_REQUIRED","DENY","0.5-draft"
"EDGE-TD-HEALTH-PEDIATRIC-001","TD-HEALTH-PEDIATRIC","TD-BASE-SAFETY","REQUIRED","","","SL1","","Generated provisional semantics; human domain review required","PROVISIONAL_AUTO_REVIEW_REQUIRED","DENY","0.5-draft"
"EDGE-TD-HEALTH-PEDIATRIC-002","TD-HEALTH-PEDIATRIC","TD-BASE-SITE","REQUIRED","","","SL1","","Generated provisional semantics; human domain review required","PROVISIONAL_AUTO_REVIEW_REQUIRED","DENY","0.5-draft"
"EDGE-TD-HEALTH-PEDIATRIC-003","TD-HEALTH-PEDIATRIC","TD-BASE-INVENTORY","REQUIRED","","","SL1","","Generated provisional semantics; human domain review required","PROVISIONAL_AUTO_REVIEW_REQUIRED","DENY","0.5-draft"
"EDGE-TD-HEALTH-MENTAL-CRISIS-001","TD-HEALTH-MENTAL-CRISIS","TD-BASE-SAFETY","REQUIRED","","","SL1","","Generated provisional semantics; human domain review required","PROVISIONAL_AUTO_REVIEW_REQUIRED","DENY","0.5-draft"
"EDGE-TD-HEALTH-MENTAL-CRISIS-002","TD-HEALTH-MENTAL-CRISIS","TD-BASE-SITE","REQUIRED","","","SL1","","Generated provisional semantics; human domain review required","PROVISIONAL_AUTO_REVIEW_REQUIRED","DENY","0.5-draft"
"EDGE-TD-HEALTH-MENTAL-CRISIS-003","TD-HEALTH-MENTAL-CRISIS","TD-BASE-INVENTORY","REQUIRED","","","SL1","","Generated provisional semantics; human domain review required","PROVISIONAL_AUTO_REVIEW_REQUIRED","DENY","0.5-draft"
"EDGE-TD-HEALTH-RECORDS-001","TD-HEALTH-RECORDS","TD-BASE-SAFETY","REQUIRED","","","SL1","","Generated provisional semantics; human domain review required","PROVISIONAL_AUTO_REVIEW_REQUIRED","DENY","0.5-draft"
"EDGE-TD-HEALTH-RECORDS-002","TD-HEALTH-RECORDS","TD-BASE-SITE","REQUIRED","","","SL1","","Generated provisional semantics; human domain review required","PROVISIONAL_AUTO_REVIEW_REQUIRED","DENY","0.5-draft"
"EDGE-TD-HEALTH-RECORDS-003","TD-HEALTH-RECORDS","TD-BASE-INVENTORY","REQUIRED","","","SL1","","Generated provisional semantics; human domain review required","PROVISIONAL_AUTO_REVIEW_REQUIRED","DENY","0.5-draft"
"EDGE-TD-HEALTH-KIT-INVENTORY-001","TD-HEALTH-KIT-INVENTORY","TD-BASE-SAFETY","REQUIRED","","","SL1","","Generated provisional semantics; human domain review required","PROVISIONAL_AUTO_REVIEW_REQUIRED","DENY","0.5-draft"
"EDGE-TD-HEALTH-KIT-INVENTORY-002","TD-HEALTH-KIT-INVENTORY","TD-BASE-SITE","REQUIRED","","","SL1","","Generated provisional semantics; human domain review required","PROVISIONAL_AUTO_REVIEW_REQUIRED","DENY","0.5-draft"
"EDGE-TD-HEALTH-KIT-INVENTORY-003","TD-HEALTH-KIT-INVENTORY","TD-BASE-INVENTORY","REQUIRED","","","SL1","","Generated provisional semantics; human domain review required","PROVISIONAL_AUTO_REVIEW_REQUIRED","DENY","0.5-draft"
"EDGE-TD-HEALTH-MEDICATION-INVENTORY-001","TD-HEALTH-MEDICATION-INVENTORY","TD-BASE-SAFETY","REQUIRED","","","SL1","","Generated provisional semantics; human domain review required","PROVISIONAL_AUTO_REVIEW_REQUIRED","DENY","0.5-draft"
"EDGE-TD-HEALTH-MEDICATION-INVENTORY-002","TD-HEALTH-MEDICATION-INVENTORY","TD-BASE-SITE","REQUIRED","","","SL1","","Generated provisional semantics; human domain review required","PROVISIONAL_AUTO_REVIEW_REQUIRED","DENY","0.5-draft"
"EDGE-TD-HEALTH-MEDICATION-INVENTORY-003","TD-HEALTH-MEDICATION-INVENTORY","TD-BASE-INVENTORY","REQUIRED","","","SL1","","Generated provisional semantics; human domain review required","PROVISIONAL_AUTO_REVIEW_REQUIRED","DENY","0.5-draft"
"EDGE-TD-HEALTH-COLD-CHAIN-001","TD-HEALTH-COLD-CHAIN","TD-BASE-SAFETY","REQUIRED","","","SL1","","Generated provisional semantics; human domain review required","PROVISIONAL_AUTO_REVIEW_REQUIRED","DENY","0.5-draft"
"EDGE-TD-HEALTH-COLD-CHAIN-002","TD-HEALTH-COLD-CHAIN","TD-BASE-SITE","REQUIRED","","","SL1","","Generated provisional semantics; human domain review required","PROVISIONAL_AUTO_REVIEW_REQUIRED","DENY","0.5-draft"
"EDGE-TD-HEALTH-COLD-CHAIN-003","TD-HEALTH-COLD-CHAIN","TD-BASE-INVENTORY","REQUIRED","","","SL1","","Generated provisional semantics; human domain review required","PROVISIONAL_AUTO_REVIEW_REQUIRED","DENY","0.5-draft"
"EDGE-TD-HEALTH-IPC-001","TD-HEALTH-IPC","TD-BASE-SAFETY","REQUIRED","","","SL1","","Generated provisional semantics; human domain review required","PROVISIONAL_AUTO_REVIEW_REQUIRED","DENY","0.5-draft"
"EDGE-TD-HEALTH-IPC-002","TD-HEALTH-IPC","TD-BASE-SITE","REQUIRED","","","SL1","","Generated provisional semantics; human domain review required","PROVISIONAL_AUTO_REVIEW_REQUIRED","DENY","0.5-draft"
"EDGE-TD-HEALTH-IPC-003","TD-HEALTH-IPC","TD-BASE-INVENTORY","REQUIRED","","","SL1","","Generated provisional semantics; human domain review required","PROVISIONAL_AUTO_REVIEW_REQUIRED","DENY","0.5-draft"
"EDGE-TD-HEALTH-MED-WASTE-001","TD-HEALTH-MED-WASTE","TD-BASE-SAFETY","REQUIRED","","","SL1","","Generated provisional semantics; human domain review required","PROVISIONAL_AUTO_REVIEW_REQUIRED","DENY","0.5-draft"
"EDGE-TD-HEALTH-MED-WASTE-002","TD-HEALTH-MED-WASTE","TD-BASE-SITE","REQUIRED","","","SL1","","Generated provisional semantics; human domain review required","PROVISIONAL_AUTO_REVIEW_REQUIRED","DENY","0.5-draft"
"EDGE-TD-HEALTH-MED-WASTE-003","TD-HEALTH-MED-WASTE","TD-BASE-INVENTORY","REQUIRED","","","SL1","","Generated provisional semantics; human domain review required","PROVISIONAL_AUTO_REVIEW_REQUIRED","DENY","0.5-draft"
"EDGE-TD-HEALTH-DELAYED-CARE-001","TD-HEALTH-DELAYED-CARE","TD-BASE-SAFETY","REQUIRED","","","SL1","","Generated provisional semantics; human domain review required","PROVISIONAL_AUTO_REVIEW_REQUIRED","DENY","0.5-draft"
"EDGE-TD-HEALTH-DELAYED-CARE-002","TD-HEALTH-DELAYED-CARE","TD-BASE-SITE","REQUIRED","","","SL1","","Generated provisional semantics; human domain review required","PROVISIONAL_AUTO_REVIEW_REQUIRED","DENY","0.5-draft"
"EDGE-TD-HEALTH-DELAYED-CARE-003","TD-HEALTH-DELAYED-CARE","TD-BASE-INVENTORY","REQUIRED","","","SL1","","Generated provisional semantics; human domain review required","PROVISIONAL_AUTO_REVIEW_REQUIRED","DENY","0.5-draft"
"EDGE-TD-HEALTH-DENTAL-001","TD-HEALTH-DENTAL","TD-BASE-SAFETY","REQUIRED","","","SL1","","Generated provisional semantics; human domain review required","PROVISIONAL_AUTO_REVIEW_REQUIRED","DENY","0.5-draft"
"EDGE-TD-HEALTH-DENTAL-002","TD-HEALTH-DENTAL","TD-BASE-SITE","REQUIRED","","","SL1","","Generated provisional semantics; human domain review required","PROVISIONAL_AUTO_REVIEW_REQUIRED","DENY","0.5-draft"
"EDGE-TD-HEALTH-DENTAL-003","TD-HEALTH-DENTAL","TD-BASE-INVENTORY","REQUIRED","","","SL1","","Generated provisional semantics; human domain review required","PROVISIONAL_AUTO_REVIEW_REQUIRED","DENY","0.5-draft"
"EDGE-TD-HEALTH-REHAB-001","TD-HEALTH-REHAB","TD-BASE-SAFETY","REQUIRED","","","SL1","","Generated provisional semantics; human domain review required","PROVISIONAL_AUTO_REVIEW_REQUIRED","DENY","0.5-draft"
"EDGE-TD-HEALTH-REHAB-002","TD-HEALTH-REHAB","TD-BASE-SITE","REQUIRED","","","SL1","","Generated provisional semantics; human domain review required","PROVISIONAL_AUTO_REVIEW_REQUIRED","DENY","0.5-draft"
"EDGE-TD-HEALTH-REHAB-003","TD-HEALTH-REHAB","TD-BASE-INVENTORY","REQUIRED","","","SL1","","Generated provisional semantics; human domain review required","PROVISIONAL_AUTO_REVIEW_REQUIRED","DENY","0.5-draft"
"EDGE-TD-HEALTH-PALLIATIVE-001","TD-HEALTH-PALLIATIVE","TD-BASE-SAFETY","REQUIRED","","","SL1","","Generated provisional semantics; human domain review required","PROVISIONAL_AUTO_REVIEW_REQUIRED","DENY","0.5-draft"
"EDGE-TD-HEALTH-PALLIATIVE-002","TD-HEALTH-PALLIATIVE","TD-BASE-SITE","REQUIRED","","","SL1","","Generated provisional semantics; human domain review required","PROVISIONAL_AUTO_REVIEW_REQUIRED","DENY","0.5-draft"
"EDGE-TD-HEALTH-PALLIATIVE-003","TD-HEALTH-PALLIATIVE","TD-BASE-INVENTORY","REQUIRED","","","SL1","","Generated provisional semantics; human domain review required","PROVISIONAL_AUTO_REVIEW_REQUIRED","DENY","0.5-draft"
"EDGE-TD-HEALTH-DEATH-001","TD-HEALTH-DEATH","TD-BASE-SAFETY","REQUIRED","","","SL1","","Generated provisional semantics; human domain review required","PROVISIONAL_AUTO_REVIEW_REQUIRED","DENY","0.5-draft"
"EDGE-TD-HEALTH-DEATH-002","TD-HEALTH-DEATH","TD-BASE-SITE","REQUIRED","","","SL1","","Generated provisional semantics; human domain review required","PROVISIONAL_AUTO_REVIEW_REQUIRED","DENY","0.5-draft"
"EDGE-TD-HEALTH-DEATH-003","TD-HEALTH-DEATH","TD-BASE-INVENTORY","REQUIRED","","","SL1","","Generated provisional semantics; human domain review required","PROVISIONAL_AUTO_REVIEW_REQUIRED","DENY","0.5-draft"
"EDGE-TD-WATER-P0-RESERVE-001","TD-WATER-P0-RESERVE","TD-BASE-SAFETY","REQUIRED","","","SL1","","Generated provisional semantics; human domain review required","PROVISIONAL_AUTO_REVIEW_REQUIRED","DENY","0.5-draft"
"EDGE-TD-WATER-P0-RESERVE-002","TD-WATER-P0-RESERVE","TD-BASE-SITE","REQUIRED","","","SL1","","Generated provisional semantics; human domain review required","PROVISIONAL_AUTO_REVIEW_REQUIRED","DENY","0.5-draft"
"EDGE-TD-WATER-P0-RESERVE-003","TD-WATER-P0-RESERVE","TD-BASE-INVENTORY","REQUIRED","","","SL1","","Generated provisional semantics; human domain review required","PROVISIONAL_AUTO_REVIEW_REQUIRED","DENY","0.5-draft"
"EDGE-TD-WATER-DEMAND-001","TD-WATER-DEMAND","TD-BASE-SAFETY","REQUIRED","","","SL1","","Generated provisional semantics; human domain review required","PROVISIONAL_AUTO_REVIEW_REQUIRED","DENY","0.5-draft"
"EDGE-TD-WATER-DEMAND-002","TD-WATER-DEMAND","TD-BASE-SITE","REQUIRED","","","SL1","","Generated provisional semantics; human domain review required","PROVISIONAL_AUTO_REVIEW_REQUIRED","DENY","0.5-draft"
"EDGE-TD-WATER-DEMAND-003","TD-WATER-DEMAND","TD-BASE-INVENTORY","REQUIRED","","","SL1","","Generated provisional semantics; human domain review required","PROVISIONAL_AUTO_REVIEW_REQUIRED","DENY","0.5-draft"
"EDGE-TD-WATER-RATION-001","TD-WATER-RATION","TD-BASE-SAFETY","REQUIRED","","","SL1","","Generated provisional semantics; human domain review required","PROVISIONAL_AUTO_REVIEW_REQUIRED","DENY","0.5-draft"
"EDGE-TD-WATER-RATION-002","TD-WATER-RATION","TD-BASE-SITE","REQUIRED","","","SL1","","Generated provisional semantics; human domain review required","PROVISIONAL_AUTO_REVIEW_REQUIRED","DENY","0.5-draft"
"EDGE-TD-WATER-RATION-003","TD-WATER-RATION","TD-BASE-INVENTORY","REQUIRED","","","SL1","","Generated provisional semantics; human domain review required","PROVISIONAL_AUTO_REVIEW_REQUIRED","DENY","0.5-draft"
"EDGE-TD-WATER-VULNERABLE-001","TD-WATER-VULNERABLE","TD-BASE-SAFETY","REQUIRED","","","SL1","","Generated provisional semantics; human domain review required","PROVISIONAL_AUTO_REVIEW_REQUIRED","DENY","0.5-draft"
"EDGE-TD-WATER-VULNERABLE-002","TD-WATER-VULNERABLE","TD-BASE-SITE","REQUIRED","","","SL1","","Generated provisional semantics; human domain review required","PROVISIONAL_AUTO_REVIEW_REQUIRED","DENY","0.5-draft"
"EDGE-TD-WATER-VULNERABLE-003","TD-WATER-VULNERABLE","TD-BASE-INVENTORY","REQUIRED","","","SL1","","Generated provisional semantics; human domain review required","PROVISIONAL_AUTO_REVIEW_REQUIRED","DENY","0.5-draft"
"EDGE-TD-WATER-COLLECTION-001","TD-WATER-COLLECTION","TD-BASE-SAFETY","REQUIRED","","","SL1","","Generated provisional semantics; human domain review required","PROVISIONAL_AUTO_REVIEW_REQUIRED","DENY","0.5-draft"
"EDGE-TD-WATER-COLLECTION-002","TD-WATER-COLLECTION","TD-BASE-SITE","REQUIRED","","","SL1","","Generated provisional semantics; human domain review required","PROVISIONAL_AUTO_REVIEW_REQUIRED","DENY","0.5-draft"
"EDGE-TD-WATER-COLLECTION-003","TD-WATER-COLLECTION","TD-BASE-INVENTORY","REQUIRED","","","SL1","","Generated provisional semantics; human domain review required","PROVISIONAL_AUTO_REVIEW_REQUIRED","DENY","0.5-draft"
"EDGE-TD-WATER-CARRY-001","TD-WATER-CARRY","TD-BASE-SAFETY","REQUIRED","","","SL1","","Generated provisional semantics; human domain review required","PROVISIONAL_AUTO_REVIEW_REQUIRED","DENY","0.5-draft"
"EDGE-TD-WATER-CARRY-002","TD-WATER-CARRY","TD-BASE-SITE","REQUIRED","","","SL1","","Generated provisional semantics; human domain review required","PROVISIONAL_AUTO_REVIEW_REQUIRED","DENY","0.5-draft"
"EDGE-TD-WATER-CARRY-003","TD-WATER-CARRY","TD-BASE-INVENTORY","REQUIRED","","","SL1","","Generated provisional semantics; human domain review required","PROVISIONAL_AUTO_REVIEW_REQUIRED","DENY","0.5-draft"
"EDGE-TD-WATER-CROSS-CONTAM-001","TD-WATER-CROSS-CONTAM","TD-BASE-SAFETY","REQUIRED","","","SL1","","Generated provisional semantics; human domain review required","PROVISIONAL_AUTO_REVIEW_REQUIRED","DENY","0.5-draft"
"EDGE-TD-WATER-CROSS-CONTAM-002","TD-WATER-CROSS-CONTAM","TD-BASE-SITE","REQUIRED","","","SL1","","Generated provisional semantics; human domain review required","PROVISIONAL_AUTO_REVIEW_REQUIRED","DENY","0.5-draft"
"EDGE-TD-WATER-CROSS-CONTAM-003","TD-WATER-CROSS-CONTAM","TD-BASE-INVENTORY","REQUIRED","","","SL1","","Generated provisional semantics; human domain review required","PROVISIONAL_AUTO_REVIEW_REQUIRED","DENY","0.5-draft"
"EDGE-TD-WATER-LABEL-001","TD-WATER-LABEL","TD-BASE-SAFETY","REQUIRED","","","SL1","","Generated provisional semantics; human domain review required","PROVISIONAL_AUTO_REVIEW_REQUIRED","DENY","0.5-draft"
"EDGE-TD-WATER-LABEL-002","TD-WATER-LABEL","TD-BASE-SITE","REQUIRED","","","SL1","","Generated provisional semantics; human domain review required","PROVISIONAL_AUTO_REVIEW_REQUIRED","DENY","0.5-draft"
"EDGE-TD-WATER-LABEL-003","TD-WATER-LABEL","TD-BASE-INVENTORY","REQUIRED","","","SL1","","Generated provisional semantics; human domain review required","PROVISIONAL_AUTO_REVIEW_REQUIRED","DENY","0.5-draft"
"EDGE-TD-WATER-EMERGENCY-PRODUCT-001","TD-WATER-EMERGENCY-PRODUCT","TD-BASE-SAFETY","REQUIRED","","","SL1","","Generated provisional semantics; human domain review required","PROVISIONAL_AUTO_REVIEW_REQUIRED","DENY","0.5-draft"
"EDGE-TD-WATER-EMERGENCY-PRODUCT-002","TD-WATER-EMERGENCY-PRODUCT","TD-BASE-SITE","REQUIRED","","","SL1","","Generated provisional semantics; human domain review required","PROVISIONAL_AUTO_REVIEW_REQUIRED","DENY","0.5-draft"
"EDGE-TD-WATER-EMERGENCY-PRODUCT-003","TD-WATER-EMERGENCY-PRODUCT","TD-BASE-INVENTORY","REQUIRED","","","SL1","","Generated provisional semantics; human domain review required","PROVISIONAL_AUTO_REVIEW_REQUIRED","DENY","0.5-draft"
"EDGE-TD-WATER-CONTAINER-CLEAN-001","TD-WATER-CONTAINER-CLEAN","TD-BASE-SAFETY","REQUIRED","","","SL1","","Generated provisional semantics; human domain review required","PROVISIONAL_AUTO_REVIEW_REQUIRED","DENY","0.5-draft"
"EDGE-TD-WATER-CONTAINER-CLEAN-002","TD-WATER-CONTAINER-CLEAN","TD-BASE-SITE","REQUIRED","","","SL1","","Generated provisional semantics; human domain review required","PROVISIONAL_AUTO_REVIEW_REQUIRED","DENY","0.5-draft"
"EDGE-TD-WATER-CONTAINER-CLEAN-003","TD-WATER-CONTAINER-CLEAN","TD-BASE-INVENTORY","REQUIRED","","","SL1","","Generated provisional semantics; human domain review required","PROVISIONAL_AUTO_REVIEW_REQUIRED","DENY","0.5-draft"
"EDGE-TD-WATER-PORTFOLIO-001","TD-WATER-PORTFOLIO","TD-BASE-SAFETY","REQUIRED","","","SL1","","Generated provisional semantics; human domain review required","PROVISIONAL_AUTO_REVIEW_REQUIRED","DENY","0.5-draft"
"EDGE-TD-WATER-PORTFOLIO-002","TD-WATER-PORTFOLIO","TD-BASE-SITE","REQUIRED","","","SL1","","Generated provisional semantics; human domain review required","PROVISIONAL_AUTO_REVIEW_REQUIRED","DENY","0.5-draft"
"EDGE-TD-WATER-PORTFOLIO-003","TD-WATER-PORTFOLIO","TD-BASE-INVENTORY","REQUIRED","","","SL1","","Generated provisional semantics; human domain review required","PROVISIONAL_AUTO_REVIEW_REQUIRED","DENY","0.5-draft"
"EDGE-TD-WATER-RAIN-001","TD-WATER-RAIN","TD-BASE-SAFETY","REQUIRED","","","SL1","","Generated provisional semantics; human domain review required","PROVISIONAL_AUTO_REVIEW_REQUIRED","DENY","0.5-draft"
"EDGE-TD-WATER-RAIN-002","TD-WATER-RAIN","TD-BASE-SITE","REQUIRED","","","SL1","","Generated provisional semantics; human domain review required","PROVISIONAL_AUTO_REVIEW_REQUIRED","DENY","0.5-draft"
"EDGE-TD-WATER-RAIN-003","TD-WATER-RAIN","TD-BASE-INVENTORY","REQUIRED","","","SL1","","Generated provisional semantics; human domain review required","PROVISIONAL_AUTO_REVIEW_REQUIRED","DENY","0.5-draft"
"EDGE-TD-WATER-DELIVERED-001","TD-WATER-DELIVERED","TD-BASE-SAFETY","REQUIRED","","","SL1","","Generated provisional semantics; human domain review required","PROVISIONAL_AUTO_REVIEW_REQUIRED","DENY","0.5-draft"
"EDGE-TD-WATER-DELIVERED-002","TD-WATER-DELIVERED","TD-BASE-SITE","REQUIRED","","","SL1","","Generated provisional semantics; human domain review required","PROVISIONAL_AUTO_REVIEW_REQUIRED","DENY","0.5-draft"
"EDGE-TD-WATER-DELIVERED-003","TD-WATER-DELIVERED","TD-BASE-INVENTORY","REQUIRED","","","SL1","","Generated provisional semantics; human domain review required","PROVISIONAL_AUTO_REVIEW_REQUIRED","DENY","0.5-draft"
"EDGE-TD-WATER-WELL-001","TD-WATER-WELL","TD-BASE-SAFETY","REQUIRED","","","SL1","","Generated provisional semantics; human domain review required","PROVISIONAL_AUTO_REVIEW_REQUIRED","DENY","0.5-draft"
"EDGE-TD-WATER-WELL-002","TD-WATER-WELL","TD-BASE-SITE","REQUIRED","","","SL1","","Generated provisional semantics; human domain review required","PROVISIONAL_AUTO_REVIEW_REQUIRED","DENY","0.5-draft"
"EDGE-TD-WATER-WELL-003","TD-WATER-WELL","TD-BASE-INVENTORY","REQUIRED","","","SL1","","Generated provisional semantics; human domain review required","PROVISIONAL_AUTO_REVIEW_REQUIRED","DENY","0.5-draft"
"EDGE-TD-WATER-SURFACE-001","TD-WATER-SURFACE","TD-BASE-SAFETY","REQUIRED","","","SL1","","Generated provisional semantics; human domain review required","PROVISIONAL_AUTO_REVIEW_REQUIRED","DENY","0.5-draft"
"EDGE-TD-WATER-SURFACE-002","TD-WATER-SURFACE","TD-BASE-SITE","REQUIRED","","","SL1","","Generated provisional semantics; human domain review required","PROVISIONAL_AUTO_REVIEW_REQUIRED","DENY","0.5-draft"
"EDGE-TD-WATER-SURFACE-003","TD-WATER-SURFACE","TD-BASE-INVENTORY","REQUIRED","","","SL1","","Generated provisional semantics; human domain review required","PROVISIONAL_AUTO_REVIEW_REQUIRED","DENY","0.5-draft"
"EDGE-TD-WATER-GRAVITY-001","TD-WATER-GRAVITY","TD-BASE-SAFETY","REQUIRED","","","SL1","","Generated provisional semantics; human domain review required","PROVISIONAL_AUTO_REVIEW_REQUIRED","DENY","0.5-draft"
"EDGE-TD-WATER-GRAVITY-002","TD-WATER-GRAVITY","TD-BASE-SITE","REQUIRED","","","SL1","","Generated provisional semantics; human domain review required","PROVISIONAL_AUTO_REVIEW_REQUIRED","DENY","0.5-draft"
"EDGE-TD-WATER-GRAVITY-003","TD-WATER-GRAVITY","TD-BASE-INVENTORY","REQUIRED","","","SL1","","Generated provisional semantics; human domain review required","PROVISIONAL_AUTO_REVIEW_REQUIRED","DENY","0.5-draft"
"EDGE-TD-WATER-HAND-PUMP-001","TD-WATER-HAND-PUMP","TD-BASE-SAFETY","REQUIRED","","","SL1","","Generated provisional semantics; human domain review required","PROVISIONAL_AUTO_REVIEW_REQUIRED","DENY","0.5-draft"
"EDGE-TD-WATER-HAND-PUMP-002","TD-WATER-HAND-PUMP","TD-BASE-SITE","REQUIRED","","","SL1","","Generated provisional semantics; human domain review required","PROVISIONAL_AUTO_REVIEW_REQUIRED","DENY","0.5-draft"
"EDGE-TD-WATER-HAND-PUMP-003","TD-WATER-HAND-PUMP","TD-BASE-INVENTORY","REQUIRED","","","SL1","","Generated provisional semantics; human domain review required","PROVISIONAL_AUTO_REVIEW_REQUIRED","DENY","0.5-draft"
"EDGE-TD-WATER-LOWE-PUMP-001","TD-WATER-LOWE-PUMP","TD-BASE-SAFETY","REQUIRED","","","SL1","","Generated provisional semantics; human domain review required","PROVISIONAL_AUTO_REVIEW_REQUIRED","DENY","0.5-draft"
"EDGE-TD-WATER-LOWE-PUMP-002","TD-WATER-LOWE-PUMP","TD-BASE-SITE","REQUIRED","","","SL1","","Generated provisional semantics; human domain review required","PROVISIONAL_AUTO_REVIEW_REQUIRED","DENY","0.5-draft"
"EDGE-TD-WATER-LOWE-PUMP-003","TD-WATER-LOWE-PUMP","TD-BASE-INVENTORY","REQUIRED","","","SL1","","Generated provisional semantics; human domain review required","PROVISIONAL_AUTO_REVIEW_REQUIRED","DENY","0.5-draft"
"EDGE-TD-WATER-DISTRIBUTION-001","TD-WATER-DISTRIBUTION","TD-BASE-SAFETY","REQUIRED","","","SL1","","Generated provisional semantics; human domain review required","PROVISIONAL_AUTO_REVIEW_REQUIRED","DENY","0.5-draft"
"EDGE-TD-WATER-DISTRIBUTION-002","TD-WATER-DISTRIBUTION","TD-BASE-SITE","REQUIRED","","","SL1","","Generated provisional semantics; human domain review required","PROVISIONAL_AUTO_REVIEW_REQUIRED","DENY","0.5-draft"
"EDGE-TD-WATER-DISTRIBUTION-003","TD-WATER-DISTRIBUTION","TD-BASE-INVENTORY","REQUIRED","","","SL1","","Generated provisional semantics; human domain review required","PROVISIONAL_AUTO_REVIEW_REQUIRED","DENY","0.5-draft"
"EDGE-TD-WATER-BACKFLOW-001","TD-WATER-BACKFLOW","TD-BASE-SAFETY","REQUIRED","","","SL1","","Generated provisional semantics; human domain review required","PROVISIONAL_AUTO_REVIEW_REQUIRED","DENY","0.5-draft"
"EDGE-TD-WATER-BACKFLOW-002","TD-WATER-BACKFLOW","TD-BASE-SITE","REQUIRED","","","SL1","","Generated provisional semantics; human domain review required","PROVISIONAL_AUTO_REVIEW_REQUIRED","DENY","0.5-draft"
"EDGE-TD-WATER-BACKFLOW-003","TD-WATER-BACKFLOW","TD-BASE-INVENTORY","REQUIRED","","","SL1","","Generated provisional semantics; human domain review required","PROVISIONAL_AUTO_REVIEW_REQUIRED","DENY","0.5-draft"
"EDGE-TD-WATER-LEAK-001","TD-WATER-LEAK","TD-BASE-SAFETY","REQUIRED","","","SL1","","Generated provisional semantics; human domain review required","PROVISIONAL_AUTO_REVIEW_REQUIRED","DENY","0.5-draft"
"EDGE-TD-WATER-LEAK-002","TD-WATER-LEAK","TD-BASE-SITE","REQUIRED","","","SL1","","Generated provisional semantics; human domain review required","PROVISIONAL_AUTO_REVIEW_REQUIRED","DENY","0.5-draft"
"EDGE-TD-WATER-LEAK-003","TD-WATER-LEAK","TD-BASE-INVENTORY","REQUIRED","","","SL1","","Generated provisional semantics; human domain review required","PROVISIONAL_AUTO_REVIEW_REQUIRED","DENY","0.5-draft"
"EDGE-TD-WATER-SPARES-001","TD-WATER-SPARES","TD-BASE-SAFETY","REQUIRED","","","SL1","","Generated provisional semantics; human domain review required","PROVISIONAL_AUTO_REVIEW_REQUIRED","DENY","0.5-draft"
"EDGE-TD-WATER-SPARES-002","TD-WATER-SPARES","TD-BASE-SITE","REQUIRED","","","SL1","","Generated provisional semantics; human domain review required","PROVISIONAL_AUTO_REVIEW_REQUIRED","DENY","0.5-draft"
"EDGE-TD-WATER-SPARES-003","TD-WATER-SPARES","TD-BASE-INVENTORY","REQUIRED","","","SL1","","Generated provisional semantics; human domain review required","PROVISIONAL_AUTO_REVIEW_REQUIRED","DENY","0.5-draft"
"EDGE-TD-WATER-LAB-001","TD-WATER-LAB","TD-BASE-SAFETY","REQUIRED","","","SL1","","Generated provisional semantics; human domain review required","PROVISIONAL_AUTO_REVIEW_REQUIRED","DENY","0.5-draft"
"EDGE-TD-WATER-LAB-002","TD-WATER-LAB","TD-BASE-SITE","REQUIRED","","","SL1","","Generated provisional semantics; human domain review required","PROVISIONAL_AUTO_REVIEW_REQUIRED","DENY","0.5-draft"
"EDGE-TD-WATER-LAB-003","TD-WATER-LAB","TD-BASE-INVENTORY","REQUIRED","","","SL1","","Generated provisional semantics; human domain review required","PROVISIONAL_AUTO_REVIEW_REQUIRED","DENY","0.5-draft"
"EDGE-TD-WATER-REDUNDANCY-001","TD-WATER-REDUNDANCY","TD-BASE-SAFETY","REQUIRED","","","SL1","","Generated provisional semantics; human domain review required","PROVISIONAL_AUTO_REVIEW_REQUIRED","DENY","0.5-draft"
"EDGE-TD-WATER-REDUNDANCY-002","TD-WATER-REDUNDANCY","TD-BASE-SITE","REQUIRED","","","SL1","","Generated provisional semantics; human domain review required","PROVISIONAL_AUTO_REVIEW_REQUIRED","DENY","0.5-draft"
"EDGE-TD-WATER-REDUNDANCY-003","TD-WATER-REDUNDANCY","TD-BASE-INVENTORY","REQUIRED","","","SL1","","Generated provisional semantics; human domain review required","PROVISIONAL_AUTO_REVIEW_REQUIRED","DENY","0.5-draft"
"EDGE-TD-SAN-TOILET-001","TD-SAN-TOILET","TD-BASE-SAFETY","REQUIRED","","","SL1","","Generated provisional semantics; human domain review required","PROVISIONAL_AUTO_REVIEW_REQUIRED","DENY","0.5-draft"
"EDGE-TD-SAN-TOILET-002","TD-SAN-TOILET","TD-BASE-SITE","REQUIRED","","","SL1","","Generated provisional semantics; human domain review required","PROVISIONAL_AUTO_REVIEW_REQUIRED","DENY","0.5-draft"
"EDGE-TD-SAN-TOILET-003","TD-SAN-TOILET","TD-BASE-INVENTORY","REQUIRED","","","SL1","","Generated provisional semantics; human domain review required","PROVISIONAL_AUTO_REVIEW_REQUIRED","DENY","0.5-draft"
"EDGE-TD-SAN-HANDWASH-001","TD-SAN-HANDWASH","TD-BASE-SAFETY","REQUIRED","","","SL1","","Generated provisional semantics; human domain review required","PROVISIONAL_AUTO_REVIEW_REQUIRED","DENY","0.5-draft"
"EDGE-TD-SAN-HANDWASH-002","TD-SAN-HANDWASH","TD-BASE-SITE","REQUIRED","","","SL1","","Generated provisional semantics; human domain review required","PROVISIONAL_AUTO_REVIEW_REQUIRED","DENY","0.5-draft"
"EDGE-TD-SAN-HANDWASH-003","TD-SAN-HANDWASH","TD-BASE-INVENTORY","REQUIRED","","","SL1","","Generated provisional semantics; human domain review required","PROVISIONAL_AUTO_REVIEW_REQUIRED","DENY","0.5-draft"
"EDGE-TD-SAN-ZONING-001","TD-SAN-ZONING","TD-BASE-SAFETY","REQUIRED","","","SL1","","Generated provisional semantics; human domain review required","PROVISIONAL_AUTO_REVIEW_REQUIRED","DENY","0.5-draft"
"EDGE-TD-SAN-ZONING-002","TD-SAN-ZONING","TD-BASE-SITE","REQUIRED","","","SL1","","Generated provisional semantics; human domain review required","PROVISIONAL_AUTO_REVIEW_REQUIRED","DENY","0.5-draft"
"EDGE-TD-SAN-ZONING-003","TD-SAN-ZONING","TD-BASE-INVENTORY","REQUIRED","","","SL1","","Generated provisional semantics; human domain review required","PROVISIONAL_AUTO_REVIEW_REQUIRED","DENY","0.5-draft"
"EDGE-TD-SAN-SOAP-001","TD-SAN-SOAP","TD-BASE-SAFETY","REQUIRED","","","SL1","","Generated provisional semantics; human domain review required","PROVISIONAL_AUTO_REVIEW_REQUIRED","DENY","0.5-draft"
"EDGE-TD-SAN-SOAP-002","TD-SAN-SOAP","TD-BASE-SITE","REQUIRED","","","SL1","","Generated provisional semantics; human domain review required","PROVISIONAL_AUTO_REVIEW_REQUIRED","DENY","0.5-draft"
"EDGE-TD-SAN-SOAP-003","TD-SAN-SOAP","TD-BASE-INVENTORY","REQUIRED","","","SL1","","Generated provisional semantics; human domain review required","PROVISIONAL_AUTO_REVIEW_REQUIRED","DENY","0.5-draft"
"EDGE-TD-SAN-MENSTRUAL-001","TD-SAN-MENSTRUAL","TD-BASE-SAFETY","REQUIRED","","","SL1","","Generated provisional semantics; human domain review required","PROVISIONAL_AUTO_REVIEW_REQUIRED","DENY","0.5-draft"
"EDGE-TD-SAN-MENSTRUAL-002","TD-SAN-MENSTRUAL","TD-BASE-SITE","REQUIRED","","","SL1","","Generated provisional semantics; human domain review required","PROVISIONAL_AUTO_REVIEW_REQUIRED","DENY","0.5-draft"
"EDGE-TD-SAN-MENSTRUAL-003","TD-SAN-MENSTRUAL","TD-BASE-INVENTORY","REQUIRED","","","SL1","","Generated provisional semantics; human domain review required","PROVISIONAL_AUTO_REVIEW_REQUIRED","DENY","0.5-draft"
"EDGE-TD-SAN-DIAPERS-001","TD-SAN-DIAPERS","TD-BASE-SAFETY","REQUIRED","","","SL1","","Generated provisional semantics; human domain review required","PROVISIONAL_AUTO_REVIEW_REQUIRED","DENY","0.5-draft"
"EDGE-TD-SAN-DIAPERS-002","TD-SAN-DIAPERS","TD-BASE-SITE","REQUIRED","","","SL1","","Generated provisional semantics; human domain review required","PROVISIONAL_AUTO_REVIEW_REQUIRED","DENY","0.5-draft"
"EDGE-TD-SAN-DIAPERS-003","TD-SAN-DIAPERS","TD-BASE-INVENTORY","REQUIRED","","","SL1","","Generated provisional semantics; human domain review required","PROVISIONAL_AUTO_REVIEW_REQUIRED","DENY","0.5-draft"
"EDGE-TD-SAN-INCONTINENCE-001","TD-SAN-INCONTINENCE","TD-BASE-SAFETY","REQUIRED","","","SL1","","Generated provisional semantics; human domain review required","PROVISIONAL_AUTO_REVIEW_REQUIRED","DENY","0.5-draft"
"EDGE-TD-SAN-INCONTINENCE-002","TD-SAN-INCONTINENCE","TD-BASE-SITE","REQUIRED","","","SL1","","Generated provisional semantics; human domain review required","PROVISIONAL_AUTO_REVIEW_REQUIRED","DENY","0.5-draft"
"EDGE-TD-SAN-INCONTINENCE-003","TD-SAN-INCONTINENCE","TD-BASE-INVENTORY","REQUIRED","","","SL1","","Generated provisional semantics; human domain review required","PROVISIONAL_AUTO_REVIEW_REQUIRED","DENY","0.5-draft"
"EDGE-TD-SAN-BATHING-001","TD-SAN-BATHING","TD-BASE-SAFETY","REQUIRED","","","SL1","","Generated provisional semantics; human domain review required","PROVISIONAL_AUTO_REVIEW_REQUIRED","DENY","0.5-draft"
"EDGE-TD-SAN-BATHING-002","TD-SAN-BATHING","TD-BASE-SITE","REQUIRED","","","SL1","","Generated provisional semantics; human domain review required","PROVISIONAL_AUTO_REVIEW_REQUIRED","DENY","0.5-draft"
"EDGE-TD-SAN-BATHING-003","TD-SAN-BATHING","TD-BASE-INVENTORY","REQUIRED","","","SL1","","Generated provisional semantics; human domain review required","PROVISIONAL_AUTO_REVIEW_REQUIRED","DENY","0.5-draft"
"EDGE-TD-SAN-LAUNDRY-001","TD-SAN-LAUNDRY","TD-BASE-SAFETY","REQUIRED","","","SL1","","Generated provisional semantics; human domain review required","PROVISIONAL_AUTO_REVIEW_REQUIRED","DENY","0.5-draft"
"EDGE-TD-SAN-LAUNDRY-002","TD-SAN-LAUNDRY","TD-BASE-SITE","REQUIRED","","","SL1","","Generated provisional semantics; human domain review required","PROVISIONAL_AUTO_REVIEW_REQUIRED","DENY","0.5-draft"
"EDGE-TD-SAN-LAUNDRY-003","TD-SAN-LAUNDRY","TD-BASE-INVENTORY","REQUIRED","","","SL1","","Generated provisional semantics; human domain review required","PROVISIONAL_AUTO_REVIEW_REQUIRED","DENY","0.5-draft"
"EDGE-TD-SAN-BLACKWATER-001","TD-SAN-BLACKWATER","TD-BASE-SAFETY","REQUIRED","","","SL1","","Generated provisional semantics; human domain review required","PROVISIONAL_AUTO_REVIEW_REQUIRED","DENY","0.5-draft"
"EDGE-TD-SAN-BLACKWATER-002","TD-SAN-BLACKWATER","TD-BASE-SITE","REQUIRED","","","SL1","","Generated provisional semantics; human domain review required","PROVISIONAL_AUTO_REVIEW_REQUIRED","DENY","0.5-draft"
"EDGE-TD-SAN-BLACKWATER-003","TD-SAN-BLACKWATER","TD-BASE-INVENTORY","REQUIRED","","","SL1","","Generated provisional semantics; human domain review required","PROVISIONAL_AUTO_REVIEW_REQUIRED","DENY","0.5-draft"
"EDGE-TD-SAN-GREYWATER-001","TD-SAN-GREYWATER","TD-BASE-SAFETY","REQUIRED","","","SL1","","Generated provisional semantics; human domain review required","PROVISIONAL_AUTO_REVIEW_REQUIRED","DENY","0.5-draft"
"EDGE-TD-SAN-GREYWATER-002","TD-SAN-GREYWATER","TD-BASE-SITE","REQUIRED","","","SL1","","Generated provisional semantics; human domain review required","PROVISIONAL_AUTO_REVIEW_REQUIRED","DENY","0.5-draft"
"EDGE-TD-SAN-GREYWATER-003","TD-SAN-GREYWATER","TD-BASE-INVENTORY","REQUIRED","","","SL1","","Generated provisional semantics; human domain review required","PROVISIONAL_AUTO_REVIEW_REQUIRED","DENY","0.5-draft"
"EDGE-TD-SAN-HOUSEHOLD-WASTE-001","TD-SAN-HOUSEHOLD-WASTE","TD-BASE-SAFETY","REQUIRED","","","SL1","","Generated provisional semantics; human domain review required","PROVISIONAL_AUTO_REVIEW_REQUIRED","DENY","0.5-draft"
"EDGE-TD-SAN-HOUSEHOLD-WASTE-002","TD-SAN-HOUSEHOLD-WASTE","TD-BASE-SITE","REQUIRED","","","SL1","","Generated provisional semantics; human domain review required","PROVISIONAL_AUTO_REVIEW_REQUIRED","DENY","0.5-draft"
"EDGE-TD-SAN-HOUSEHOLD-WASTE-003","TD-SAN-HOUSEHOLD-WASTE","TD-BASE-INVENTORY","REQUIRED","","","SL1","","Generated provisional semantics; human domain review required","PROVISIONAL_AUTO_REVIEW_REQUIRED","DENY","0.5-draft"
"EDGE-TD-SAN-FOOD-WASTE-001","TD-SAN-FOOD-WASTE","TD-BASE-SAFETY","REQUIRED","","","SL1","","Generated provisional semantics; human domain review required","PROVISIONAL_AUTO_REVIEW_REQUIRED","DENY","0.5-draft"
"EDGE-TD-SAN-FOOD-WASTE-002","TD-SAN-FOOD-WASTE","TD-BASE-SITE","REQUIRED","","","SL1","","Generated provisional semantics; human domain review required","PROVISIONAL_AUTO_REVIEW_REQUIRED","DENY","0.5-draft"
"EDGE-TD-SAN-FOOD-WASTE-003","TD-SAN-FOOD-WASTE","TD-BASE-INVENTORY","REQUIRED","","","SL1","","Generated provisional semantics; human domain review required","PROVISIONAL_AUTO_REVIEW_REQUIRED","DENY","0.5-draft"
"EDGE-TD-SAN-HAZARDOUS-WASTE-001","TD-SAN-HAZARDOUS-WASTE","TD-BASE-SAFETY","REQUIRED","","","SL1","","Generated provisional semantics; human domain review required","PROVISIONAL_AUTO_REVIEW_REQUIRED","DENY","0.5-draft"
"EDGE-TD-SAN-HAZARDOUS-WASTE-002","TD-SAN-HAZARDOUS-WASTE","TD-BASE-SITE","REQUIRED","","","SL1","","Generated provisional semantics; human domain review required","PROVISIONAL_AUTO_REVIEW_REQUIRED","DENY","0.5-draft"
"EDGE-TD-SAN-HAZARDOUS-WASTE-003","TD-SAN-HAZARDOUS-WASTE","TD-BASE-INVENTORY","REQUIRED","","","SL1","","Generated provisional semantics; human domain review required","PROVISIONAL_AUTO_REVIEW_REQUIRED","DENY","0.5-draft"
"EDGE-TD-SAN-BATTERIES-001","TD-SAN-BATTERIES","TD-BASE-SAFETY","REQUIRED","","","SL1","","Generated provisional semantics; human domain review required","PROVISIONAL_AUTO_REVIEW_REQUIRED","DENY","0.5-draft"
"EDGE-TD-SAN-BATTERIES-002","TD-SAN-BATTERIES","TD-BASE-SITE","REQUIRED","","","SL1","","Generated provisional semantics; human domain review required","PROVISIONAL_AUTO_REVIEW_REQUIRED","DENY","0.5-draft"
"EDGE-TD-SAN-BATTERIES-003","TD-SAN-BATTERIES","TD-BASE-INVENTORY","REQUIRED","","","SL1","","Generated provisional semantics; human domain review required","PROVISIONAL_AUTO_REVIEW_REQUIRED","DENY","0.5-draft"
"EDGE-TD-SAN-OILS-001","TD-SAN-OILS","TD-BASE-SAFETY","REQUIRED","","","SL1","","Generated provisional semantics; human domain review required","PROVISIONAL_AUTO_REVIEW_REQUIRED","DENY","0.5-draft"
"EDGE-TD-SAN-OILS-002","TD-SAN-OILS","TD-BASE-SITE","REQUIRED","","","SL1","","Generated provisional semantics; human domain review required","PROVISIONAL_AUTO_REVIEW_REQUIRED","DENY","0.5-draft"
"EDGE-TD-SAN-OILS-003","TD-SAN-OILS","TD-BASE-INVENTORY","REQUIRED","","","SL1","","Generated provisional semantics; human domain review required","PROVISIONAL_AUTO_REVIEW_REQUIRED","DENY","0.5-draft"
"EDGE-TD-SAN-SHARPS-001","TD-SAN-SHARPS","TD-BASE-SAFETY","REQUIRED","","","SL1","","Generated provisional semantics; human domain review required","PROVISIONAL_AUTO_REVIEW_REQUIRED","DENY","0.5-draft"
"EDGE-TD-SAN-SHARPS-002","TD-SAN-SHARPS","TD-BASE-SITE","REQUIRED","","","SL1","","Generated provisional semantics; human domain review required","PROVISIONAL_AUTO_REVIEW_REQUIRED","DENY","0.5-draft"
"EDGE-TD-SAN-SHARPS-003","TD-SAN-SHARPS","TD-BASE-INVENTORY","REQUIRED","","","SL1","","Generated provisional semantics; human domain review required","PROVISIONAL_AUTO_REVIEW_REQUIRED","DENY","0.5-draft"
"EDGE-TD-SAN-MEDICAL-001","TD-SAN-MEDICAL","TD-BASE-SAFETY","REQUIRED","","","SL1","","Generated provisional semantics; human domain review required","PROVISIONAL_AUTO_REVIEW_REQUIRED","DENY","0.5-draft"
"EDGE-TD-SAN-MEDICAL-002","TD-SAN-MEDICAL","TD-BASE-SITE","REQUIRED","","","SL1","","Generated provisional semantics; human domain review required","PROVISIONAL_AUTO_REVIEW_REQUIRED","DENY","0.5-draft"
"EDGE-TD-SAN-MEDICAL-003","TD-SAN-MEDICAL","TD-BASE-INVENTORY","REQUIRED","","","SL1","","Generated provisional semantics; human domain review required","PROVISIONAL_AUTO_REVIEW_REQUIRED","DENY","0.5-draft"
"EDGE-TD-SAN-ANIMAL-001","TD-SAN-ANIMAL","TD-BASE-SAFETY","REQUIRED","","","SL1","","Generated provisional semantics; human domain review required","PROVISIONAL_AUTO_REVIEW_REQUIRED","DENY","0.5-draft"
"EDGE-TD-SAN-ANIMAL-002","TD-SAN-ANIMAL","TD-BASE-SITE","REQUIRED","","","SL1","","Generated provisional semantics; human domain review required","PROVISIONAL_AUTO_REVIEW_REQUIRED","DENY","0.5-draft"
"EDGE-TD-SAN-ANIMAL-003","TD-SAN-ANIMAL","TD-BASE-INVENTORY","REQUIRED","","","SL1","","Generated provisional semantics; human domain review required","PROVISIONAL_AUTO_REVIEW_REQUIRED","DENY","0.5-draft"
"EDGE-TD-SAN-CONSTRUCTION-001","TD-SAN-CONSTRUCTION","TD-BASE-SAFETY","REQUIRED","","","SL1","","Generated provisional semantics; human domain review required","PROVISIONAL_AUTO_REVIEW_REQUIRED","DENY","0.5-draft"
"EDGE-TD-SAN-CONSTRUCTION-002","TD-SAN-CONSTRUCTION","TD-BASE-SITE","REQUIRED","","","SL1","","Generated provisional semantics; human domain review required","PROVISIONAL_AUTO_REVIEW_REQUIRED","DENY","0.5-draft"
"EDGE-TD-SAN-CONSTRUCTION-003","TD-SAN-CONSTRUCTION","TD-BASE-INVENTORY","REQUIRED","","","SL1","","Generated provisional semantics; human domain review required","PROVISIONAL_AUTO_REVIEW_REQUIRED","DENY","0.5-draft"
"EDGE-TD-SAN-DEAD-ANIMAL-001","TD-SAN-DEAD-ANIMAL","TD-BASE-SAFETY","REQUIRED","","","SL1","","Generated provisional semantics; human domain review required","PROVISIONAL_AUTO_REVIEW_REQUIRED","DENY","0.5-draft"
"EDGE-TD-SAN-DEAD-ANIMAL-002","TD-SAN-DEAD-ANIMAL","TD-BASE-SITE","REQUIRED","","","SL1","","Generated provisional semantics; human domain review required","PROVISIONAL_AUTO_REVIEW_REQUIRED","DENY","0.5-draft"
"EDGE-TD-SAN-DEAD-ANIMAL-003","TD-SAN-DEAD-ANIMAL","TD-BASE-INVENTORY","REQUIRED","","","SL1","","Generated provisional semantics; human domain review required","PROVISIONAL_AUTO_REVIEW_REQUIRED","DENY","0.5-draft"
"EDGE-TD-SAN-HUMAN-DEATH-001","TD-SAN-HUMAN-DEATH","TD-BASE-SAFETY","REQUIRED","","","SL1","","Generated provisional semantics; human domain review required","PROVISIONAL_AUTO_REVIEW_REQUIRED","DENY","0.5-draft"
"EDGE-TD-SAN-HUMAN-DEATH-002","TD-SAN-HUMAN-DEATH","TD-BASE-SITE","REQUIRED","","","SL1","","Generated provisional semantics; human domain review required","PROVISIONAL_AUTO_REVIEW_REQUIRED","DENY","0.5-draft"
"EDGE-TD-SAN-HUMAN-DEATH-003","TD-SAN-HUMAN-DEATH","TD-BASE-INVENTORY","REQUIRED","","","SL1","","Generated provisional semantics; human domain review required","PROVISIONAL_AUTO_REVIEW_REQUIRED","DENY","0.5-draft"
"EDGE-TD-SAN-PESTS-001","TD-SAN-PESTS","TD-BASE-SAFETY","REQUIRED","","","SL1","","Generated provisional semantics; human domain review required","PROVISIONAL_AUTO_REVIEW_REQUIRED","DENY","0.5-draft"
"EDGE-TD-SAN-PESTS-002","TD-SAN-PESTS","TD-BASE-SITE","REQUIRED","","","SL1","","Generated provisional semantics; human domain review required","PROVISIONAL_AUTO_REVIEW_REQUIRED","DENY","0.5-draft"
"EDGE-TD-SAN-PESTS-003","TD-SAN-PESTS","TD-BASE-INVENTORY","REQUIRED","","","SL1","","Generated provisional semantics; human domain review required","PROVISIONAL_AUTO_REVIEW_REQUIRED","DENY","0.5-draft"
"EDGE-TD-FOOD-P0-RESERVE-001","TD-FOOD-P0-RESERVE","TD-BASE-SAFETY","REQUIRED","","","SL1","","Generated provisional semantics; human domain review required","PROVISIONAL_AUTO_REVIEW_REQUIRED","DENY","0.5-draft"
"EDGE-TD-FOOD-P0-RESERVE-002","TD-FOOD-P0-RESERVE","TD-BASE-SITE","REQUIRED","","","SL1","","Generated provisional semantics; human domain review required","PROVISIONAL_AUTO_REVIEW_REQUIRED","DENY","0.5-draft"
"EDGE-TD-FOOD-P0-RESERVE-003","TD-FOOD-P0-RESERVE","TD-BASE-INVENTORY","REQUIRED","","","SL1","","Generated provisional semantics; human domain review required","PROVISIONAL_AUTO_REVIEW_REQUIRED","DENY","0.5-draft"
"EDGE-TD-FOOD-P1-PANTRY-001","TD-FOOD-P1-PANTRY","TD-BASE-SAFETY","REQUIRED","","","SL1","","Generated provisional semantics; human domain review required","PROVISIONAL_AUTO_REVIEW_REQUIRED","DENY","0.5-draft"
"EDGE-TD-FOOD-P1-PANTRY-002","TD-FOOD-P1-PANTRY","TD-BASE-SITE","REQUIRED","","","SL1","","Generated provisional semantics; human domain review required","PROVISIONAL_AUTO_REVIEW_REQUIRED","DENY","0.5-draft"
"EDGE-TD-FOOD-P1-PANTRY-003","TD-FOOD-P1-PANTRY","TD-BASE-INVENTORY","REQUIRED","","","SL1","","Generated provisional semantics; human domain review required","PROVISIONAL_AUTO_REVIEW_REQUIRED","DENY","0.5-draft"
"EDGE-TD-FOOD-NO-COOK-001","TD-FOOD-NO-COOK","TD-BASE-SAFETY","REQUIRED","","","SL1","","Generated provisional semantics; human domain review required","PROVISIONAL_AUTO_REVIEW_REQUIRED","DENY","0.5-draft"
"EDGE-TD-FOOD-NO-COOK-002","TD-FOOD-NO-COOK","TD-BASE-SITE","REQUIRED","","","SL1","","Generated provisional semantics; human domain review required","PROVISIONAL_AUTO_REVIEW_REQUIRED","DENY","0.5-draft"
"EDGE-TD-FOOD-NO-COOK-003","TD-FOOD-NO-COOK","TD-BASE-INVENTORY","REQUIRED","","","SL1","","Generated provisional semantics; human domain review required","PROVISIONAL_AUTO_REVIEW_REQUIRED","DENY","0.5-draft"
"EDGE-TD-FOOD-MENU-001","TD-FOOD-MENU","TD-BASE-SAFETY","REQUIRED","","","SL1","","Generated provisional semantics; human domain review required","PROVISIONAL_AUTO_REVIEW_REQUIRED","DENY","0.5-draft"
"EDGE-TD-FOOD-MENU-002","TD-FOOD-MENU","TD-BASE-SITE","REQUIRED","","","SL1","","Generated provisional semantics; human domain review required","PROVISIONAL_AUTO_REVIEW_REQUIRED","DENY","0.5-draft"
"EDGE-TD-FOOD-MENU-003","TD-FOOD-MENU","TD-BASE-INVENTORY","REQUIRED","","","SL1","","Generated provisional semantics; human domain review required","PROVISIONAL_AUTO_REVIEW_REQUIRED","DENY","0.5-draft"
"EDGE-TD-FOOD-ALLERGENS-001","TD-FOOD-ALLERGENS","TD-BASE-SAFETY","REQUIRED","","","SL1","","Generated provisional semantics; human domain review required","PROVISIONAL_AUTO_REVIEW_REQUIRED","DENY","0.5-draft"
"EDGE-TD-FOOD-ALLERGENS-002","TD-FOOD-ALLERGENS","TD-BASE-SITE","REQUIRED","","","SL1","","Generated provisional semantics; human domain review required","PROVISIONAL_AUTO_REVIEW_REQUIRED","DENY","0.5-draft"
"EDGE-TD-FOOD-ALLERGENS-003","TD-FOOD-ALLERGENS","TD-BASE-INVENTORY","REQUIRED","","","SL1","","Generated provisional semantics; human domain review required","PROVISIONAL_AUTO_REVIEW_REQUIRED","DENY","0.5-draft"
"EDGE-TD-FOOD-SPECIAL-DIET-001","TD-FOOD-SPECIAL-DIET","TD-BASE-SAFETY","REQUIRED","","","SL1","","Generated provisional semantics; human domain review required","PROVISIONAL_AUTO_REVIEW_REQUIRED","DENY","0.5-draft"
"EDGE-TD-FOOD-SPECIAL-DIET-002","TD-FOOD-SPECIAL-DIET","TD-BASE-SITE","REQUIRED","","","SL1","","Generated provisional semantics; human domain review required","PROVISIONAL_AUTO_REVIEW_REQUIRED","DENY","0.5-draft"
"EDGE-TD-FOOD-SPECIAL-DIET-003","TD-FOOD-SPECIAL-DIET","TD-BASE-INVENTORY","REQUIRED","","","SL1","","Generated provisional semantics; human domain review required","PROVISIONAL_AUTO_REVIEW_REQUIRED","DENY","0.5-draft"
"EDGE-TD-FOOD-INFANT-001","TD-FOOD-INFANT","TD-BASE-SAFETY","REQUIRED","","","SL1","","Generated provisional semantics; human domain review required","PROVISIONAL_AUTO_REVIEW_REQUIRED","DENY","0.5-draft"
"EDGE-TD-FOOD-INFANT-002","TD-FOOD-INFANT","TD-BASE-SITE","REQUIRED","","","SL1","","Generated provisional semantics; human domain review required","PROVISIONAL_AUTO_REVIEW_REQUIRED","DENY","0.5-draft"
"EDGE-TD-FOOD-INFANT-003","TD-FOOD-INFANT","TD-BASE-INVENTORY","REQUIRED","","","SL1","","Generated provisional semantics; human domain review required","PROVISIONAL_AUTO_REVIEW_REQUIRED","DENY","0.5-draft"
"EDGE-TD-FOOD-COOK-WATER-001","TD-FOOD-COOK-WATER","TD-BASE-SAFETY","REQUIRED","","","SL1","","Generated provisional semantics; human domain review required","PROVISIONAL_AUTO_REVIEW_REQUIRED","DENY","0.5-draft"
"EDGE-TD-FOOD-COOK-WATER-002","TD-FOOD-COOK-WATER","TD-BASE-SITE","REQUIRED","","","SL1","","Generated provisional semantics; human domain review required","PROVISIONAL_AUTO_REVIEW_REQUIRED","DENY","0.5-draft"
"EDGE-TD-FOOD-COOK-WATER-003","TD-FOOD-COOK-WATER","TD-BASE-INVENTORY","REQUIRED","","","SL1","","Generated provisional semantics; human domain review required","PROVISIONAL_AUTO_REVIEW_REQUIRED","DENY","0.5-draft"
"EDGE-TD-FOOD-HAND-TOOLS-001","TD-FOOD-HAND-TOOLS","TD-BASE-SAFETY","REQUIRED","","","SL1","","Generated provisional semantics; human domain review required","PROVISIONAL_AUTO_REVIEW_REQUIRED","DENY","0.5-draft"
"EDGE-TD-FOOD-HAND-TOOLS-002","TD-FOOD-HAND-TOOLS","TD-BASE-SITE","REQUIRED","","","SL1","","Generated provisional semantics; human domain review required","PROVISIONAL_AUTO_REVIEW_REQUIRED","DENY","0.5-draft"
"EDGE-TD-FOOD-HAND-TOOLS-003","TD-FOOD-HAND-TOOLS","TD-BASE-INVENTORY","REQUIRED","","","SL1","","Generated provisional semantics; human domain review required","PROVISIONAL_AUTO_REVIEW_REQUIRED","DENY","0.5-draft"
"EDGE-TD-FOOD-COOK-SAFETY-001","TD-FOOD-COOK-SAFETY","TD-BASE-SAFETY","REQUIRED","","","SL1","","Generated provisional semantics; human domain review required","PROVISIONAL_AUTO_REVIEW_REQUIRED","DENY","0.5-draft"
"EDGE-TD-FOOD-COOK-SAFETY-002","TD-FOOD-COOK-SAFETY","TD-BASE-SITE","REQUIRED","","","SL1","","Generated provisional semantics; human domain review required","PROVISIONAL_AUTO_REVIEW_REQUIRED","DENY","0.5-draft"
"EDGE-TD-FOOD-COOK-SAFETY-003","TD-FOOD-COOK-SAFETY","TD-BASE-INVENTORY","REQUIRED","","","SL1","","Generated provisional semantics; human domain review required","PROVISIONAL_AUTO_REVIEW_REQUIRED","DENY","0.5-draft"
"EDGE-TD-FOOD-COOK-FUEL-001","TD-FOOD-COOK-FUEL","TD-BASE-SAFETY","REQUIRED","","","SL1","","Generated provisional semantics; human domain review required","PROVISIONAL_AUTO_REVIEW_REQUIRED","DENY","0.5-draft"
"EDGE-TD-FOOD-COOK-FUEL-002","TD-FOOD-COOK-FUEL","TD-BASE-SITE","REQUIRED","","","SL1","","Generated provisional semantics; human domain review required","PROVISIONAL_AUTO_REVIEW_REQUIRED","DENY","0.5-draft"
"EDGE-TD-FOOD-COOK-FUEL-003","TD-FOOD-COOK-FUEL","TD-BASE-INVENTORY","REQUIRED","","","SL1","","Generated provisional semantics; human domain review required","PROVISIONAL_AUTO_REVIEW_REQUIRED","DENY","0.5-draft"
"EDGE-TD-FOOD-PEST-001","TD-FOOD-PEST","TD-BASE-SAFETY","REQUIRED","","","SL1","","Generated provisional semantics; human domain review required","PROVISIONAL_AUTO_REVIEW_REQUIRED","DENY","0.5-draft"
"EDGE-TD-FOOD-PEST-002","TD-FOOD-PEST","TD-BASE-SITE","REQUIRED","","","SL1","","Generated provisional semantics; human domain review required","PROVISIONAL_AUTO_REVIEW_REQUIRED","DENY","0.5-draft"
"EDGE-TD-FOOD-PEST-003","TD-FOOD-PEST","TD-BASE-INVENTORY","REQUIRED","","","SL1","","Generated provisional semantics; human domain review required","PROVISIONAL_AUTO_REVIEW_REQUIRED","DENY","0.5-draft"
"EDGE-TD-FOOD-WASTE-001","TD-FOOD-WASTE","TD-BASE-SAFETY","REQUIRED","","","SL1","","Generated provisional semantics; human domain review required","PROVISIONAL_AUTO_REVIEW_REQUIRED","DENY","0.5-draft"
"EDGE-TD-FOOD-WASTE-002","TD-FOOD-WASTE","TD-BASE-SITE","REQUIRED","","","SL1","","Generated provisional semantics; human domain review required","PROVISIONAL_AUTO_REVIEW_REQUIRED","DENY","0.5-draft"
"EDGE-TD-FOOD-WASTE-003","TD-FOOD-WASTE","TD-BASE-INVENTORY","REQUIRED","","","SL1","","Generated provisional semantics; human domain review required","PROVISIONAL_AUTO_REVIEW_REQUIRED","DENY","0.5-draft"
"EDGE-TD-FOOD-ROTATION-001","TD-FOOD-ROTATION","TD-BASE-SAFETY","REQUIRED","","","SL1","","Generated provisional semantics; human domain review required","PROVISIONAL_AUTO_REVIEW_REQUIRED","DENY","0.5-draft"
"EDGE-TD-FOOD-ROTATION-002","TD-FOOD-ROTATION","TD-BASE-SITE","REQUIRED","","","SL1","","Generated provisional semantics; human domain review required","PROVISIONAL_AUTO_REVIEW_REQUIRED","DENY","0.5-draft"
"EDGE-TD-FOOD-ROTATION-003","TD-FOOD-ROTATION","TD-BASE-INVENTORY","REQUIRED","","","SL1","","Generated provisional semantics; human domain review required","PROVISIONAL_AUTO_REVIEW_REQUIRED","DENY","0.5-draft"
"EDGE-TD-FOOD-RATION-001","TD-FOOD-RATION","TD-BASE-SAFETY","REQUIRED","","","SL1","","Generated provisional semantics; human domain review required","PROVISIONAL_AUTO_REVIEW_REQUIRED","DENY","0.5-draft"
"EDGE-TD-FOOD-RATION-002","TD-FOOD-RATION","TD-BASE-SITE","REQUIRED","","","SL1","","Generated provisional semantics; human domain review required","PROVISIONAL_AUTO_REVIEW_REQUIRED","DENY","0.5-draft"
"EDGE-TD-FOOD-RATION-003","TD-FOOD-RATION","TD-BASE-INVENTORY","REQUIRED","","","SL1","","Generated provisional semantics; human domain review required","PROVISIONAL_AUTO_REVIEW_REQUIRED","DENY","0.5-draft"
"EDGE-TD-AGRI-LAND-RIGHTS-001","TD-AGRI-LAND-RIGHTS","TD-BASE-SAFETY","REQUIRED","","","SL1","","Generated provisional semantics; human domain review required","PROVISIONAL_AUTO_REVIEW_REQUIRED","DENY","0.5-draft"
"EDGE-TD-AGRI-LAND-RIGHTS-002","TD-AGRI-LAND-RIGHTS","TD-BASE-SITE","REQUIRED","","","SL1","","Generated provisional semantics; human domain review required","PROVISIONAL_AUTO_REVIEW_REQUIRED","DENY","0.5-draft"
"EDGE-TD-AGRI-LAND-RIGHTS-003","TD-AGRI-LAND-RIGHTS","TD-BASE-INVENTORY","REQUIRED","","","SL1","","Generated provisional semantics; human domain review required","PROVISIONAL_AUTO_REVIEW_REQUIRED","DENY","0.5-draft"
"EDGE-TD-AGRI-TOPO-001","TD-AGRI-TOPO","TD-BASE-SAFETY","REQUIRED","","","SL1","","Generated provisional semantics; human domain review required","PROVISIONAL_AUTO_REVIEW_REQUIRED","DENY","0.5-draft"
"EDGE-TD-AGRI-TOPO-002","TD-AGRI-TOPO","TD-BASE-SITE","REQUIRED","","","SL1","","Generated provisional semantics; human domain review required","PROVISIONAL_AUTO_REVIEW_REQUIRED","DENY","0.5-draft"
"EDGE-TD-AGRI-TOPO-003","TD-AGRI-TOPO","TD-BASE-INVENTORY","REQUIRED","","","SL1","","Generated provisional semantics; human domain review required","PROVISIONAL_AUTO_REVIEW_REQUIRED","DENY","0.5-draft"
"EDGE-TD-AGRI-SOIL-MAP-001","TD-AGRI-SOIL-MAP","TD-BASE-SAFETY","REQUIRED","","","SL1","","Generated provisional semantics; human domain review required","PROVISIONAL_AUTO_REVIEW_REQUIRED","DENY","0.5-draft"
"EDGE-TD-AGRI-SOIL-MAP-002","TD-AGRI-SOIL-MAP","TD-BASE-SITE","REQUIRED","","","SL1","","Generated provisional semantics; human domain review required","PROVISIONAL_AUTO_REVIEW_REQUIRED","DENY","0.5-draft"
"EDGE-TD-AGRI-SOIL-MAP-003","TD-AGRI-SOIL-MAP","TD-BASE-INVENTORY","REQUIRED","","","SL1","","Generated provisional semantics; human domain review required","PROVISIONAL_AUTO_REVIEW_REQUIRED","DENY","0.5-draft"
"EDGE-TD-AGRI-SOIL-TEST-001","TD-AGRI-SOIL-TEST","TD-BASE-SAFETY","REQUIRED","","","SL1","","Generated provisional semantics; human domain review required","PROVISIONAL_AUTO_REVIEW_REQUIRED","DENY","0.5-draft"
"EDGE-TD-AGRI-SOIL-TEST-002","TD-AGRI-SOIL-TEST","TD-BASE-SITE","REQUIRED","","","SL1","","Generated provisional semantics; human domain review required","PROVISIONAL_AUTO_REVIEW_REQUIRED","DENY","0.5-draft"
"EDGE-TD-AGRI-SOIL-TEST-003","TD-AGRI-SOIL-TEST","TD-BASE-INVENTORY","REQUIRED","","","SL1","","Generated provisional semantics; human domain review required","PROVISIONAL_AUTO_REVIEW_REQUIRED","DENY","0.5-draft"
"EDGE-TD-AGRI-SOIL-OM-001","TD-AGRI-SOIL-OM","TD-BASE-SAFETY","REQUIRED","","","SL1","","Generated provisional semantics; human domain review required","PROVISIONAL_AUTO_REVIEW_REQUIRED","DENY","0.5-draft"
"EDGE-TD-AGRI-SOIL-OM-002","TD-AGRI-SOIL-OM","TD-BASE-SITE","REQUIRED","","","SL1","","Generated provisional semantics; human domain review required","PROVISIONAL_AUTO_REVIEW_REQUIRED","DENY","0.5-draft"
"EDGE-TD-AGRI-SOIL-OM-003","TD-AGRI-SOIL-OM","TD-BASE-INVENTORY","REQUIRED","","","SL1","","Generated provisional semantics; human domain review required","PROVISIONAL_AUTO_REVIEW_REQUIRED","DENY","0.5-draft"
"EDGE-TD-AGRI-SOIL-PH-001","TD-AGRI-SOIL-PH","TD-BASE-SAFETY","REQUIRED","","","SL1","","Generated provisional semantics; human domain review required","PROVISIONAL_AUTO_REVIEW_REQUIRED","DENY","0.5-draft"
"EDGE-TD-AGRI-SOIL-PH-002","TD-AGRI-SOIL-PH","TD-BASE-SITE","REQUIRED","","","SL1","","Generated provisional semantics; human domain review required","PROVISIONAL_AUTO_REVIEW_REQUIRED","DENY","0.5-draft"
"EDGE-TD-AGRI-SOIL-PH-003","TD-AGRI-SOIL-PH","TD-BASE-INVENTORY","REQUIRED","","","SL1","","Generated provisional semantics; human domain review required","PROVISIONAL_AUTO_REVIEW_REQUIRED","DENY","0.5-draft"
"EDGE-TD-AGRI-SOIL-SALINITY-001","TD-AGRI-SOIL-SALINITY","TD-BASE-SAFETY","REQUIRED","","","SL1","","Generated provisional semantics; human domain review required","PROVISIONAL_AUTO_REVIEW_REQUIRED","DENY","0.5-draft"
"EDGE-TD-AGRI-SOIL-SALINITY-002","TD-AGRI-SOIL-SALINITY","TD-BASE-SITE","REQUIRED","","","SL1","","Generated provisional semantics; human domain review required","PROVISIONAL_AUTO_REVIEW_REQUIRED","DENY","0.5-draft"
"EDGE-TD-AGRI-SOIL-SALINITY-003","TD-AGRI-SOIL-SALINITY","TD-BASE-INVENTORY","REQUIRED","","","SL1","","Generated provisional semantics; human domain review required","PROVISIONAL_AUTO_REVIEW_REQUIRED","DENY","0.5-draft"
"EDGE-TD-AGRI-IRRIGATION-BUDGET-001","TD-AGRI-IRRIGATION-BUDGET","TD-BASE-SAFETY","REQUIRED","","","SL1","","Generated provisional semantics; human domain review required","PROVISIONAL_AUTO_REVIEW_REQUIRED","DENY","0.5-draft"
"EDGE-TD-AGRI-IRRIGATION-BUDGET-002","TD-AGRI-IRRIGATION-BUDGET","TD-BASE-SITE","REQUIRED","","","SL1","","Generated provisional semantics; human domain review required","PROVISIONAL_AUTO_REVIEW_REQUIRED","DENY","0.5-draft"
"EDGE-TD-AGRI-IRRIGATION-BUDGET-003","TD-AGRI-IRRIGATION-BUDGET","TD-BASE-INVENTORY","REQUIRED","","","SL1","","Generated provisional semantics; human domain review required","PROVISIONAL_AUTO_REVIEW_REQUIRED","DENY","0.5-draft"
"EDGE-TD-AGRI-MICROCLIMATE-001","TD-AGRI-MICROCLIMATE","TD-BASE-SAFETY","REQUIRED","","","SL1","","Generated provisional semantics; human domain review required","PROVISIONAL_AUTO_REVIEW_REQUIRED","DENY","0.5-draft"
"EDGE-TD-AGRI-MICROCLIMATE-002","TD-AGRI-MICROCLIMATE","TD-BASE-SITE","REQUIRED","","","SL1","","Generated provisional semantics; human domain review required","PROVISIONAL_AUTO_REVIEW_REQUIRED","DENY","0.5-draft"
"EDGE-TD-AGRI-MICROCLIMATE-003","TD-AGRI-MICROCLIMATE","TD-BASE-INVENTORY","REQUIRED","","","SL1","","Generated provisional semantics; human domain review required","PROVISIONAL_AUTO_REVIEW_REQUIRED","DENY","0.5-draft"
"EDGE-TD-AGRI-PT-CALENDAR-001","TD-AGRI-PT-CALENDAR","TD-BASE-SAFETY","REQUIRED","","","SL1","","Generated provisional semantics; human domain review required","PROVISIONAL_AUTO_REVIEW_REQUIRED","DENY","0.5-draft"
"EDGE-TD-AGRI-PT-CALENDAR-002","TD-AGRI-PT-CALENDAR","TD-BASE-SITE","REQUIRED","","","SL1","","Generated provisional semantics; human domain review required","PROVISIONAL_AUTO_REVIEW_REQUIRED","DENY","0.5-draft"
"EDGE-TD-AGRI-PT-CALENDAR-003","TD-AGRI-PT-CALENDAR","TD-BASE-INVENTORY","REQUIRED","","","SL1","","Generated provisional semantics; human domain review required","PROVISIONAL_AUTO_REVIEW_REQUIRED","DENY","0.5-draft"
"EDGE-TD-AGRI-NURSERY-001","TD-AGRI-NURSERY","TD-BASE-SAFETY","REQUIRED","","","SL1","","Generated provisional semantics; human domain review required","PROVISIONAL_AUTO_REVIEW_REQUIRED","DENY","0.5-draft"
"EDGE-TD-AGRI-NURSERY-002","TD-AGRI-NURSERY","TD-BASE-SITE","REQUIRED","","","SL1","","Generated provisional semantics; human domain review required","PROVISIONAL_AUTO_REVIEW_REQUIRED","DENY","0.5-draft"
"EDGE-TD-AGRI-NURSERY-003","TD-AGRI-NURSERY","TD-BASE-INVENTORY","REQUIRED","","","SL1","","Generated provisional semantics; human domain review required","PROVISIONAL_AUTO_REVIEW_REQUIRED","DENY","0.5-draft"
"EDGE-TD-AGRI-GREENHOUSE-001","TD-AGRI-GREENHOUSE","TD-BASE-SAFETY","REQUIRED","","","SL1","","Generated provisional semantics; human domain review required","PROVISIONAL_AUTO_REVIEW_REQUIRED","DENY","0.5-draft"
"EDGE-TD-AGRI-GREENHOUSE-002","TD-AGRI-GREENHOUSE","TD-BASE-SITE","REQUIRED","","","SL1","","Generated provisional semantics; human domain review required","PROVISIONAL_AUTO_REVIEW_REQUIRED","DENY","0.5-draft"
"EDGE-TD-AGRI-GREENHOUSE-003","TD-AGRI-GREENHOUSE","TD-BASE-INVENTORY","REQUIRED","","","SL1","","Generated provisional semantics; human domain review required","PROVISIONAL_AUTO_REVIEW_REQUIRED","DENY","0.5-draft"
"EDGE-TD-AGRI-IRRIGATION-001","TD-AGRI-IRRIGATION","TD-BASE-SAFETY","REQUIRED","","","SL1","","Generated provisional semantics; human domain review required","PROVISIONAL_AUTO_REVIEW_REQUIRED","DENY","0.5-draft"
"EDGE-TD-AGRI-IRRIGATION-002","TD-AGRI-IRRIGATION","TD-BASE-SITE","REQUIRED","","","SL1","","Generated provisional semantics; human domain review required","PROVISIONAL_AUTO_REVIEW_REQUIRED","DENY","0.5-draft"
"EDGE-TD-AGRI-IRRIGATION-003","TD-AGRI-IRRIGATION","TD-BASE-INVENTORY","REQUIRED","","","SL1","","Generated provisional semantics; human domain review required","PROVISIONAL_AUTO_REVIEW_REQUIRED","DENY","0.5-draft"
"EDGE-TD-AGRI-IRRIGATION-UNIFORM-001","TD-AGRI-IRRIGATION-UNIFORM","TD-BASE-SAFETY","REQUIRED","","","SL1","","Generated provisional semantics; human domain review required","PROVISIONAL_AUTO_REVIEW_REQUIRED","DENY","0.5-draft"
"EDGE-TD-AGRI-IRRIGATION-UNIFORM-002","TD-AGRI-IRRIGATION-UNIFORM","TD-BASE-SITE","REQUIRED","","","SL1","","Generated provisional semantics; human domain review required","PROVISIONAL_AUTO_REVIEW_REQUIRED","DENY","0.5-draft"
"EDGE-TD-AGRI-IRRIGATION-UNIFORM-003","TD-AGRI-IRRIGATION-UNIFORM","TD-BASE-INVENTORY","REQUIRED","","","SL1","","Generated provisional semantics; human domain review required","PROVISIONAL_AUTO_REVIEW_REQUIRED","DENY","0.5-draft"
"EDGE-TD-AGRI-DRAINAGE-001","TD-AGRI-DRAINAGE","TD-BASE-SAFETY","REQUIRED","","","SL1","","Generated provisional semantics; human domain review required","PROVISIONAL_AUTO_REVIEW_REQUIRED","DENY","0.5-draft"
"EDGE-TD-AGRI-DRAINAGE-002","TD-AGRI-DRAINAGE","TD-BASE-SITE","REQUIRED","","","SL1","","Generated provisional semantics; human domain review required","PROVISIONAL_AUTO_REVIEW_REQUIRED","DENY","0.5-draft"
"EDGE-TD-AGRI-DRAINAGE-003","TD-AGRI-DRAINAGE","TD-BASE-INVENTORY","REQUIRED","","","SL1","","Generated provisional semantics; human domain review required","PROVISIONAL_AUTO_REVIEW_REQUIRED","DENY","0.5-draft"
"EDGE-TD-AGRI-STAPLES-001","TD-AGRI-STAPLES","TD-BASE-SAFETY","REQUIRED","","","SL1","","Generated provisional semantics; human domain review required","PROVISIONAL_AUTO_REVIEW_REQUIRED","DENY","0.5-draft"
"EDGE-TD-AGRI-STAPLES-002","TD-AGRI-STAPLES","TD-BASE-SITE","REQUIRED","","","SL1","","Generated provisional semantics; human domain review required","PROVISIONAL_AUTO_REVIEW_REQUIRED","DENY","0.5-draft"
"EDGE-TD-AGRI-STAPLES-003","TD-AGRI-STAPLES","TD-BASE-INVENTORY","REQUIRED","","","SL1","","Generated provisional semantics; human domain review required","PROVISIONAL_AUTO_REVIEW_REQUIRED","DENY","0.5-draft"
"EDGE-TD-AGRI-LEGUMES-001","TD-AGRI-LEGUMES","TD-BASE-SAFETY","REQUIRED","","","SL1","","Generated provisional semantics; human domain review required","PROVISIONAL_AUTO_REVIEW_REQUIRED","DENY","0.5-draft"
"EDGE-TD-AGRI-LEGUMES-002","TD-AGRI-LEGUMES","TD-BASE-SITE","REQUIRED","","","SL1","","Generated provisional semantics; human domain review required","PROVISIONAL_AUTO_REVIEW_REQUIRED","DENY","0.5-draft"
"EDGE-TD-AGRI-LEGUMES-003","TD-AGRI-LEGUMES","TD-BASE-INVENTORY","REQUIRED","","","SL1","","Generated provisional semantics; human domain review required","PROVISIONAL_AUTO_REVIEW_REQUIRED","DENY","0.5-draft"
"EDGE-TD-AGRI-OILSEEDS-001","TD-AGRI-OILSEEDS","TD-BASE-SAFETY","REQUIRED","","","SL1","","Generated provisional semantics; human domain review required","PROVISIONAL_AUTO_REVIEW_REQUIRED","DENY","0.5-draft"
"EDGE-TD-AGRI-OILSEEDS-002","TD-AGRI-OILSEEDS","TD-BASE-SITE","REQUIRED","","","SL1","","Generated provisional semantics; human domain review required","PROVISIONAL_AUTO_REVIEW_REQUIRED","DENY","0.5-draft"
"EDGE-TD-AGRI-OILSEEDS-003","TD-AGRI-OILSEEDS","TD-BASE-INVENTORY","REQUIRED","","","SL1","","Generated provisional semantics; human domain review required","PROVISIONAL_AUTO_REVIEW_REQUIRED","DENY","0.5-draft"
"EDGE-TD-AGRI-VEGETABLES-001","TD-AGRI-VEGETABLES","TD-BASE-SAFETY","REQUIRED","","","SL1","","Generated provisional semantics; human domain review required","PROVISIONAL_AUTO_REVIEW_REQUIRED","DENY","0.5-draft"
"EDGE-TD-AGRI-VEGETABLES-002","TD-AGRI-VEGETABLES","TD-BASE-SITE","REQUIRED","","","SL1","","Generated provisional semantics; human domain review required","PROVISIONAL_AUTO_REVIEW_REQUIRED","DENY","0.5-draft"
"EDGE-TD-AGRI-VEGETABLES-003","TD-AGRI-VEGETABLES","TD-BASE-INVENTORY","REQUIRED","","","SL1","","Generated provisional semantics; human domain review required","PROVISIONAL_AUTO_REVIEW_REQUIRED","DENY","0.5-draft"
"EDGE-TD-AGRI-PERENNIALS-001","TD-AGRI-PERENNIALS","TD-BASE-SAFETY","REQUIRED","","","SL1","","Generated provisional semantics; human domain review required","PROVISIONAL_AUTO_REVIEW_REQUIRED","DENY","0.5-draft"
"EDGE-TD-AGRI-PERENNIALS-002","TD-AGRI-PERENNIALS","TD-BASE-SITE","REQUIRED","","","SL1","","Generated provisional semantics; human domain review required","PROVISIONAL_AUTO_REVIEW_REQUIRED","DENY","0.5-draft"
"EDGE-TD-AGRI-PERENNIALS-003","TD-AGRI-PERENNIALS","TD-BASE-INVENTORY","REQUIRED","","","SL1","","Generated provisional semantics; human domain review required","PROVISIONAL_AUTO_REVIEW_REQUIRED","DENY","0.5-draft"
"EDGE-TD-AGRI-CLONAL-001","TD-AGRI-CLONAL","TD-BASE-SAFETY","REQUIRED","","","SL1","","Generated provisional semantics; human domain review required","PROVISIONAL_AUTO_REVIEW_REQUIRED","DENY","0.5-draft"
"EDGE-TD-AGRI-CLONAL-002","TD-AGRI-CLONAL","TD-BASE-SITE","REQUIRED","","","SL1","","Generated provisional semantics; human domain review required","PROVISIONAL_AUTO_REVIEW_REQUIRED","DENY","0.5-draft"
"EDGE-TD-AGRI-CLONAL-003","TD-AGRI-CLONAL","TD-BASE-INVENTORY","REQUIRED","","","SL1","","Generated provisional semantics; human domain review required","PROVISIONAL_AUTO_REVIEW_REQUIRED","DENY","0.5-draft"
"EDGE-TD-AGRI-POTATO-001","TD-AGRI-POTATO","TD-BASE-SAFETY","REQUIRED","","","SL1","","Generated provisional semantics; human domain review required","PROVISIONAL_AUTO_REVIEW_REQUIRED","DENY","0.5-draft"
"EDGE-TD-AGRI-POTATO-002","TD-AGRI-POTATO","TD-BASE-SITE","REQUIRED","","","SL1","","Generated provisional semantics; human domain review required","PROVISIONAL_AUTO_REVIEW_REQUIRED","DENY","0.5-draft"
"EDGE-TD-AGRI-POTATO-003","TD-AGRI-POTATO","TD-BASE-INVENTORY","REQUIRED","","","SL1","","Generated provisional semantics; human domain review required","PROVISIONAL_AUTO_REVIEW_REQUIRED","DENY","0.5-draft"
"EDGE-TD-AGRI-GARLIC-001","TD-AGRI-GARLIC","TD-BASE-SAFETY","REQUIRED","","","SL1","","Generated provisional semantics; human domain review required","PROVISIONAL_AUTO_REVIEW_REQUIRED","DENY","0.5-draft"
"EDGE-TD-AGRI-GARLIC-002","TD-AGRI-GARLIC","TD-BASE-SITE","REQUIRED","","","SL1","","Generated provisional semantics; human domain review required","PROVISIONAL_AUTO_REVIEW_REQUIRED","DENY","0.5-draft"
"EDGE-TD-AGRI-GARLIC-003","TD-AGRI-GARLIC","TD-BASE-INVENTORY","REQUIRED","","","SL1","","Generated provisional semantics; human domain review required","PROVISIONAL_AUTO_REVIEW_REQUIRED","DENY","0.5-draft"
"EDGE-TD-AGRI-SWEET-POTATO-001","TD-AGRI-SWEET-POTATO","TD-BASE-SAFETY","REQUIRED","","","SL1","","Generated provisional semantics; human domain review required","PROVISIONAL_AUTO_REVIEW_REQUIRED","DENY","0.5-draft"
"EDGE-TD-AGRI-SWEET-POTATO-002","TD-AGRI-SWEET-POTATO","TD-BASE-SITE","REQUIRED","","","SL1","","Generated provisional semantics; human domain review required","PROVISIONAL_AUTO_REVIEW_REQUIRED","DENY","0.5-draft"
"EDGE-TD-AGRI-SWEET-POTATO-003","TD-AGRI-SWEET-POTATO","TD-BASE-INVENTORY","REQUIRED","","","SL1","","Generated provisional semantics; human domain review required","PROVISIONAL_AUTO_REVIEW_REQUIRED","DENY","0.5-draft"
"EDGE-TD-AGRI-VARIETY-STATUS-001","TD-AGRI-VARIETY-STATUS","TD-BASE-SAFETY","REQUIRED","","","SL1","","Generated provisional semantics; human domain review required","PROVISIONAL_AUTO_REVIEW_REQUIRED","DENY","0.5-draft"
"EDGE-TD-AGRI-VARIETY-STATUS-002","TD-AGRI-VARIETY-STATUS","TD-BASE-SITE","REQUIRED","","","SL1","","Generated provisional semantics; human domain review required","PROVISIONAL_AUTO_REVIEW_REQUIRED","DENY","0.5-draft"
"EDGE-TD-AGRI-VARIETY-STATUS-003","TD-AGRI-VARIETY-STATUS","TD-BASE-INVENTORY","REQUIRED","","","SL1","","Generated provisional semantics; human domain review required","PROVISIONAL_AUTO_REVIEW_REQUIRED","DENY","0.5-draft"
"EDGE-TD-AGRI-TWO-LOTS-001","TD-AGRI-TWO-LOTS","TD-BASE-SAFETY","REQUIRED","","","SL1","","Generated provisional semantics; human domain review required","PROVISIONAL_AUTO_REVIEW_REQUIRED","DENY","0.5-draft"
"EDGE-TD-AGRI-TWO-LOTS-002","TD-AGRI-TWO-LOTS","TD-BASE-SITE","REQUIRED","","","SL1","","Generated provisional semantics; human domain review required","PROVISIONAL_AUTO_REVIEW_REQUIRED","DENY","0.5-draft"
"EDGE-TD-AGRI-TWO-LOTS-003","TD-AGRI-TWO-LOTS","TD-BASE-INVENTORY","REQUIRED","","","SL1","","Generated provisional semantics; human domain review required","PROVISIONAL_AUTO_REVIEW_REQUIRED","DENY","0.5-draft"
"EDGE-TD-AGRI-OFFSITE-001","TD-AGRI-OFFSITE","TD-BASE-SAFETY","REQUIRED","","","SL1","","Generated provisional semantics; human domain review required","PROVISIONAL_AUTO_REVIEW_REQUIRED","DENY","0.5-draft"
"EDGE-TD-AGRI-OFFSITE-002","TD-AGRI-OFFSITE","TD-BASE-SITE","REQUIRED","","","SL1","","Generated provisional semantics; human domain review required","PROVISIONAL_AUTO_REVIEW_REQUIRED","DENY","0.5-draft"
"EDGE-TD-AGRI-OFFSITE-003","TD-AGRI-OFFSITE","TD-BASE-INVENTORY","REQUIRED","","","SL1","","Generated provisional semantics; human domain review required","PROVISIONAL_AUTO_REVIEW_REQUIRED","DENY","0.5-draft"
"EDGE-TD-AGRI-SEED-STORAGE-001","TD-AGRI-SEED-STORAGE","TD-BASE-SAFETY","REQUIRED","","","SL1","","Generated provisional semantics; human domain review required","PROVISIONAL_AUTO_REVIEW_REQUIRED","DENY","0.5-draft"
"EDGE-TD-AGRI-SEED-STORAGE-002","TD-AGRI-SEED-STORAGE","TD-BASE-SITE","REQUIRED","","","SL1","","Generated provisional semantics; human domain review required","PROVISIONAL_AUTO_REVIEW_REQUIRED","DENY","0.5-draft"
"EDGE-TD-AGRI-SEED-STORAGE-003","TD-AGRI-SEED-STORAGE","TD-BASE-INVENTORY","REQUIRED","","","SL1","","Generated provisional semantics; human domain review required","PROVISIONAL_AUTO_REVIEW_REQUIRED","DENY","0.5-draft"
"EDGE-TD-AGRI-RESEED-001","TD-AGRI-RESEED","TD-BASE-SAFETY","REQUIRED","","","SL1","","Generated provisional semantics; human domain review required","PROVISIONAL_AUTO_REVIEW_REQUIRED","DENY","0.5-draft"
"EDGE-TD-AGRI-RESEED-002","TD-AGRI-RESEED","TD-BASE-SITE","REQUIRED","","","SL1","","Generated provisional semantics; human domain review required","PROVISIONAL_AUTO_REVIEW_REQUIRED","DENY","0.5-draft"
"EDGE-TD-AGRI-RESEED-003","TD-AGRI-RESEED","TD-BASE-INVENTORY","REQUIRED","","","SL1","","Generated provisional semantics; human domain review required","PROVISIONAL_AUTO_REVIEW_REQUIRED","DENY","0.5-draft"
"EDGE-TD-AGRI-ISOLATION-001","TD-AGRI-ISOLATION","TD-BASE-SAFETY","REQUIRED","","","SL1","","Generated provisional semantics; human domain review required","PROVISIONAL_AUTO_REVIEW_REQUIRED","DENY","0.5-draft"
"EDGE-TD-AGRI-ISOLATION-002","TD-AGRI-ISOLATION","TD-BASE-SITE","REQUIRED","","","SL1","","Generated provisional semantics; human domain review required","PROVISIONAL_AUTO_REVIEW_REQUIRED","DENY","0.5-draft"
"EDGE-TD-AGRI-ISOLATION-003","TD-AGRI-ISOLATION","TD-BASE-INVENTORY","REQUIRED","","","SL1","","Generated provisional semantics; human domain review required","PROVISIONAL_AUTO_REVIEW_REQUIRED","DENY","0.5-draft"
"EDGE-TD-AGRI-POPULATION-001","TD-AGRI-POPULATION","TD-BASE-SAFETY","REQUIRED","","","SL1","","Generated provisional semantics; human domain review required","PROVISIONAL_AUTO_REVIEW_REQUIRED","DENY","0.5-draft"
"EDGE-TD-AGRI-POPULATION-002","TD-AGRI-POPULATION","TD-BASE-SITE","REQUIRED","","","SL1","","Generated provisional semantics; human domain review required","PROVISIONAL_AUTO_REVIEW_REQUIRED","DENY","0.5-draft"
"EDGE-TD-AGRI-POPULATION-003","TD-AGRI-POPULATION","TD-BASE-INVENTORY","REQUIRED","","","SL1","","Generated provisional semantics; human domain review required","PROVISIONAL_AUTO_REVIEW_REQUIRED","DENY","0.5-draft"
"EDGE-TD-AGRI-POLLINATION-001","TD-AGRI-POLLINATION","TD-BASE-SAFETY","REQUIRED","","","SL1","","Generated provisional semantics; human domain review required","PROVISIONAL_AUTO_REVIEW_REQUIRED","DENY","0.5-draft"
"EDGE-TD-AGRI-POLLINATION-002","TD-AGRI-POLLINATION","TD-BASE-SITE","REQUIRED","","","SL1","","Generated provisional semantics; human domain review required","PROVISIONAL_AUTO_REVIEW_REQUIRED","DENY","0.5-draft"
"EDGE-TD-AGRI-POLLINATION-003","TD-AGRI-POLLINATION","TD-BASE-INVENTORY","REQUIRED","","","SL1","","Generated provisional semantics; human domain review required","PROVISIONAL_AUTO_REVIEW_REQUIRED","DENY","0.5-draft"
"EDGE-TD-AGRI-PURITY-001","TD-AGRI-PURITY","TD-BASE-SAFETY","REQUIRED","","","SL1","","Generated provisional semantics; human domain review required","PROVISIONAL_AUTO_REVIEW_REQUIRED","DENY","0.5-draft"
"EDGE-TD-AGRI-PURITY-002","TD-AGRI-PURITY","TD-BASE-SITE","REQUIRED","","","SL1","","Generated provisional semantics; human domain review required","PROVISIONAL_AUTO_REVIEW_REQUIRED","DENY","0.5-draft"
"EDGE-TD-AGRI-PURITY-003","TD-AGRI-PURITY","TD-BASE-INVENTORY","REQUIRED","","","SL1","","Generated provisional semantics; human domain review required","PROVISIONAL_AUTO_REVIEW_REQUIRED","DENY","0.5-draft"
"EDGE-TD-AGRI-QUARANTINE-001","TD-AGRI-QUARANTINE","TD-BASE-SAFETY","REQUIRED","","","SL1","","Generated provisional semantics; human domain review required","PROVISIONAL_AUTO_REVIEW_REQUIRED","DENY","0.5-draft"
"EDGE-TD-AGRI-QUARANTINE-002","TD-AGRI-QUARANTINE","TD-BASE-SITE","REQUIRED","","","SL1","","Generated provisional semantics; human domain review required","PROVISIONAL_AUTO_REVIEW_REQUIRED","DENY","0.5-draft"
"EDGE-TD-AGRI-QUARANTINE-003","TD-AGRI-QUARANTINE","TD-BASE-INVENTORY","REQUIRED","","","SL1","","Generated provisional semantics; human domain review required","PROVISIONAL_AUTO_REVIEW_REQUIRED","DENY","0.5-draft"
"EDGE-TD-AGRI-IPM-001","TD-AGRI-IPM","TD-BASE-SAFETY","REQUIRED","","","SL1","","Generated provisional semantics; human domain review required","PROVISIONAL_AUTO_REVIEW_REQUIRED","DENY","0.5-draft"
"EDGE-TD-AGRI-IPM-002","TD-AGRI-IPM","TD-BASE-SITE","REQUIRED","","","SL1","","Generated provisional semantics; human domain review required","PROVISIONAL_AUTO_REVIEW_REQUIRED","DENY","0.5-draft"
"EDGE-TD-AGRI-IPM-003","TD-AGRI-IPM","TD-BASE-INVENTORY","REQUIRED","","","SL1","","Generated provisional semantics; human domain review required","PROVISIONAL_AUTO_REVIEW_REQUIRED","DENY","0.5-draft"
"EDGE-TD-AGRI-THRESH-001","TD-AGRI-THRESH","TD-BASE-SAFETY","REQUIRED","","","SL1","","Generated provisional semantics; human domain review required","PROVISIONAL_AUTO_REVIEW_REQUIRED","DENY","0.5-draft"
"EDGE-TD-AGRI-THRESH-002","TD-AGRI-THRESH","TD-BASE-SITE","REQUIRED","","","SL1","","Generated provisional semantics; human domain review required","PROVISIONAL_AUTO_REVIEW_REQUIRED","DENY","0.5-draft"
"EDGE-TD-AGRI-THRESH-003","TD-AGRI-THRESH","TD-BASE-INVENTORY","REQUIRED","","","SL1","","Generated provisional semantics; human domain review required","PROVISIONAL_AUTO_REVIEW_REQUIRED","DENY","0.5-draft"
"EDGE-TD-AGRI-CLEAN-001","TD-AGRI-CLEAN","TD-BASE-SAFETY","REQUIRED","","","SL1","","Generated provisional semantics; human domain review required","PROVISIONAL_AUTO_REVIEW_REQUIRED","DENY","0.5-draft"
"EDGE-TD-AGRI-CLEAN-002","TD-AGRI-CLEAN","TD-BASE-SITE","REQUIRED","","","SL1","","Generated provisional semantics; human domain review required","PROVISIONAL_AUTO_REVIEW_REQUIRED","DENY","0.5-draft"
"EDGE-TD-AGRI-CLEAN-003","TD-AGRI-CLEAN","TD-BASE-INVENTORY","REQUIRED","","","SL1","","Generated provisional semantics; human domain review required","PROVISIONAL_AUTO_REVIEW_REQUIRED","DENY","0.5-draft"
"EDGE-TD-AGRI-DRY-001","TD-AGRI-DRY","TD-BASE-SAFETY","REQUIRED","","","SL1","","Generated provisional semantics; human domain review required","PROVISIONAL_AUTO_REVIEW_REQUIRED","DENY","0.5-draft"
"EDGE-TD-AGRI-DRY-002","TD-AGRI-DRY","TD-BASE-SITE","REQUIRED","","","SL1","","Generated provisional semantics; human domain review required","PROVISIONAL_AUTO_REVIEW_REQUIRED","DENY","0.5-draft"
"EDGE-TD-AGRI-DRY-003","TD-AGRI-DRY","TD-BASE-INVENTORY","REQUIRED","","","SL1","","Generated provisional semantics; human domain review required","PROVISIONAL_AUTO_REVIEW_REQUIRED","DENY","0.5-draft"
"EDGE-TD-AGRI-LOSS-001","TD-AGRI-LOSS","TD-BASE-SAFETY","REQUIRED","","","SL1","","Generated provisional semantics; human domain review required","PROVISIONAL_AUTO_REVIEW_REQUIRED","DENY","0.5-draft"
"EDGE-TD-AGRI-LOSS-002","TD-AGRI-LOSS","TD-BASE-SITE","REQUIRED","","","SL1","","Generated provisional semantics; human domain review required","PROVISIONAL_AUTO_REVIEW_REQUIRED","DENY","0.5-draft"
"EDGE-TD-AGRI-LOSS-003","TD-AGRI-LOSS","TD-BASE-INVENTORY","REQUIRED","","","SL1","","Generated provisional semantics; human domain review required","PROVISIONAL_AUTO_REVIEW_REQUIRED","DENY","0.5-draft"
"EDGE-TD-AGRI-CROP-FAIL-001","TD-AGRI-CROP-FAIL","TD-BASE-SAFETY","REQUIRED","","","SL1","","Generated provisional semantics; human domain review required","PROVISIONAL_AUTO_REVIEW_REQUIRED","DENY","0.5-draft"
"EDGE-TD-AGRI-CROP-FAIL-002","TD-AGRI-CROP-FAIL","TD-BASE-SITE","REQUIRED","","","SL1","","Generated provisional semantics; human domain review required","PROVISIONAL_AUTO_REVIEW_REQUIRED","DENY","0.5-draft"
"EDGE-TD-AGRI-CROP-FAIL-003","TD-AGRI-CROP-FAIL","TD-BASE-INVENTORY","REQUIRED","","","SL1","","Generated provisional semantics; human domain review required","PROVISIONAL_AUTO_REVIEW_REQUIRED","DENY","0.5-draft"
"EDGE-TD-FERT-CROP-REMOVAL-001","TD-FERT-CROP-REMOVAL","TD-BASE-SAFETY","REQUIRED","","","SL1","","Generated provisional semantics; human domain review required","PROVISIONAL_AUTO_REVIEW_REQUIRED","DENY","0.5-draft"
"EDGE-TD-FERT-CROP-REMOVAL-002","TD-FERT-CROP-REMOVAL","TD-BASE-SITE","REQUIRED","","","SL1","","Generated provisional semantics; human domain review required","PROVISIONAL_AUTO_REVIEW_REQUIRED","DENY","0.5-draft"
"EDGE-TD-FERT-CROP-REMOVAL-003","TD-FERT-CROP-REMOVAL","TD-BASE-INVENTORY","REQUIRED","","","SL1","","Generated provisional semantics; human domain review required","PROVISIONAL_AUTO_REVIEW_REQUIRED","DENY","0.5-draft"
"EDGE-TD-FERT-LEGUMES-001","TD-FERT-LEGUMES","TD-BASE-SAFETY","REQUIRED","","","SL1","","Generated provisional semantics; human domain review required","PROVISIONAL_AUTO_REVIEW_REQUIRED","DENY","0.5-draft"
"EDGE-TD-FERT-LEGUMES-002","TD-FERT-LEGUMES","TD-BASE-SITE","REQUIRED","","","SL1","","Generated provisional semantics; human domain review required","PROVISIONAL_AUTO_REVIEW_REQUIRED","DENY","0.5-draft"
"EDGE-TD-FERT-LEGUMES-003","TD-FERT-LEGUMES","TD-BASE-INVENTORY","REQUIRED","","","SL1","","Generated provisional semantics; human domain review required","PROVISIONAL_AUTO_REVIEW_REQUIRED","DENY","0.5-draft"
"EDGE-TD-FERT-RESIDUES-001","TD-FERT-RESIDUES","TD-BASE-SAFETY","REQUIRED","","","SL1","","Generated provisional semantics; human domain review required","PROVISIONAL_AUTO_REVIEW_REQUIRED","DENY","0.5-draft"
"EDGE-TD-FERT-RESIDUES-002","TD-FERT-RESIDUES","TD-BASE-SITE","REQUIRED","","","SL1","","Generated provisional semantics; human domain review required","PROVISIONAL_AUTO_REVIEW_REQUIRED","DENY","0.5-draft"
"EDGE-TD-FERT-RESIDUES-003","TD-FERT-RESIDUES","TD-BASE-INVENTORY","REQUIRED","","","SL1","","Generated provisional semantics; human domain review required","PROVISIONAL_AUTO_REVIEW_REQUIRED","DENY","0.5-draft"
"EDGE-TD-FERT-LABELED-001","TD-FERT-LABELED","TD-BASE-SAFETY","REQUIRED","","","SL1","","Generated provisional semantics; human domain review required","PROVISIONAL_AUTO_REVIEW_REQUIRED","DENY","0.5-draft"
"EDGE-TD-FERT-LABELED-002","TD-FERT-LABELED","TD-BASE-SITE","REQUIRED","","","SL1","","Generated provisional semantics; human domain review required","PROVISIONAL_AUTO_REVIEW_REQUIRED","DENY","0.5-draft"
"EDGE-TD-FERT-LABELED-003","TD-FERT-LABELED","TD-BASE-INVENTORY","REQUIRED","","","SL1","","Generated provisional semantics; human domain review required","PROVISIONAL_AUTO_REVIEW_REQUIRED","DENY","0.5-draft"
"EDGE-TD-FERT-MICRONUTRIENTS-001","TD-FERT-MICRONUTRIENTS","TD-BASE-SAFETY","REQUIRED","","","SL1","","Generated provisional semantics; human domain review required","PROVISIONAL_AUTO_REVIEW_REQUIRED","DENY","0.5-draft"
"EDGE-TD-FERT-MICRONUTRIENTS-002","TD-FERT-MICRONUTRIENTS","TD-BASE-SITE","REQUIRED","","","SL1","","Generated provisional semantics; human domain review required","PROVISIONAL_AUTO_REVIEW_REQUIRED","DENY","0.5-draft"
"EDGE-TD-FERT-MICRONUTRIENTS-003","TD-FERT-MICRONUTRIENTS","TD-BASE-INVENTORY","REQUIRED","","","SL1","","Generated provisional semantics; human domain review required","PROVISIONAL_AUTO_REVIEW_REQUIRED","DENY","0.5-draft"
"EDGE-TD-FERT-RUNOFF-001","TD-FERT-RUNOFF","TD-BASE-SAFETY","REQUIRED","","","SL1","","Generated provisional semantics; human domain review required","PROVISIONAL_AUTO_REVIEW_REQUIRED","DENY","0.5-draft"
"EDGE-TD-FERT-RUNOFF-002","TD-FERT-RUNOFF","TD-BASE-SITE","REQUIRED","","","SL1","","Generated provisional semantics; human domain review required","PROVISIONAL_AUTO_REVIEW_REQUIRED","DENY","0.5-draft"
"EDGE-TD-FERT-RUNOFF-003","TD-FERT-RUNOFF","TD-BASE-INVENTORY","REQUIRED","","","SL1","","Generated provisional semantics; human domain review required","PROVISIONAL_AUTO_REVIEW_REQUIRED","DENY","0.5-draft"
"EDGE-TD-FERT-TRACEABILITY-001","TD-FERT-TRACEABILITY","TD-BASE-SAFETY","REQUIRED","","","SL1","","Generated provisional semantics; human domain review required","PROVISIONAL_AUTO_REVIEW_REQUIRED","DENY","0.5-draft"
"EDGE-TD-FERT-TRACEABILITY-002","TD-FERT-TRACEABILITY","TD-BASE-SITE","REQUIRED","","","SL1","","Generated provisional semantics; human domain review required","PROVISIONAL_AUTO_REVIEW_REQUIRED","DENY","0.5-draft"
"EDGE-TD-FERT-TRACEABILITY-003","TD-FERT-TRACEABILITY","TD-BASE-INVENTORY","REQUIRED","","","SL1","","Generated provisional semantics; human domain review required","PROVISIONAL_AUTO_REVIEW_REQUIRED","DENY","0.5-draft"
"EDGE-TD-ANIMALS-WELFARE-001","TD-ANIMALS-WELFARE","TD-BASE-SAFETY","REQUIRED","","","SL1","","Generated provisional semantics; human domain review required","PROVISIONAL_AUTO_REVIEW_REQUIRED","DENY","0.5-draft"
"EDGE-TD-ANIMALS-WELFARE-002","TD-ANIMALS-WELFARE","TD-BASE-SITE","REQUIRED","","","SL1","","Generated provisional semantics; human domain review required","PROVISIONAL_AUTO_REVIEW_REQUIRED","DENY","0.5-draft"
"EDGE-TD-ANIMALS-WELFARE-003","TD-ANIMALS-WELFARE","TD-BASE-INVENTORY","REQUIRED","","","SL1","","Generated provisional semantics; human domain review required","PROVISIONAL_AUTO_REVIEW_REQUIRED","DENY","0.5-draft"
"EDGE-TD-ANIMALS-WATER-001","TD-ANIMALS-WATER","TD-BASE-SAFETY","REQUIRED","","","SL1","","Generated provisional semantics; human domain review required","PROVISIONAL_AUTO_REVIEW_REQUIRED","DENY","0.5-draft"
"EDGE-TD-ANIMALS-WATER-002","TD-ANIMALS-WATER","TD-BASE-SITE","REQUIRED","","","SL1","","Generated provisional semantics; human domain review required","PROVISIONAL_AUTO_REVIEW_REQUIRED","DENY","0.5-draft"
"EDGE-TD-ANIMALS-WATER-003","TD-ANIMALS-WATER","TD-BASE-INVENTORY","REQUIRED","","","SL1","","Generated provisional semantics; human domain review required","PROVISIONAL_AUTO_REVIEW_REQUIRED","DENY","0.5-draft"
"EDGE-TD-ANIMALS-FEED-001","TD-ANIMALS-FEED","TD-BASE-SAFETY","REQUIRED","","","SL1","","Generated provisional semantics; human domain review required","PROVISIONAL_AUTO_REVIEW_REQUIRED","DENY","0.5-draft"
"EDGE-TD-ANIMALS-FEED-002","TD-ANIMALS-FEED","TD-BASE-SITE","REQUIRED","","","SL1","","Generated provisional semantics; human domain review required","PROVISIONAL_AUTO_REVIEW_REQUIRED","DENY","0.5-draft"
"EDGE-TD-ANIMALS-FEED-003","TD-ANIMALS-FEED","TD-BASE-INVENTORY","REQUIRED","","","SL1","","Generated provisional semantics; human domain review required","PROVISIONAL_AUTO_REVIEW_REQUIRED","DENY","0.5-draft"
"EDGE-TD-ANIMALS-PASTURE-001","TD-ANIMALS-PASTURE","TD-BASE-SAFETY","REQUIRED","","","SL1","","Generated provisional semantics; human domain review required","PROVISIONAL_AUTO_REVIEW_REQUIRED","DENY","0.5-draft"
"EDGE-TD-ANIMALS-PASTURE-002","TD-ANIMALS-PASTURE","TD-BASE-SITE","REQUIRED","","","SL1","","Generated provisional semantics; human domain review required","PROVISIONAL_AUTO_REVIEW_REQUIRED","DENY","0.5-draft"
"EDGE-TD-ANIMALS-PASTURE-003","TD-ANIMALS-PASTURE","TD-BASE-INVENTORY","REQUIRED","","","SL1","","Generated provisional semantics; human domain review required","PROVISIONAL_AUTO_REVIEW_REQUIRED","DENY","0.5-draft"
"EDGE-TD-ANIMALS-SHELTER-001","TD-ANIMALS-SHELTER","TD-BASE-SAFETY","REQUIRED","","","SL1","","Generated provisional semantics; human domain review required","PROVISIONAL_AUTO_REVIEW_REQUIRED","DENY","0.5-draft"
"EDGE-TD-ANIMALS-SHELTER-002","TD-ANIMALS-SHELTER","TD-BASE-SITE","REQUIRED","","","SL1","","Generated provisional semantics; human domain review required","PROVISIONAL_AUTO_REVIEW_REQUIRED","DENY","0.5-draft"
"EDGE-TD-ANIMALS-SHELTER-003","TD-ANIMALS-SHELTER","TD-BASE-INVENTORY","REQUIRED","","","SL1","","Generated provisional semantics; human domain review required","PROVISIONAL_AUTO_REVIEW_REQUIRED","DENY","0.5-draft"
"EDGE-TD-ANIMALS-BIOSECURITY-001","TD-ANIMALS-BIOSECURITY","TD-BASE-SAFETY","REQUIRED","","","SL1","","Generated provisional semantics; human domain review required","PROVISIONAL_AUTO_REVIEW_REQUIRED","DENY","0.5-draft"
"EDGE-TD-ANIMALS-BIOSECURITY-002","TD-ANIMALS-BIOSECURITY","TD-BASE-SITE","REQUIRED","","","SL1","","Generated provisional semantics; human domain review required","PROVISIONAL_AUTO_REVIEW_REQUIRED","DENY","0.5-draft"
"EDGE-TD-ANIMALS-BIOSECURITY-003","TD-ANIMALS-BIOSECURITY","TD-BASE-INVENTORY","REQUIRED","","","SL1","","Generated provisional semantics; human domain review required","PROVISIONAL_AUTO_REVIEW_REQUIRED","DENY","0.5-draft"
"EDGE-TD-ANIMALS-BREEDING-001","TD-ANIMALS-BREEDING","TD-BASE-SAFETY","REQUIRED","","","SL1","","Generated provisional semantics; human domain review required","PROVISIONAL_AUTO_REVIEW_REQUIRED","DENY","0.5-draft"
"EDGE-TD-ANIMALS-BREEDING-002","TD-ANIMALS-BREEDING","TD-BASE-SITE","REQUIRED","","","SL1","","Generated provisional semantics; human domain review required","PROVISIONAL_AUTO_REVIEW_REQUIRED","DENY","0.5-draft"
"EDGE-TD-ANIMALS-BREEDING-003","TD-ANIMALS-BREEDING","TD-BASE-INVENTORY","REQUIRED","","","SL1","","Generated provisional semantics; human domain review required","PROVISIONAL_AUTO_REVIEW_REQUIRED","DENY","0.5-draft"
"EDGE-TD-ANIMALS-VET-001","TD-ANIMALS-VET","TD-BASE-SAFETY","REQUIRED","","","SL1","","Generated provisional semantics; human domain review required","PROVISIONAL_AUTO_REVIEW_REQUIRED","DENY","0.5-draft"
"EDGE-TD-ANIMALS-VET-002","TD-ANIMALS-VET","TD-BASE-SITE","REQUIRED","","","SL1","","Generated provisional semantics; human domain review required","PROVISIONAL_AUTO_REVIEW_REQUIRED","DENY","0.5-draft"
"EDGE-TD-ANIMALS-VET-003","TD-ANIMALS-VET","TD-BASE-INVENTORY","REQUIRED","","","SL1","","Generated provisional semantics; human domain review required","PROVISIONAL_AUTO_REVIEW_REQUIRED","DENY","0.5-draft"
"EDGE-TD-ANIMALS-WASTE-001","TD-ANIMALS-WASTE","TD-BASE-SAFETY","REQUIRED","","","SL1","","Generated provisional semantics; human domain review required","PROVISIONAL_AUTO_REVIEW_REQUIRED","DENY","0.5-draft"
"EDGE-TD-ANIMALS-WASTE-002","TD-ANIMALS-WASTE","TD-BASE-SITE","REQUIRED","","","SL1","","Generated provisional semantics; human domain review required","PROVISIONAL_AUTO_REVIEW_REQUIRED","DENY","0.5-draft"
"EDGE-TD-ANIMALS-WASTE-003","TD-ANIMALS-WASTE","TD-BASE-INVENTORY","REQUIRED","","","SL1","","Generated provisional semantics; human domain review required","PROVISIONAL_AUTO_REVIEW_REQUIRED","DENY","0.5-draft"
"EDGE-TD-ANIMALS-EGGS-001","TD-ANIMALS-EGGS","TD-BASE-SAFETY","REQUIRED","","","SL1","","Generated provisional semantics; human domain review required","PROVISIONAL_AUTO_REVIEW_REQUIRED","DENY","0.5-draft"
"EDGE-TD-ANIMALS-EGGS-002","TD-ANIMALS-EGGS","TD-BASE-SITE","REQUIRED","","","SL1","","Generated provisional semantics; human domain review required","PROVISIONAL_AUTO_REVIEW_REQUIRED","DENY","0.5-draft"
"EDGE-TD-ANIMALS-EGGS-003","TD-ANIMALS-EGGS","TD-BASE-INVENTORY","REQUIRED","","","SL1","","Generated provisional semantics; human domain review required","PROVISIONAL_AUTO_REVIEW_REQUIRED","DENY","0.5-draft"
"EDGE-TD-ANIMALS-MILK-001","TD-ANIMALS-MILK","TD-BASE-SAFETY","REQUIRED","","","SL1","","Generated provisional semantics; human domain review required","PROVISIONAL_AUTO_REVIEW_REQUIRED","DENY","0.5-draft"
"EDGE-TD-ANIMALS-MILK-002","TD-ANIMALS-MILK","TD-BASE-SITE","REQUIRED","","","SL1","","Generated provisional semantics; human domain review required","PROVISIONAL_AUTO_REVIEW_REQUIRED","DENY","0.5-draft"
"EDGE-TD-ANIMALS-MILK-003","TD-ANIMALS-MILK","TD-BASE-INVENTORY","REQUIRED","","","SL1","","Generated provisional semantics; human domain review required","PROVISIONAL_AUTO_REVIEW_REQUIRED","DENY","0.5-draft"
"EDGE-TD-ANIMALS-SLAUGHTER-001","TD-ANIMALS-SLAUGHTER","TD-BASE-SAFETY","REQUIRED","","","SL1","","Generated provisional semantics; human domain review required","PROVISIONAL_AUTO_REVIEW_REQUIRED","DENY","0.5-draft"
"EDGE-TD-ANIMALS-SLAUGHTER-002","TD-ANIMALS-SLAUGHTER","TD-BASE-SITE","REQUIRED","","","SL1","","Generated provisional semantics; human domain review required","PROVISIONAL_AUTO_REVIEW_REQUIRED","DENY","0.5-draft"
"EDGE-TD-ANIMALS-SLAUGHTER-003","TD-ANIMALS-SLAUGHTER","TD-BASE-INVENTORY","REQUIRED","","","SL1","","Generated provisional semantics; human domain review required","PROVISIONAL_AUTO_REVIEW_REQUIRED","DENY","0.5-draft"
"EDGE-TD-ANIMALS-BEES-001","TD-ANIMALS-BEES","TD-BASE-SAFETY","REQUIRED","","","SL1","","Generated provisional semantics; human domain review required","PROVISIONAL_AUTO_REVIEW_REQUIRED","DENY","0.5-draft"
"EDGE-TD-ANIMALS-BEES-002","TD-ANIMALS-BEES","TD-BASE-SITE","REQUIRED","","","SL1","","Generated provisional semantics; human domain review required","PROVISIONAL_AUTO_REVIEW_REQUIRED","DENY","0.5-draft"
"EDGE-TD-ANIMALS-BEES-003","TD-ANIMALS-BEES","TD-BASE-INVENTORY","REQUIRED","","","SL1","","Generated provisional semantics; human domain review required","PROVISIONAL_AUTO_REVIEW_REQUIRED","DENY","0.5-draft"
"EDGE-TD-ANIMALS-AQUACULTURE-001","TD-ANIMALS-AQUACULTURE","TD-BASE-SAFETY","REQUIRED","","","SL1","","Generated provisional semantics; human domain review required","PROVISIONAL_AUTO_REVIEW_REQUIRED","DENY","0.5-draft"
"EDGE-TD-ANIMALS-AQUACULTURE-002","TD-ANIMALS-AQUACULTURE","TD-BASE-SITE","REQUIRED","","","SL1","","Generated provisional semantics; human domain review required","PROVISIONAL_AUTO_REVIEW_REQUIRED","DENY","0.5-draft"
"EDGE-TD-ANIMALS-AQUACULTURE-003","TD-ANIMALS-AQUACULTURE","TD-BASE-INVENTORY","REQUIRED","","","SL1","","Generated provisional semantics; human domain review required","PROVISIONAL_AUTO_REVIEW_REQUIRED","DENY","0.5-draft"
"EDGE-TD-ANIMALS-HANDLER-001","TD-ANIMALS-HANDLER","TD-BASE-SAFETY","REQUIRED","","","SL1","","Generated provisional semantics; human domain review required","PROVISIONAL_AUTO_REVIEW_REQUIRED","DENY","0.5-draft"
"EDGE-TD-ANIMALS-HANDLER-002","TD-ANIMALS-HANDLER","TD-BASE-SITE","REQUIRED","","","SL1","","Generated provisional semantics; human domain review required","PROVISIONAL_AUTO_REVIEW_REQUIRED","DENY","0.5-draft"
"EDGE-TD-ANIMALS-HANDLER-003","TD-ANIMALS-HANDLER","TD-BASE-INVENTORY","REQUIRED","","","SL1","","Generated provisional semantics; human domain review required","PROVISIONAL_AUTO_REVIEW_REQUIRED","DENY","0.5-draft"
"EDGE-TD-ANIMALS-001","TD-ANIMALS","TD-BASE","REQUIRED","","","SL3","","Generated provisional semantics; human domain review required","PROVISIONAL_AUTO_REVIEW_REQUIRED","DENY","0.5-draft"
"EDGE-TD-ANIMALS-002","TD-ANIMALS","TD-ANIMALS-WELFARE","CONDITIONAL","","","SL4","applicable_profile_site_or_qualified_role_required","Generated provisional semantics; human domain review required","PROVISIONAL_AUTO_REVIEW_REQUIRED","DENY","0.5-draft"
"EDGE-TD-ANIMALS-003","TD-ANIMALS","TD-ANIMALS-WATER","CONDITIONAL","","","SL4","applicable_profile_site_or_qualified_role_required","Generated provisional semantics; human domain review required","PROVISIONAL_AUTO_REVIEW_REQUIRED","DENY","0.5-draft"
"EDGE-TD-ANIMALS-004","TD-ANIMALS","TD-ANIMALS-FEED","CONDITIONAL","","","SL4","applicable_profile_site_or_qualified_role_required","Generated provisional semantics; human domain review required","PROVISIONAL_AUTO_REVIEW_REQUIRED","DENY","0.5-draft"
"EDGE-TD-ANIMALS-005","TD-ANIMALS","TD-ANIMALS-PASTURE","CONDITIONAL","","","SL4","applicable_profile_site_or_qualified_role_required","Generated provisional semantics; human domain review required","PROVISIONAL_AUTO_REVIEW_REQUIRED","DENY","0.5-draft"
"EDGE-TD-ANIMALS-006","TD-ANIMALS","TD-ANIMALS-SHELTER","CONDITIONAL","","","SL4","applicable_profile_site_or_qualified_role_required","Generated provisional semantics; human domain review required","PROVISIONAL_AUTO_REVIEW_REQUIRED","DENY","0.5-draft"
"EDGE-TD-ANIMALS-007","TD-ANIMALS","TD-ANIMALS-BIOSECURITY","CONDITIONAL","","","SL4","applicable_profile_site_or_qualified_role_required","Generated provisional semantics; human domain review required","PROVISIONAL_AUTO_REVIEW_REQUIRED","DENY","0.5-draft"
"EDGE-TD-ANIMALS-008","TD-ANIMALS","TD-ANIMALS-BREEDING","CONDITIONAL","","","SL4","applicable_profile_site_or_qualified_role_required","Generated provisional semantics; human domain review required","PROVISIONAL_AUTO_REVIEW_REQUIRED","DENY","0.5-draft"
"EDGE-TD-ANIMALS-009","TD-ANIMALS","TD-ANIMALS-VET","CONDITIONAL","","","SL4","applicable_profile_site_or_qualified_role_required","Generated provisional semantics; human domain review required","PROVISIONAL_AUTO_REVIEW_REQUIRED","DENY","0.5-draft"
"EDGE-TD-ANIMALS-010","TD-ANIMALS","TD-ANIMALS-WASTE","CONDITIONAL","","","SL4","applicable_profile_site_or_qualified_role_required","Generated provisional semantics; human domain review required","PROVISIONAL_AUTO_REVIEW_REQUIRED","DENY","0.5-draft"
"EDGE-TD-ANIMALS-011","TD-ANIMALS","TD-ANIMALS-EGGS","CONDITIONAL","","","SL4","applicable_profile_site_or_qualified_role_required","Generated provisional semantics; human domain review required","PROVISIONAL_AUTO_REVIEW_REQUIRED","DENY","0.5-draft"
"EDGE-TD-ANIMALS-012","TD-ANIMALS","TD-ANIMALS-MILK","CONDITIONAL","","","SL4","applicable_profile_site_or_qualified_role_required","Generated provisional semantics; human domain review required","PROVISIONAL_AUTO_REVIEW_REQUIRED","DENY","0.5-draft"
"EDGE-TD-ANIMALS-013","TD-ANIMALS","TD-ANIMALS-SLAUGHTER","HAZARD_ONLY","","","SL1","not_an_operational_prerequisite","Generated provisional semantics; human domain review required","PROVISIONAL_AUTO_REVIEW_REQUIRED","DENY","0.5-draft"
"EDGE-TD-ANIMALS-014","TD-ANIMALS","TD-ANIMALS-BEES","CONDITIONAL","","","SL4","applicable_profile_site_or_qualified_role_required","Generated provisional semantics; human domain review required","PROVISIONAL_AUTO_REVIEW_REQUIRED","DENY","0.5-draft"
"EDGE-TD-ANIMALS-015","TD-ANIMALS","TD-ANIMALS-AQUACULTURE","CONDITIONAL","","","SL4","applicable_profile_site_or_qualified_role_required","Generated provisional semantics; human domain review required","PROVISIONAL_AUTO_REVIEW_REQUIRED","DENY","0.5-draft"
"EDGE-TD-ANIMALS-016","TD-ANIMALS","TD-ANIMALS-HANDLER","CONDITIONAL","","","SL4","applicable_profile_site_or_qualified_role_required","Generated provisional semantics; human domain review required","PROVISIONAL_AUTO_REVIEW_REQUIRED","DENY","0.5-draft"
"EDGE-TD-SHELTER-SHELTER-IN-PLACE-001","TD-SHELTER-SHELTER-IN-PLACE","TD-BASE-SAFETY","REQUIRED","","","SL1","","Generated provisional semantics; human domain review required","PROVISIONAL_AUTO_REVIEW_REQUIRED","DENY","0.5-draft"
"EDGE-TD-SHELTER-SHELTER-IN-PLACE-002","TD-SHELTER-SHELTER-IN-PLACE","TD-BASE-SITE","REQUIRED","","","SL1","","Generated provisional semantics; human domain review required","PROVISIONAL_AUTO_REVIEW_REQUIRED","DENY","0.5-draft"
"EDGE-TD-SHELTER-SHELTER-IN-PLACE-003","TD-SHELTER-SHELTER-IN-PLACE","TD-BASE-INVENTORY","REQUIRED","","","SL1","","Generated provisional semantics; human domain review required","PROVISIONAL_AUTO_REVIEW_REQUIRED","DENY","0.5-draft"
"EDGE-TD-SHELTER-SAFE-ZONE-001","TD-SHELTER-SAFE-ZONE","TD-BASE-SAFETY","REQUIRED","","","SL1","","Generated provisional semantics; human domain review required","PROVISIONAL_AUTO_REVIEW_REQUIRED","DENY","0.5-draft"
"EDGE-TD-SHELTER-SAFE-ZONE-002","TD-SHELTER-SAFE-ZONE","TD-BASE-SITE","REQUIRED","","","SL1","","Generated provisional semantics; human domain review required","PROVISIONAL_AUTO_REVIEW_REQUIRED","DENY","0.5-draft"
"EDGE-TD-SHELTER-SAFE-ZONE-003","TD-SHELTER-SAFE-ZONE","TD-BASE-INVENTORY","REQUIRED","","","SL1","","Generated provisional semantics; human domain review required","PROVISIONAL_AUTO_REVIEW_REQUIRED","DENY","0.5-draft"
"EDGE-TD-SHELTER-ACCESSIBLE-EXIT-001","TD-SHELTER-ACCESSIBLE-EXIT","TD-BASE-SAFETY","REQUIRED","","","SL1","","Generated provisional semantics; human domain review required","PROVISIONAL_AUTO_REVIEW_REQUIRED","DENY","0.5-draft"
"EDGE-TD-SHELTER-ACCESSIBLE-EXIT-002","TD-SHELTER-ACCESSIBLE-EXIT","TD-BASE-SITE","REQUIRED","","","SL1","","Generated provisional semantics; human domain review required","PROVISIONAL_AUTO_REVIEW_REQUIRED","DENY","0.5-draft"
"EDGE-TD-SHELTER-ACCESSIBLE-EXIT-003","TD-SHELTER-ACCESSIBLE-EXIT","TD-BASE-INVENTORY","REQUIRED","","","SL1","","Generated provisional semantics; human domain review required","PROVISIONAL_AUTO_REVIEW_REQUIRED","DENY","0.5-draft"
"EDGE-TD-SHELTER-SHUTOFF-WATER-001","TD-SHELTER-SHUTOFF-WATER","TD-BASE-SAFETY","REQUIRED","","","SL1","","Generated provisional semantics; human domain review required","PROVISIONAL_AUTO_REVIEW_REQUIRED","DENY","0.5-draft"
"EDGE-TD-SHELTER-SHUTOFF-WATER-002","TD-SHELTER-SHUTOFF-WATER","TD-BASE-SITE","REQUIRED","","","SL1","","Generated provisional semantics; human domain review required","PROVISIONAL_AUTO_REVIEW_REQUIRED","DENY","0.5-draft"
"EDGE-TD-SHELTER-SHUTOFF-WATER-003","TD-SHELTER-SHUTOFF-WATER","TD-BASE-INVENTORY","REQUIRED","","","SL1","","Generated provisional semantics; human domain review required","PROVISIONAL_AUTO_REVIEW_REQUIRED","DENY","0.5-draft"
"EDGE-TD-SHELTER-SHUTOFF-GAS-001","TD-SHELTER-SHUTOFF-GAS","TD-BASE-SAFETY","REQUIRED","","","SL1","","Generated provisional semantics; human domain review required","PROVISIONAL_AUTO_REVIEW_REQUIRED","DENY","0.5-draft"
"EDGE-TD-SHELTER-SHUTOFF-GAS-002","TD-SHELTER-SHUTOFF-GAS","TD-BASE-SITE","REQUIRED","","","SL1","","Generated provisional semantics; human domain review required","PROVISIONAL_AUTO_REVIEW_REQUIRED","DENY","0.5-draft"
"EDGE-TD-SHELTER-SHUTOFF-GAS-003","TD-SHELTER-SHUTOFF-GAS","TD-BASE-INVENTORY","REQUIRED","","","SL1","","Generated provisional semantics; human domain review required","PROVISIONAL_AUTO_REVIEW_REQUIRED","DENY","0.5-draft"
"EDGE-TD-SHELTER-SHUTOFF-ELECTRIC-001","TD-SHELTER-SHUTOFF-ELECTRIC","TD-BASE-SAFETY","REQUIRED","","","SL1","","Generated provisional semantics; human domain review required","PROVISIONAL_AUTO_REVIEW_REQUIRED","DENY","0.5-draft"
"EDGE-TD-SHELTER-SHUTOFF-ELECTRIC-002","TD-SHELTER-SHUTOFF-ELECTRIC","TD-BASE-SITE","REQUIRED","","","SL1","","Generated provisional semantics; human domain review required","PROVISIONAL_AUTO_REVIEW_REQUIRED","DENY","0.5-draft"
"EDGE-TD-SHELTER-SHUTOFF-ELECTRIC-003","TD-SHELTER-SHUTOFF-ELECTRIC","TD-BASE-INVENTORY","REQUIRED","","","SL1","","Generated provisional semantics; human domain review required","PROVISIONAL_AUTO_REVIEW_REQUIRED","DENY","0.5-draft"
"EDGE-TD-SHELTER-ALARMS-001","TD-SHELTER-ALARMS","TD-BASE-SAFETY","REQUIRED","","","SL1","","Generated provisional semantics; human domain review required","PROVISIONAL_AUTO_REVIEW_REQUIRED","DENY","0.5-draft"
"EDGE-TD-SHELTER-ALARMS-002","TD-SHELTER-ALARMS","TD-BASE-SITE","REQUIRED","","","SL1","","Generated provisional semantics; human domain review required","PROVISIONAL_AUTO_REVIEW_REQUIRED","DENY","0.5-draft"
"EDGE-TD-SHELTER-ALARMS-003","TD-SHELTER-ALARMS","TD-BASE-INVENTORY","REQUIRED","","","SL1","","Generated provisional semantics; human domain review required","PROVISIONAL_AUTO_REVIEW_REQUIRED","DENY","0.5-draft"
"EDGE-TD-SHELTER-EXTINGUISHER-001","TD-SHELTER-EXTINGUISHER","TD-BASE-SAFETY","REQUIRED","","","SL1","","Generated provisional semantics; human domain review required","PROVISIONAL_AUTO_REVIEW_REQUIRED","DENY","0.5-draft"
"EDGE-TD-SHELTER-EXTINGUISHER-002","TD-SHELTER-EXTINGUISHER","TD-BASE-SITE","REQUIRED","","","SL1","","Generated provisional semantics; human domain review required","PROVISIONAL_AUTO_REVIEW_REQUIRED","DENY","0.5-draft"
"EDGE-TD-SHELTER-EXTINGUISHER-003","TD-SHELTER-EXTINGUISHER","TD-BASE-INVENTORY","REQUIRED","","","SL1","","Generated provisional semantics; human domain review required","PROVISIONAL_AUTO_REVIEW_REQUIRED","DENY","0.5-draft"
"EDGE-TD-SHELTER-FIRE-BLANKET-001","TD-SHELTER-FIRE-BLANKET","TD-BASE-SAFETY","REQUIRED","","","SL1","","Generated provisional semantics; human domain review required","PROVISIONAL_AUTO_REVIEW_REQUIRED","DENY","0.5-draft"
"EDGE-TD-SHELTER-FIRE-BLANKET-002","TD-SHELTER-FIRE-BLANKET","TD-BASE-SITE","REQUIRED","","","SL1","","Generated provisional semantics; human domain review required","PROVISIONAL_AUTO_REVIEW_REQUIRED","DENY","0.5-draft"
"EDGE-TD-SHELTER-FIRE-BLANKET-003","TD-SHELTER-FIRE-BLANKET","TD-BASE-INVENTORY","REQUIRED","","","SL1","","Generated provisional semantics; human domain review required","PROVISIONAL_AUTO_REVIEW_REQUIRED","DENY","0.5-draft"
"EDGE-TD-SHELTER-DARK-EXIT-001","TD-SHELTER-DARK-EXIT","TD-BASE-SAFETY","REQUIRED","","","SL1","","Generated provisional semantics; human domain review required","PROVISIONAL_AUTO_REVIEW_REQUIRED","DENY","0.5-draft"
"EDGE-TD-SHELTER-DARK-EXIT-002","TD-SHELTER-DARK-EXIT","TD-BASE-SITE","REQUIRED","","","SL1","","Generated provisional semantics; human domain review required","PROVISIONAL_AUTO_REVIEW_REQUIRED","DENY","0.5-draft"
"EDGE-TD-SHELTER-DARK-EXIT-003","TD-SHELTER-DARK-EXIT","TD-BASE-INVENTORY","REQUIRED","","","SL1","","Generated provisional semantics; human domain review required","PROVISIONAL_AUTO_REVIEW_REQUIRED","DENY","0.5-draft"
"EDGE-TD-SHELTER-COLLAPSE-001","TD-SHELTER-COLLAPSE","TD-BASE-SAFETY","REQUIRED","","","SL1","","Generated provisional semantics; human domain review required","PROVISIONAL_AUTO_REVIEW_REQUIRED","DENY","0.5-draft"
"EDGE-TD-SHELTER-COLLAPSE-002","TD-SHELTER-COLLAPSE","TD-BASE-SITE","REQUIRED","","","SL1","","Generated provisional semantics; human domain review required","PROVISIONAL_AUTO_REVIEW_REQUIRED","DENY","0.5-draft"
"EDGE-TD-SHELTER-COLLAPSE-003","TD-SHELTER-COLLAPSE","TD-BASE-INVENTORY","REQUIRED","","","SL1","","Generated provisional semantics; human domain review required","PROVISIONAL_AUTO_REVIEW_REQUIRED","DENY","0.5-draft"
"EDGE-TD-SHELTER-HEAT-ZONE-001","TD-SHELTER-HEAT-ZONE","TD-BASE-SAFETY","REQUIRED","","","SL1","","Generated provisional semantics; human domain review required","PROVISIONAL_AUTO_REVIEW_REQUIRED","DENY","0.5-draft"
"EDGE-TD-SHELTER-HEAT-ZONE-002","TD-SHELTER-HEAT-ZONE","TD-BASE-SITE","REQUIRED","","","SL1","","Generated provisional semantics; human domain review required","PROVISIONAL_AUTO_REVIEW_REQUIRED","DENY","0.5-draft"
"EDGE-TD-SHELTER-HEAT-ZONE-003","TD-SHELTER-HEAT-ZONE","TD-BASE-INVENTORY","REQUIRED","","","SL1","","Generated provisional semantics; human domain review required","PROVISIONAL_AUTO_REVIEW_REQUIRED","DENY","0.5-draft"
"EDGE-TD-SHELTER-COLD-ZONE-001","TD-SHELTER-COLD-ZONE","TD-BASE-SAFETY","REQUIRED","","","SL1","","Generated provisional semantics; human domain review required","PROVISIONAL_AUTO_REVIEW_REQUIRED","DENY","0.5-draft"
"EDGE-TD-SHELTER-COLD-ZONE-002","TD-SHELTER-COLD-ZONE","TD-BASE-SITE","REQUIRED","","","SL1","","Generated provisional semantics; human domain review required","PROVISIONAL_AUTO_REVIEW_REQUIRED","DENY","0.5-draft"
"EDGE-TD-SHELTER-COLD-ZONE-003","TD-SHELTER-COLD-ZONE","TD-BASE-INVENTORY","REQUIRED","","","SL1","","Generated provisional semantics; human domain review required","PROVISIONAL_AUTO_REVIEW_REQUIRED","DENY","0.5-draft"
"EDGE-TD-SHELTER-COMBUSTION-AIR-001","TD-SHELTER-COMBUSTION-AIR","TD-BASE-SAFETY","REQUIRED","","","SL1","","Generated provisional semantics; human domain review required","PROVISIONAL_AUTO_REVIEW_REQUIRED","DENY","0.5-draft"
"EDGE-TD-SHELTER-COMBUSTION-AIR-002","TD-SHELTER-COMBUSTION-AIR","TD-BASE-SITE","REQUIRED","","","SL1","","Generated provisional semantics; human domain review required","PROVISIONAL_AUTO_REVIEW_REQUIRED","DENY","0.5-draft"
"EDGE-TD-SHELTER-COMBUSTION-AIR-003","TD-SHELTER-COMBUSTION-AIR","TD-BASE-INVENTORY","REQUIRED","","","SL1","","Generated provisional semantics; human domain review required","PROVISIONAL_AUTO_REVIEW_REQUIRED","DENY","0.5-draft"
"EDGE-TD-SHELTER-LIGHT-001","TD-SHELTER-LIGHT","TD-BASE-SAFETY","REQUIRED","","","SL1","","Generated provisional semantics; human domain review required","PROVISIONAL_AUTO_REVIEW_REQUIRED","DENY","0.5-draft"
"EDGE-TD-SHELTER-LIGHT-002","TD-SHELTER-LIGHT","TD-BASE-SITE","REQUIRED","","","SL1","","Generated provisional semantics; human domain review required","PROVISIONAL_AUTO_REVIEW_REQUIRED","DENY","0.5-draft"
"EDGE-TD-SHELTER-LIGHT-003","TD-SHELTER-LIGHT","TD-BASE-INVENTORY","REQUIRED","","","SL1","","Generated provisional semantics; human domain review required","PROVISIONAL_AUTO_REVIEW_REQUIRED","DENY","0.5-draft"
"EDGE-TD-SHELTER-DEPENDENTS-001","TD-SHELTER-DEPENDENTS","TD-BASE-SAFETY","REQUIRED","","","SL1","","Generated provisional semantics; human domain review required","PROVISIONAL_AUTO_REVIEW_REQUIRED","DENY","0.5-draft"
"EDGE-TD-SHELTER-DEPENDENTS-002","TD-SHELTER-DEPENDENTS","TD-BASE-SITE","REQUIRED","","","SL1","","Generated provisional semantics; human domain review required","PROVISIONAL_AUTO_REVIEW_REQUIRED","DENY","0.5-draft"
"EDGE-TD-SHELTER-DEPENDENTS-003","TD-SHELTER-DEPENDENTS","TD-BASE-INVENTORY","REQUIRED","","","SL1","","Generated provisional semantics; human domain review required","PROVISIONAL_AUTO_REVIEW_REQUIRED","DENY","0.5-draft"
"EDGE-TD-SHELTER-KITCHEN-001","TD-SHELTER-KITCHEN","TD-BASE-SAFETY","REQUIRED","","","SL1","","Generated provisional semantics; human domain review required","PROVISIONAL_AUTO_REVIEW_REQUIRED","DENY","0.5-draft"
"EDGE-TD-SHELTER-KITCHEN-002","TD-SHELTER-KITCHEN","TD-BASE-SITE","REQUIRED","","","SL1","","Generated provisional semantics; human domain review required","PROVISIONAL_AUTO_REVIEW_REQUIRED","DENY","0.5-draft"
"EDGE-TD-SHELTER-KITCHEN-003","TD-SHELTER-KITCHEN","TD-BASE-INVENTORY","REQUIRED","","","SL1","","Generated provisional semantics; human domain review required","PROVISIONAL_AUTO_REVIEW_REQUIRED","DENY","0.5-draft"
"EDGE-TD-SHELTER-PESTS-001","TD-SHELTER-PESTS","TD-BASE-SAFETY","REQUIRED","","","SL1","","Generated provisional semantics; human domain review required","PROVISIONAL_AUTO_REVIEW_REQUIRED","DENY","0.5-draft"
"EDGE-TD-SHELTER-PESTS-002","TD-SHELTER-PESTS","TD-BASE-SITE","REQUIRED","","","SL1","","Generated provisional semantics; human domain review required","PROVISIONAL_AUTO_REVIEW_REQUIRED","DENY","0.5-draft"
"EDGE-TD-SHELTER-PESTS-003","TD-SHELTER-PESTS","TD-BASE-INVENTORY","REQUIRED","","","SL1","","Generated provisional semantics; human domain review required","PROVISIONAL_AUTO_REVIEW_REQUIRED","DENY","0.5-draft"
"EDGE-TD-CONSTRUCTION-SITE-001","TD-CONSTRUCTION-SITE","TD-BASE-SAFETY","REQUIRED","","","SL1","","Generated provisional semantics; human domain review required","PROVISIONAL_AUTO_REVIEW_REQUIRED","DENY","0.5-draft"
"EDGE-TD-CONSTRUCTION-SITE-002","TD-CONSTRUCTION-SITE","TD-BASE-SITE","REQUIRED","","","SL1","","Generated provisional semantics; human domain review required","PROVISIONAL_AUTO_REVIEW_REQUIRED","DENY","0.5-draft"
"EDGE-TD-CONSTRUCTION-SITE-003","TD-CONSTRUCTION-SITE","TD-BASE-INVENTORY","REQUIRED","","","SL1","","Generated provisional semantics; human domain review required","PROVISIONAL_AUTO_REVIEW_REQUIRED","DENY","0.5-draft"
"EDGE-TD-CONSTRUCTION-EARTHWORKS-001","TD-CONSTRUCTION-EARTHWORKS","TD-BASE-SAFETY","REQUIRED","","","SL1","","Generated provisional semantics; human domain review required","PROVISIONAL_AUTO_REVIEW_REQUIRED","DENY","0.5-draft"
"EDGE-TD-CONSTRUCTION-EARTHWORKS-002","TD-CONSTRUCTION-EARTHWORKS","TD-BASE-SITE","REQUIRED","","","SL1","","Generated provisional semantics; human domain review required","PROVISIONAL_AUTO_REVIEW_REQUIRED","DENY","0.5-draft"
"EDGE-TD-CONSTRUCTION-EARTHWORKS-003","TD-CONSTRUCTION-EARTHWORKS","TD-BASE-INVENTORY","REQUIRED","","","SL1","","Generated provisional semantics; human domain review required","PROVISIONAL_AUTO_REVIEW_REQUIRED","DENY","0.5-draft"
"EDGE-TD-CONSTRUCTION-FOUNDATION-001","TD-CONSTRUCTION-FOUNDATION","TD-BASE-SAFETY","REQUIRED","","","SL1","","Generated provisional semantics; human domain review required","PROVISIONAL_AUTO_REVIEW_REQUIRED","DENY","0.5-draft"
"EDGE-TD-CONSTRUCTION-FOUNDATION-002","TD-CONSTRUCTION-FOUNDATION","TD-BASE-SITE","REQUIRED","","","SL1","","Generated provisional semantics; human domain review required","PROVISIONAL_AUTO_REVIEW_REQUIRED","DENY","0.5-draft"
"EDGE-TD-CONSTRUCTION-FOUNDATION-003","TD-CONSTRUCTION-FOUNDATION","TD-BASE-INVENTORY","REQUIRED","","","SL1","","Generated provisional semantics; human domain review required","PROVISIONAL_AUTO_REVIEW_REQUIRED","DENY","0.5-draft"
"EDGE-TD-CONSTRUCTION-FRAME-001","TD-CONSTRUCTION-FRAME","TD-BASE-SAFETY","REQUIRED","","","SL1","","Generated provisional semantics; human domain review required","PROVISIONAL_AUTO_REVIEW_REQUIRED","DENY","0.5-draft"
"EDGE-TD-CONSTRUCTION-FRAME-002","TD-CONSTRUCTION-FRAME","TD-BASE-SITE","REQUIRED","","","SL1","","Generated provisional semantics; human domain review required","PROVISIONAL_AUTO_REVIEW_REQUIRED","DENY","0.5-draft"
"EDGE-TD-CONSTRUCTION-FRAME-003","TD-CONSTRUCTION-FRAME","TD-BASE-INVENTORY","REQUIRED","","","SL1","","Generated provisional semantics; human domain review required","PROVISIONAL_AUTO_REVIEW_REQUIRED","DENY","0.5-draft"
"EDGE-TD-CONSTRUCTION-WALLS-001","TD-CONSTRUCTION-WALLS","TD-BASE-SAFETY","REQUIRED","","","SL1","","Generated provisional semantics; human domain review required","PROVISIONAL_AUTO_REVIEW_REQUIRED","DENY","0.5-draft"
"EDGE-TD-CONSTRUCTION-WALLS-002","TD-CONSTRUCTION-WALLS","TD-BASE-SITE","REQUIRED","","","SL1","","Generated provisional semantics; human domain review required","PROVISIONAL_AUTO_REVIEW_REQUIRED","DENY","0.5-draft"
"EDGE-TD-CONSTRUCTION-WALLS-003","TD-CONSTRUCTION-WALLS","TD-BASE-INVENTORY","REQUIRED","","","SL1","","Generated provisional semantics; human domain review required","PROVISIONAL_AUTO_REVIEW_REQUIRED","DENY","0.5-draft"
"EDGE-TD-CONSTRUCTION-FLOORS-001","TD-CONSTRUCTION-FLOORS","TD-BASE-SAFETY","REQUIRED","","","SL1","","Generated provisional semantics; human domain review required","PROVISIONAL_AUTO_REVIEW_REQUIRED","DENY","0.5-draft"
"EDGE-TD-CONSTRUCTION-FLOORS-002","TD-CONSTRUCTION-FLOORS","TD-BASE-SITE","REQUIRED","","","SL1","","Generated provisional semantics; human domain review required","PROVISIONAL_AUTO_REVIEW_REQUIRED","DENY","0.5-draft"
"EDGE-TD-CONSTRUCTION-FLOORS-003","TD-CONSTRUCTION-FLOORS","TD-BASE-INVENTORY","REQUIRED","","","SL1","","Generated provisional semantics; human domain review required","PROVISIONAL_AUTO_REVIEW_REQUIRED","DENY","0.5-draft"
"EDGE-TD-CONSTRUCTION-ROOF-001","TD-CONSTRUCTION-ROOF","TD-BASE-SAFETY","REQUIRED","","","SL1","","Generated provisional semantics; human domain review required","PROVISIONAL_AUTO_REVIEW_REQUIRED","DENY","0.5-draft"
"EDGE-TD-CONSTRUCTION-ROOF-002","TD-CONSTRUCTION-ROOF","TD-BASE-SITE","REQUIRED","","","SL1","","Generated provisional semantics; human domain review required","PROVISIONAL_AUTO_REVIEW_REQUIRED","DENY","0.5-draft"
"EDGE-TD-CONSTRUCTION-ROOF-003","TD-CONSTRUCTION-ROOF","TD-BASE-INVENTORY","REQUIRED","","","SL1","","Generated provisional semantics; human domain review required","PROVISIONAL_AUTO_REVIEW_REQUIRED","DENY","0.5-draft"
"EDGE-TD-CONSTRUCTION-WEATHER-001","TD-CONSTRUCTION-WEATHER","TD-BASE-SAFETY","REQUIRED","","","SL1","","Generated provisional semantics; human domain review required","PROVISIONAL_AUTO_REVIEW_REQUIRED","DENY","0.5-draft"
"EDGE-TD-CONSTRUCTION-WEATHER-002","TD-CONSTRUCTION-WEATHER","TD-BASE-SITE","REQUIRED","","","SL1","","Generated provisional semantics; human domain review required","PROVISIONAL_AUTO_REVIEW_REQUIRED","DENY","0.5-draft"
"EDGE-TD-CONSTRUCTION-WEATHER-003","TD-CONSTRUCTION-WEATHER","TD-BASE-INVENTORY","REQUIRED","","","SL1","","Generated provisional semantics; human domain review required","PROVISIONAL_AUTO_REVIEW_REQUIRED","DENY","0.5-draft"
"EDGE-TD-CONSTRUCTION-WINDOWS-001","TD-CONSTRUCTION-WINDOWS","TD-BASE-SAFETY","REQUIRED","","","SL1","","Generated provisional semantics; human domain review required","PROVISIONAL_AUTO_REVIEW_REQUIRED","DENY","0.5-draft"
"EDGE-TD-CONSTRUCTION-WINDOWS-002","TD-CONSTRUCTION-WINDOWS","TD-BASE-SITE","REQUIRED","","","SL1","","Generated provisional semantics; human domain review required","PROVISIONAL_AUTO_REVIEW_REQUIRED","DENY","0.5-draft"
"EDGE-TD-CONSTRUCTION-WINDOWS-003","TD-CONSTRUCTION-WINDOWS","TD-BASE-INVENTORY","REQUIRED","","","SL1","","Generated provisional semantics; human domain review required","PROVISIONAL_AUTO_REVIEW_REQUIRED","DENY","0.5-draft"
"EDGE-TD-CONSTRUCTION-DOORS-001","TD-CONSTRUCTION-DOORS","TD-BASE-SAFETY","REQUIRED","","","SL1","","Generated provisional semantics; human domain review required","PROVISIONAL_AUTO_REVIEW_REQUIRED","DENY","0.5-draft"
"EDGE-TD-CONSTRUCTION-DOORS-002","TD-CONSTRUCTION-DOORS","TD-BASE-SITE","REQUIRED","","","SL1","","Generated provisional semantics; human domain review required","PROVISIONAL_AUTO_REVIEW_REQUIRED","DENY","0.5-draft"
"EDGE-TD-CONSTRUCTION-DOORS-003","TD-CONSTRUCTION-DOORS","TD-BASE-INVENTORY","REQUIRED","","","SL1","","Generated provisional semantics; human domain review required","PROVISIONAL_AUTO_REVIEW_REQUIRED","DENY","0.5-draft"
"EDGE-TD-CONSTRUCTION-INSULATION-001","TD-CONSTRUCTION-INSULATION","TD-BASE-SAFETY","REQUIRED","","","SL1","","Generated provisional semantics; human domain review required","PROVISIONAL_AUTO_REVIEW_REQUIRED","DENY","0.5-draft"
"EDGE-TD-CONSTRUCTION-INSULATION-002","TD-CONSTRUCTION-INSULATION","TD-BASE-SITE","REQUIRED","","","SL1","","Generated provisional semantics; human domain review required","PROVISIONAL_AUTO_REVIEW_REQUIRED","DENY","0.5-draft"
"EDGE-TD-CONSTRUCTION-INSULATION-003","TD-CONSTRUCTION-INSULATION","TD-BASE-INVENTORY","REQUIRED","","","SL1","","Generated provisional semantics; human domain review required","PROVISIONAL_AUTO_REVIEW_REQUIRED","DENY","0.5-draft"
"EDGE-TD-CONSTRUCTION-MOISTURE-001","TD-CONSTRUCTION-MOISTURE","TD-BASE-SAFETY","REQUIRED","","","SL1","","Generated provisional semantics; human domain review required","PROVISIONAL_AUTO_REVIEW_REQUIRED","DENY","0.5-draft"
"EDGE-TD-CONSTRUCTION-MOISTURE-002","TD-CONSTRUCTION-MOISTURE","TD-BASE-SITE","REQUIRED","","","SL1","","Generated provisional semantics; human domain review required","PROVISIONAL_AUTO_REVIEW_REQUIRED","DENY","0.5-draft"
"EDGE-TD-CONSTRUCTION-MOISTURE-003","TD-CONSTRUCTION-MOISTURE","TD-BASE-INVENTORY","REQUIRED","","","SL1","","Generated provisional semantics; human domain review required","PROVISIONAL_AUTO_REVIEW_REQUIRED","DENY","0.5-draft"
"EDGE-TD-CONSTRUCTION-PLUMBING-001","TD-CONSTRUCTION-PLUMBING","TD-BASE-SAFETY","REQUIRED","","","SL1","","Generated provisional semantics; human domain review required","PROVISIONAL_AUTO_REVIEW_REQUIRED","DENY","0.5-draft"
"EDGE-TD-CONSTRUCTION-PLUMBING-002","TD-CONSTRUCTION-PLUMBING","TD-BASE-SITE","REQUIRED","","","SL1","","Generated provisional semantics; human domain review required","PROVISIONAL_AUTO_REVIEW_REQUIRED","DENY","0.5-draft"
"EDGE-TD-CONSTRUCTION-PLUMBING-003","TD-CONSTRUCTION-PLUMBING","TD-BASE-INVENTORY","REQUIRED","","","SL1","","Generated provisional semantics; human domain review required","PROVISIONAL_AUTO_REVIEW_REQUIRED","DENY","0.5-draft"
"EDGE-TD-CONSTRUCTION-SANITATION-001","TD-CONSTRUCTION-SANITATION","TD-BASE-SAFETY","REQUIRED","","","SL1","","Generated provisional semantics; human domain review required","PROVISIONAL_AUTO_REVIEW_REQUIRED","DENY","0.5-draft"
"EDGE-TD-CONSTRUCTION-SANITATION-002","TD-CONSTRUCTION-SANITATION","TD-BASE-SITE","REQUIRED","","","SL1","","Generated provisional semantics; human domain review required","PROVISIONAL_AUTO_REVIEW_REQUIRED","DENY","0.5-draft"
"EDGE-TD-CONSTRUCTION-SANITATION-003","TD-CONSTRUCTION-SANITATION","TD-BASE-INVENTORY","REQUIRED","","","SL1","","Generated provisional semantics; human domain review required","PROVISIONAL_AUTO_REVIEW_REQUIRED","DENY","0.5-draft"
"EDGE-TD-CONSTRUCTION-ELECTRICAL-001","TD-CONSTRUCTION-ELECTRICAL","TD-BASE-SAFETY","REQUIRED","","","SL1","","Generated provisional semantics; human domain review required","PROVISIONAL_AUTO_REVIEW_REQUIRED","DENY","0.5-draft"
"EDGE-TD-CONSTRUCTION-ELECTRICAL-002","TD-CONSTRUCTION-ELECTRICAL","TD-BASE-SITE","REQUIRED","","","SL1","","Generated provisional semantics; human domain review required","PROVISIONAL_AUTO_REVIEW_REQUIRED","DENY","0.5-draft"
"EDGE-TD-CONSTRUCTION-ELECTRICAL-003","TD-CONSTRUCTION-ELECTRICAL","TD-BASE-INVENTORY","REQUIRED","","","SL1","","Generated provisional semantics; human domain review required","PROVISIONAL_AUTO_REVIEW_REQUIRED","DENY","0.5-draft"
"EDGE-TD-CONSTRUCTION-VENTILATION-001","TD-CONSTRUCTION-VENTILATION","TD-BASE-SAFETY","REQUIRED","","","SL1","","Generated provisional semantics; human domain review required","PROVISIONAL_AUTO_REVIEW_REQUIRED","DENY","0.5-draft"
"EDGE-TD-CONSTRUCTION-VENTILATION-002","TD-CONSTRUCTION-VENTILATION","TD-BASE-SITE","REQUIRED","","","SL1","","Generated provisional semantics; human domain review required","PROVISIONAL_AUTO_REVIEW_REQUIRED","DENY","0.5-draft"
"EDGE-TD-CONSTRUCTION-VENTILATION-003","TD-CONSTRUCTION-VENTILATION","TD-BASE-INVENTORY","REQUIRED","","","SL1","","Generated provisional semantics; human domain review required","PROVISIONAL_AUTO_REVIEW_REQUIRED","DENY","0.5-draft"
"EDGE-TD-CONSTRUCTION-HVAC-001","TD-CONSTRUCTION-HVAC","TD-BASE-SAFETY","REQUIRED","","","SL1","","Generated provisional semantics; human domain review required","PROVISIONAL_AUTO_REVIEW_REQUIRED","DENY","0.5-draft"
"EDGE-TD-CONSTRUCTION-HVAC-002","TD-CONSTRUCTION-HVAC","TD-BASE-SITE","REQUIRED","","","SL1","","Generated provisional semantics; human domain review required","PROVISIONAL_AUTO_REVIEW_REQUIRED","DENY","0.5-draft"
"EDGE-TD-CONSTRUCTION-HVAC-003","TD-CONSTRUCTION-HVAC","TD-BASE-INVENTORY","REQUIRED","","","SL1","","Generated provisional semantics; human domain review required","PROVISIONAL_AUTO_REVIEW_REQUIRED","DENY","0.5-draft"
"EDGE-TD-CONSTRUCTION-FIRE-001","TD-CONSTRUCTION-FIRE","TD-BASE-SAFETY","REQUIRED","","","SL1","","Generated provisional semantics; human domain review required","PROVISIONAL_AUTO_REVIEW_REQUIRED","DENY","0.5-draft"
"EDGE-TD-CONSTRUCTION-FIRE-002","TD-CONSTRUCTION-FIRE","TD-BASE-SITE","REQUIRED","","","SL1","","Generated provisional semantics; human domain review required","PROVISIONAL_AUTO_REVIEW_REQUIRED","DENY","0.5-draft"
"EDGE-TD-CONSTRUCTION-FIRE-003","TD-CONSTRUCTION-FIRE","TD-BASE-INVENTORY","REQUIRED","","","SL1","","Generated provisional semantics; human domain review required","PROVISIONAL_AUTO_REVIEW_REQUIRED","DENY","0.5-draft"
"EDGE-TD-CONSTRUCTION-SEISMIC-001","TD-CONSTRUCTION-SEISMIC","TD-BASE-SAFETY","REQUIRED","","","SL1","","Generated provisional semantics; human domain review required","PROVISIONAL_AUTO_REVIEW_REQUIRED","DENY","0.5-draft"
"EDGE-TD-CONSTRUCTION-SEISMIC-002","TD-CONSTRUCTION-SEISMIC","TD-BASE-SITE","REQUIRED","","","SL1","","Generated provisional semantics; human domain review required","PROVISIONAL_AUTO_REVIEW_REQUIRED","DENY","0.5-draft"
"EDGE-TD-CONSTRUCTION-SEISMIC-003","TD-CONSTRUCTION-SEISMIC","TD-BASE-INVENTORY","REQUIRED","","","SL1","","Generated provisional semantics; human domain review required","PROVISIONAL_AUTO_REVIEW_REQUIRED","DENY","0.5-draft"
"EDGE-TD-CONSTRUCTION-WIND-001","TD-CONSTRUCTION-WIND","TD-BASE-SAFETY","REQUIRED","","","SL1","","Generated provisional semantics; human domain review required","PROVISIONAL_AUTO_REVIEW_REQUIRED","DENY","0.5-draft"
"EDGE-TD-CONSTRUCTION-WIND-002","TD-CONSTRUCTION-WIND","TD-BASE-SITE","REQUIRED","","","SL1","","Generated provisional semantics; human domain review required","PROVISIONAL_AUTO_REVIEW_REQUIRED","DENY","0.5-draft"
"EDGE-TD-CONSTRUCTION-WIND-003","TD-CONSTRUCTION-WIND","TD-BASE-INVENTORY","REQUIRED","","","SL1","","Generated provisional semantics; human domain review required","PROVISIONAL_AUTO_REVIEW_REQUIRED","DENY","0.5-draft"
"EDGE-TD-CONSTRUCTION-FLOOD-001","TD-CONSTRUCTION-FLOOD","TD-BASE-SAFETY","REQUIRED","","","SL1","","Generated provisional semantics; human domain review required","PROVISIONAL_AUTO_REVIEW_REQUIRED","DENY","0.5-draft"
"EDGE-TD-CONSTRUCTION-FLOOD-002","TD-CONSTRUCTION-FLOOD","TD-BASE-SITE","REQUIRED","","","SL1","","Generated provisional semantics; human domain review required","PROVISIONAL_AUTO_REVIEW_REQUIRED","DENY","0.5-draft"
"EDGE-TD-CONSTRUCTION-FLOOD-003","TD-CONSTRUCTION-FLOOD","TD-BASE-INVENTORY","REQUIRED","","","SL1","","Generated provisional semantics; human domain review required","PROVISIONAL_AUTO_REVIEW_REQUIRED","DENY","0.5-draft"
"EDGE-TD-CONSTRUCTION-WILDFIRE-001","TD-CONSTRUCTION-WILDFIRE","TD-BASE-SAFETY","REQUIRED","","","SL1","","Generated provisional semantics; human domain review required","PROVISIONAL_AUTO_REVIEW_REQUIRED","DENY","0.5-draft"
"EDGE-TD-CONSTRUCTION-WILDFIRE-002","TD-CONSTRUCTION-WILDFIRE","TD-BASE-SITE","REQUIRED","","","SL1","","Generated provisional semantics; human domain review required","PROVISIONAL_AUTO_REVIEW_REQUIRED","DENY","0.5-draft"
"EDGE-TD-CONSTRUCTION-WILDFIRE-003","TD-CONSTRUCTION-WILDFIRE","TD-BASE-INVENTORY","REQUIRED","","","SL1","","Generated provisional semantics; human domain review required","PROVISIONAL_AUTO_REVIEW_REQUIRED","DENY","0.5-draft"
"EDGE-TD-CONSTRUCTION-ACCESS-001","TD-CONSTRUCTION-ACCESS","TD-BASE-SAFETY","REQUIRED","","","SL1","","Generated provisional semantics; human domain review required","PROVISIONAL_AUTO_REVIEW_REQUIRED","DENY","0.5-draft"
"EDGE-TD-CONSTRUCTION-ACCESS-002","TD-CONSTRUCTION-ACCESS","TD-BASE-SITE","REQUIRED","","","SL1","","Generated provisional semantics; human domain review required","PROVISIONAL_AUTO_REVIEW_REQUIRED","DENY","0.5-draft"
"EDGE-TD-CONSTRUCTION-ACCESS-003","TD-CONSTRUCTION-ACCESS","TD-BASE-INVENTORY","REQUIRED","","","SL1","","Generated provisional semantics; human domain review required","PROVISIONAL_AUTO_REVIEW_REQUIRED","DENY","0.5-draft"
"EDGE-TD-CONSTRUCTION-TEMP-001","TD-CONSTRUCTION-TEMP","TD-BASE-SAFETY","REQUIRED","","","SL1","","Generated provisional semantics; human domain review required","PROVISIONAL_AUTO_REVIEW_REQUIRED","DENY","0.5-draft"
"EDGE-TD-CONSTRUCTION-TEMP-002","TD-CONSTRUCTION-TEMP","TD-BASE-SITE","REQUIRED","","","SL1","","Generated provisional semantics; human domain review required","PROVISIONAL_AUTO_REVIEW_REQUIRED","DENY","0.5-draft"
"EDGE-TD-CONSTRUCTION-TEMP-003","TD-CONSTRUCTION-TEMP","TD-BASE-INVENTORY","REQUIRED","","","SL1","","Generated provisional semantics; human domain review required","PROVISIONAL_AUTO_REVIEW_REQUIRED","DENY","0.5-draft"
"EDGE-TD-CONSTRUCTION-PERMITS-001","TD-CONSTRUCTION-PERMITS","TD-BASE-SAFETY","REQUIRED","","","SL1","","Generated provisional semantics; human domain review required","PROVISIONAL_AUTO_REVIEW_REQUIRED","DENY","0.5-draft"
"EDGE-TD-CONSTRUCTION-PERMITS-002","TD-CONSTRUCTION-PERMITS","TD-BASE-SITE","REQUIRED","","","SL1","","Generated provisional semantics; human domain review required","PROVISIONAL_AUTO_REVIEW_REQUIRED","DENY","0.5-draft"
"EDGE-TD-CONSTRUCTION-PERMITS-003","TD-CONSTRUCTION-PERMITS","TD-BASE-INVENTORY","REQUIRED","","","SL1","","Generated provisional semantics; human domain review required","PROVISIONAL_AUTO_REVIEW_REQUIRED","DENY","0.5-draft"
"EDGE-TD-CONSTRUCTION-INSPECTION-001","TD-CONSTRUCTION-INSPECTION","TD-BASE-SAFETY","REQUIRED","","","SL1","","Generated provisional semantics; human domain review required","PROVISIONAL_AUTO_REVIEW_REQUIRED","DENY","0.5-draft"
"EDGE-TD-CONSTRUCTION-INSPECTION-002","TD-CONSTRUCTION-INSPECTION","TD-BASE-SITE","REQUIRED","","","SL1","","Generated provisional semantics; human domain review required","PROVISIONAL_AUTO_REVIEW_REQUIRED","DENY","0.5-draft"
"EDGE-TD-CONSTRUCTION-INSPECTION-003","TD-CONSTRUCTION-INSPECTION","TD-BASE-INVENTORY","REQUIRED","","","SL1","","Generated provisional semantics; human domain review required","PROVISIONAL_AUTO_REVIEW_REQUIRED","DENY","0.5-draft"
"EDGE-TD-CONSTRUCTION-AS-BUILT-001","TD-CONSTRUCTION-AS-BUILT","TD-BASE-SAFETY","REQUIRED","","","SL1","","Generated provisional semantics; human domain review required","PROVISIONAL_AUTO_REVIEW_REQUIRED","DENY","0.5-draft"
"EDGE-TD-CONSTRUCTION-AS-BUILT-002","TD-CONSTRUCTION-AS-BUILT","TD-BASE-SITE","REQUIRED","","","SL1","","Generated provisional semantics; human domain review required","PROVISIONAL_AUTO_REVIEW_REQUIRED","DENY","0.5-draft"
"EDGE-TD-CONSTRUCTION-AS-BUILT-003","TD-CONSTRUCTION-AS-BUILT","TD-BASE-INVENTORY","REQUIRED","","","SL1","","Generated provisional semantics; human domain review required","PROVISIONAL_AUTO_REVIEW_REQUIRED","DENY","0.5-draft"
"EDGE-TD-CONSTRUCTION-001","TD-CONSTRUCTION","TD-BASE","REQUIRED","","","SL3","","Generated provisional semantics; human domain review required","PROVISIONAL_AUTO_REVIEW_REQUIRED","DENY","0.5-draft"
"EDGE-TD-CONSTRUCTION-002","TD-CONSTRUCTION","TD-CONSTRUCTION-SITE","CONDITIONAL","","","SL5","applicable_profile_site_or_qualified_role_required","Generated provisional semantics; human domain review required","PROVISIONAL_AUTO_REVIEW_REQUIRED","DENY","0.5-draft"
"EDGE-TD-CONSTRUCTION-003","TD-CONSTRUCTION","TD-CONSTRUCTION-EARTHWORKS","HAZARD_ONLY","","","SL1","not_an_operational_prerequisite","Generated provisional semantics; human domain review required","PROVISIONAL_AUTO_REVIEW_REQUIRED","DENY","0.5-draft"
"EDGE-TD-CONSTRUCTION-004","TD-CONSTRUCTION","TD-CONSTRUCTION-FOUNDATION","HAZARD_ONLY","","","SL1","not_an_operational_prerequisite","Generated provisional semantics; human domain review required","PROVISIONAL_AUTO_REVIEW_REQUIRED","DENY","0.5-draft"
"EDGE-TD-CONSTRUCTION-005","TD-CONSTRUCTION","TD-CONSTRUCTION-FRAME","HAZARD_ONLY","","","SL1","not_an_operational_prerequisite","Generated provisional semantics; human domain review required","PROVISIONAL_AUTO_REVIEW_REQUIRED","DENY","0.5-draft"
"EDGE-TD-CONSTRUCTION-006","TD-CONSTRUCTION","TD-CONSTRUCTION-WALLS","CONDITIONAL","","","SL5","applicable_profile_site_or_qualified_role_required","Generated provisional semantics; human domain review required","PROVISIONAL_AUTO_REVIEW_REQUIRED","DENY","0.5-draft"
"EDGE-TD-CONSTRUCTION-007","TD-CONSTRUCTION","TD-CONSTRUCTION-FLOORS","CONDITIONAL","","","SL5","applicable_profile_site_or_qualified_role_required","Generated provisional semantics; human domain review required","PROVISIONAL_AUTO_REVIEW_REQUIRED","DENY","0.5-draft"
"EDGE-TD-CONSTRUCTION-008","TD-CONSTRUCTION","TD-CONSTRUCTION-ROOF","HAZARD_ONLY","","","SL1","not_an_operational_prerequisite","Generated provisional semantics; human domain review required","PROVISIONAL_AUTO_REVIEW_REQUIRED","DENY","0.5-draft"
"EDGE-TD-CONSTRUCTION-009","TD-CONSTRUCTION","TD-CONSTRUCTION-WEATHER","CONDITIONAL","","","SL5","applicable_profile_site_or_qualified_role_required","Generated provisional semantics; human domain review required","PROVISIONAL_AUTO_REVIEW_REQUIRED","DENY","0.5-draft"
"EDGE-TD-CONSTRUCTION-010","TD-CONSTRUCTION","TD-CONSTRUCTION-WINDOWS","CONDITIONAL","","","SL5","applicable_profile_site_or_qualified_role_required","Generated provisional semantics; human domain review required","PROVISIONAL_AUTO_REVIEW_REQUIRED","DENY","0.5-draft"
"EDGE-TD-CONSTRUCTION-011","TD-CONSTRUCTION","TD-CONSTRUCTION-DOORS","CONDITIONAL","","","SL5","applicable_profile_site_or_qualified_role_required","Generated provisional semantics; human domain review required","PROVISIONAL_AUTO_REVIEW_REQUIRED","DENY","0.5-draft"
"EDGE-TD-CONSTRUCTION-012","TD-CONSTRUCTION","TD-CONSTRUCTION-INSULATION","CONDITIONAL","","","SL5","applicable_profile_site_or_qualified_role_required","Generated provisional semantics; human domain review required","PROVISIONAL_AUTO_REVIEW_REQUIRED","DENY","0.5-draft"
"EDGE-TD-CONSTRUCTION-013","TD-CONSTRUCTION","TD-CONSTRUCTION-MOISTURE","CONDITIONAL","","","SL5","applicable_profile_site_or_qualified_role_required","Generated provisional semantics; human domain review required","PROVISIONAL_AUTO_REVIEW_REQUIRED","DENY","0.5-draft"
"EDGE-TD-CONSTRUCTION-014","TD-CONSTRUCTION","TD-CONSTRUCTION-PLUMBING","CONDITIONAL","","","SL5","applicable_profile_site_or_qualified_role_required","Generated provisional semantics; human domain review required","PROVISIONAL_AUTO_REVIEW_REQUIRED","DENY","0.5-draft"
"EDGE-TD-CONSTRUCTION-015","TD-CONSTRUCTION","TD-CONSTRUCTION-SANITATION","HAZARD_ONLY","","","SL1","not_an_operational_prerequisite","Generated provisional semantics; human domain review required","PROVISIONAL_AUTO_REVIEW_REQUIRED","DENY","0.5-draft"
"EDGE-TD-CONSTRUCTION-016","TD-CONSTRUCTION","TD-CONSTRUCTION-ELECTRICAL","HAZARD_ONLY","","","SL1","not_an_operational_prerequisite","Generated provisional semantics; human domain review required","PROVISIONAL_AUTO_REVIEW_REQUIRED","DENY","0.5-draft"
"EDGE-TD-CONSTRUCTION-017","TD-CONSTRUCTION","TD-CONSTRUCTION-VENTILATION","CONDITIONAL","","","SL5","applicable_profile_site_or_qualified_role_required","Generated provisional semantics; human domain review required","PROVISIONAL_AUTO_REVIEW_REQUIRED","DENY","0.5-draft"
"EDGE-TD-CONSTRUCTION-018","TD-CONSTRUCTION","TD-CONSTRUCTION-HVAC","CONDITIONAL","","","SL5","applicable_profile_site_or_qualified_role_required","Generated provisional semantics; human domain review required","PROVISIONAL_AUTO_REVIEW_REQUIRED","DENY","0.5-draft"
"EDGE-TD-CONSTRUCTION-019","TD-CONSTRUCTION","TD-CONSTRUCTION-FIRE","HAZARD_ONLY","","","SL1","not_an_operational_prerequisite","Generated provisional semantics; human domain review required","PROVISIONAL_AUTO_REVIEW_REQUIRED","DENY","0.5-draft"
"EDGE-TD-CONSTRUCTION-020","TD-CONSTRUCTION","TD-CONSTRUCTION-SEISMIC","HAZARD_ONLY","","","SL1","not_an_operational_prerequisite","Generated provisional semantics; human domain review required","PROVISIONAL_AUTO_REVIEW_REQUIRED","DENY","0.5-draft"
"EDGE-TD-CONSTRUCTION-021","TD-CONSTRUCTION","TD-CONSTRUCTION-WIND","HAZARD_ONLY","","","SL1","not_an_operational_prerequisite","Generated provisional semantics; human domain review required","PROVISIONAL_AUTO_REVIEW_REQUIRED","DENY","0.5-draft"
"EDGE-TD-CONSTRUCTION-022","TD-CONSTRUCTION","TD-CONSTRUCTION-FLOOD","CONDITIONAL","","","SL5","applicable_profile_site_or_qualified_role_required","Generated provisional semantics; human domain review required","PROVISIONAL_AUTO_REVIEW_REQUIRED","DENY","0.5-draft"
"EDGE-TD-CONSTRUCTION-023","TD-CONSTRUCTION","TD-CONSTRUCTION-WILDFIRE","CONDITIONAL","","","SL5","applicable_profile_site_or_qualified_role_required","Generated provisional semantics; human domain review required","PROVISIONAL_AUTO_REVIEW_REQUIRED","DENY","0.5-draft"
"EDGE-TD-CONSTRUCTION-024","TD-CONSTRUCTION","TD-CONSTRUCTION-ACCESS","CONDITIONAL","","","SL5","applicable_profile_site_or_qualified_role_required","Generated provisional semantics; human domain review required","PROVISIONAL_AUTO_REVIEW_REQUIRED","DENY","0.5-draft"
"EDGE-TD-CONSTRUCTION-025","TD-CONSTRUCTION","TD-CONSTRUCTION-TEMP","CONDITIONAL","","","SL5","applicable_profile_site_or_qualified_role_required","Generated provisional semantics; human domain review required","PROVISIONAL_AUTO_REVIEW_REQUIRED","DENY","0.5-draft"
"EDGE-TD-CONSTRUCTION-026","TD-CONSTRUCTION","TD-CONSTRUCTION-PERMITS","CONDITIONAL","","","SL5","applicable_profile_site_or_qualified_role_required","Generated provisional semantics; human domain review required","PROVISIONAL_AUTO_REVIEW_REQUIRED","DENY","0.5-draft"
"EDGE-TD-CONSTRUCTION-027","TD-CONSTRUCTION","TD-CONSTRUCTION-INSPECTION","CONDITIONAL","","","SL5","applicable_profile_site_or_qualified_role_required","Generated provisional semantics; human domain review required","PROVISIONAL_AUTO_REVIEW_REQUIRED","DENY","0.5-draft"
"EDGE-TD-CONSTRUCTION-028","TD-CONSTRUCTION","TD-CONSTRUCTION-AS-BUILT","CONDITIONAL","","","SL5","applicable_profile_site_or_qualified_role_required","Generated provisional semantics; human domain review required","PROVISIONAL_AUTO_REVIEW_REQUIRED","DENY","0.5-draft"
"EDGE-TD-ENERGY-LIGHT-001","TD-ENERGY-LIGHT","TD-BASE-SAFETY","REQUIRED","","","SL1","","Generated provisional semantics; human domain review required","PROVISIONAL_AUTO_REVIEW_REQUIRED","DENY","0.5-draft"
"EDGE-TD-ENERGY-LIGHT-002","TD-ENERGY-LIGHT","TD-BASE-SITE","REQUIRED","","","SL1","","Generated provisional semantics; human domain review required","PROVISIONAL_AUTO_REVIEW_REQUIRED","DENY","0.5-draft"
"EDGE-TD-ENERGY-LIGHT-003","TD-ENERGY-LIGHT","TD-BASE-INVENTORY","REQUIRED","","","SL1","","Generated provisional semantics; human domain review required","PROVISIONAL_AUTO_REVIEW_REQUIRED","DENY","0.5-draft"
"EDGE-TD-ENERGY-COMMS-001","TD-ENERGY-COMMS","TD-BASE-SAFETY","REQUIRED","","","SL1","","Generated provisional semantics; human domain review required","PROVISIONAL_AUTO_REVIEW_REQUIRED","DENY","0.5-draft"
"EDGE-TD-ENERGY-COMMS-002","TD-ENERGY-COMMS","TD-BASE-SITE","REQUIRED","","","SL1","","Generated provisional semantics; human domain review required","PROVISIONAL_AUTO_REVIEW_REQUIRED","DENY","0.5-draft"
"EDGE-TD-ENERGY-COMMS-003","TD-ENERGY-COMMS","TD-BASE-INVENTORY","REQUIRED","","","SL1","","Generated provisional semantics; human domain review required","PROVISIONAL_AUTO_REVIEW_REQUIRED","DENY","0.5-draft"
"EDGE-TD-ENERGY-MEDICAL-001","TD-ENERGY-MEDICAL","TD-BASE-SAFETY","REQUIRED","","","SL1","","Generated provisional semantics; human domain review required","PROVISIONAL_AUTO_REVIEW_REQUIRED","DENY","0.5-draft"
"EDGE-TD-ENERGY-MEDICAL-002","TD-ENERGY-MEDICAL","TD-BASE-SITE","REQUIRED","","","SL1","","Generated provisional semantics; human domain review required","PROVISIONAL_AUTO_REVIEW_REQUIRED","DENY","0.5-draft"
"EDGE-TD-ENERGY-MEDICAL-003","TD-ENERGY-MEDICAL","TD-BASE-INVENTORY","REQUIRED","","","SL1","","Generated provisional semantics; human domain review required","PROVISIONAL_AUTO_REVIEW_REQUIRED","DENY","0.5-draft"
"EDGE-TD-ENERGY-COLD-CHAIN-001","TD-ENERGY-COLD-CHAIN","TD-BASE-SAFETY","REQUIRED","","","SL1","","Generated provisional semantics; human domain review required","PROVISIONAL_AUTO_REVIEW_REQUIRED","DENY","0.5-draft"
"EDGE-TD-ENERGY-COLD-CHAIN-002","TD-ENERGY-COLD-CHAIN","TD-BASE-SITE","REQUIRED","","","SL1","","Generated provisional semantics; human domain review required","PROVISIONAL_AUTO_REVIEW_REQUIRED","DENY","0.5-draft"
"EDGE-TD-ENERGY-COLD-CHAIN-003","TD-ENERGY-COLD-CHAIN","TD-BASE-INVENTORY","REQUIRED","","","SL1","","Generated provisional semantics; human domain review required","PROVISIONAL_AUTO_REVIEW_REQUIRED","DENY","0.5-draft"
"EDGE-TD-ENERGY-LOAD-SHED-001","TD-ENERGY-LOAD-SHED","TD-BASE-SAFETY","REQUIRED","","","SL1","","Generated provisional semantics; human domain review required","PROVISIONAL_AUTO_REVIEW_REQUIRED","DENY","0.5-draft"
"EDGE-TD-ENERGY-LOAD-SHED-002","TD-ENERGY-LOAD-SHED","TD-BASE-SITE","REQUIRED","","","SL1","","Generated provisional semantics; human domain review required","PROVISIONAL_AUTO_REVIEW_REQUIRED","DENY","0.5-draft"
"EDGE-TD-ENERGY-LOAD-SHED-003","TD-ENERGY-LOAD-SHED","TD-BASE-INVENTORY","REQUIRED","","","SL1","","Generated provisional semantics; human domain review required","PROVISIONAL_AUTO_REVIEW_REQUIRED","DENY","0.5-draft"
"EDGE-TD-ENERGY-FLASHLIGHT-001","TD-ENERGY-FLASHLIGHT","TD-BASE-SAFETY","REQUIRED","","","SL1","","Generated provisional semantics; human domain review required","PROVISIONAL_AUTO_REVIEW_REQUIRED","DENY","0.5-draft"
"EDGE-TD-ENERGY-FLASHLIGHT-002","TD-ENERGY-FLASHLIGHT","TD-BASE-SITE","REQUIRED","","","SL1","","Generated provisional semantics; human domain review required","PROVISIONAL_AUTO_REVIEW_REQUIRED","DENY","0.5-draft"
"EDGE-TD-ENERGY-FLASHLIGHT-003","TD-ENERGY-FLASHLIGHT","TD-BASE-INVENTORY","REQUIRED","","","SL1","","Generated provisional semantics; human domain review required","PROVISIONAL_AUTO_REVIEW_REQUIRED","DENY","0.5-draft"
"EDGE-TD-ENERGY-BATTERY-STANDARD-001","TD-ENERGY-BATTERY-STANDARD","TD-BASE-SAFETY","REQUIRED","","","SL1","","Generated provisional semantics; human domain review required","PROVISIONAL_AUTO_REVIEW_REQUIRED","DENY","0.5-draft"
"EDGE-TD-ENERGY-BATTERY-STANDARD-002","TD-ENERGY-BATTERY-STANDARD","TD-BASE-SITE","REQUIRED","","","SL1","","Generated provisional semantics; human domain review required","PROVISIONAL_AUTO_REVIEW_REQUIRED","DENY","0.5-draft"
"EDGE-TD-ENERGY-BATTERY-STANDARD-003","TD-ENERGY-BATTERY-STANDARD","TD-BASE-INVENTORY","REQUIRED","","","SL1","","Generated provisional semantics; human domain review required","PROVISIONAL_AUTO_REVIEW_REQUIRED","DENY","0.5-draft"
"EDGE-TD-ENERGY-POWERBANK-001","TD-ENERGY-POWERBANK","TD-BASE-SAFETY","REQUIRED","","","SL1","","Generated provisional semantics; human domain review required","PROVISIONAL_AUTO_REVIEW_REQUIRED","DENY","0.5-draft"
"EDGE-TD-ENERGY-POWERBANK-002","TD-ENERGY-POWERBANK","TD-BASE-SITE","REQUIRED","","","SL1","","Generated provisional semantics; human domain review required","PROVISIONAL_AUTO_REVIEW_REQUIRED","DENY","0.5-draft"
"EDGE-TD-ENERGY-POWERBANK-003","TD-ENERGY-POWERBANK","TD-BASE-INVENTORY","REQUIRED","","","SL1","","Generated provisional semantics; human domain review required","PROVISIONAL_AUTO_REVIEW_REQUIRED","DENY","0.5-draft"
"EDGE-TD-ENERGY-SOURCE-001","TD-ENERGY-SOURCE","TD-BASE-SAFETY","REQUIRED","","","SL1","","Generated provisional semantics; human domain review required","PROVISIONAL_AUTO_REVIEW_REQUIRED","DENY","0.5-draft"
"EDGE-TD-ENERGY-SOURCE-002","TD-ENERGY-SOURCE","TD-BASE-SITE","REQUIRED","","","SL1","","Generated provisional semantics; human domain review required","PROVISIONAL_AUTO_REVIEW_REQUIRED","DENY","0.5-draft"
"EDGE-TD-ENERGY-SOURCE-003","TD-ENERGY-SOURCE","TD-BASE-INVENTORY","REQUIRED","","","SL1","","Generated provisional semantics; human domain review required","PROVISIONAL_AUTO_REVIEW_REQUIRED","DENY","0.5-draft"
"EDGE-TD-ENERGY-CHARGE-001","TD-ENERGY-CHARGE","TD-BASE-SAFETY","REQUIRED","","","SL1","","Generated provisional semantics; human domain review required","PROVISIONAL_AUTO_REVIEW_REQUIRED","DENY","0.5-draft"
"EDGE-TD-ENERGY-CHARGE-002","TD-ENERGY-CHARGE","TD-BASE-SITE","REQUIRED","","","SL1","","Generated provisional semantics; human domain review required","PROVISIONAL_AUTO_REVIEW_REQUIRED","DENY","0.5-draft"
"EDGE-TD-ENERGY-CHARGE-003","TD-ENERGY-CHARGE","TD-BASE-INVENTORY","REQUIRED","","","SL1","","Generated provisional semantics; human domain review required","PROVISIONAL_AUTO_REVIEW_REQUIRED","DENY","0.5-draft"
"EDGE-TD-ENERGY-FAILURE-001","TD-ENERGY-FAILURE","TD-BASE-SAFETY","REQUIRED","","","SL1","","Generated provisional semantics; human domain review required","PROVISIONAL_AUTO_REVIEW_REQUIRED","DENY","0.5-draft"
"EDGE-TD-ENERGY-FAILURE-002","TD-ENERGY-FAILURE","TD-BASE-SITE","REQUIRED","","","SL1","","Generated provisional semantics; human domain review required","PROVISIONAL_AUTO_REVIEW_REQUIRED","DENY","0.5-draft"
"EDGE-TD-ENERGY-FAILURE-003","TD-ENERGY-FAILURE","TD-BASE-INVENTORY","REQUIRED","","","SL1","","Generated provisional semantics; human domain review required","PROVISIONAL_AUTO_REVIEW_REQUIRED","DENY","0.5-draft"
"EDGE-TD-ENERGY-SPARES-001","TD-ENERGY-SPARES","TD-BASE-SAFETY","REQUIRED","","","SL1","","Generated provisional semantics; human domain review required","PROVISIONAL_AUTO_REVIEW_REQUIRED","DENY","0.5-draft"
"EDGE-TD-ENERGY-SPARES-002","TD-ENERGY-SPARES","TD-BASE-SITE","REQUIRED","","","SL1","","Generated provisional semantics; human domain review required","PROVISIONAL_AUTO_REVIEW_REQUIRED","DENY","0.5-draft"
"EDGE-TD-ENERGY-SPARES-003","TD-ENERGY-SPARES","TD-BASE-INVENTORY","REQUIRED","","","SL1","","Generated provisional semantics; human domain review required","PROVISIONAL_AUTO_REVIEW_REQUIRED","DENY","0.5-draft"
"EDGE-TD-FUEL-USE-COOK-001","TD-FUEL-USE-COOK","TD-BASE-SAFETY","REQUIRED","","","SL1","","Generated provisional semantics; human domain review required","PROVISIONAL_AUTO_REVIEW_REQUIRED","DENY","0.5-draft"
"EDGE-TD-FUEL-USE-COOK-002","TD-FUEL-USE-COOK","TD-BASE-SITE","REQUIRED","","","SL1","","Generated provisional semantics; human domain review required","PROVISIONAL_AUTO_REVIEW_REQUIRED","DENY","0.5-draft"
"EDGE-TD-FUEL-USE-COOK-003","TD-FUEL-USE-COOK","TD-BASE-INVENTORY","REQUIRED","","","SL1","","Generated provisional semantics; human domain review required","PROVISIONAL_AUTO_REVIEW_REQUIRED","DENY","0.5-draft"
"EDGE-TD-FUEL-USE-HEAT-001","TD-FUEL-USE-HEAT","TD-BASE-SAFETY","REQUIRED","","","SL1","","Generated provisional semantics; human domain review required","PROVISIONAL_AUTO_REVIEW_REQUIRED","DENY","0.5-draft"
"EDGE-TD-FUEL-USE-HEAT-002","TD-FUEL-USE-HEAT","TD-BASE-SITE","REQUIRED","","","SL1","","Generated provisional semantics; human domain review required","PROVISIONAL_AUTO_REVIEW_REQUIRED","DENY","0.5-draft"
"EDGE-TD-FUEL-USE-HEAT-003","TD-FUEL-USE-HEAT","TD-BASE-INVENTORY","REQUIRED","","","SL1","","Generated provisional semantics; human domain review required","PROVISIONAL_AUTO_REVIEW_REQUIRED","DENY","0.5-draft"
"EDGE-TD-FUEL-USE-POWER-001","TD-FUEL-USE-POWER","TD-BASE-SAFETY","REQUIRED","","","SL1","","Generated provisional semantics; human domain review required","PROVISIONAL_AUTO_REVIEW_REQUIRED","DENY","0.5-draft"
"EDGE-TD-FUEL-USE-POWER-002","TD-FUEL-USE-POWER","TD-BASE-SITE","REQUIRED","","","SL1","","Generated provisional semantics; human domain review required","PROVISIONAL_AUTO_REVIEW_REQUIRED","DENY","0.5-draft"
"EDGE-TD-FUEL-USE-POWER-003","TD-FUEL-USE-POWER","TD-BASE-INVENTORY","REQUIRED","","","SL1","","Generated provisional semantics; human domain review required","PROVISIONAL_AUTO_REVIEW_REQUIRED","DENY","0.5-draft"
"EDGE-TD-FUEL-USE-TRANSPORT-001","TD-FUEL-USE-TRANSPORT","TD-BASE-SAFETY","REQUIRED","","","SL1","","Generated provisional semantics; human domain review required","PROVISIONAL_AUTO_REVIEW_REQUIRED","DENY","0.5-draft"
"EDGE-TD-FUEL-USE-TRANSPORT-002","TD-FUEL-USE-TRANSPORT","TD-BASE-SITE","REQUIRED","","","SL1","","Generated provisional semantics; human domain review required","PROVISIONAL_AUTO_REVIEW_REQUIRED","DENY","0.5-draft"
"EDGE-TD-FUEL-USE-TRANSPORT-003","TD-FUEL-USE-TRANSPORT","TD-BASE-INVENTORY","REQUIRED","","","SL1","","Generated provisional semantics; human domain review required","PROVISIONAL_AUTO_REVIEW_REQUIRED","DENY","0.5-draft"
"EDGE-TD-FUEL-PRODUCT-ID-001","TD-FUEL-PRODUCT-ID","TD-BASE-SAFETY","REQUIRED","","","SL1","","Generated provisional semantics; human domain review required","PROVISIONAL_AUTO_REVIEW_REQUIRED","DENY","0.5-draft"
"EDGE-TD-FUEL-PRODUCT-ID-002","TD-FUEL-PRODUCT-ID","TD-BASE-SITE","REQUIRED","","","SL1","","Generated provisional semantics; human domain review required","PROVISIONAL_AUTO_REVIEW_REQUIRED","DENY","0.5-draft"
"EDGE-TD-FUEL-PRODUCT-ID-003","TD-FUEL-PRODUCT-ID","TD-BASE-INVENTORY","REQUIRED","","","SL1","","Generated provisional semantics; human domain review required","PROVISIONAL_AUTO_REVIEW_REQUIRED","DENY","0.5-draft"
"EDGE-TD-FUEL-BATCH-ACCEPT-001","TD-FUEL-BATCH-ACCEPT","TD-BASE-SAFETY","REQUIRED","","","SL1","","Generated provisional semantics; human domain review required","PROVISIONAL_AUTO_REVIEW_REQUIRED","DENY","0.5-draft"
"EDGE-TD-FUEL-BATCH-ACCEPT-002","TD-FUEL-BATCH-ACCEPT","TD-BASE-SITE","REQUIRED","","","SL1","","Generated provisional semantics; human domain review required","PROVISIONAL_AUTO_REVIEW_REQUIRED","DENY","0.5-draft"
"EDGE-TD-FUEL-BATCH-ACCEPT-003","TD-FUEL-BATCH-ACCEPT","TD-BASE-INVENTORY","REQUIRED","","","SL1","","Generated provisional semantics; human domain review required","PROVISIONAL_AUTO_REVIEW_REQUIRED","DENY","0.5-draft"
"EDGE-TD-FUEL-ROTATION-001","TD-FUEL-ROTATION","TD-BASE-SAFETY","REQUIRED","","","SL1","","Generated provisional semantics; human domain review required","PROVISIONAL_AUTO_REVIEW_REQUIRED","DENY","0.5-draft"
"EDGE-TD-FUEL-ROTATION-002","TD-FUEL-ROTATION","TD-BASE-SITE","REQUIRED","","","SL1","","Generated provisional semantics; human domain review required","PROVISIONAL_AUTO_REVIEW_REQUIRED","DENY","0.5-draft"
"EDGE-TD-FUEL-ROTATION-003","TD-FUEL-ROTATION","TD-BASE-INVENTORY","REQUIRED","","","SL1","","Generated provisional semantics; human domain review required","PROVISIONAL_AUTO_REVIEW_REQUIRED","DENY","0.5-draft"
"EDGE-TD-FUEL-SPILL-001","TD-FUEL-SPILL","TD-BASE-SAFETY","REQUIRED","","","SL1","","Generated provisional semantics; human domain review required","PROVISIONAL_AUTO_REVIEW_REQUIRED","DENY","0.5-draft"
"EDGE-TD-FUEL-SPILL-002","TD-FUEL-SPILL","TD-BASE-SITE","REQUIRED","","","SL1","","Generated provisional semantics; human domain review required","PROVISIONAL_AUTO_REVIEW_REQUIRED","DENY","0.5-draft"
"EDGE-TD-FUEL-SPILL-003","TD-FUEL-SPILL","TD-BASE-INVENTORY","REQUIRED","","","SL1","","Generated provisional semantics; human domain review required","PROVISIONAL_AUTO_REVIEW_REQUIRED","DENY","0.5-draft"
"EDGE-TD-FUEL-EXHAUST-001","TD-FUEL-EXHAUST","TD-BASE-SAFETY","REQUIRED","","","SL1","","Generated provisional semantics; human domain review required","PROVISIONAL_AUTO_REVIEW_REQUIRED","DENY","0.5-draft"
"EDGE-TD-FUEL-EXHAUST-002","TD-FUEL-EXHAUST","TD-BASE-SITE","REQUIRED","","","SL1","","Generated provisional semantics; human domain review required","PROVISIONAL_AUTO_REVIEW_REQUIRED","DENY","0.5-draft"
"EDGE-TD-FUEL-EXHAUST-003","TD-FUEL-EXHAUST","TD-BASE-INVENTORY","REQUIRED","","","SL1","","Generated provisional semantics; human domain review required","PROVISIONAL_AUTO_REVIEW_REQUIRED","DENY","0.5-draft"
"EDGE-TD-FUEL-ASH-001","TD-FUEL-ASH","TD-BASE-SAFETY","REQUIRED","","","SL1","","Generated provisional semantics; human domain review required","PROVISIONAL_AUTO_REVIEW_REQUIRED","DENY","0.5-draft"
"EDGE-TD-FUEL-ASH-002","TD-FUEL-ASH","TD-BASE-SITE","REQUIRED","","","SL1","","Generated provisional semantics; human domain review required","PROVISIONAL_AUTO_REVIEW_REQUIRED","DENY","0.5-draft"
"EDGE-TD-FUEL-ASH-003","TD-FUEL-ASH","TD-BASE-INVENTORY","REQUIRED","","","SL1","","Generated provisional semantics; human domain review required","PROVISIONAL_AUTO_REVIEW_REQUIRED","DENY","0.5-draft"
"EDGE-TD-FUEL-CONSUMPTION-001","TD-FUEL-CONSUMPTION","TD-BASE-SAFETY","REQUIRED","","","SL1","","Generated provisional semantics; human domain review required","PROVISIONAL_AUTO_REVIEW_REQUIRED","DENY","0.5-draft"
"EDGE-TD-FUEL-CONSUMPTION-002","TD-FUEL-CONSUMPTION","TD-BASE-SITE","REQUIRED","","","SL1","","Generated provisional semantics; human domain review required","PROVISIONAL_AUTO_REVIEW_REQUIRED","DENY","0.5-draft"
"EDGE-TD-FUEL-CONSUMPTION-003","TD-FUEL-CONSUMPTION","TD-BASE-INVENTORY","REQUIRED","","","SL1","","Generated provisional semantics; human domain review required","PROVISIONAL_AUTO_REVIEW_REQUIRED","DENY","0.5-draft"
"EDGE-TD-FUEL-ALTERNATIVE-001","TD-FUEL-ALTERNATIVE","TD-BASE-SAFETY","REQUIRED","","","SL1","","Generated provisional semantics; human domain review required","PROVISIONAL_AUTO_REVIEW_REQUIRED","DENY","0.5-draft"
"EDGE-TD-FUEL-ALTERNATIVE-002","TD-FUEL-ALTERNATIVE","TD-BASE-SITE","REQUIRED","","","SL1","","Generated provisional semantics; human domain review required","PROVISIONAL_AUTO_REVIEW_REQUIRED","DENY","0.5-draft"
"EDGE-TD-FUEL-ALTERNATIVE-003","TD-FUEL-ALTERNATIVE","TD-BASE-INVENTORY","REQUIRED","","","SL1","","Generated provisional semantics; human domain review required","PROVISIONAL_AUTO_REVIEW_REQUIRED","DENY","0.5-draft"
"EDGE-TD-FUEL-WOODLOT-001","TD-FUEL-WOODLOT","TD-BASE-SAFETY","REQUIRED","","","SL1","","Generated provisional semantics; human domain review required","PROVISIONAL_AUTO_REVIEW_REQUIRED","DENY","0.5-draft"
"EDGE-TD-FUEL-WOODLOT-002","TD-FUEL-WOODLOT","TD-BASE-SITE","REQUIRED","","","SL1","","Generated provisional semantics; human domain review required","PROVISIONAL_AUTO_REVIEW_REQUIRED","DENY","0.5-draft"
"EDGE-TD-FUEL-WOODLOT-003","TD-FUEL-WOODLOT","TD-BASE-INVENTORY","REQUIRED","","","SL1","","Generated provisional semantics; human domain review required","PROVISIONAL_AUTO_REVIEW_REQUIRED","DENY","0.5-draft"
"EDGE-TD-FUEL-WOOD-DRY-001","TD-FUEL-WOOD-DRY","TD-BASE-SAFETY","REQUIRED","","","SL1","","Generated provisional semantics; human domain review required","PROVISIONAL_AUTO_REVIEW_REQUIRED","DENY","0.5-draft"
"EDGE-TD-FUEL-WOOD-DRY-002","TD-FUEL-WOOD-DRY","TD-BASE-SITE","REQUIRED","","","SL1","","Generated provisional semantics; human domain review required","PROVISIONAL_AUTO_REVIEW_REQUIRED","DENY","0.5-draft"
"EDGE-TD-FUEL-WOOD-DRY-003","TD-FUEL-WOOD-DRY","TD-BASE-INVENTORY","REQUIRED","","","SL1","","Generated provisional semantics; human domain review required","PROVISIONAL_AUTO_REVIEW_REQUIRED","DENY","0.5-draft"
"EDGE-TD-COMMS-CONTACTS-PAPER-001","TD-COMMS-CONTACTS-PAPER","TD-BASE-SAFETY","REQUIRED","","","SL1","","Generated provisional semantics; human domain review required","PROVISIONAL_AUTO_REVIEW_REQUIRED","DENY","0.5-draft"
"EDGE-TD-COMMS-CONTACTS-PAPER-002","TD-COMMS-CONTACTS-PAPER","TD-BASE-SITE","REQUIRED","","","SL1","","Generated provisional semantics; human domain review required","PROVISIONAL_AUTO_REVIEW_REQUIRED","DENY","0.5-draft"
"EDGE-TD-COMMS-CONTACTS-PAPER-003","TD-COMMS-CONTACTS-PAPER","TD-BASE-INVENTORY","REQUIRED","","","SL1","","Generated provisional semantics; human domain review required","PROVISIONAL_AUTO_REVIEW_REQUIRED","DENY","0.5-draft"
"EDGE-TD-COMMS-WARNINGS-001","TD-COMMS-WARNINGS","TD-BASE-SAFETY","REQUIRED","","","SL1","","Generated provisional semantics; human domain review required","PROVISIONAL_AUTO_REVIEW_REQUIRED","DENY","0.5-draft"
"EDGE-TD-COMMS-WARNINGS-002","TD-COMMS-WARNINGS","TD-BASE-SITE","REQUIRED","","","SL1","","Generated provisional semantics; human domain review required","PROVISIONAL_AUTO_REVIEW_REQUIRED","DENY","0.5-draft"
"EDGE-TD-COMMS-WARNINGS-003","TD-COMMS-WARNINGS","TD-BASE-INVENTORY","REQUIRED","","","SL1","","Generated provisional semantics; human domain review required","PROVISIONAL_AUTO_REVIEW_REQUIRED","DENY","0.5-draft"
"EDGE-TD-COMMS-CHECKIN-001","TD-COMMS-CHECKIN","TD-BASE-SAFETY","REQUIRED","","","SL1","","Generated provisional semantics; human domain review required","PROVISIONAL_AUTO_REVIEW_REQUIRED","DENY","0.5-draft"
"EDGE-TD-COMMS-CHECKIN-002","TD-COMMS-CHECKIN","TD-BASE-SITE","REQUIRED","","","SL1","","Generated provisional semantics; human domain review required","PROVISIONAL_AUTO_REVIEW_REQUIRED","DENY","0.5-draft"
"EDGE-TD-COMMS-CHECKIN-003","TD-COMMS-CHECKIN","TD-BASE-INVENTORY","REQUIRED","","","SL1","","Generated provisional semantics; human domain review required","PROVISIONAL_AUTO_REVIEW_REQUIRED","DENY","0.5-draft"
"EDGE-TD-COMMS-MISSED-001","TD-COMMS-MISSED","TD-BASE-SAFETY","REQUIRED","","","SL1","","Generated provisional semantics; human domain review required","PROVISIONAL_AUTO_REVIEW_REQUIRED","DENY","0.5-draft"
"EDGE-TD-COMMS-MISSED-002","TD-COMMS-MISSED","TD-BASE-SITE","REQUIRED","","","SL1","","Generated provisional semantics; human domain review required","PROVISIONAL_AUTO_REVIEW_REQUIRED","DENY","0.5-draft"
"EDGE-TD-COMMS-MISSED-003","TD-COMMS-MISSED","TD-BASE-INVENTORY","REQUIRED","","","SL1","","Generated provisional semantics; human domain review required","PROVISIONAL_AUTO_REVIEW_REQUIRED","DENY","0.5-draft"
"EDGE-TD-COMMS-ACCOUNTABILITY-001","TD-COMMS-ACCOUNTABILITY","TD-BASE-SAFETY","REQUIRED","","","SL1","","Generated provisional semantics; human domain review required","PROVISIONAL_AUTO_REVIEW_REQUIRED","DENY","0.5-draft"
"EDGE-TD-COMMS-ACCOUNTABILITY-002","TD-COMMS-ACCOUNTABILITY","TD-BASE-SITE","REQUIRED","","","SL1","","Generated provisional semantics; human domain review required","PROVISIONAL_AUTO_REVIEW_REQUIRED","DENY","0.5-draft"
"EDGE-TD-COMMS-ACCOUNTABILITY-003","TD-COMMS-ACCOUNTABILITY","TD-BASE-INVENTORY","REQUIRED","","","SL1","","Generated provisional semantics; human domain review required","PROVISIONAL_AUTO_REVIEW_REQUIRED","DENY","0.5-draft"
"EDGE-TD-COMMS-REUNION-001","TD-COMMS-REUNION","TD-BASE-SAFETY","REQUIRED","","","SL1","","Generated provisional semantics; human domain review required","PROVISIONAL_AUTO_REVIEW_REQUIRED","DENY","0.5-draft"
"EDGE-TD-COMMS-REUNION-002","TD-COMMS-REUNION","TD-BASE-SITE","REQUIRED","","","SL1","","Generated provisional semantics; human domain review required","PROVISIONAL_AUTO_REVIEW_REQUIRED","DENY","0.5-draft"
"EDGE-TD-COMMS-REUNION-003","TD-COMMS-REUNION","TD-BASE-INVENTORY","REQUIRED","","","SL1","","Generated provisional semantics; human domain review required","PROVISIONAL_AUTO_REVIEW_REQUIRED","DENY","0.5-draft"
"EDGE-TD-COMMS-LOCAL-SIGNAL-001","TD-COMMS-LOCAL-SIGNAL","TD-BASE-SAFETY","REQUIRED","","","SL1","","Generated provisional semantics; human domain review required","PROVISIONAL_AUTO_REVIEW_REQUIRED","DENY","0.5-draft"
"EDGE-TD-COMMS-LOCAL-SIGNAL-002","TD-COMMS-LOCAL-SIGNAL","TD-BASE-SITE","REQUIRED","","","SL1","","Generated provisional semantics; human domain review required","PROVISIONAL_AUTO_REVIEW_REQUIRED","DENY","0.5-draft"
"EDGE-TD-COMMS-LOCAL-SIGNAL-003","TD-COMMS-LOCAL-SIGNAL","TD-BASE-INVENTORY","REQUIRED","","","SL1","","Generated provisional semantics; human domain review required","PROVISIONAL_AUTO_REVIEW_REQUIRED","DENY","0.5-draft"
"EDGE-TD-COMMS-MESSAGE-001","TD-COMMS-MESSAGE","TD-BASE-SAFETY","REQUIRED","","","SL1","","Generated provisional semantics; human domain review required","PROVISIONAL_AUTO_REVIEW_REQUIRED","DENY","0.5-draft"
"EDGE-TD-COMMS-MESSAGE-002","TD-COMMS-MESSAGE","TD-BASE-SITE","REQUIRED","","","SL1","","Generated provisional semantics; human domain review required","PROVISIONAL_AUTO_REVIEW_REQUIRED","DENY","0.5-draft"
"EDGE-TD-COMMS-MESSAGE-003","TD-COMMS-MESSAGE","TD-BASE-INVENTORY","REQUIRED","","","SL1","","Generated provisional semantics; human domain review required","PROVISIONAL_AUTO_REVIEW_REQUIRED","DENY","0.5-draft"
"EDGE-TD-COMMS-LOG-001","TD-COMMS-LOG","TD-BASE-SAFETY","REQUIRED","","","SL1","","Generated provisional semantics; human domain review required","PROVISIONAL_AUTO_REVIEW_REQUIRED","DENY","0.5-draft"
"EDGE-TD-COMMS-LOG-002","TD-COMMS-LOG","TD-BASE-SITE","REQUIRED","","","SL1","","Generated provisional semantics; human domain review required","PROVISIONAL_AUTO_REVIEW_REQUIRED","DENY","0.5-draft"
"EDGE-TD-COMMS-LOG-003","TD-COMMS-LOG","TD-BASE-INVENTORY","REQUIRED","","","SL1","","Generated provisional semantics; human domain review required","PROVISIONAL_AUTO_REVIEW_REQUIRED","DENY","0.5-draft"
"EDGE-TD-COMMS-BUILDING-MAP-001","TD-COMMS-BUILDING-MAP","TD-BASE-SAFETY","REQUIRED","","","SL1","","Generated provisional semantics; human domain review required","PROVISIONAL_AUTO_REVIEW_REQUIRED","DENY","0.5-draft"
"EDGE-TD-COMMS-BUILDING-MAP-002","TD-COMMS-BUILDING-MAP","TD-BASE-SITE","REQUIRED","","","SL1","","Generated provisional semantics; human domain review required","PROVISIONAL_AUTO_REVIEW_REQUIRED","DENY","0.5-draft"
"EDGE-TD-COMMS-BUILDING-MAP-003","TD-COMMS-BUILDING-MAP","TD-BASE-INVENTORY","REQUIRED","","","SL1","","Generated provisional semantics; human domain review required","PROVISIONAL_AUTO_REVIEW_REQUIRED","DENY","0.5-draft"
"EDGE-TD-COMMS-LOCAL-MAP-001","TD-COMMS-LOCAL-MAP","TD-BASE-SAFETY","REQUIRED","","","SL1","","Generated provisional semantics; human domain review required","PROVISIONAL_AUTO_REVIEW_REQUIRED","DENY","0.5-draft"
"EDGE-TD-COMMS-LOCAL-MAP-002","TD-COMMS-LOCAL-MAP","TD-BASE-SITE","REQUIRED","","","SL1","","Generated provisional semantics; human domain review required","PROVISIONAL_AUTO_REVIEW_REQUIRED","DENY","0.5-draft"
"EDGE-TD-COMMS-LOCAL-MAP-003","TD-COMMS-LOCAL-MAP","TD-BASE-INVENTORY","REQUIRED","","","SL1","","Generated provisional semantics; human domain review required","PROVISIONAL_AUTO_REVIEW_REQUIRED","DENY","0.5-draft"
"EDGE-TD-COMMS-SERVICE-POINTS-001","TD-COMMS-SERVICE-POINTS","TD-BASE-SAFETY","REQUIRED","","","SL1","","Generated provisional semantics; human domain review required","PROVISIONAL_AUTO_REVIEW_REQUIRED","DENY","0.5-draft"
"EDGE-TD-COMMS-SERVICE-POINTS-002","TD-COMMS-SERVICE-POINTS","TD-BASE-SITE","REQUIRED","","","SL1","","Generated provisional semantics; human domain review required","PROVISIONAL_AUTO_REVIEW_REQUIRED","DENY","0.5-draft"
"EDGE-TD-COMMS-SERVICE-POINTS-003","TD-COMMS-SERVICE-POINTS","TD-BASE-INVENTORY","REQUIRED","","","SL1","","Generated provisional semantics; human domain review required","PROVISIONAL_AUTO_REVIEW_REQUIRED","DENY","0.5-draft"
"EDGE-TD-COMMS-HAZARD-MAP-001","TD-COMMS-HAZARD-MAP","TD-BASE-SAFETY","REQUIRED","","","SL1","","Generated provisional semantics; human domain review required","PROVISIONAL_AUTO_REVIEW_REQUIRED","DENY","0.5-draft"
"EDGE-TD-COMMS-HAZARD-MAP-002","TD-COMMS-HAZARD-MAP","TD-BASE-SITE","REQUIRED","","","SL1","","Generated provisional semantics; human domain review required","PROVISIONAL_AUTO_REVIEW_REQUIRED","DENY","0.5-draft"
"EDGE-TD-COMMS-HAZARD-MAP-003","TD-COMMS-HAZARD-MAP","TD-BASE-INVENTORY","REQUIRED","","","SL1","","Generated provisional semantics; human domain review required","PROVISIONAL_AUTO_REVIEW_REQUIRED","DENY","0.5-draft"
"EDGE-TD-COMMS-R1-R3-001","TD-COMMS-R1-R3","TD-BASE-SAFETY","REQUIRED","","","SL1","","Generated provisional semantics; human domain review required","PROVISIONAL_AUTO_REVIEW_REQUIRED","DENY","0.5-draft"
"EDGE-TD-COMMS-R1-R3-002","TD-COMMS-R1-R3","TD-BASE-SITE","REQUIRED","","","SL1","","Generated provisional semantics; human domain review required","PROVISIONAL_AUTO_REVIEW_REQUIRED","DENY","0.5-draft"
"EDGE-TD-COMMS-R1-R3-003","TD-COMMS-R1-R3","TD-BASE-INVENTORY","REQUIRED","","","SL1","","Generated provisional semantics; human domain review required","PROVISIONAL_AUTO_REVIEW_REQUIRED","DENY","0.5-draft"
"EDGE-TD-COMMS-SLOWEST-001","TD-COMMS-SLOWEST","TD-BASE-SAFETY","REQUIRED","","","SL1","","Generated provisional semantics; human domain review required","PROVISIONAL_AUTO_REVIEW_REQUIRED","DENY","0.5-draft"
"EDGE-TD-COMMS-SLOWEST-002","TD-COMMS-SLOWEST","TD-BASE-SITE","REQUIRED","","","SL1","","Generated provisional semantics; human domain review required","PROVISIONAL_AUTO_REVIEW_REQUIRED","DENY","0.5-draft"
"EDGE-TD-COMMS-SLOWEST-003","TD-COMMS-SLOWEST","TD-BASE-INVENTORY","REQUIRED","","","SL1","","Generated provisional semantics; human domain review required","PROVISIONAL_AUTO_REVIEW_REQUIRED","DENY","0.5-draft"
"EDGE-TD-COMMS-PRIVACY-001","TD-COMMS-PRIVACY","TD-BASE-SAFETY","REQUIRED","","","SL1","","Generated provisional semantics; human domain review required","PROVISIONAL_AUTO_REVIEW_REQUIRED","DENY","0.5-draft"
"EDGE-TD-COMMS-PRIVACY-002","TD-COMMS-PRIVACY","TD-BASE-SITE","REQUIRED","","","SL1","","Generated provisional semantics; human domain review required","PROVISIONAL_AUTO_REVIEW_REQUIRED","DENY","0.5-draft"
"EDGE-TD-COMMS-PRIVACY-003","TD-COMMS-PRIVACY","TD-BASE-INVENTORY","REQUIRED","","","SL1","","Generated provisional semantics; human domain review required","PROVISIONAL_AUTO_REVIEW_REQUIRED","DENY","0.5-draft"
"EDGE-TD-TRANSPORT-WALK-001","TD-TRANSPORT-WALK","TD-BASE-SAFETY","REQUIRED","","","SL1","","Generated provisional semantics; human domain review required","PROVISIONAL_AUTO_REVIEW_REQUIRED","DENY","0.5-draft"
"EDGE-TD-TRANSPORT-WALK-002","TD-TRANSPORT-WALK","TD-BASE-SITE","REQUIRED","","","SL1","","Generated provisional semantics; human domain review required","PROVISIONAL_AUTO_REVIEW_REQUIRED","DENY","0.5-draft"
"EDGE-TD-TRANSPORT-WALK-003","TD-TRANSPORT-WALK","TD-BASE-INVENTORY","REQUIRED","","","SL1","","Generated provisional semantics; human domain review required","PROVISIONAL_AUTO_REVIEW_REQUIRED","DENY","0.5-draft"
"EDGE-TD-TRANSPORT-CARRY-001","TD-TRANSPORT-CARRY","TD-BASE-SAFETY","REQUIRED","","","SL1","","Generated provisional semantics; human domain review required","PROVISIONAL_AUTO_REVIEW_REQUIRED","DENY","0.5-draft"
"EDGE-TD-TRANSPORT-CARRY-002","TD-TRANSPORT-CARRY","TD-BASE-SITE","REQUIRED","","","SL1","","Generated provisional semantics; human domain review required","PROVISIONAL_AUTO_REVIEW_REQUIRED","DENY","0.5-draft"
"EDGE-TD-TRANSPORT-CARRY-003","TD-TRANSPORT-CARRY","TD-BASE-INVENTORY","REQUIRED","","","SL1","","Generated provisional semantics; human domain review required","PROVISIONAL_AUTO_REVIEW_REQUIRED","DENY","0.5-draft"
"EDGE-TD-TRANSPORT-CART-001","TD-TRANSPORT-CART","TD-BASE-SAFETY","REQUIRED","","","SL1","","Generated provisional semantics; human domain review required","PROVISIONAL_AUTO_REVIEW_REQUIRED","DENY","0.5-draft"
"EDGE-TD-TRANSPORT-CART-002","TD-TRANSPORT-CART","TD-BASE-SITE","REQUIRED","","","SL1","","Generated provisional semantics; human domain review required","PROVISIONAL_AUTO_REVIEW_REQUIRED","DENY","0.5-draft"
"EDGE-TD-TRANSPORT-CART-003","TD-TRANSPORT-CART","TD-BASE-INVENTORY","REQUIRED","","","SL1","","Generated provisional semantics; human domain review required","PROVISIONAL_AUTO_REVIEW_REQUIRED","DENY","0.5-draft"
"EDGE-TD-TRANSPORT-BICYCLE-001","TD-TRANSPORT-BICYCLE","TD-BASE-SAFETY","REQUIRED","","","SL1","","Generated provisional semantics; human domain review required","PROVISIONAL_AUTO_REVIEW_REQUIRED","DENY","0.5-draft"
"EDGE-TD-TRANSPORT-BICYCLE-002","TD-TRANSPORT-BICYCLE","TD-BASE-SITE","REQUIRED","","","SL1","","Generated provisional semantics; human domain review required","PROVISIONAL_AUTO_REVIEW_REQUIRED","DENY","0.5-draft"
"EDGE-TD-TRANSPORT-BICYCLE-003","TD-TRANSPORT-BICYCLE","TD-BASE-INVENTORY","REQUIRED","","","SL1","","Generated provisional semantics; human domain review required","PROVISIONAL_AUTO_REVIEW_REQUIRED","DENY","0.5-draft"
"EDGE-TD-TRANSPORT-VEHICLE-001","TD-TRANSPORT-VEHICLE","TD-BASE-SAFETY","REQUIRED","","","SL1","","Generated provisional semantics; human domain review required","PROVISIONAL_AUTO_REVIEW_REQUIRED","DENY","0.5-draft"
"EDGE-TD-TRANSPORT-VEHICLE-002","TD-TRANSPORT-VEHICLE","TD-BASE-SITE","REQUIRED","","","SL1","","Generated provisional semantics; human domain review required","PROVISIONAL_AUTO_REVIEW_REQUIRED","DENY","0.5-draft"
"EDGE-TD-TRANSPORT-VEHICLE-003","TD-TRANSPORT-VEHICLE","TD-BASE-INVENTORY","REQUIRED","","","SL1","","Generated provisional semantics; human domain review required","PROVISIONAL_AUTO_REVIEW_REQUIRED","DENY","0.5-draft"
"EDGE-TD-TRANSPORT-DRIVER-001","TD-TRANSPORT-DRIVER","TD-BASE-SAFETY","REQUIRED","","","SL1","","Generated provisional semantics; human domain review required","PROVISIONAL_AUTO_REVIEW_REQUIRED","DENY","0.5-draft"
"EDGE-TD-TRANSPORT-DRIVER-002","TD-TRANSPORT-DRIVER","TD-BASE-SITE","REQUIRED","","","SL1","","Generated provisional semantics; human domain review required","PROVISIONAL_AUTO_REVIEW_REQUIRED","DENY","0.5-draft"
"EDGE-TD-TRANSPORT-DRIVER-003","TD-TRANSPORT-DRIVER","TD-BASE-INVENTORY","REQUIRED","","","SL1","","Generated provisional semantics; human domain review required","PROVISIONAL_AUTO_REVIEW_REQUIRED","DENY","0.5-draft"
"EDGE-TD-TRANSPORT-RESTRAINT-001","TD-TRANSPORT-RESTRAINT","TD-BASE-SAFETY","REQUIRED","","","SL1","","Generated provisional semantics; human domain review required","PROVISIONAL_AUTO_REVIEW_REQUIRED","DENY","0.5-draft"
"EDGE-TD-TRANSPORT-RESTRAINT-002","TD-TRANSPORT-RESTRAINT","TD-BASE-SITE","REQUIRED","","","SL1","","Generated provisional semantics; human domain review required","PROVISIONAL_AUTO_REVIEW_REQUIRED","DENY","0.5-draft"
"EDGE-TD-TRANSPORT-RESTRAINT-003","TD-TRANSPORT-RESTRAINT","TD-BASE-INVENTORY","REQUIRED","","","SL1","","Generated provisional semantics; human domain review required","PROVISIONAL_AUTO_REVIEW_REQUIRED","DENY","0.5-draft"
"EDGE-TD-TRANSPORT-RANGE-001","TD-TRANSPORT-RANGE","TD-BASE-SAFETY","REQUIRED","","","SL1","","Generated provisional semantics; human domain review required","PROVISIONAL_AUTO_REVIEW_REQUIRED","DENY","0.5-draft"
"EDGE-TD-TRANSPORT-RANGE-002","TD-TRANSPORT-RANGE","TD-BASE-SITE","REQUIRED","","","SL1","","Generated provisional semantics; human domain review required","PROVISIONAL_AUTO_REVIEW_REQUIRED","DENY","0.5-draft"
"EDGE-TD-TRANSPORT-RANGE-003","TD-TRANSPORT-RANGE","TD-BASE-INVENTORY","REQUIRED","","","SL1","","Generated provisional semantics; human domain review required","PROVISIONAL_AUTO_REVIEW_REQUIRED","DENY","0.5-draft"
"EDGE-TD-TRANSPORT-PAYLOAD-001","TD-TRANSPORT-PAYLOAD","TD-BASE-SAFETY","REQUIRED","","","SL1","","Generated provisional semantics; human domain review required","PROVISIONAL_AUTO_REVIEW_REQUIRED","DENY","0.5-draft"
"EDGE-TD-TRANSPORT-PAYLOAD-002","TD-TRANSPORT-PAYLOAD","TD-BASE-SITE","REQUIRED","","","SL1","","Generated provisional semantics; human domain review required","PROVISIONAL_AUTO_REVIEW_REQUIRED","DENY","0.5-draft"
"EDGE-TD-TRANSPORT-PAYLOAD-003","TD-TRANSPORT-PAYLOAD","TD-BASE-INVENTORY","REQUIRED","","","SL1","","Generated provisional semantics; human domain review required","PROVISIONAL_AUTO_REVIEW_REQUIRED","DENY","0.5-draft"
"EDGE-TD-TRANSPORT-TIRES-001","TD-TRANSPORT-TIRES","TD-BASE-SAFETY","REQUIRED","","","SL1","","Generated provisional semantics; human domain review required","PROVISIONAL_AUTO_REVIEW_REQUIRED","DENY","0.5-draft"
"EDGE-TD-TRANSPORT-TIRES-002","TD-TRANSPORT-TIRES","TD-BASE-SITE","REQUIRED","","","SL1","","Generated provisional semantics; human domain review required","PROVISIONAL_AUTO_REVIEW_REQUIRED","DENY","0.5-draft"
"EDGE-TD-TRANSPORT-TIRES-003","TD-TRANSPORT-TIRES","TD-BASE-INVENTORY","REQUIRED","","","SL1","","Generated provisional semantics; human domain review required","PROVISIONAL_AUTO_REVIEW_REQUIRED","DENY","0.5-draft"
"EDGE-TD-TRANSPORT-BRAKES-001","TD-TRANSPORT-BRAKES","TD-BASE-SAFETY","REQUIRED","","","SL1","","Generated provisional semantics; human domain review required","PROVISIONAL_AUTO_REVIEW_REQUIRED","DENY","0.5-draft"
"EDGE-TD-TRANSPORT-BRAKES-002","TD-TRANSPORT-BRAKES","TD-BASE-SITE","REQUIRED","","","SL1","","Generated provisional semantics; human domain review required","PROVISIONAL_AUTO_REVIEW_REQUIRED","DENY","0.5-draft"
"EDGE-TD-TRANSPORT-BRAKES-003","TD-TRANSPORT-BRAKES","TD-BASE-INVENTORY","REQUIRED","","","SL1","","Generated provisional semantics; human domain review required","PROVISIONAL_AUTO_REVIEW_REQUIRED","DENY","0.5-draft"
"EDGE-TD-TRANSPORT-STEERING-001","TD-TRANSPORT-STEERING","TD-BASE-SAFETY","REQUIRED","","","SL1","","Generated provisional semantics; human domain review required","PROVISIONAL_AUTO_REVIEW_REQUIRED","DENY","0.5-draft"
"EDGE-TD-TRANSPORT-STEERING-002","TD-TRANSPORT-STEERING","TD-BASE-SITE","REQUIRED","","","SL1","","Generated provisional semantics; human domain review required","PROVISIONAL_AUTO_REVIEW_REQUIRED","DENY","0.5-draft"
"EDGE-TD-TRANSPORT-STEERING-003","TD-TRANSPORT-STEERING","TD-BASE-INVENTORY","REQUIRED","","","SL1","","Generated provisional semantics; human domain review required","PROVISIONAL_AUTO_REVIEW_REQUIRED","DENY","0.5-draft"
"EDGE-TD-TRANSPORT-PUMP-001","TD-TRANSPORT-PUMP","TD-BASE-SAFETY","REQUIRED","","","SL1","","Generated provisional semantics; human domain review required","PROVISIONAL_AUTO_REVIEW_REQUIRED","DENY","0.5-draft"
"EDGE-TD-TRANSPORT-PUMP-002","TD-TRANSPORT-PUMP","TD-BASE-SITE","REQUIRED","","","SL1","","Generated provisional semantics; human domain review required","PROVISIONAL_AUTO_REVIEW_REQUIRED","DENY","0.5-draft"
"EDGE-TD-TRANSPORT-PUMP-003","TD-TRANSPORT-PUMP","TD-BASE-INVENTORY","REQUIRED","","","SL1","","Generated provisional semantics; human domain review required","PROVISIONAL_AUTO_REVIEW_REQUIRED","DENY","0.5-draft"
"EDGE-TD-TRANSPORT-JACK-001","TD-TRANSPORT-JACK","TD-BASE-SAFETY","REQUIRED","","","SL1","","Generated provisional semantics; human domain review required","PROVISIONAL_AUTO_REVIEW_REQUIRED","DENY","0.5-draft"
"EDGE-TD-TRANSPORT-JACK-002","TD-TRANSPORT-JACK","TD-BASE-SITE","REQUIRED","","","SL1","","Generated provisional semantics; human domain review required","PROVISIONAL_AUTO_REVIEW_REQUIRED","DENY","0.5-draft"
"EDGE-TD-TRANSPORT-JACK-003","TD-TRANSPORT-JACK","TD-BASE-INVENTORY","REQUIRED","","","SL1","","Generated provisional semantics; human domain review required","PROVISIONAL_AUTO_REVIEW_REQUIRED","DENY","0.5-draft"
"EDGE-TD-TRANSPORT-TOW-001","TD-TRANSPORT-TOW","TD-BASE-SAFETY","REQUIRED","","","SL1","","Generated provisional semantics; human domain review required","PROVISIONAL_AUTO_REVIEW_REQUIRED","DENY","0.5-draft"
"EDGE-TD-TRANSPORT-TOW-002","TD-TRANSPORT-TOW","TD-BASE-SITE","REQUIRED","","","SL1","","Generated provisional semantics; human domain review required","PROVISIONAL_AUTO_REVIEW_REQUIRED","DENY","0.5-draft"
"EDGE-TD-TRANSPORT-TOW-003","TD-TRANSPORT-TOW","TD-BASE-INVENTORY","REQUIRED","","","SL1","","Generated provisional semantics; human domain review required","PROVISIONAL_AUTO_REVIEW_REQUIRED","DENY","0.5-draft"
"EDGE-TD-TRANSPORT-REPAIR-001","TD-TRANSPORT-REPAIR","TD-BASE-SAFETY","REQUIRED","","","SL1","","Generated provisional semantics; human domain review required","PROVISIONAL_AUTO_REVIEW_REQUIRED","DENY","0.5-draft"
"EDGE-TD-TRANSPORT-REPAIR-002","TD-TRANSPORT-REPAIR","TD-BASE-SITE","REQUIRED","","","SL1","","Generated provisional semantics; human domain review required","PROVISIONAL_AUTO_REVIEW_REQUIRED","DENY","0.5-draft"
"EDGE-TD-TRANSPORT-REPAIR-003","TD-TRANSPORT-REPAIR","TD-BASE-INVENTORY","REQUIRED","","","SL1","","Generated provisional semantics; human domain review required","PROVISIONAL_AUTO_REVIEW_REQUIRED","DENY","0.5-draft"
"EDGE-TD-TRANSPORT-SPARES-001","TD-TRANSPORT-SPARES","TD-BASE-SAFETY","REQUIRED","","","SL1","","Generated provisional semantics; human domain review required","PROVISIONAL_AUTO_REVIEW_REQUIRED","DENY","0.5-draft"
"EDGE-TD-TRANSPORT-SPARES-002","TD-TRANSPORT-SPARES","TD-BASE-SITE","REQUIRED","","","SL1","","Generated provisional semantics; human domain review required","PROVISIONAL_AUTO_REVIEW_REQUIRED","DENY","0.5-draft"
"EDGE-TD-TRANSPORT-SPARES-003","TD-TRANSPORT-SPARES","TD-BASE-INVENTORY","REQUIRED","","","SL1","","Generated provisional semantics; human domain review required","PROVISIONAL_AUTO_REVIEW_REQUIRED","DENY","0.5-draft"
"EDGE-TD-TRANSPORT-ROUTE-001","TD-TRANSPORT-ROUTE","TD-BASE-SAFETY","REQUIRED","","","SL1","","Generated provisional semantics; human domain review required","PROVISIONAL_AUTO_REVIEW_REQUIRED","DENY","0.5-draft"
"EDGE-TD-TRANSPORT-ROUTE-002","TD-TRANSPORT-ROUTE","TD-BASE-SITE","REQUIRED","","","SL1","","Generated provisional semantics; human domain review required","PROVISIONAL_AUTO_REVIEW_REQUIRED","DENY","0.5-draft"
"EDGE-TD-TRANSPORT-ROUTE-003","TD-TRANSPORT-ROUTE","TD-BASE-INVENTORY","REQUIRED","","","SL1","","Generated provisional semantics; human domain review required","PROVISIONAL_AUTO_REVIEW_REQUIRED","DENY","0.5-draft"
"EDGE-TD-TRANSPORT-ABANDON-001","TD-TRANSPORT-ABANDON","TD-BASE-SAFETY","REQUIRED","","","SL1","","Generated provisional semantics; human domain review required","PROVISIONAL_AUTO_REVIEW_REQUIRED","DENY","0.5-draft"
"EDGE-TD-TRANSPORT-ABANDON-002","TD-TRANSPORT-ABANDON","TD-BASE-SITE","REQUIRED","","","SL1","","Generated provisional semantics; human domain review required","PROVISIONAL_AUTO_REVIEW_REQUIRED","DENY","0.5-draft"
"EDGE-TD-TRANSPORT-ABANDON-003","TD-TRANSPORT-ABANDON","TD-BASE-INVENTORY","REQUIRED","","","SL1","","Generated provisional semantics; human domain review required","PROVISIONAL_AUTO_REVIEW_REQUIRED","DENY","0.5-draft"
"EDGE-TD-TRANSPORT-ANIMAL-001","TD-TRANSPORT-ANIMAL","TD-BASE-SAFETY","REQUIRED","","","SL1","","Generated provisional semantics; human domain review required","PROVISIONAL_AUTO_REVIEW_REQUIRED","DENY","0.5-draft"
"EDGE-TD-TRANSPORT-ANIMAL-002","TD-TRANSPORT-ANIMAL","TD-BASE-SITE","REQUIRED","","","SL1","","Generated provisional semantics; human domain review required","PROVISIONAL_AUTO_REVIEW_REQUIRED","DENY","0.5-draft"
"EDGE-TD-TRANSPORT-ANIMAL-003","TD-TRANSPORT-ANIMAL","TD-BASE-INVENTORY","REQUIRED","","","SL1","","Generated provisional semantics; human domain review required","PROVISIONAL_AUTO_REVIEW_REQUIRED","DENY","0.5-draft"
"EDGE-TD-TRANSPORT-BOAT-001","TD-TRANSPORT-BOAT","TD-BASE-SAFETY","REQUIRED","","","SL1","","Generated provisional semantics; human domain review required","PROVISIONAL_AUTO_REVIEW_REQUIRED","DENY","0.5-draft"
"EDGE-TD-TRANSPORT-BOAT-002","TD-TRANSPORT-BOAT","TD-BASE-SITE","REQUIRED","","","SL1","","Generated provisional semantics; human domain review required","PROVISIONAL_AUTO_REVIEW_REQUIRED","DENY","0.5-draft"
"EDGE-TD-TRANSPORT-BOAT-003","TD-TRANSPORT-BOAT","TD-BASE-INVENTORY","REQUIRED","","","SL1","","Generated provisional semantics; human domain review required","PROVISIONAL_AUTO_REVIEW_REQUIRED","DENY","0.5-draft"
"EDGE-TD-TRANSPORT-001","TD-TRANSPORT","TD-BASE","REQUIRED","","","SL3","","Generated provisional semantics; human domain review required","PROVISIONAL_AUTO_REVIEW_REQUIRED","DENY","0.5-draft"
"EDGE-TD-TRANSPORT-002","TD-TRANSPORT","TD-TRANSPORT-WALK","ALTERNATIVE","TRANSPORT_MODE","1","SL2","select_at_least_one_verified_path_for_applicable_service","Generated provisional semantics; human domain review required","PROVISIONAL_AUTO_REVIEW_REQUIRED","DENY","0.5-draft"
"EDGE-TD-TRANSPORT-003","TD-TRANSPORT","TD-TRANSPORT-CARRY","REQUIRED","","","SL2","","Generated provisional semantics; human domain review required","PROVISIONAL_AUTO_REVIEW_REQUIRED","DENY","0.5-draft"
"EDGE-TD-TRANSPORT-004","TD-TRANSPORT","TD-TRANSPORT-CART","ALTERNATIVE","TRANSPORT_MODE","1","SL2","select_at_least_one_verified_path_for_applicable_service","Generated provisional semantics; human domain review required","PROVISIONAL_AUTO_REVIEW_REQUIRED","DENY","0.5-draft"
"EDGE-TD-TRANSPORT-005","TD-TRANSPORT","TD-TRANSPORT-BICYCLE","ALTERNATIVE","TRANSPORT_MODE","1","SL2","select_at_least_one_verified_path_for_applicable_service","Generated provisional semantics; human domain review required","PROVISIONAL_AUTO_REVIEW_REQUIRED","DENY","0.5-draft"
"EDGE-TD-TRANSPORT-006","TD-TRANSPORT","TD-TRANSPORT-VEHICLE","ALTERNATIVE","TRANSPORT_MODE","1","SL2","select_at_least_one_verified_path_for_applicable_service","Generated provisional semantics; human domain review required","PROVISIONAL_AUTO_REVIEW_REQUIRED","DENY","0.5-draft"
"EDGE-TD-TRANSPORT-007","TD-TRANSPORT","TD-TRANSPORT-DRIVER","CONDITIONAL","","","SL2","applicable_profile_site_or_qualified_role_required","Generated provisional semantics; human domain review required","PROVISIONAL_AUTO_REVIEW_REQUIRED","DENY","0.5-draft"
"EDGE-TD-TRANSPORT-008","TD-TRANSPORT","TD-TRANSPORT-RESTRAINT","REQUIRED","","","SL2","","Generated provisional semantics; human domain review required","PROVISIONAL_AUTO_REVIEW_REQUIRED","DENY","0.5-draft"
"EDGE-TD-TRANSPORT-009","TD-TRANSPORT","TD-TRANSPORT-RANGE","REQUIRED","","","SL2","","Generated provisional semantics; human domain review required","PROVISIONAL_AUTO_REVIEW_REQUIRED","DENY","0.5-draft"
"EDGE-TD-TRANSPORT-010","TD-TRANSPORT","TD-TRANSPORT-PAYLOAD","REQUIRED","","","SL2","","Generated provisional semantics; human domain review required","PROVISIONAL_AUTO_REVIEW_REQUIRED","DENY","0.5-draft"
"EDGE-TD-TRANSPORT-011","TD-TRANSPORT","TD-TRANSPORT-TIRES","REQUIRED","","","SL2","","Generated provisional semantics; human domain review required","PROVISIONAL_AUTO_REVIEW_REQUIRED","DENY","0.5-draft"
"EDGE-TD-TRANSPORT-012","TD-TRANSPORT","TD-TRANSPORT-BRAKES","CONDITIONAL","","","SL2","applicable_profile_site_or_qualified_role_required","Generated provisional semantics; human domain review required","PROVISIONAL_AUTO_REVIEW_REQUIRED","DENY","0.5-draft"
"EDGE-TD-TRANSPORT-013","TD-TRANSPORT","TD-TRANSPORT-STEERING","CONDITIONAL","","","SL2","applicable_profile_site_or_qualified_role_required","Generated provisional semantics; human domain review required","PROVISIONAL_AUTO_REVIEW_REQUIRED","DENY","0.5-draft"
"EDGE-TD-TRANSPORT-014","TD-TRANSPORT","TD-TRANSPORT-PUMP","REQUIRED","","","SL2","","Generated provisional semantics; human domain review required","PROVISIONAL_AUTO_REVIEW_REQUIRED","DENY","0.5-draft"
"EDGE-TD-TRANSPORT-015","TD-TRANSPORT","TD-TRANSPORT-JACK","CONDITIONAL","","","SL2","applicable_profile_site_or_qualified_role_required","Generated provisional semantics; human domain review required","PROVISIONAL_AUTO_REVIEW_REQUIRED","DENY","0.5-draft"
"EDGE-TD-TRANSPORT-016","TD-TRANSPORT","TD-TRANSPORT-TOW","CONDITIONAL","","","SL2","applicable_profile_site_or_qualified_role_required","Generated provisional semantics; human domain review required","PROVISIONAL_AUTO_REVIEW_REQUIRED","DENY","0.5-draft"
"EDGE-TD-TRANSPORT-017","TD-TRANSPORT","TD-TRANSPORT-REPAIR","CONDITIONAL","","","SL2","applicable_profile_site_or_qualified_role_required","Generated provisional semantics; human domain review required","PROVISIONAL_AUTO_REVIEW_REQUIRED","DENY","0.5-draft"
"EDGE-TD-TRANSPORT-018","TD-TRANSPORT","TD-TRANSPORT-SPARES","REQUIRED","","","SL2","","Generated provisional semantics; human domain review required","PROVISIONAL_AUTO_REVIEW_REQUIRED","DENY","0.5-draft"
"EDGE-TD-TRANSPORT-019","TD-TRANSPORT","TD-TRANSPORT-ROUTE","REQUIRED","","","SL2","","Generated provisional semantics; human domain review required","PROVISIONAL_AUTO_REVIEW_REQUIRED","DENY","0.5-draft"
"EDGE-TD-TRANSPORT-020","TD-TRANSPORT","TD-TRANSPORT-ABANDON","REQUIRED","","","SL2","","Generated provisional semantics; human domain review required","PROVISIONAL_AUTO_REVIEW_REQUIRED","DENY","0.5-draft"
"EDGE-TD-TRANSPORT-021","TD-TRANSPORT","TD-TRANSPORT-ANIMAL","CONDITIONAL","","","SL2","applicable_profile_site_or_qualified_role_required","Generated provisional semantics; human domain review required","PROVISIONAL_AUTO_REVIEW_REQUIRED","DENY","0.5-draft"
"EDGE-TD-TRANSPORT-022","TD-TRANSPORT","TD-TRANSPORT-BOAT","HAZARD_ONLY","","","SL1","not_an_operational_prerequisite","Generated provisional semantics; human domain review required","PROVISIONAL_AUTO_REVIEW_REQUIRED","DENY","0.5-draft"
"EDGE-TD-SECURITY-SAFE-DIRECTION-001","TD-SECURITY-SAFE-DIRECTION","TD-BASE-SAFETY","REQUIRED","","","SL1","","Generated provisional semantics; human domain review required","PROVISIONAL_AUTO_REVIEW_REQUIRED","DENY","0.5-draft"
"EDGE-TD-SECURITY-SAFE-DIRECTION-002","TD-SECURITY-SAFE-DIRECTION","TD-BASE-SITE","REQUIRED","","","SL1","","Generated provisional semantics; human domain review required","PROVISIONAL_AUTO_REVIEW_REQUIRED","DENY","0.5-draft"
"EDGE-TD-SECURITY-SAFE-DIRECTION-003","TD-SECURITY-SAFE-DIRECTION","TD-BASE-INVENTORY","REQUIRED","","","SL1","","Generated provisional semantics; human domain review required","PROVISIONAL_AUTO_REVIEW_REQUIRED","DENY","0.5-draft"
"EDGE-TD-SECURITY-DEESCALATION-001","TD-SECURITY-DEESCALATION","TD-BASE-SAFETY","REQUIRED","","","SL1","","Generated provisional semantics; human domain review required","PROVISIONAL_AUTO_REVIEW_REQUIRED","DENY","0.5-draft"
"EDGE-TD-SECURITY-DEESCALATION-002","TD-SECURITY-DEESCALATION","TD-BASE-SITE","REQUIRED","","","SL1","","Generated provisional semantics; human domain review required","PROVISIONAL_AUTO_REVIEW_REQUIRED","DENY","0.5-draft"
"EDGE-TD-SECURITY-DEESCALATION-003","TD-SECURITY-DEESCALATION","TD-BASE-INVENTORY","REQUIRED","","","SL1","","Generated provisional semantics; human domain review required","PROVISIONAL_AUTO_REVIEW_REQUIRED","DENY","0.5-draft"
"EDGE-TD-SECURITY-ACCESS-001","TD-SECURITY-ACCESS","TD-BASE-SAFETY","REQUIRED","","","SL1","","Generated provisional semantics; human domain review required","PROVISIONAL_AUTO_REVIEW_REQUIRED","DENY","0.5-draft"
"EDGE-TD-SECURITY-ACCESS-002","TD-SECURITY-ACCESS","TD-BASE-SITE","REQUIRED","","","SL1","","Generated provisional semantics; human domain review required","PROVISIONAL_AUTO_REVIEW_REQUIRED","DENY","0.5-draft"
"EDGE-TD-SECURITY-ACCESS-003","TD-SECURITY-ACCESS","TD-BASE-INVENTORY","REQUIRED","","","SL1","","Generated provisional semantics; human domain review required","PROVISIONAL_AUTO_REVIEW_REQUIRED","DENY","0.5-draft"
"EDGE-TD-SECURITY-VISITORS-001","TD-SECURITY-VISITORS","TD-BASE-SAFETY","REQUIRED","","","SL1","","Generated provisional semantics; human domain review required","PROVISIONAL_AUTO_REVIEW_REQUIRED","DENY","0.5-draft"
"EDGE-TD-SECURITY-VISITORS-002","TD-SECURITY-VISITORS","TD-BASE-SITE","REQUIRED","","","SL1","","Generated provisional semantics; human domain review required","PROVISIONAL_AUTO_REVIEW_REQUIRED","DENY","0.5-draft"
"EDGE-TD-SECURITY-VISITORS-003","TD-SECURITY-VISITORS","TD-BASE-INVENTORY","REQUIRED","","","SL1","","Generated provisional semantics; human domain review required","PROVISIONAL_AUTO_REVIEW_REQUIRED","DENY","0.5-draft"
"EDGE-TD-SECURITY-CHILD-001","TD-SECURITY-CHILD","TD-BASE-SAFETY","REQUIRED","","","SL1","","Generated provisional semantics; human domain review required","PROVISIONAL_AUTO_REVIEW_REQUIRED","DENY","0.5-draft"
"EDGE-TD-SECURITY-CHILD-002","TD-SECURITY-CHILD","TD-BASE-SITE","REQUIRED","","","SL1","","Generated provisional semantics; human domain review required","PROVISIONAL_AUTO_REVIEW_REQUIRED","DENY","0.5-draft"
"EDGE-TD-SECURITY-CHILD-003","TD-SECURITY-CHILD","TD-BASE-INVENTORY","REQUIRED","","","SL1","","Generated provisional semantics; human domain review required","PROVISIONAL_AUTO_REVIEW_REQUIRED","DENY","0.5-draft"
"EDGE-TD-SECURITY-DV-001","TD-SECURITY-DV","TD-BASE-SAFETY","REQUIRED","","","SL1","","Generated provisional semantics; human domain review required","PROVISIONAL_AUTO_REVIEW_REQUIRED","DENY","0.5-draft"
"EDGE-TD-SECURITY-DV-002","TD-SECURITY-DV","TD-BASE-SITE","REQUIRED","","","SL1","","Generated provisional semantics; human domain review required","PROVISIONAL_AUTO_REVIEW_REQUIRED","DENY","0.5-draft"
"EDGE-TD-SECURITY-DV-003","TD-SECURITY-DV","TD-BASE-INVENTORY","REQUIRED","","","SL1","","Generated provisional semantics; human domain review required","PROVISIONAL_AUTO_REVIEW_REQUIRED","DENY","0.5-draft"
"EDGE-TD-SECURITY-MISSING-001","TD-SECURITY-MISSING","TD-BASE-SAFETY","REQUIRED","","","SL1","","Generated provisional semantics; human domain review required","PROVISIONAL_AUTO_REVIEW_REQUIRED","DENY","0.5-draft"
"EDGE-TD-SECURITY-MISSING-002","TD-SECURITY-MISSING","TD-BASE-SITE","REQUIRED","","","SL1","","Generated provisional semantics; human domain review required","PROVISIONAL_AUTO_REVIEW_REQUIRED","DENY","0.5-draft"
"EDGE-TD-SECURITY-MISSING-003","TD-SECURITY-MISSING","TD-BASE-INVENTORY","REQUIRED","","","SL1","","Generated provisional semantics; human domain review required","PROVISIONAL_AUTO_REVIEW_REQUIRED","DENY","0.5-draft"
"EDGE-TD-SECURITY-SAFE-PLACE-001","TD-SECURITY-SAFE-PLACE","TD-BASE-SAFETY","REQUIRED","","","SL1","","Generated provisional semantics; human domain review required","PROVISIONAL_AUTO_REVIEW_REQUIRED","DENY","0.5-draft"
"EDGE-TD-SECURITY-SAFE-PLACE-002","TD-SECURITY-SAFE-PLACE","TD-BASE-SITE","REQUIRED","","","SL1","","Generated provisional semantics; human domain review required","PROVISIONAL_AUTO_REVIEW_REQUIRED","DENY","0.5-draft"
"EDGE-TD-SECURITY-SAFE-PLACE-003","TD-SECURITY-SAFE-PLACE","TD-BASE-INVENTORY","REQUIRED","","","SL1","","Generated provisional semantics; human domain review required","PROVISIONAL_AUTO_REVIEW_REQUIRED","DENY","0.5-draft"
"EDGE-TD-SECURITY-CONFLICT-001","TD-SECURITY-CONFLICT","TD-BASE-SAFETY","REQUIRED","","","SL1","","Generated provisional semantics; human domain review required","PROVISIONAL_AUTO_REVIEW_REQUIRED","DENY","0.5-draft"
"EDGE-TD-SECURITY-CONFLICT-002","TD-SECURITY-CONFLICT","TD-BASE-SITE","REQUIRED","","","SL1","","Generated provisional semantics; human domain review required","PROVISIONAL_AUTO_REVIEW_REQUIRED","DENY","0.5-draft"
"EDGE-TD-SECURITY-CONFLICT-003","TD-SECURITY-CONFLICT","TD-BASE-INVENTORY","REQUIRED","","","SL1","","Generated provisional semantics; human domain review required","PROVISIONAL_AUTO_REVIEW_REQUIRED","DENY","0.5-draft"
"EDGE-TD-SECURITY-LIGHT-001","TD-SECURITY-LIGHT","TD-BASE-SAFETY","REQUIRED","","","SL1","","Generated provisional semantics; human domain review required","PROVISIONAL_AUTO_REVIEW_REQUIRED","DENY","0.5-draft"
"EDGE-TD-SECURITY-LIGHT-002","TD-SECURITY-LIGHT","TD-BASE-SITE","REQUIRED","","","SL1","","Generated provisional semantics; human domain review required","PROVISIONAL_AUTO_REVIEW_REQUIRED","DENY","0.5-draft"
"EDGE-TD-SECURITY-LIGHT-003","TD-SECURITY-LIGHT","TD-BASE-INVENTORY","REQUIRED","","","SL1","","Generated provisional semantics; human domain review required","PROVISIONAL_AUTO_REVIEW_REQUIRED","DENY","0.5-draft"
"EDGE-TD-SECURITY-INCIDENT-001","TD-SECURITY-INCIDENT","TD-BASE-SAFETY","REQUIRED","","","SL1","","Generated provisional semantics; human domain review required","PROVISIONAL_AUTO_REVIEW_REQUIRED","DENY","0.5-draft"
"EDGE-TD-SECURITY-INCIDENT-002","TD-SECURITY-INCIDENT","TD-BASE-SITE","REQUIRED","","","SL1","","Generated provisional semantics; human domain review required","PROVISIONAL_AUTO_REVIEW_REQUIRED","DENY","0.5-draft"
"EDGE-TD-SECURITY-INCIDENT-003","TD-SECURITY-INCIDENT","TD-BASE-INVENTORY","REQUIRED","","","SL1","","Generated provisional semantics; human domain review required","PROVISIONAL_AUTO_REVIEW_REQUIRED","DENY","0.5-draft"
"EDGE-TD-SECURITY-NO-OFFENSE-001","TD-SECURITY-NO-OFFENSE","TD-BASE-SAFETY","REQUIRED","","","SL1","","Generated provisional semantics; human domain review required","PROVISIONAL_AUTO_REVIEW_REQUIRED","DENY","0.5-draft"
"EDGE-TD-SECURITY-NO-OFFENSE-002","TD-SECURITY-NO-OFFENSE","TD-BASE-SITE","REQUIRED","","","SL1","","Generated provisional semantics; human domain review required","PROVISIONAL_AUTO_REVIEW_REQUIRED","DENY","0.5-draft"
"EDGE-TD-SECURITY-NO-OFFENSE-003","TD-SECURITY-NO-OFFENSE","TD-BASE-INVENTORY","REQUIRED","","","SL1","","Generated provisional semantics; human domain review required","PROVISIONAL_AUTO_REVIEW_REQUIRED","DENY","0.5-draft"
"EDGE-TD-SECURITY-001","TD-SECURITY","TD-BASE","REQUIRED","","","SL3","","Generated provisional semantics; human domain review required","PROVISIONAL_AUTO_REVIEW_REQUIRED","DENY","0.5-draft"
"EDGE-TD-SECURITY-002","TD-SECURITY","TD-SECURITY-SAFE-DIRECTION","REQUIRED","","","SL1","","Generated provisional semantics; human domain review required","PROVISIONAL_AUTO_REVIEW_REQUIRED","DENY","0.5-draft"
"EDGE-TD-SECURITY-003","TD-SECURITY","TD-SECURITY-DEESCALATION","REQUIRED","","","SL1","","Generated provisional semantics; human domain review required","PROVISIONAL_AUTO_REVIEW_REQUIRED","DENY","0.5-draft"
"EDGE-TD-SECURITY-004","TD-SECURITY","TD-SECURITY-ACCESS","REQUIRED","","","SL1","","Generated provisional semantics; human domain review required","PROVISIONAL_AUTO_REVIEW_REQUIRED","DENY","0.5-draft"
"EDGE-TD-SECURITY-005","TD-SECURITY","TD-SECURITY-VISITORS","REQUIRED","","","SL1","","Generated provisional semantics; human domain review required","PROVISIONAL_AUTO_REVIEW_REQUIRED","DENY","0.5-draft"
"EDGE-TD-SECURITY-006","TD-SECURITY","TD-SECURITY-CHILD","REQUIRED","","","SL1","","Generated provisional semantics; human domain review required","PROVISIONAL_AUTO_REVIEW_REQUIRED","DENY","0.5-draft"
"EDGE-TD-SECURITY-007","TD-SECURITY","TD-SECURITY-DV","CONDITIONAL","","","SL1","applicable_profile_site_or_qualified_role_required","Generated provisional semantics; human domain review required","PROVISIONAL_AUTO_REVIEW_REQUIRED","DENY","0.5-draft"
"EDGE-TD-SECURITY-008","TD-SECURITY","TD-SECURITY-MISSING","REQUIRED","","","SL1","","Generated provisional semantics; human domain review required","PROVISIONAL_AUTO_REVIEW_REQUIRED","DENY","0.5-draft"
"EDGE-TD-SECURITY-009","TD-SECURITY","TD-SECURITY-SAFE-PLACE","REQUIRED","","","SL1","","Generated provisional semantics; human domain review required","PROVISIONAL_AUTO_REVIEW_REQUIRED","DENY","0.5-draft"
"EDGE-TD-SECURITY-010","TD-SECURITY","TD-SECURITY-CONFLICT","REQUIRED","","","SL1","","Generated provisional semantics; human domain review required","PROVISIONAL_AUTO_REVIEW_REQUIRED","DENY","0.5-draft"
"EDGE-TD-SECURITY-011","TD-SECURITY","TD-SECURITY-LIGHT","REQUIRED","","","SL1","","Generated provisional semantics; human domain review required","PROVISIONAL_AUTO_REVIEW_REQUIRED","DENY","0.5-draft"
"EDGE-TD-SECURITY-012","TD-SECURITY","TD-SECURITY-INCIDENT","REQUIRED","","","SL1","","Generated provisional semantics; human domain review required","PROVISIONAL_AUTO_REVIEW_REQUIRED","DENY","0.5-draft"
"EDGE-TD-SECURITY-013","TD-SECURITY","TD-SECURITY-NO-OFFENSE","HAZARD_ONLY","","","SL1","not_an_operational_prerequisite","Generated provisional semantics; human domain review required","PROVISIONAL_AUTO_REVIEW_REQUIRED","DENY","0.5-draft"
"EDGE-TD-WORKSHOP-SPACE-001","TD-WORKSHOP-SPACE","TD-BASE-SAFETY","REQUIRED","","","SL1","","Generated provisional semantics; human domain review required","PROVISIONAL_AUTO_REVIEW_REQUIRED","DENY","0.5-draft"
"EDGE-TD-WORKSHOP-SPACE-002","TD-WORKSHOP-SPACE","TD-BASE-SITE","REQUIRED","","","SL1","","Generated provisional semantics; human domain review required","PROVISIONAL_AUTO_REVIEW_REQUIRED","DENY","0.5-draft"
"EDGE-TD-WORKSHOP-SPACE-003","TD-WORKSHOP-SPACE","TD-BASE-INVENTORY","REQUIRED","","","SL1","","Generated provisional semantics; human domain review required","PROVISIONAL_AUTO_REVIEW_REQUIRED","DENY","0.5-draft"
"EDGE-TD-WORKSHOP-LIGHT-001","TD-WORKSHOP-LIGHT","TD-BASE-SAFETY","REQUIRED","","","SL1","","Generated provisional semantics; human domain review required","PROVISIONAL_AUTO_REVIEW_REQUIRED","DENY","0.5-draft"
"EDGE-TD-WORKSHOP-LIGHT-002","TD-WORKSHOP-LIGHT","TD-BASE-SITE","REQUIRED","","","SL1","","Generated provisional semantics; human domain review required","PROVISIONAL_AUTO_REVIEW_REQUIRED","DENY","0.5-draft"
"EDGE-TD-WORKSHOP-LIGHT-003","TD-WORKSHOP-LIGHT","TD-BASE-INVENTORY","REQUIRED","","","SL1","","Generated provisional semantics; human domain review required","PROVISIONAL_AUTO_REVIEW_REQUIRED","DENY","0.5-draft"
"EDGE-TD-WORKSHOP-VENT-001","TD-WORKSHOP-VENT","TD-BASE-SAFETY","REQUIRED","","","SL1","","Generated provisional semantics; human domain review required","PROVISIONAL_AUTO_REVIEW_REQUIRED","DENY","0.5-draft"
"EDGE-TD-WORKSHOP-VENT-002","TD-WORKSHOP-VENT","TD-BASE-SITE","REQUIRED","","","SL1","","Generated provisional semantics; human domain review required","PROVISIONAL_AUTO_REVIEW_REQUIRED","DENY","0.5-draft"
"EDGE-TD-WORKSHOP-VENT-003","TD-WORKSHOP-VENT","TD-BASE-INVENTORY","REQUIRED","","","SL1","","Generated provisional semantics; human domain review required","PROVISIONAL_AUTO_REVIEW_REQUIRED","DENY","0.5-draft"
"EDGE-TD-WORKSHOP-FIRE-001","TD-WORKSHOP-FIRE","TD-BASE-SAFETY","REQUIRED","","","SL1","","Generated provisional semantics; human domain review required","PROVISIONAL_AUTO_REVIEW_REQUIRED","DENY","0.5-draft"
"EDGE-TD-WORKSHOP-FIRE-002","TD-WORKSHOP-FIRE","TD-BASE-SITE","REQUIRED","","","SL1","","Generated provisional semantics; human domain review required","PROVISIONAL_AUTO_REVIEW_REQUIRED","DENY","0.5-draft"
"EDGE-TD-WORKSHOP-FIRE-003","TD-WORKSHOP-FIRE","TD-BASE-INVENTORY","REQUIRED","","","SL1","","Generated provisional semantics; human domain review required","PROVISIONAL_AUTO_REVIEW_REQUIRED","DENY","0.5-draft"
"EDGE-TD-WORKSHOP-PPE-001","TD-WORKSHOP-PPE","TD-BASE-SAFETY","REQUIRED","","","SL1","","Generated provisional semantics; human domain review required","PROVISIONAL_AUTO_REVIEW_REQUIRED","DENY","0.5-draft"
"EDGE-TD-WORKSHOP-PPE-002","TD-WORKSHOP-PPE","TD-BASE-SITE","REQUIRED","","","SL1","","Generated provisional semantics; human domain review required","PROVISIONAL_AUTO_REVIEW_REQUIRED","DENY","0.5-draft"
"EDGE-TD-WORKSHOP-PPE-003","TD-WORKSHOP-PPE","TD-BASE-INVENTORY","REQUIRED","","","SL1","","Generated provisional semantics; human domain review required","PROVISIONAL_AUTO_REVIEW_REQUIRED","DENY","0.5-draft"
"EDGE-TD-WORKSHOP-CUSTODY-001","TD-WORKSHOP-CUSTODY","TD-BASE-SAFETY","REQUIRED","","","SL1","","Generated provisional semantics; human domain review required","PROVISIONAL_AUTO_REVIEW_REQUIRED","DENY","0.5-draft"
"EDGE-TD-WORKSHOP-CUSTODY-002","TD-WORKSHOP-CUSTODY","TD-BASE-SITE","REQUIRED","","","SL1","","Generated provisional semantics; human domain review required","PROVISIONAL_AUTO_REVIEW_REQUIRED","DENY","0.5-draft"
"EDGE-TD-WORKSHOP-CUSTODY-003","TD-WORKSHOP-CUSTODY","TD-BASE-INVENTORY","REQUIRED","","","SL1","","Generated provisional semantics; human domain review required","PROVISIONAL_AUTO_REVIEW_REQUIRED","DENY","0.5-draft"
"EDGE-TD-WORKSHOP-MARK-001","TD-WORKSHOP-MARK","TD-BASE-SAFETY","REQUIRED","","","SL1","","Generated provisional semantics; human domain review required","PROVISIONAL_AUTO_REVIEW_REQUIRED","DENY","0.5-draft"
"EDGE-TD-WORKSHOP-MARK-002","TD-WORKSHOP-MARK","TD-BASE-SITE","REQUIRED","","","SL1","","Generated provisional semantics; human domain review required","PROVISIONAL_AUTO_REVIEW_REQUIRED","DENY","0.5-draft"
"EDGE-TD-WORKSHOP-MARK-003","TD-WORKSHOP-MARK","TD-BASE-INVENTORY","REQUIRED","","","SL1","","Generated provisional semantics; human domain review required","PROVISIONAL_AUTO_REVIEW_REQUIRED","DENY","0.5-draft"
"EDGE-TD-WORKSHOP-TEMPLATES-001","TD-WORKSHOP-TEMPLATES","TD-BASE-SAFETY","REQUIRED","","","SL1","","Generated provisional semantics; human domain review required","PROVISIONAL_AUTO_REVIEW_REQUIRED","DENY","0.5-draft"
"EDGE-TD-WORKSHOP-TEMPLATES-002","TD-WORKSHOP-TEMPLATES","TD-BASE-SITE","REQUIRED","","","SL1","","Generated provisional semantics; human domain review required","PROVISIONAL_AUTO_REVIEW_REQUIRED","DENY","0.5-draft"
"EDGE-TD-WORKSHOP-TEMPLATES-003","TD-WORKSHOP-TEMPLATES","TD-BASE-INVENTORY","REQUIRED","","","SL1","","Generated provisional semantics; human domain review required","PROVISIONAL_AUTO_REVIEW_REQUIRED","DENY","0.5-draft"
"EDGE-TD-WORKSHOP-HOLD-001","TD-WORKSHOP-HOLD","TD-BASE-SAFETY","REQUIRED","","","SL1","","Generated provisional semantics; human domain review required","PROVISIONAL_AUTO_REVIEW_REQUIRED","DENY","0.5-draft"
"EDGE-TD-WORKSHOP-HOLD-002","TD-WORKSHOP-HOLD","TD-BASE-SITE","REQUIRED","","","SL1","","Generated provisional semantics; human domain review required","PROVISIONAL_AUTO_REVIEW_REQUIRED","DENY","0.5-draft"
"EDGE-TD-WORKSHOP-HOLD-003","TD-WORKSHOP-HOLD","TD-BASE-INVENTORY","REQUIRED","","","SL1","","Generated provisional semantics; human domain review required","PROVISIONAL_AUTO_REVIEW_REQUIRED","DENY","0.5-draft"
"EDGE-TD-WORKSHOP-CUT-001","TD-WORKSHOP-CUT","TD-BASE-SAFETY","REQUIRED","","","SL1","","Generated provisional semantics; human domain review required","PROVISIONAL_AUTO_REVIEW_REQUIRED","DENY","0.5-draft"
"EDGE-TD-WORKSHOP-CUT-002","TD-WORKSHOP-CUT","TD-BASE-SITE","REQUIRED","","","SL1","","Generated provisional semantics; human domain review required","PROVISIONAL_AUTO_REVIEW_REQUIRED","DENY","0.5-draft"
"EDGE-TD-WORKSHOP-CUT-003","TD-WORKSHOP-CUT","TD-BASE-INVENTORY","REQUIRED","","","SL1","","Generated provisional semantics; human domain review required","PROVISIONAL_AUTO_REVIEW_REQUIRED","DENY","0.5-draft"
"EDGE-TD-WORKSHOP-DRILL-001","TD-WORKSHOP-DRILL","TD-BASE-SAFETY","REQUIRED","","","SL1","","Generated provisional semantics; human domain review required","PROVISIONAL_AUTO_REVIEW_REQUIRED","DENY","0.5-draft"
"EDGE-TD-WORKSHOP-DRILL-002","TD-WORKSHOP-DRILL","TD-BASE-SITE","REQUIRED","","","SL1","","Generated provisional semantics; human domain review required","PROVISIONAL_AUTO_REVIEW_REQUIRED","DENY","0.5-draft"
"EDGE-TD-WORKSHOP-DRILL-003","TD-WORKSHOP-DRILL","TD-BASE-INVENTORY","REQUIRED","","","SL1","","Generated provisional semantics; human domain review required","PROVISIONAL_AUTO_REVIEW_REQUIRED","DENY","0.5-draft"
"EDGE-TD-WORKSHOP-FILE-001","TD-WORKSHOP-FILE","TD-BASE-SAFETY","REQUIRED","","","SL1","","Generated provisional semantics; human domain review required","PROVISIONAL_AUTO_REVIEW_REQUIRED","DENY","0.5-draft"
"EDGE-TD-WORKSHOP-FILE-002","TD-WORKSHOP-FILE","TD-BASE-SITE","REQUIRED","","","SL1","","Generated provisional semantics; human domain review required","PROVISIONAL_AUTO_REVIEW_REQUIRED","DENY","0.5-draft"
"EDGE-TD-WORKSHOP-FILE-003","TD-WORKSHOP-FILE","TD-BASE-INVENTORY","REQUIRED","","","SL1","","Generated provisional semantics; human domain review required","PROVISIONAL_AUTO_REVIEW_REQUIRED","DENY","0.5-draft"
"EDGE-TD-WORKSHOP-PLANE-001","TD-WORKSHOP-PLANE","TD-BASE-SAFETY","REQUIRED","","","SL1","","Generated provisional semantics; human domain review required","PROVISIONAL_AUTO_REVIEW_REQUIRED","DENY","0.5-draft"
"EDGE-TD-WORKSHOP-PLANE-002","TD-WORKSHOP-PLANE","TD-BASE-SITE","REQUIRED","","","SL1","","Generated provisional semantics; human domain review required","PROVISIONAL_AUTO_REVIEW_REQUIRED","DENY","0.5-draft"
"EDGE-TD-WORKSHOP-PLANE-003","TD-WORKSHOP-PLANE","TD-BASE-INVENTORY","REQUIRED","","","SL1","","Generated provisional semantics; human domain review required","PROVISIONAL_AUTO_REVIEW_REQUIRED","DENY","0.5-draft"
"EDGE-TD-WORKSHOP-ABRASIVE-001","TD-WORKSHOP-ABRASIVE","TD-BASE-SAFETY","REQUIRED","","","SL1","","Generated provisional semantics; human domain review required","PROVISIONAL_AUTO_REVIEW_REQUIRED","DENY","0.5-draft"
"EDGE-TD-WORKSHOP-ABRASIVE-002","TD-WORKSHOP-ABRASIVE","TD-BASE-SITE","REQUIRED","","","SL1","","Generated provisional semantics; human domain review required","PROVISIONAL_AUTO_REVIEW_REQUIRED","DENY","0.5-draft"
"EDGE-TD-WORKSHOP-ABRASIVE-003","TD-WORKSHOP-ABRASIVE","TD-BASE-INVENTORY","REQUIRED","","","SL1","","Generated provisional semantics; human domain review required","PROVISIONAL_AUTO_REVIEW_REQUIRED","DENY","0.5-draft"
"EDGE-TD-WORKSHOP-SHARPEN-001","TD-WORKSHOP-SHARPEN","TD-BASE-SAFETY","REQUIRED","","","SL1","","Generated provisional semantics; human domain review required","PROVISIONAL_AUTO_REVIEW_REQUIRED","DENY","0.5-draft"
"EDGE-TD-WORKSHOP-SHARPEN-002","TD-WORKSHOP-SHARPEN","TD-BASE-SITE","REQUIRED","","","SL1","","Generated provisional semantics; human domain review required","PROVISIONAL_AUTO_REVIEW_REQUIRED","DENY","0.5-draft"
"EDGE-TD-WORKSHOP-SHARPEN-003","TD-WORKSHOP-SHARPEN","TD-BASE-INVENTORY","REQUIRED","","","SL1","","Generated provisional semantics; human domain review required","PROVISIONAL_AUTO_REVIEW_REQUIRED","DENY","0.5-draft"
"EDGE-TD-WORKSHOP-FASTEN-001","TD-WORKSHOP-FASTEN","TD-BASE-SAFETY","REQUIRED","","","SL1","","Generated provisional semantics; human domain review required","PROVISIONAL_AUTO_REVIEW_REQUIRED","DENY","0.5-draft"
"EDGE-TD-WORKSHOP-FASTEN-002","TD-WORKSHOP-FASTEN","TD-BASE-SITE","REQUIRED","","","SL1","","Generated provisional semantics; human domain review required","PROVISIONAL_AUTO_REVIEW_REQUIRED","DENY","0.5-draft"
"EDGE-TD-WORKSHOP-FASTEN-003","TD-WORKSHOP-FASTEN","TD-BASE-INVENTORY","REQUIRED","","","SL1","","Generated provisional semantics; human domain review required","PROVISIONAL_AUTO_REVIEW_REQUIRED","DENY","0.5-draft"
"EDGE-TD-WORKSHOP-TORQUE-001","TD-WORKSHOP-TORQUE","TD-BASE-SAFETY","REQUIRED","","","SL1","","Generated provisional semantics; human domain review required","PROVISIONAL_AUTO_REVIEW_REQUIRED","DENY","0.5-draft"
"EDGE-TD-WORKSHOP-TORQUE-002","TD-WORKSHOP-TORQUE","TD-BASE-SITE","REQUIRED","","","SL1","","Generated provisional semantics; human domain review required","PROVISIONAL_AUTO_REVIEW_REQUIRED","DENY","0.5-draft"
"EDGE-TD-WORKSHOP-TORQUE-003","TD-WORKSHOP-TORQUE","TD-BASE-INVENTORY","REQUIRED","","","SL1","","Generated provisional semantics; human domain review required","PROVISIONAL_AUTO_REVIEW_REQUIRED","DENY","0.5-draft"
"EDGE-TD-WORKSHOP-ADHESIVE-001","TD-WORKSHOP-ADHESIVE","TD-BASE-SAFETY","REQUIRED","","","SL1","","Generated provisional semantics; human domain review required","PROVISIONAL_AUTO_REVIEW_REQUIRED","DENY","0.5-draft"
"EDGE-TD-WORKSHOP-ADHESIVE-002","TD-WORKSHOP-ADHESIVE","TD-BASE-SITE","REQUIRED","","","SL1","","Generated provisional semantics; human domain review required","PROVISIONAL_AUTO_REVIEW_REQUIRED","DENY","0.5-draft"
"EDGE-TD-WORKSHOP-ADHESIVE-003","TD-WORKSHOP-ADHESIVE","TD-BASE-INVENTORY","REQUIRED","","","SL1","","Generated provisional semantics; human domain review required","PROVISIONAL_AUTO_REVIEW_REQUIRED","DENY","0.5-draft"
"EDGE-TD-WORKSHOP-SEW-001","TD-WORKSHOP-SEW","TD-BASE-SAFETY","REQUIRED","","","SL1","","Generated provisional semantics; human domain review required","PROVISIONAL_AUTO_REVIEW_REQUIRED","DENY","0.5-draft"
"EDGE-TD-WORKSHOP-SEW-002","TD-WORKSHOP-SEW","TD-BASE-SITE","REQUIRED","","","SL1","","Generated provisional semantics; human domain review required","PROVISIONAL_AUTO_REVIEW_REQUIRED","DENY","0.5-draft"
"EDGE-TD-WORKSHOP-SEW-003","TD-WORKSHOP-SEW","TD-BASE-INVENTORY","REQUIRED","","","SL1","","Generated provisional semantics; human domain review required","PROVISIONAL_AUTO_REVIEW_REQUIRED","DENY","0.5-draft"
"EDGE-TD-WORKSHOP-ROPE-001","TD-WORKSHOP-ROPE","TD-BASE-SAFETY","REQUIRED","","","SL1","","Generated provisional semantics; human domain review required","PROVISIONAL_AUTO_REVIEW_REQUIRED","DENY","0.5-draft"
"EDGE-TD-WORKSHOP-ROPE-002","TD-WORKSHOP-ROPE","TD-BASE-SITE","REQUIRED","","","SL1","","Generated provisional semantics; human domain review required","PROVISIONAL_AUTO_REVIEW_REQUIRED","DENY","0.5-draft"
"EDGE-TD-WORKSHOP-ROPE-003","TD-WORKSHOP-ROPE","TD-BASE-INVENTORY","REQUIRED","","","SL1","","Generated provisional semantics; human domain review required","PROVISIONAL_AUTO_REVIEW_REQUIRED","DENY","0.5-draft"
"EDGE-TD-WORKSHOP-METAL-COLD-001","TD-WORKSHOP-METAL-COLD","TD-BASE-SAFETY","REQUIRED","","","SL1","","Generated provisional semantics; human domain review required","PROVISIONAL_AUTO_REVIEW_REQUIRED","DENY","0.5-draft"
"EDGE-TD-WORKSHOP-METAL-COLD-002","TD-WORKSHOP-METAL-COLD","TD-BASE-SITE","REQUIRED","","","SL1","","Generated provisional semantics; human domain review required","PROVISIONAL_AUTO_REVIEW_REQUIRED","DENY","0.5-draft"
"EDGE-TD-WORKSHOP-METAL-COLD-003","TD-WORKSHOP-METAL-COLD","TD-BASE-INVENTORY","REQUIRED","","","SL1","","Generated provisional semantics; human domain review required","PROVISIONAL_AUTO_REVIEW_REQUIRED","DENY","0.5-draft"
"EDGE-TD-WORKSHOP-PLUMBING-001","TD-WORKSHOP-PLUMBING","TD-BASE-SAFETY","REQUIRED","","","SL1","","Generated provisional semantics; human domain review required","PROVISIONAL_AUTO_REVIEW_REQUIRED","DENY","0.5-draft"
"EDGE-TD-WORKSHOP-PLUMBING-002","TD-WORKSHOP-PLUMBING","TD-BASE-SITE","REQUIRED","","","SL1","","Generated provisional semantics; human domain review required","PROVISIONAL_AUTO_REVIEW_REQUIRED","DENY","0.5-draft"
"EDGE-TD-WORKSHOP-PLUMBING-003","TD-WORKSHOP-PLUMBING","TD-BASE-INVENTORY","REQUIRED","","","SL1","","Generated provisional semantics; human domain review required","PROVISIONAL_AUTO_REVIEW_REQUIRED","DENY","0.5-draft"
"EDGE-TD-WORKSHOP-PUMPS-001","TD-WORKSHOP-PUMPS","TD-BASE-SAFETY","REQUIRED","","","SL1","","Generated provisional semantics; human domain review required","PROVISIONAL_AUTO_REVIEW_REQUIRED","DENY","0.5-draft"
"EDGE-TD-WORKSHOP-PUMPS-002","TD-WORKSHOP-PUMPS","TD-BASE-SITE","REQUIRED","","","SL1","","Generated provisional semantics; human domain review required","PROVISIONAL_AUTO_REVIEW_REQUIRED","DENY","0.5-draft"
"EDGE-TD-WORKSHOP-PUMPS-003","TD-WORKSHOP-PUMPS","TD-BASE-INVENTORY","REQUIRED","","","SL1","","Generated provisional semantics; human domain review required","PROVISIONAL_AUTO_REVIEW_REQUIRED","DENY","0.5-draft"
"EDGE-TD-WORKSHOP-BICYCLE-001","TD-WORKSHOP-BICYCLE","TD-BASE-SAFETY","REQUIRED","","","SL1","","Generated provisional semantics; human domain review required","PROVISIONAL_AUTO_REVIEW_REQUIRED","DENY","0.5-draft"
"EDGE-TD-WORKSHOP-BICYCLE-002","TD-WORKSHOP-BICYCLE","TD-BASE-SITE","REQUIRED","","","SL1","","Generated provisional semantics; human domain review required","PROVISIONAL_AUTO_REVIEW_REQUIRED","DENY","0.5-draft"
"EDGE-TD-WORKSHOP-BICYCLE-003","TD-WORKSHOP-BICYCLE","TD-BASE-INVENTORY","REQUIRED","","","SL1","","Generated provisional semantics; human domain review required","PROVISIONAL_AUTO_REVIEW_REQUIRED","DENY","0.5-draft"
"EDGE-TD-WORKSHOP-CART-001","TD-WORKSHOP-CART","TD-BASE-SAFETY","REQUIRED","","","SL1","","Generated provisional semantics; human domain review required","PROVISIONAL_AUTO_REVIEW_REQUIRED","DENY","0.5-draft"
"EDGE-TD-WORKSHOP-CART-002","TD-WORKSHOP-CART","TD-BASE-SITE","REQUIRED","","","SL1","","Generated provisional semantics; human domain review required","PROVISIONAL_AUTO_REVIEW_REQUIRED","DENY","0.5-draft"
"EDGE-TD-WORKSHOP-CART-003","TD-WORKSHOP-CART","TD-BASE-INVENTORY","REQUIRED","","","SL1","","Generated provisional semantics; human domain review required","PROVISIONAL_AUTO_REVIEW_REQUIRED","DENY","0.5-draft"
"EDGE-TD-WORKSHOP-FOOTWEAR-001","TD-WORKSHOP-FOOTWEAR","TD-BASE-SAFETY","REQUIRED","","","SL1","","Generated provisional semantics; human domain review required","PROVISIONAL_AUTO_REVIEW_REQUIRED","DENY","0.5-draft"
"EDGE-TD-WORKSHOP-FOOTWEAR-002","TD-WORKSHOP-FOOTWEAR","TD-BASE-SITE","REQUIRED","","","SL1","","Generated provisional semantics; human domain review required","PROVISIONAL_AUTO_REVIEW_REQUIRED","DENY","0.5-draft"
"EDGE-TD-WORKSHOP-FOOTWEAR-003","TD-WORKSHOP-FOOTWEAR","TD-BASE-INVENTORY","REQUIRED","","","SL1","","Generated provisional semantics; human domain review required","PROVISIONAL_AUTO_REVIEW_REQUIRED","DENY","0.5-draft"
"EDGE-TD-WORKSHOP-DONOR-001","TD-WORKSHOP-DONOR","TD-BASE-SAFETY","REQUIRED","","","SL1","","Generated provisional semantics; human domain review required","PROVISIONAL_AUTO_REVIEW_REQUIRED","DENY","0.5-draft"
"EDGE-TD-WORKSHOP-DONOR-002","TD-WORKSHOP-DONOR","TD-BASE-SITE","REQUIRED","","","SL1","","Generated provisional semantics; human domain review required","PROVISIONAL_AUTO_REVIEW_REQUIRED","DENY","0.5-draft"
"EDGE-TD-WORKSHOP-DONOR-003","TD-WORKSHOP-DONOR","TD-BASE-INVENTORY","REQUIRED","","","SL1","","Generated provisional semantics; human domain review required","PROVISIONAL_AUTO_REVIEW_REQUIRED","DENY","0.5-draft"
"EDGE-TD-WORKSHOP-CONSUMABLES-001","TD-WORKSHOP-CONSUMABLES","TD-BASE-SAFETY","REQUIRED","","","SL1","","Generated provisional semantics; human domain review required","PROVISIONAL_AUTO_REVIEW_REQUIRED","DENY","0.5-draft"
"EDGE-TD-WORKSHOP-CONSUMABLES-002","TD-WORKSHOP-CONSUMABLES","TD-BASE-SITE","REQUIRED","","","SL1","","Generated provisional semantics; human domain review required","PROVISIONAL_AUTO_REVIEW_REQUIRED","DENY","0.5-draft"
"EDGE-TD-WORKSHOP-CONSUMABLES-003","TD-WORKSHOP-CONSUMABLES","TD-BASE-INVENTORY","REQUIRED","","","SL1","","Generated provisional semantics; human domain review required","PROVISIONAL_AUTO_REVIEW_REQUIRED","DENY","0.5-draft"
"EDGE-TD-WORKSHOP-INTERFACES-001","TD-WORKSHOP-INTERFACES","TD-BASE-SAFETY","REQUIRED","","","SL1","","Generated provisional semantics; human domain review required","PROVISIONAL_AUTO_REVIEW_REQUIRED","DENY","0.5-draft"
"EDGE-TD-WORKSHOP-INTERFACES-002","TD-WORKSHOP-INTERFACES","TD-BASE-SITE","REQUIRED","","","SL1","","Generated provisional semantics; human domain review required","PROVISIONAL_AUTO_REVIEW_REQUIRED","DENY","0.5-draft"
"EDGE-TD-WORKSHOP-INTERFACES-003","TD-WORKSHOP-INTERFACES","TD-BASE-INVENTORY","REQUIRED","","","SL1","","Generated provisional semantics; human domain review required","PROVISIONAL_AUTO_REVIEW_REQUIRED","DENY","0.5-draft"
"EDGE-TD-WORKSHOP-POST-TEST-001","TD-WORKSHOP-POST-TEST","TD-BASE-SAFETY","REQUIRED","","","SL1","","Generated provisional semantics; human domain review required","PROVISIONAL_AUTO_REVIEW_REQUIRED","DENY","0.5-draft"
"EDGE-TD-WORKSHOP-POST-TEST-002","TD-WORKSHOP-POST-TEST","TD-BASE-SITE","REQUIRED","","","SL1","","Generated provisional semantics; human domain review required","PROVISIONAL_AUTO_REVIEW_REQUIRED","DENY","0.5-draft"
"EDGE-TD-WORKSHOP-POST-TEST-003","TD-WORKSHOP-POST-TEST","TD-BASE-INVENTORY","REQUIRED","","","SL1","","Generated provisional semantics; human domain review required","PROVISIONAL_AUTO_REVIEW_REQUIRED","DENY","0.5-draft"
"EDGE-TD-METRO-SI-001","TD-METRO-SI","TD-BASE-SAFETY","REQUIRED","","","SL1","","Generated provisional semantics; human domain review required","PROVISIONAL_AUTO_REVIEW_REQUIRED","DENY","0.5-draft"
"EDGE-TD-METRO-SI-002","TD-METRO-SI","TD-BASE-INVENTORY","REQUIRED","","","SL1","","Generated provisional semantics; human domain review required","PROVISIONAL_AUTO_REVIEW_REQUIRED","DENY","0.5-draft"
"EDGE-TD-METRO-LENGTH-001","TD-METRO-LENGTH","TD-BASE-SAFETY","REQUIRED","","","SL1","","Generated provisional semantics; human domain review required","PROVISIONAL_AUTO_REVIEW_REQUIRED","DENY","0.5-draft"
"EDGE-TD-METRO-LENGTH-002","TD-METRO-LENGTH","TD-BASE-INVENTORY","REQUIRED","","","SL1","","Generated provisional semantics; human domain review required","PROVISIONAL_AUTO_REVIEW_REQUIRED","DENY","0.5-draft"
"EDGE-TD-METRO-MASS-001","TD-METRO-MASS","TD-BASE-SAFETY","REQUIRED","","","SL1","","Generated provisional semantics; human domain review required","PROVISIONAL_AUTO_REVIEW_REQUIRED","DENY","0.5-draft"
"EDGE-TD-METRO-MASS-002","TD-METRO-MASS","TD-BASE-INVENTORY","REQUIRED","","","SL1","","Generated provisional semantics; human domain review required","PROVISIONAL_AUTO_REVIEW_REQUIRED","DENY","0.5-draft"
"EDGE-TD-METRO-TIME-001","TD-METRO-TIME","TD-BASE-SAFETY","REQUIRED","","","SL1","","Generated provisional semantics; human domain review required","PROVISIONAL_AUTO_REVIEW_REQUIRED","DENY","0.5-draft"
"EDGE-TD-METRO-TIME-002","TD-METRO-TIME","TD-BASE-INVENTORY","REQUIRED","","","SL1","","Generated provisional semantics; human domain review required","PROVISIONAL_AUTO_REVIEW_REQUIRED","DENY","0.5-draft"
"EDGE-TD-METRO-TEMP-001","TD-METRO-TEMP","TD-BASE-SAFETY","REQUIRED","","","SL1","","Generated provisional semantics; human domain review required","PROVISIONAL_AUTO_REVIEW_REQUIRED","DENY","0.5-draft"
"EDGE-TD-METRO-TEMP-002","TD-METRO-TEMP","TD-BASE-INVENTORY","REQUIRED","","","SL1","","Generated provisional semantics; human domain review required","PROVISIONAL_AUTO_REVIEW_REQUIRED","DENY","0.5-draft"
"EDGE-TD-METRO-HUMIDITY-001","TD-METRO-HUMIDITY","TD-BASE-SAFETY","REQUIRED","","","SL1","","Generated provisional semantics; human domain review required","PROVISIONAL_AUTO_REVIEW_REQUIRED","DENY","0.5-draft"
"EDGE-TD-METRO-HUMIDITY-002","TD-METRO-HUMIDITY","TD-BASE-INVENTORY","REQUIRED","","","SL1","","Generated provisional semantics; human domain review required","PROVISIONAL_AUTO_REVIEW_REQUIRED","DENY","0.5-draft"
"EDGE-TD-METRO-PRESSURE-001","TD-METRO-PRESSURE","TD-BASE-SAFETY","REQUIRED","","","SL1","","Generated provisional semantics; human domain review required","PROVISIONAL_AUTO_REVIEW_REQUIRED","DENY","0.5-draft"
"EDGE-TD-METRO-PRESSURE-002","TD-METRO-PRESSURE","TD-BASE-INVENTORY","REQUIRED","","","SL1","","Generated provisional semantics; human domain review required","PROVISIONAL_AUTO_REVIEW_REQUIRED","DENY","0.5-draft"
"EDGE-TD-METRO-FLOW-001","TD-METRO-FLOW","TD-BASE-SAFETY","REQUIRED","","","SL1","","Generated provisional semantics; human domain review required","PROVISIONAL_AUTO_REVIEW_REQUIRED","DENY","0.5-draft"
"EDGE-TD-METRO-FLOW-002","TD-METRO-FLOW","TD-BASE-INVENTORY","REQUIRED","","","SL1","","Generated provisional semantics; human domain review required","PROVISIONAL_AUTO_REVIEW_REQUIRED","DENY","0.5-draft"
"EDGE-TD-METRO-VOLUME-001","TD-METRO-VOLUME","TD-BASE-SAFETY","REQUIRED","","","SL1","","Generated provisional semantics; human domain review required","PROVISIONAL_AUTO_REVIEW_REQUIRED","DENY","0.5-draft"
"EDGE-TD-METRO-VOLUME-002","TD-METRO-VOLUME","TD-BASE-INVENTORY","REQUIRED","","","SL1","","Generated provisional semantics; human domain review required","PROVISIONAL_AUTO_REVIEW_REQUIRED","DENY","0.5-draft"
"EDGE-TD-METRO-ANGLE-001","TD-METRO-ANGLE","TD-BASE-SAFETY","REQUIRED","","","SL1","","Generated provisional semantics; human domain review required","PROVISIONAL_AUTO_REVIEW_REQUIRED","DENY","0.5-draft"
"EDGE-TD-METRO-ANGLE-002","TD-METRO-ANGLE","TD-BASE-INVENTORY","REQUIRED","","","SL1","","Generated provisional semantics; human domain review required","PROVISIONAL_AUTO_REVIEW_REQUIRED","DENY","0.5-draft"
"EDGE-TD-METRO-ELECTRIC-001","TD-METRO-ELECTRIC","TD-BASE-SAFETY","REQUIRED","","","SL1","","Generated provisional semantics; human domain review required","PROVISIONAL_AUTO_REVIEW_REQUIRED","DENY","0.5-draft"
"EDGE-TD-METRO-ELECTRIC-002","TD-METRO-ELECTRIC","TD-BASE-INVENTORY","REQUIRED","","","SL1","","Generated provisional semantics; human domain review required","PROVISIONAL_AUTO_REVIEW_REQUIRED","DENY","0.5-draft"
"EDGE-TD-METRO-LIGHT-001","TD-METRO-LIGHT","TD-BASE-SAFETY","REQUIRED","","","SL1","","Generated provisional semantics; human domain review required","PROVISIONAL_AUTO_REVIEW_REQUIRED","DENY","0.5-draft"
"EDGE-TD-METRO-LIGHT-002","TD-METRO-LIGHT","TD-BASE-INVENTORY","REQUIRED","","","SL1","","Generated provisional semantics; human domain review required","PROVISIONAL_AUTO_REVIEW_REQUIRED","DENY","0.5-draft"
"EDGE-TD-METRO-CO-SMOKE-001","TD-METRO-CO-SMOKE","TD-BASE-SAFETY","REQUIRED","","","SL1","","Generated provisional semantics; human domain review required","PROVISIONAL_AUTO_REVIEW_REQUIRED","DENY","0.5-draft"
"EDGE-TD-METRO-CO-SMOKE-002","TD-METRO-CO-SMOKE","TD-BASE-INVENTORY","REQUIRED","","","SL1","","Generated provisional semantics; human domain review required","PROVISIONAL_AUTO_REVIEW_REQUIRED","DENY","0.5-draft"
"EDGE-TD-METRO-PH-001","TD-METRO-PH","TD-BASE-SAFETY","REQUIRED","","","SL1","","Generated provisional semantics; human domain review required","PROVISIONAL_AUTO_REVIEW_REQUIRED","DENY","0.5-draft"
"EDGE-TD-METRO-PH-002","TD-METRO-PH","TD-BASE-INVENTORY","REQUIRED","","","SL1","","Generated provisional semantics; human domain review required","PROVISIONAL_AUTO_REVIEW_REQUIRED","DENY","0.5-draft"
"EDGE-TD-METRO-EC-001","TD-METRO-EC","TD-BASE-SAFETY","REQUIRED","","","SL1","","Generated provisional semantics; human domain review required","PROVISIONAL_AUTO_REVIEW_REQUIRED","DENY","0.5-draft"
"EDGE-TD-METRO-EC-002","TD-METRO-EC","TD-BASE-INVENTORY","REQUIRED","","","SL1","","Generated provisional semantics; human domain review required","PROVISIONAL_AUTO_REVIEW_REQUIRED","DENY","0.5-draft"
"EDGE-TD-METRO-TURBIDITY-001","TD-METRO-TURBIDITY","TD-BASE-SAFETY","REQUIRED","","","SL1","","Generated provisional semantics; human domain review required","PROVISIONAL_AUTO_REVIEW_REQUIRED","DENY","0.5-draft"
"EDGE-TD-METRO-TURBIDITY-002","TD-METRO-TURBIDITY","TD-BASE-INVENTORY","REQUIRED","","","SL1","","Generated provisional semantics; human domain review required","PROVISIONAL_AUTO_REVIEW_REQUIRED","DENY","0.5-draft"
"EDGE-TD-METRO-CHLORINE-001","TD-METRO-CHLORINE","TD-BASE-SAFETY","REQUIRED","","","SL1","","Generated provisional semantics; human domain review required","PROVISIONAL_AUTO_REVIEW_REQUIRED","DENY","0.5-draft"
"EDGE-TD-METRO-CHLORINE-002","TD-METRO-CHLORINE","TD-BASE-INVENTORY","REQUIRED","","","SL1","","Generated provisional semantics; human domain review required","PROVISIONAL_AUTO_REVIEW_REQUIRED","DENY","0.5-draft"
"EDGE-TD-METRO-SOIL-001","TD-METRO-SOIL","TD-BASE-SAFETY","REQUIRED","","","SL1","","Generated provisional semantics; human domain review required","PROVISIONAL_AUTO_REVIEW_REQUIRED","DENY","0.5-draft"
"EDGE-TD-METRO-SOIL-002","TD-METRO-SOIL","TD-BASE-INVENTORY","REQUIRED","","","SL1","","Generated provisional semantics; human domain review required","PROVISIONAL_AUTO_REVIEW_REQUIRED","DENY","0.5-draft"
"EDGE-TD-METRO-MOISTURE-001","TD-METRO-MOISTURE","TD-BASE-SAFETY","REQUIRED","","","SL1","","Generated provisional semantics; human domain review required","PROVISIONAL_AUTO_REVIEW_REQUIRED","DENY","0.5-draft"
"EDGE-TD-METRO-MOISTURE-002","TD-METRO-MOISTURE","TD-BASE-INVENTORY","REQUIRED","","","SL1","","Generated provisional semantics; human domain review required","PROVISIONAL_AUTO_REVIEW_REQUIRED","DENY","0.5-draft"
"EDGE-TD-METRO-RAIN-001","TD-METRO-RAIN","TD-BASE-SAFETY","REQUIRED","","","SL1","","Generated provisional semantics; human domain review required","PROVISIONAL_AUTO_REVIEW_REQUIRED","DENY","0.5-draft"
"EDGE-TD-METRO-RAIN-002","TD-METRO-RAIN","TD-BASE-INVENTORY","REQUIRED","","","SL1","","Generated provisional semantics; human domain review required","PROVISIONAL_AUTO_REVIEW_REQUIRED","DENY","0.5-draft"
"EDGE-TD-METRO-WIND-001","TD-METRO-WIND","TD-BASE-SAFETY","REQUIRED","","","SL1","","Generated provisional semantics; human domain review required","PROVISIONAL_AUTO_REVIEW_REQUIRED","DENY","0.5-draft"
"EDGE-TD-METRO-WIND-002","TD-METRO-WIND","TD-BASE-INVENTORY","REQUIRED","","","SL1","","Generated provisional semantics; human domain review required","PROVISIONAL_AUTO_REVIEW_REQUIRED","DENY","0.5-draft"
"EDGE-TD-METRO-POSITION-001","TD-METRO-POSITION","TD-BASE-SAFETY","REQUIRED","","","SL1","","Generated provisional semantics; human domain review required","PROVISIONAL_AUTO_REVIEW_REQUIRED","DENY","0.5-draft"
"EDGE-TD-METRO-POSITION-002","TD-METRO-POSITION","TD-BASE-INVENTORY","REQUIRED","","","SL1","","Generated provisional semantics; human domain review required","PROVISIONAL_AUTO_REVIEW_REQUIRED","DENY","0.5-draft"
"EDGE-TD-METRO-MEDICAL-001","TD-METRO-MEDICAL","TD-BASE-SAFETY","REQUIRED","","","SL1","","Generated provisional semantics; human domain review required","PROVISIONAL_AUTO_REVIEW_REQUIRED","DENY","0.5-draft"
"EDGE-TD-METRO-MEDICAL-002","TD-METRO-MEDICAL","TD-BASE-INVENTORY","REQUIRED","","","SL1","","Generated provisional semantics; human domain review required","PROVISIONAL_AUTO_REVIEW_REQUIRED","DENY","0.5-draft"
"EDGE-TD-METRO-REFERENCE-001","TD-METRO-REFERENCE","TD-BASE-SAFETY","REQUIRED","","","SL1","","Generated provisional semantics; human domain review required","PROVISIONAL_AUTO_REVIEW_REQUIRED","DENY","0.5-draft"
"EDGE-TD-METRO-REFERENCE-002","TD-METRO-REFERENCE","TD-BASE-INVENTORY","REQUIRED","","","SL1","","Generated provisional semantics; human domain review required","PROVISIONAL_AUTO_REVIEW_REQUIRED","DENY","0.5-draft"
"EDGE-TD-METRO-UNCERTAINTY-001","TD-METRO-UNCERTAINTY","TD-BASE-SAFETY","REQUIRED","","","SL1","","Generated provisional semantics; human domain review required","PROVISIONAL_AUTO_REVIEW_REQUIRED","DENY","0.5-draft"
"EDGE-TD-METRO-UNCERTAINTY-002","TD-METRO-UNCERTAINTY","TD-BASE-INVENTORY","REQUIRED","","","SL1","","Generated provisional semantics; human domain review required","PROVISIONAL_AUTO_REVIEW_REQUIRED","DENY","0.5-draft"
"EDGE-TD-METRO-HISTORY-001","TD-METRO-HISTORY","TD-BASE-SAFETY","REQUIRED","","","SL1","","Generated provisional semantics; human domain review required","PROVISIONAL_AUTO_REVIEW_REQUIRED","DENY","0.5-draft"
"EDGE-TD-METRO-HISTORY-002","TD-METRO-HISTORY","TD-BASE-INVENTORY","REQUIRED","","","SL1","","Generated provisional semantics; human domain review required","PROVISIONAL_AUTO_REVIEW_REQUIRED","DENY","0.5-draft"
"EDGE-TD-METRO-SPARES-001","TD-METRO-SPARES","TD-BASE-SAFETY","REQUIRED","","","SL1","","Generated provisional semantics; human domain review required","PROVISIONAL_AUTO_REVIEW_REQUIRED","DENY","0.5-draft"
"EDGE-TD-METRO-SPARES-002","TD-METRO-SPARES","TD-BASE-INVENTORY","REQUIRED","","","SL1","","Generated provisional semantics; human domain review required","PROVISIONAL_AUTO_REVIEW_REQUIRED","DENY","0.5-draft"
"EDGE-TD-METRO-FAILURE-001","TD-METRO-FAILURE","TD-BASE-SAFETY","REQUIRED","","","SL1","","Generated provisional semantics; human domain review required","PROVISIONAL_AUTO_REVIEW_REQUIRED","DENY","0.5-draft"
"EDGE-TD-METRO-FAILURE-002","TD-METRO-FAILURE","TD-BASE-INVENTORY","REQUIRED","","","SL1","","Generated provisional semantics; human domain review required","PROVISIONAL_AUTO_REVIEW_REQUIRED","DENY","0.5-draft"
"EDGE-TD-MATERIALS-PRODUCTION-IDENTITY-001","TD-MATERIALS-PRODUCTION-IDENTITY","TD-BASE-SAFETY","REQUIRED","","","SL1","","Generated provisional semantics; human domain review required","PROVISIONAL_AUTO_REVIEW_REQUIRED","DENY","0.5-draft"
"EDGE-TD-MATERIALS-PRODUCTION-IDENTITY-002","TD-MATERIALS-PRODUCTION-IDENTITY","TD-BASE-SITE","REQUIRED","","","SL1","","Generated provisional semantics; human domain review required","PROVISIONAL_AUTO_REVIEW_REQUIRED","DENY","0.5-draft"
"EDGE-TD-MATERIALS-PRODUCTION-IDENTITY-003","TD-MATERIALS-PRODUCTION-IDENTITY","TD-BASE-INVENTORY","REQUIRED","","","SL1","","Generated provisional semantics; human domain review required","PROVISIONAL_AUTO_REVIEW_REQUIRED","DENY","0.5-draft"
"EDGE-TD-MATERIALS-PRODUCTION-STORAGE-001","TD-MATERIALS-PRODUCTION-STORAGE","TD-BASE-SAFETY","REQUIRED","","","SL1","","Generated provisional semantics; human domain review required","PROVISIONAL_AUTO_REVIEW_REQUIRED","DENY","0.5-draft"
"EDGE-TD-MATERIALS-PRODUCTION-STORAGE-002","TD-MATERIALS-PRODUCTION-STORAGE","TD-BASE-SITE","REQUIRED","","","SL1","","Generated provisional semantics; human domain review required","PROVISIONAL_AUTO_REVIEW_REQUIRED","DENY","0.5-draft"
"EDGE-TD-MATERIALS-PRODUCTION-STORAGE-003","TD-MATERIALS-PRODUCTION-STORAGE","TD-BASE-INVENTORY","REQUIRED","","","SL1","","Generated provisional semantics; human domain review required","PROVISIONAL_AUTO_REVIEW_REQUIRED","DENY","0.5-draft"
"EDGE-TD-MATERIALS-PRODUCTION-WOOD-HARVEST-001","TD-MATERIALS-PRODUCTION-WOOD-HARVEST","TD-BASE-SAFETY","REQUIRED","","","SL1","","Generated provisional semantics; human domain review required","PROVISIONAL_AUTO_REVIEW_REQUIRED","DENY","0.5-draft"
"EDGE-TD-MATERIALS-PRODUCTION-WOOD-HARVEST-002","TD-MATERIALS-PRODUCTION-WOOD-HARVEST","TD-BASE-SITE","REQUIRED","","","SL1","","Generated provisional semantics; human domain review required","PROVISIONAL_AUTO_REVIEW_REQUIRED","DENY","0.5-draft"
"EDGE-TD-MATERIALS-PRODUCTION-WOOD-HARVEST-003","TD-MATERIALS-PRODUCTION-WOOD-HARVEST","TD-BASE-INVENTORY","REQUIRED","","","SL1","","Generated provisional semantics; human domain review required","PROVISIONAL_AUTO_REVIEW_REQUIRED","DENY","0.5-draft"
"EDGE-TD-MATERIALS-PRODUCTION-WOOD-SAW-001","TD-MATERIALS-PRODUCTION-WOOD-SAW","TD-BASE-SAFETY","REQUIRED","","","SL1","","Generated provisional semantics; human domain review required","PROVISIONAL_AUTO_REVIEW_REQUIRED","DENY","0.5-draft"
"EDGE-TD-MATERIALS-PRODUCTION-WOOD-SAW-002","TD-MATERIALS-PRODUCTION-WOOD-SAW","TD-BASE-SITE","REQUIRED","","","SL1","","Generated provisional semantics; human domain review required","PROVISIONAL_AUTO_REVIEW_REQUIRED","DENY","0.5-draft"
"EDGE-TD-MATERIALS-PRODUCTION-WOOD-SAW-003","TD-MATERIALS-PRODUCTION-WOOD-SAW","TD-BASE-INVENTORY","REQUIRED","","","SL1","","Generated provisional semantics; human domain review required","PROVISIONAL_AUTO_REVIEW_REQUIRED","DENY","0.5-draft"
"EDGE-TD-MATERIALS-PRODUCTION-WOOD-DRY-001","TD-MATERIALS-PRODUCTION-WOOD-DRY","TD-BASE-SAFETY","REQUIRED","","","SL1","","Generated provisional semantics; human domain review required","PROVISIONAL_AUTO_REVIEW_REQUIRED","DENY","0.5-draft"
"EDGE-TD-MATERIALS-PRODUCTION-WOOD-DRY-002","TD-MATERIALS-PRODUCTION-WOOD-DRY","TD-BASE-SITE","REQUIRED","","","SL1","","Generated provisional semantics; human domain review required","PROVISIONAL_AUTO_REVIEW_REQUIRED","DENY","0.5-draft"
"EDGE-TD-MATERIALS-PRODUCTION-WOOD-DRY-003","TD-MATERIALS-PRODUCTION-WOOD-DRY","TD-BASE-INVENTORY","REQUIRED","","","SL1","","Generated provisional semantics; human domain review required","PROVISIONAL_AUTO_REVIEW_REQUIRED","DENY","0.5-draft"
"EDGE-TD-MATERIALS-PRODUCTION-WOOD-JOIN-001","TD-MATERIALS-PRODUCTION-WOOD-JOIN","TD-BASE-SAFETY","REQUIRED","","","SL1","","Generated provisional semantics; human domain review required","PROVISIONAL_AUTO_REVIEW_REQUIRED","DENY","0.5-draft"
"EDGE-TD-MATERIALS-PRODUCTION-WOOD-JOIN-002","TD-MATERIALS-PRODUCTION-WOOD-JOIN","TD-BASE-SITE","REQUIRED","","","SL1","","Generated provisional semantics; human domain review required","PROVISIONAL_AUTO_REVIEW_REQUIRED","DENY","0.5-draft"
"EDGE-TD-MATERIALS-PRODUCTION-WOOD-JOIN-003","TD-MATERIALS-PRODUCTION-WOOD-JOIN","TD-BASE-INVENTORY","REQUIRED","","","SL1","","Generated provisional semantics; human domain review required","PROVISIONAL_AUTO_REVIEW_REQUIRED","DENY","0.5-draft"
"EDGE-TD-MATERIALS-PRODUCTION-METAL-SORT-001","TD-MATERIALS-PRODUCTION-METAL-SORT","TD-BASE-SAFETY","REQUIRED","","","SL1","","Generated provisional semantics; human domain review required","PROVISIONAL_AUTO_REVIEW_REQUIRED","DENY","0.5-draft"
"EDGE-TD-MATERIALS-PRODUCTION-METAL-SORT-002","TD-MATERIALS-PRODUCTION-METAL-SORT","TD-BASE-SITE","REQUIRED","","","SL1","","Generated provisional semantics; human domain review required","PROVISIONAL_AUTO_REVIEW_REQUIRED","DENY","0.5-draft"
"EDGE-TD-MATERIALS-PRODUCTION-METAL-SORT-003","TD-MATERIALS-PRODUCTION-METAL-SORT","TD-BASE-INVENTORY","REQUIRED","","","SL1","","Generated provisional semantics; human domain review required","PROVISIONAL_AUTO_REVIEW_REQUIRED","DENY","0.5-draft"
"EDGE-TD-MATERIALS-PRODUCTION-CORROSION-001","TD-MATERIALS-PRODUCTION-CORROSION","TD-BASE-SAFETY","REQUIRED","","","SL1","","Generated provisional semantics; human domain review required","PROVISIONAL_AUTO_REVIEW_REQUIRED","DENY","0.5-draft"
"EDGE-TD-MATERIALS-PRODUCTION-CORROSION-002","TD-MATERIALS-PRODUCTION-CORROSION","TD-BASE-SITE","REQUIRED","","","SL1","","Generated provisional semantics; human domain review required","PROVISIONAL_AUTO_REVIEW_REQUIRED","DENY","0.5-draft"
"EDGE-TD-MATERIALS-PRODUCTION-CORROSION-003","TD-MATERIALS-PRODUCTION-CORROSION","TD-BASE-INVENTORY","REQUIRED","","","SL1","","Generated provisional semantics; human domain review required","PROVISIONAL_AUTO_REVIEW_REQUIRED","DENY","0.5-draft"
"EDGE-TD-MATERIALS-PRODUCTION-METAL-COLD-001","TD-MATERIALS-PRODUCTION-METAL-COLD","TD-BASE-SAFETY","REQUIRED","","","SL1","","Generated provisional semantics; human domain review required","PROVISIONAL_AUTO_REVIEW_REQUIRED","DENY","0.5-draft"
"EDGE-TD-MATERIALS-PRODUCTION-METAL-COLD-002","TD-MATERIALS-PRODUCTION-METAL-COLD","TD-BASE-SITE","REQUIRED","","","SL1","","Generated provisional semantics; human domain review required","PROVISIONAL_AUTO_REVIEW_REQUIRED","DENY","0.5-draft"
"EDGE-TD-MATERIALS-PRODUCTION-METAL-COLD-003","TD-MATERIALS-PRODUCTION-METAL-COLD","TD-BASE-INVENTORY","REQUIRED","","","SL1","","Generated provisional semantics; human domain review required","PROVISIONAL_AUTO_REVIEW_REQUIRED","DENY","0.5-draft"
"EDGE-TD-MATERIALS-PRODUCTION-WELD-001","TD-MATERIALS-PRODUCTION-WELD","TD-BASE-SAFETY","REQUIRED","","","SL1","","Generated provisional semantics; human domain review required","PROVISIONAL_AUTO_REVIEW_REQUIRED","DENY","0.5-draft"
"EDGE-TD-MATERIALS-PRODUCTION-WELD-002","TD-MATERIALS-PRODUCTION-WELD","TD-BASE-SITE","REQUIRED","","","SL1","","Generated provisional semantics; human domain review required","PROVISIONAL_AUTO_REVIEW_REQUIRED","DENY","0.5-draft"
"EDGE-TD-MATERIALS-PRODUCTION-WELD-003","TD-MATERIALS-PRODUCTION-WELD","TD-BASE-INVENTORY","REQUIRED","","","SL1","","Generated provisional semantics; human domain review required","PROVISIONAL_AUTO_REVIEW_REQUIRED","DENY","0.5-draft"
"EDGE-TD-MATERIALS-PRODUCTION-SMELT-001","TD-MATERIALS-PRODUCTION-SMELT","TD-BASE-SAFETY","REQUIRED","","","SL1","","Generated provisional semantics; human domain review required","PROVISIONAL_AUTO_REVIEW_REQUIRED","DENY","0.5-draft"
"EDGE-TD-MATERIALS-PRODUCTION-SMELT-002","TD-MATERIALS-PRODUCTION-SMELT","TD-BASE-SITE","REQUIRED","","","SL1","","Generated provisional semantics; human domain review required","PROVISIONAL_AUTO_REVIEW_REQUIRED","DENY","0.5-draft"
"EDGE-TD-MATERIALS-PRODUCTION-SMELT-003","TD-MATERIALS-PRODUCTION-SMELT","TD-BASE-INVENTORY","REQUIRED","","","SL1","","Generated provisional semantics; human domain review required","PROVISIONAL_AUTO_REVIEW_REQUIRED","DENY","0.5-draft"
"EDGE-TD-MATERIALS-PRODUCTION-CLAY-001","TD-MATERIALS-PRODUCTION-CLAY","TD-BASE-SAFETY","REQUIRED","","","SL1","","Generated provisional semantics; human domain review required","PROVISIONAL_AUTO_REVIEW_REQUIRED","DENY","0.5-draft"
"EDGE-TD-MATERIALS-PRODUCTION-CLAY-002","TD-MATERIALS-PRODUCTION-CLAY","TD-BASE-SITE","REQUIRED","","","SL1","","Generated provisional semantics; human domain review required","PROVISIONAL_AUTO_REVIEW_REQUIRED","DENY","0.5-draft"
"EDGE-TD-MATERIALS-PRODUCTION-CLAY-003","TD-MATERIALS-PRODUCTION-CLAY","TD-BASE-INVENTORY","REQUIRED","","","SL1","","Generated provisional semantics; human domain review required","PROVISIONAL_AUTO_REVIEW_REQUIRED","DENY","0.5-draft"
"EDGE-TD-MATERIALS-PRODUCTION-CERAMIC-001","TD-MATERIALS-PRODUCTION-CERAMIC","TD-BASE-SAFETY","REQUIRED","","","SL1","","Generated provisional semantics; human domain review required","PROVISIONAL_AUTO_REVIEW_REQUIRED","DENY","0.5-draft"
"EDGE-TD-MATERIALS-PRODUCTION-CERAMIC-002","TD-MATERIALS-PRODUCTION-CERAMIC","TD-BASE-SITE","REQUIRED","","","SL1","","Generated provisional semantics; human domain review required","PROVISIONAL_AUTO_REVIEW_REQUIRED","DENY","0.5-draft"
"EDGE-TD-MATERIALS-PRODUCTION-CERAMIC-003","TD-MATERIALS-PRODUCTION-CERAMIC","TD-BASE-INVENTORY","REQUIRED","","","SL1","","Generated provisional semantics; human domain review required","PROVISIONAL_AUTO_REVIEW_REQUIRED","DENY","0.5-draft"
"EDGE-TD-MATERIALS-PRODUCTION-KILN-001","TD-MATERIALS-PRODUCTION-KILN","TD-BASE-SAFETY","REQUIRED","","","SL1","","Generated provisional semantics; human domain review required","PROVISIONAL_AUTO_REVIEW_REQUIRED","DENY","0.5-draft"
"EDGE-TD-MATERIALS-PRODUCTION-KILN-002","TD-MATERIALS-PRODUCTION-KILN","TD-BASE-SITE","REQUIRED","","","SL1","","Generated provisional semantics; human domain review required","PROVISIONAL_AUTO_REVIEW_REQUIRED","DENY","0.5-draft"
"EDGE-TD-MATERIALS-PRODUCTION-KILN-003","TD-MATERIALS-PRODUCTION-KILN","TD-BASE-INVENTORY","REQUIRED","","","SL1","","Generated provisional semantics; human domain review required","PROVISIONAL_AUTO_REVIEW_REQUIRED","DENY","0.5-draft"
"EDGE-TD-MATERIALS-PRODUCTION-GLASS-REPAIR-001","TD-MATERIALS-PRODUCTION-GLASS-REPAIR","TD-BASE-SAFETY","REQUIRED","","","SL1","","Generated provisional semantics; human domain review required","PROVISIONAL_AUTO_REVIEW_REQUIRED","DENY","0.5-draft"
"EDGE-TD-MATERIALS-PRODUCTION-GLASS-REPAIR-002","TD-MATERIALS-PRODUCTION-GLASS-REPAIR","TD-BASE-SITE","REQUIRED","","","SL1","","Generated provisional semantics; human domain review required","PROVISIONAL_AUTO_REVIEW_REQUIRED","DENY","0.5-draft"
"EDGE-TD-MATERIALS-PRODUCTION-GLASS-REPAIR-003","TD-MATERIALS-PRODUCTION-GLASS-REPAIR","TD-BASE-INVENTORY","REQUIRED","","","SL1","","Generated provisional semantics; human domain review required","PROVISIONAL_AUTO_REVIEW_REQUIRED","DENY","0.5-draft"
"EDGE-TD-MATERIALS-PRODUCTION-GLASS-MAKE-001","TD-MATERIALS-PRODUCTION-GLASS-MAKE","TD-BASE-SAFETY","REQUIRED","","","SL1","","Generated provisional semantics; human domain review required","PROVISIONAL_AUTO_REVIEW_REQUIRED","DENY","0.5-draft"
"EDGE-TD-MATERIALS-PRODUCTION-GLASS-MAKE-002","TD-MATERIALS-PRODUCTION-GLASS-MAKE","TD-BASE-SITE","REQUIRED","","","SL1","","Generated provisional semantics; human domain review required","PROVISIONAL_AUTO_REVIEW_REQUIRED","DENY","0.5-draft"
"EDGE-TD-MATERIALS-PRODUCTION-GLASS-MAKE-003","TD-MATERIALS-PRODUCTION-GLASS-MAKE","TD-BASE-INVENTORY","REQUIRED","","","SL1","","Generated provisional semantics; human domain review required","PROVISIONAL_AUTO_REVIEW_REQUIRED","DENY","0.5-draft"
"EDGE-TD-MATERIALS-PRODUCTION-STONE-001","TD-MATERIALS-PRODUCTION-STONE","TD-BASE-SAFETY","REQUIRED","","","SL1","","Generated provisional semantics; human domain review required","PROVISIONAL_AUTO_REVIEW_REQUIRED","DENY","0.5-draft"
"EDGE-TD-MATERIALS-PRODUCTION-STONE-002","TD-MATERIALS-PRODUCTION-STONE","TD-BASE-SITE","REQUIRED","","","SL1","","Generated provisional semantics; human domain review required","PROVISIONAL_AUTO_REVIEW_REQUIRED","DENY","0.5-draft"
"EDGE-TD-MATERIALS-PRODUCTION-STONE-003","TD-MATERIALS-PRODUCTION-STONE","TD-BASE-INVENTORY","REQUIRED","","","SL1","","Generated provisional semantics; human domain review required","PROVISIONAL_AUTO_REVIEW_REQUIRED","DENY","0.5-draft"
"EDGE-TD-MATERIALS-PRODUCTION-LIME-001","TD-MATERIALS-PRODUCTION-LIME","TD-BASE-SAFETY","REQUIRED","","","SL1","","Generated provisional semantics; human domain review required","PROVISIONAL_AUTO_REVIEW_REQUIRED","DENY","0.5-draft"
"EDGE-TD-MATERIALS-PRODUCTION-LIME-002","TD-MATERIALS-PRODUCTION-LIME","TD-BASE-SITE","REQUIRED","","","SL1","","Generated provisional semantics; human domain review required","PROVISIONAL_AUTO_REVIEW_REQUIRED","DENY","0.5-draft"
"EDGE-TD-MATERIALS-PRODUCTION-LIME-003","TD-MATERIALS-PRODUCTION-LIME","TD-BASE-INVENTORY","REQUIRED","","","SL1","","Generated provisional semantics; human domain review required","PROVISIONAL_AUTO_REVIEW_REQUIRED","DENY","0.5-draft"
"EDGE-TD-MATERIALS-PRODUCTION-CEMENT-001","TD-MATERIALS-PRODUCTION-CEMENT","TD-BASE-SAFETY","REQUIRED","","","SL1","","Generated provisional semantics; human domain review required","PROVISIONAL_AUTO_REVIEW_REQUIRED","DENY","0.5-draft"
"EDGE-TD-MATERIALS-PRODUCTION-CEMENT-002","TD-MATERIALS-PRODUCTION-CEMENT","TD-BASE-SITE","REQUIRED","","","SL1","","Generated provisional semantics; human domain review required","PROVISIONAL_AUTO_REVIEW_REQUIRED","DENY","0.5-draft"
"EDGE-TD-MATERIALS-PRODUCTION-CEMENT-003","TD-MATERIALS-PRODUCTION-CEMENT","TD-BASE-INVENTORY","REQUIRED","","","SL1","","Generated provisional semantics; human domain review required","PROVISIONAL_AUTO_REVIEW_REQUIRED","DENY","0.5-draft"
"EDGE-TD-MATERIALS-PRODUCTION-STRUCTURAL-001","TD-MATERIALS-PRODUCTION-STRUCTURAL","TD-BASE-SAFETY","REQUIRED","","","SL1","","Generated provisional semantics; human domain review required","PROVISIONAL_AUTO_REVIEW_REQUIRED","DENY","0.5-draft"
"EDGE-TD-MATERIALS-PRODUCTION-STRUCTURAL-002","TD-MATERIALS-PRODUCTION-STRUCTURAL","TD-BASE-SITE","REQUIRED","","","SL1","","Generated provisional semantics; human domain review required","PROVISIONAL_AUTO_REVIEW_REQUIRED","DENY","0.5-draft"
"EDGE-TD-MATERIALS-PRODUCTION-STRUCTURAL-003","TD-MATERIALS-PRODUCTION-STRUCTURAL","TD-BASE-INVENTORY","REQUIRED","","","SL1","","Generated provisional semantics; human domain review required","PROVISIONAL_AUTO_REVIEW_REQUIRED","DENY","0.5-draft"
"EDGE-TD-MATERIALS-PRODUCTION-FIBER-001","TD-MATERIALS-PRODUCTION-FIBER","TD-BASE-SAFETY","REQUIRED","","","SL1","","Generated provisional semantics; human domain review required","PROVISIONAL_AUTO_REVIEW_REQUIRED","DENY","0.5-draft"
"EDGE-TD-MATERIALS-PRODUCTION-FIBER-002","TD-MATERIALS-PRODUCTION-FIBER","TD-BASE-SITE","REQUIRED","","","SL1","","Generated provisional semantics; human domain review required","PROVISIONAL_AUTO_REVIEW_REQUIRED","DENY","0.5-draft"
"EDGE-TD-MATERIALS-PRODUCTION-FIBER-003","TD-MATERIALS-PRODUCTION-FIBER","TD-BASE-INVENTORY","REQUIRED","","","SL1","","Generated provisional semantics; human domain review required","PROVISIONAL_AUTO_REVIEW_REQUIRED","DENY","0.5-draft"
"EDGE-TD-MATERIALS-PRODUCTION-WOOL-001","TD-MATERIALS-PRODUCTION-WOOL","TD-BASE-SAFETY","REQUIRED","","","SL1","","Generated provisional semantics; human domain review required","PROVISIONAL_AUTO_REVIEW_REQUIRED","DENY","0.5-draft"
"EDGE-TD-MATERIALS-PRODUCTION-WOOL-002","TD-MATERIALS-PRODUCTION-WOOL","TD-BASE-SITE","REQUIRED","","","SL1","","Generated provisional semantics; human domain review required","PROVISIONAL_AUTO_REVIEW_REQUIRED","DENY","0.5-draft"
"EDGE-TD-MATERIALS-PRODUCTION-WOOL-003","TD-MATERIALS-PRODUCTION-WOOL","TD-BASE-INVENTORY","REQUIRED","","","SL1","","Generated provisional semantics; human domain review required","PROVISIONAL_AUTO_REVIEW_REQUIRED","DENY","0.5-draft"
"EDGE-TD-MATERIALS-PRODUCTION-FLAX-001","TD-MATERIALS-PRODUCTION-FLAX","TD-BASE-SAFETY","REQUIRED","","","SL1","","Generated provisional semantics; human domain review required","PROVISIONAL_AUTO_REVIEW_REQUIRED","DENY","0.5-draft"
"EDGE-TD-MATERIALS-PRODUCTION-FLAX-002","TD-MATERIALS-PRODUCTION-FLAX","TD-BASE-SITE","REQUIRED","","","SL1","","Generated provisional semantics; human domain review required","PROVISIONAL_AUTO_REVIEW_REQUIRED","DENY","0.5-draft"
"EDGE-TD-MATERIALS-PRODUCTION-FLAX-003","TD-MATERIALS-PRODUCTION-FLAX","TD-BASE-INVENTORY","REQUIRED","","","SL1","","Generated provisional semantics; human domain review required","PROVISIONAL_AUTO_REVIEW_REQUIRED","DENY","0.5-draft"
"EDGE-TD-MATERIALS-PRODUCTION-CARD-001","TD-MATERIALS-PRODUCTION-CARD","TD-BASE-SAFETY","REQUIRED","","","SL1","","Generated provisional semantics; human domain review required","PROVISIONAL_AUTO_REVIEW_REQUIRED","DENY","0.5-draft"
"EDGE-TD-MATERIALS-PRODUCTION-CARD-002","TD-MATERIALS-PRODUCTION-CARD","TD-BASE-SITE","REQUIRED","","","SL1","","Generated provisional semantics; human domain review required","PROVISIONAL_AUTO_REVIEW_REQUIRED","DENY","0.5-draft"
"EDGE-TD-MATERIALS-PRODUCTION-CARD-003","TD-MATERIALS-PRODUCTION-CARD","TD-BASE-INVENTORY","REQUIRED","","","SL1","","Generated provisional semantics; human domain review required","PROVISIONAL_AUTO_REVIEW_REQUIRED","DENY","0.5-draft"
"EDGE-TD-MATERIALS-PRODUCTION-SPIN-001","TD-MATERIALS-PRODUCTION-SPIN","TD-BASE-SAFETY","REQUIRED","","","SL1","","Generated provisional semantics; human domain review required","PROVISIONAL_AUTO_REVIEW_REQUIRED","DENY","0.5-draft"
"EDGE-TD-MATERIALS-PRODUCTION-SPIN-002","TD-MATERIALS-PRODUCTION-SPIN","TD-BASE-SITE","REQUIRED","","","SL1","","Generated provisional semantics; human domain review required","PROVISIONAL_AUTO_REVIEW_REQUIRED","DENY","0.5-draft"
"EDGE-TD-MATERIALS-PRODUCTION-SPIN-003","TD-MATERIALS-PRODUCTION-SPIN","TD-BASE-INVENTORY","REQUIRED","","","SL1","","Generated provisional semantics; human domain review required","PROVISIONAL_AUTO_REVIEW_REQUIRED","DENY","0.5-draft"
"EDGE-TD-MATERIALS-PRODUCTION-WEAVE-001","TD-MATERIALS-PRODUCTION-WEAVE","TD-BASE-SAFETY","REQUIRED","","","SL1","","Generated provisional semantics; human domain review required","PROVISIONAL_AUTO_REVIEW_REQUIRED","DENY","0.5-draft"
"EDGE-TD-MATERIALS-PRODUCTION-WEAVE-002","TD-MATERIALS-PRODUCTION-WEAVE","TD-BASE-SITE","REQUIRED","","","SL1","","Generated provisional semantics; human domain review required","PROVISIONAL_AUTO_REVIEW_REQUIRED","DENY","0.5-draft"
"EDGE-TD-MATERIALS-PRODUCTION-WEAVE-003","TD-MATERIALS-PRODUCTION-WEAVE","TD-BASE-INVENTORY","REQUIRED","","","SL1","","Generated provisional semantics; human domain review required","PROVISIONAL_AUTO_REVIEW_REQUIRED","DENY","0.5-draft"
"EDGE-TD-MATERIALS-PRODUCTION-KNIT-001","TD-MATERIALS-PRODUCTION-KNIT","TD-BASE-SAFETY","REQUIRED","","","SL1","","Generated provisional semantics; human domain review required","PROVISIONAL_AUTO_REVIEW_REQUIRED","DENY","0.5-draft"
"EDGE-TD-MATERIALS-PRODUCTION-KNIT-002","TD-MATERIALS-PRODUCTION-KNIT","TD-BASE-SITE","REQUIRED","","","SL1","","Generated provisional semantics; human domain review required","PROVISIONAL_AUTO_REVIEW_REQUIRED","DENY","0.5-draft"
"EDGE-TD-MATERIALS-PRODUCTION-KNIT-003","TD-MATERIALS-PRODUCTION-KNIT","TD-BASE-INVENTORY","REQUIRED","","","SL1","","Generated provisional semantics; human domain review required","PROVISIONAL_AUTO_REVIEW_REQUIRED","DENY","0.5-draft"
"EDGE-TD-MATERIALS-PRODUCTION-FELT-001","TD-MATERIALS-PRODUCTION-FELT","TD-BASE-SAFETY","REQUIRED","","","SL1","","Generated provisional semantics; human domain review required","PROVISIONAL_AUTO_REVIEW_REQUIRED","DENY","0.5-draft"
"EDGE-TD-MATERIALS-PRODUCTION-FELT-002","TD-MATERIALS-PRODUCTION-FELT","TD-BASE-SITE","REQUIRED","","","SL1","","Generated provisional semantics; human domain review required","PROVISIONAL_AUTO_REVIEW_REQUIRED","DENY","0.5-draft"
"EDGE-TD-MATERIALS-PRODUCTION-FELT-003","TD-MATERIALS-PRODUCTION-FELT","TD-BASE-INVENTORY","REQUIRED","","","SL1","","Generated provisional semantics; human domain review required","PROVISIONAL_AUTO_REVIEW_REQUIRED","DENY","0.5-draft"
"EDGE-TD-MATERIALS-PRODUCTION-ROPE-001","TD-MATERIALS-PRODUCTION-ROPE","TD-BASE-SAFETY","REQUIRED","","","SL1","","Generated provisional semantics; human domain review required","PROVISIONAL_AUTO_REVIEW_REQUIRED","DENY","0.5-draft"
"EDGE-TD-MATERIALS-PRODUCTION-ROPE-002","TD-MATERIALS-PRODUCTION-ROPE","TD-BASE-SITE","REQUIRED","","","SL1","","Generated provisional semantics; human domain review required","PROVISIONAL_AUTO_REVIEW_REQUIRED","DENY","0.5-draft"
"EDGE-TD-MATERIALS-PRODUCTION-ROPE-003","TD-MATERIALS-PRODUCTION-ROPE","TD-BASE-INVENTORY","REQUIRED","","","SL1","","Generated provisional semantics; human domain review required","PROVISIONAL_AUTO_REVIEW_REQUIRED","DENY","0.5-draft"
"EDGE-TD-MATERIALS-PRODUCTION-LEATHER-001","TD-MATERIALS-PRODUCTION-LEATHER","TD-BASE-SAFETY","REQUIRED","","","SL1","","Generated provisional semantics; human domain review required","PROVISIONAL_AUTO_REVIEW_REQUIRED","DENY","0.5-draft"
"EDGE-TD-MATERIALS-PRODUCTION-LEATHER-002","TD-MATERIALS-PRODUCTION-LEATHER","TD-BASE-SITE","REQUIRED","","","SL1","","Generated provisional semantics; human domain review required","PROVISIONAL_AUTO_REVIEW_REQUIRED","DENY","0.5-draft"
"EDGE-TD-MATERIALS-PRODUCTION-LEATHER-003","TD-MATERIALS-PRODUCTION-LEATHER","TD-BASE-INVENTORY","REQUIRED","","","SL1","","Generated provisional semantics; human domain review required","PROVISIONAL_AUTO_REVIEW_REQUIRED","DENY","0.5-draft"
"EDGE-TD-MATERIALS-PRODUCTION-TANNING-001","TD-MATERIALS-PRODUCTION-TANNING","TD-BASE-SAFETY","REQUIRED","","","SL1","","Generated provisional semantics; human domain review required","PROVISIONAL_AUTO_REVIEW_REQUIRED","DENY","0.5-draft"
"EDGE-TD-MATERIALS-PRODUCTION-TANNING-002","TD-MATERIALS-PRODUCTION-TANNING","TD-BASE-SITE","REQUIRED","","","SL1","","Generated provisional semantics; human domain review required","PROVISIONAL_AUTO_REVIEW_REQUIRED","DENY","0.5-draft"
"EDGE-TD-MATERIALS-PRODUCTION-TANNING-003","TD-MATERIALS-PRODUCTION-TANNING","TD-BASE-INVENTORY","REQUIRED","","","SL1","","Generated provisional semantics; human domain review required","PROVISIONAL_AUTO_REVIEW_REQUIRED","DENY","0.5-draft"
"EDGE-TD-MATERIALS-PRODUCTION-PAPER-001","TD-MATERIALS-PRODUCTION-PAPER","TD-BASE-SAFETY","REQUIRED","","","SL1","","Generated provisional semantics; human domain review required","PROVISIONAL_AUTO_REVIEW_REQUIRED","DENY","0.5-draft"
"EDGE-TD-MATERIALS-PRODUCTION-PAPER-002","TD-MATERIALS-PRODUCTION-PAPER","TD-BASE-SITE","REQUIRED","","","SL1","","Generated provisional semantics; human domain review required","PROVISIONAL_AUTO_REVIEW_REQUIRED","DENY","0.5-draft"
"EDGE-TD-MATERIALS-PRODUCTION-PAPER-003","TD-MATERIALS-PRODUCTION-PAPER","TD-BASE-INVENTORY","REQUIRED","","","SL1","","Generated provisional semantics; human domain review required","PROVISIONAL_AUTO_REVIEW_REQUIRED","DENY","0.5-draft"
"EDGE-TD-MATERIALS-PRODUCTION-PRINT-001","TD-MATERIALS-PRODUCTION-PRINT","TD-BASE-SAFETY","REQUIRED","","","SL1","","Generated provisional semantics; human domain review required","PROVISIONAL_AUTO_REVIEW_REQUIRED","DENY","0.5-draft"
"EDGE-TD-MATERIALS-PRODUCTION-PRINT-002","TD-MATERIALS-PRODUCTION-PRINT","TD-BASE-SITE","REQUIRED","","","SL1","","Generated provisional semantics; human domain review required","PROVISIONAL_AUTO_REVIEW_REQUIRED","DENY","0.5-draft"
"EDGE-TD-MATERIALS-PRODUCTION-PRINT-003","TD-MATERIALS-PRODUCTION-PRINT","TD-BASE-INVENTORY","REQUIRED","","","SL1","","Generated provisional semantics; human domain review required","PROVISIONAL_AUTO_REVIEW_REQUIRED","DENY","0.5-draft"
"EDGE-TD-MATERIALS-PRODUCTION-INK-001","TD-MATERIALS-PRODUCTION-INK","TD-BASE-SAFETY","REQUIRED","","","SL1","","Generated provisional semantics; human domain review required","PROVISIONAL_AUTO_REVIEW_REQUIRED","DENY","0.5-draft"
"EDGE-TD-MATERIALS-PRODUCTION-INK-002","TD-MATERIALS-PRODUCTION-INK","TD-BASE-SITE","REQUIRED","","","SL1","","Generated provisional semantics; human domain review required","PROVISIONAL_AUTO_REVIEW_REQUIRED","DENY","0.5-draft"
"EDGE-TD-MATERIALS-PRODUCTION-INK-003","TD-MATERIALS-PRODUCTION-INK","TD-BASE-INVENTORY","REQUIRED","","","SL1","","Generated provisional semantics; human domain review required","PROVISIONAL_AUTO_REVIEW_REQUIRED","DENY","0.5-draft"
"EDGE-TD-MATERIALS-PRODUCTION-BIND-001","TD-MATERIALS-PRODUCTION-BIND","TD-BASE-SAFETY","REQUIRED","","","SL1","","Generated provisional semantics; human domain review required","PROVISIONAL_AUTO_REVIEW_REQUIRED","DENY","0.5-draft"
"EDGE-TD-MATERIALS-PRODUCTION-BIND-002","TD-MATERIALS-PRODUCTION-BIND","TD-BASE-SITE","REQUIRED","","","SL1","","Generated provisional semantics; human domain review required","PROVISIONAL_AUTO_REVIEW_REQUIRED","DENY","0.5-draft"
"EDGE-TD-MATERIALS-PRODUCTION-BIND-003","TD-MATERIALS-PRODUCTION-BIND","TD-BASE-INVENTORY","REQUIRED","","","SL1","","Generated provisional semantics; human domain review required","PROVISIONAL_AUTO_REVIEW_REQUIRED","DENY","0.5-draft"
"EDGE-TD-MATERIALS-PRODUCTION-POLYMER-001","TD-MATERIALS-PRODUCTION-POLYMER","TD-BASE-SAFETY","REQUIRED","","","SL1","","Generated provisional semantics; human domain review required","PROVISIONAL_AUTO_REVIEW_REQUIRED","DENY","0.5-draft"
"EDGE-TD-MATERIALS-PRODUCTION-POLYMER-002","TD-MATERIALS-PRODUCTION-POLYMER","TD-BASE-SITE","REQUIRED","","","SL1","","Generated provisional semantics; human domain review required","PROVISIONAL_AUTO_REVIEW_REQUIRED","DENY","0.5-draft"
"EDGE-TD-MATERIALS-PRODUCTION-POLYMER-003","TD-MATERIALS-PRODUCTION-POLYMER","TD-BASE-INVENTORY","REQUIRED","","","SL1","","Generated provisional semantics; human domain review required","PROVISIONAL_AUTO_REVIEW_REQUIRED","DENY","0.5-draft"
"EDGE-TD-MATERIALS-PRODUCTION-POLYMER-MAKE-001","TD-MATERIALS-PRODUCTION-POLYMER-MAKE","TD-BASE-SAFETY","REQUIRED","","","SL1","","Generated provisional semantics; human domain review required","PROVISIONAL_AUTO_REVIEW_REQUIRED","DENY","0.5-draft"
"EDGE-TD-MATERIALS-PRODUCTION-POLYMER-MAKE-002","TD-MATERIALS-PRODUCTION-POLYMER-MAKE","TD-BASE-SITE","REQUIRED","","","SL1","","Generated provisional semantics; human domain review required","PROVISIONAL_AUTO_REVIEW_REQUIRED","DENY","0.5-draft"
"EDGE-TD-MATERIALS-PRODUCTION-POLYMER-MAKE-003","TD-MATERIALS-PRODUCTION-POLYMER-MAKE","TD-BASE-INVENTORY","REQUIRED","","","SL1","","Generated provisional semantics; human domain review required","PROVISIONAL_AUTO_REVIEW_REQUIRED","DENY","0.5-draft"
"EDGE-TD-MATERIALS-PRODUCTION-ADHESIVE-001","TD-MATERIALS-PRODUCTION-ADHESIVE","TD-BASE-SAFETY","REQUIRED","","","SL1","","Generated provisional semantics; human domain review required","PROVISIONAL_AUTO_REVIEW_REQUIRED","DENY","0.5-draft"
"EDGE-TD-MATERIALS-PRODUCTION-ADHESIVE-002","TD-MATERIALS-PRODUCTION-ADHESIVE","TD-BASE-SITE","REQUIRED","","","SL1","","Generated provisional semantics; human domain review required","PROVISIONAL_AUTO_REVIEW_REQUIRED","DENY","0.5-draft"
"EDGE-TD-MATERIALS-PRODUCTION-ADHESIVE-003","TD-MATERIALS-PRODUCTION-ADHESIVE","TD-BASE-INVENTORY","REQUIRED","","","SL1","","Generated provisional semantics; human domain review required","PROVISIONAL_AUTO_REVIEW_REQUIRED","DENY","0.5-draft"
"EDGE-TD-MATERIALS-PRODUCTION-SEAL-001","TD-MATERIALS-PRODUCTION-SEAL","TD-BASE-SAFETY","REQUIRED","","","SL1","","Generated provisional semantics; human domain review required","PROVISIONAL_AUTO_REVIEW_REQUIRED","DENY","0.5-draft"
"EDGE-TD-MATERIALS-PRODUCTION-SEAL-002","TD-MATERIALS-PRODUCTION-SEAL","TD-BASE-SITE","REQUIRED","","","SL1","","Generated provisional semantics; human domain review required","PROVISIONAL_AUTO_REVIEW_REQUIRED","DENY","0.5-draft"
"EDGE-TD-MATERIALS-PRODUCTION-SEAL-003","TD-MATERIALS-PRODUCTION-SEAL","TD-BASE-INVENTORY","REQUIRED","","","SL1","","Generated provisional semantics; human domain review required","PROVISIONAL_AUTO_REVIEW_REQUIRED","DENY","0.5-draft"
"EDGE-TD-MATERIALS-PRODUCTION-FASTENER-001","TD-MATERIALS-PRODUCTION-FASTENER","TD-BASE-SAFETY","REQUIRED","","","SL1","","Generated provisional semantics; human domain review required","PROVISIONAL_AUTO_REVIEW_REQUIRED","DENY","0.5-draft"
"EDGE-TD-MATERIALS-PRODUCTION-FASTENER-002","TD-MATERIALS-PRODUCTION-FASTENER","TD-BASE-SITE","REQUIRED","","","SL1","","Generated provisional semantics; human domain review required","PROVISIONAL_AUTO_REVIEW_REQUIRED","DENY","0.5-draft"
"EDGE-TD-MATERIALS-PRODUCTION-FASTENER-003","TD-MATERIALS-PRODUCTION-FASTENER","TD-BASE-INVENTORY","REQUIRED","","","SL1","","Generated provisional semantics; human domain review required","PROVISIONAL_AUTO_REVIEW_REQUIRED","DENY","0.5-draft"
"EDGE-TD-MATERIALS-PRODUCTION-WIRE-001","TD-MATERIALS-PRODUCTION-WIRE","TD-BASE-SAFETY","REQUIRED","","","SL1","","Generated provisional semantics; human domain review required","PROVISIONAL_AUTO_REVIEW_REQUIRED","DENY","0.5-draft"
"EDGE-TD-MATERIALS-PRODUCTION-WIRE-002","TD-MATERIALS-PRODUCTION-WIRE","TD-BASE-SITE","REQUIRED","","","SL1","","Generated provisional semantics; human domain review required","PROVISIONAL_AUTO_REVIEW_REQUIRED","DENY","0.5-draft"
"EDGE-TD-MATERIALS-PRODUCTION-WIRE-003","TD-MATERIALS-PRODUCTION-WIRE","TD-BASE-INVENTORY","REQUIRED","","","SL1","","Generated provisional semantics; human domain review required","PROVISIONAL_AUTO_REVIEW_REQUIRED","DENY","0.5-draft"
"EDGE-TD-MATERIALS-PRODUCTION-SPRING-001","TD-MATERIALS-PRODUCTION-SPRING","TD-BASE-SAFETY","REQUIRED","","","SL1","","Generated provisional semantics; human domain review required","PROVISIONAL_AUTO_REVIEW_REQUIRED","DENY","0.5-draft"
"EDGE-TD-MATERIALS-PRODUCTION-SPRING-002","TD-MATERIALS-PRODUCTION-SPRING","TD-BASE-SITE","REQUIRED","","","SL1","","Generated provisional semantics; human domain review required","PROVISIONAL_AUTO_REVIEW_REQUIRED","DENY","0.5-draft"
"EDGE-TD-MATERIALS-PRODUCTION-SPRING-003","TD-MATERIALS-PRODUCTION-SPRING","TD-BASE-INVENTORY","REQUIRED","","","SL1","","Generated provisional semantics; human domain review required","PROVISIONAL_AUTO_REVIEW_REQUIRED","DENY","0.5-draft"
"EDGE-TD-MATERIALS-PRODUCTION-BEARING-001","TD-MATERIALS-PRODUCTION-BEARING","TD-BASE-SAFETY","REQUIRED","","","SL1","","Generated provisional semantics; human domain review required","PROVISIONAL_AUTO_REVIEW_REQUIRED","DENY","0.5-draft"
"EDGE-TD-MATERIALS-PRODUCTION-BEARING-002","TD-MATERIALS-PRODUCTION-BEARING","TD-BASE-SITE","REQUIRED","","","SL1","","Generated provisional semantics; human domain review required","PROVISIONAL_AUTO_REVIEW_REQUIRED","DENY","0.5-draft"
"EDGE-TD-MATERIALS-PRODUCTION-BEARING-003","TD-MATERIALS-PRODUCTION-BEARING","TD-BASE-INVENTORY","REQUIRED","","","SL1","","Generated provisional semantics; human domain review required","PROVISIONAL_AUTO_REVIEW_REQUIRED","DENY","0.5-draft"
"EDGE-TD-MATERIALS-PRODUCTION-GEAR-001","TD-MATERIALS-PRODUCTION-GEAR","TD-BASE-SAFETY","REQUIRED","","","SL1","","Generated provisional semantics; human domain review required","PROVISIONAL_AUTO_REVIEW_REQUIRED","DENY","0.5-draft"
"EDGE-TD-MATERIALS-PRODUCTION-GEAR-002","TD-MATERIALS-PRODUCTION-GEAR","TD-BASE-SITE","REQUIRED","","","SL1","","Generated provisional semantics; human domain review required","PROVISIONAL_AUTO_REVIEW_REQUIRED","DENY","0.5-draft"
"EDGE-TD-MATERIALS-PRODUCTION-GEAR-003","TD-MATERIALS-PRODUCTION-GEAR","TD-BASE-INVENTORY","REQUIRED","","","SL1","","Generated provisional semantics; human domain review required","PROVISIONAL_AUTO_REVIEW_REQUIRED","DENY","0.5-draft"
"EDGE-TD-MATERIALS-PRODUCTION-ABRASIVE-001","TD-MATERIALS-PRODUCTION-ABRASIVE","TD-BASE-SAFETY","REQUIRED","","","SL1","","Generated provisional semantics; human domain review required","PROVISIONAL_AUTO_REVIEW_REQUIRED","DENY","0.5-draft"
"EDGE-TD-MATERIALS-PRODUCTION-ABRASIVE-002","TD-MATERIALS-PRODUCTION-ABRASIVE","TD-BASE-SITE","REQUIRED","","","SL1","","Generated provisional semantics; human domain review required","PROVISIONAL_AUTO_REVIEW_REQUIRED","DENY","0.5-draft"
"EDGE-TD-MATERIALS-PRODUCTION-ABRASIVE-003","TD-MATERIALS-PRODUCTION-ABRASIVE","TD-BASE-INVENTORY","REQUIRED","","","SL1","","Generated provisional semantics; human domain review required","PROVISIONAL_AUTO_REVIEW_REQUIRED","DENY","0.5-draft"
"EDGE-TD-MATERIALS-PRODUCTION-LUBRICANT-001","TD-MATERIALS-PRODUCTION-LUBRICANT","TD-BASE-SAFETY","REQUIRED","","","SL1","","Generated provisional semantics; human domain review required","PROVISIONAL_AUTO_REVIEW_REQUIRED","DENY","0.5-draft"
"EDGE-TD-MATERIALS-PRODUCTION-LUBRICANT-002","TD-MATERIALS-PRODUCTION-LUBRICANT","TD-BASE-SITE","REQUIRED","","","SL1","","Generated provisional semantics; human domain review required","PROVISIONAL_AUTO_REVIEW_REQUIRED","DENY","0.5-draft"
"EDGE-TD-MATERIALS-PRODUCTION-LUBRICANT-003","TD-MATERIALS-PRODUCTION-LUBRICANT","TD-BASE-INVENTORY","REQUIRED","","","SL1","","Generated provisional semantics; human domain review required","PROVISIONAL_AUTO_REVIEW_REQUIRED","DENY","0.5-draft"
"EDGE-TD-MATERIALS-PRODUCTION-INTERFACE-001","TD-MATERIALS-PRODUCTION-INTERFACE","TD-BASE-SAFETY","REQUIRED","","","SL1","","Generated provisional semantics; human domain review required","PROVISIONAL_AUTO_REVIEW_REQUIRED","DENY","0.5-draft"
"EDGE-TD-MATERIALS-PRODUCTION-INTERFACE-002","TD-MATERIALS-PRODUCTION-INTERFACE","TD-BASE-SITE","REQUIRED","","","SL1","","Generated provisional semantics; human domain review required","PROVISIONAL_AUTO_REVIEW_REQUIRED","DENY","0.5-draft"
"EDGE-TD-MATERIALS-PRODUCTION-INTERFACE-003","TD-MATERIALS-PRODUCTION-INTERFACE","TD-BASE-INVENTORY","REQUIRED","","","SL1","","Generated provisional semantics; human domain review required","PROVISIONAL_AUTO_REVIEW_REQUIRED","DENY","0.5-draft"
"EDGE-TD-MATERIALS-PRODUCTION-MACHINE-DRILL-001","TD-MATERIALS-PRODUCTION-MACHINE-DRILL","TD-BASE-SAFETY","REQUIRED","","","SL1","","Generated provisional semantics; human domain review required","PROVISIONAL_AUTO_REVIEW_REQUIRED","DENY","0.5-draft"
"EDGE-TD-MATERIALS-PRODUCTION-MACHINE-DRILL-002","TD-MATERIALS-PRODUCTION-MACHINE-DRILL","TD-BASE-SITE","REQUIRED","","","SL1","","Generated provisional semantics; human domain review required","PROVISIONAL_AUTO_REVIEW_REQUIRED","DENY","0.5-draft"
"EDGE-TD-MATERIALS-PRODUCTION-MACHINE-DRILL-003","TD-MATERIALS-PRODUCTION-MACHINE-DRILL","TD-BASE-INVENTORY","REQUIRED","","","SL1","","Generated provisional semantics; human domain review required","PROVISIONAL_AUTO_REVIEW_REQUIRED","DENY","0.5-draft"
"EDGE-TD-MATERIALS-PRODUCTION-MACHINE-LATHE-001","TD-MATERIALS-PRODUCTION-MACHINE-LATHE","TD-BASE-SAFETY","REQUIRED","","","SL1","","Generated provisional semantics; human domain review required","PROVISIONAL_AUTO_REVIEW_REQUIRED","DENY","0.5-draft"
"EDGE-TD-MATERIALS-PRODUCTION-MACHINE-LATHE-002","TD-MATERIALS-PRODUCTION-MACHINE-LATHE","TD-BASE-SITE","REQUIRED","","","SL1","","Generated provisional semantics; human domain review required","PROVISIONAL_AUTO_REVIEW_REQUIRED","DENY","0.5-draft"
"EDGE-TD-MATERIALS-PRODUCTION-MACHINE-LATHE-003","TD-MATERIALS-PRODUCTION-MACHINE-LATHE","TD-BASE-INVENTORY","REQUIRED","","","SL1","","Generated provisional semantics; human domain review required","PROVISIONAL_AUTO_REVIEW_REQUIRED","DENY","0.5-draft"
"EDGE-TD-MATERIALS-PRODUCTION-MACHINE-MILL-001","TD-MATERIALS-PRODUCTION-MACHINE-MILL","TD-BASE-SAFETY","REQUIRED","","","SL1","","Generated provisional semantics; human domain review required","PROVISIONAL_AUTO_REVIEW_REQUIRED","DENY","0.5-draft"
"EDGE-TD-MATERIALS-PRODUCTION-MACHINE-MILL-002","TD-MATERIALS-PRODUCTION-MACHINE-MILL","TD-BASE-SITE","REQUIRED","","","SL1","","Generated provisional semantics; human domain review required","PROVISIONAL_AUTO_REVIEW_REQUIRED","DENY","0.5-draft"
"EDGE-TD-MATERIALS-PRODUCTION-MACHINE-MILL-003","TD-MATERIALS-PRODUCTION-MACHINE-MILL","TD-BASE-INVENTORY","REQUIRED","","","SL1","","Generated provisional semantics; human domain review required","PROVISIONAL_AUTO_REVIEW_REQUIRED","DENY","0.5-draft"
"EDGE-TD-MATERIALS-PRODUCTION-MACHINE-GRIND-001","TD-MATERIALS-PRODUCTION-MACHINE-GRIND","TD-BASE-SAFETY","REQUIRED","","","SL1","","Generated provisional semantics; human domain review required","PROVISIONAL_AUTO_REVIEW_REQUIRED","DENY","0.5-draft"
"EDGE-TD-MATERIALS-PRODUCTION-MACHINE-GRIND-002","TD-MATERIALS-PRODUCTION-MACHINE-GRIND","TD-BASE-SITE","REQUIRED","","","SL1","","Generated provisional semantics; human domain review required","PROVISIONAL_AUTO_REVIEW_REQUIRED","DENY","0.5-draft"
"EDGE-TD-MATERIALS-PRODUCTION-MACHINE-GRIND-003","TD-MATERIALS-PRODUCTION-MACHINE-GRIND","TD-BASE-INVENTORY","REQUIRED","","","SL1","","Generated provisional semantics; human domain review required","PROVISIONAL_AUTO_REVIEW_REQUIRED","DENY","0.5-draft"
"EDGE-TD-MATERIALS-PRODUCTION-MACHINE-GUARD-001","TD-MATERIALS-PRODUCTION-MACHINE-GUARD","TD-BASE-SAFETY","REQUIRED","","","SL1","","Generated provisional semantics; human domain review required","PROVISIONAL_AUTO_REVIEW_REQUIRED","DENY","0.5-draft"
"EDGE-TD-MATERIALS-PRODUCTION-MACHINE-GUARD-002","TD-MATERIALS-PRODUCTION-MACHINE-GUARD","TD-BASE-SITE","REQUIRED","","","SL1","","Generated provisional semantics; human domain review required","PROVISIONAL_AUTO_REVIEW_REQUIRED","DENY","0.5-draft"
"EDGE-TD-MATERIALS-PRODUCTION-MACHINE-GUARD-003","TD-MATERIALS-PRODUCTION-MACHINE-GUARD","TD-BASE-INVENTORY","REQUIRED","","","SL1","","Generated provisional semantics; human domain review required","PROVISIONAL_AUTO_REVIEW_REQUIRED","DENY","0.5-draft"
"EDGE-TD-MATERIALS-PRODUCTION-MACHINE-ALIGN-001","TD-MATERIALS-PRODUCTION-MACHINE-ALIGN","TD-BASE-SAFETY","REQUIRED","","","SL1","","Generated provisional semantics; human domain review required","PROVISIONAL_AUTO_REVIEW_REQUIRED","DENY","0.5-draft"
"EDGE-TD-MATERIALS-PRODUCTION-MACHINE-ALIGN-002","TD-MATERIALS-PRODUCTION-MACHINE-ALIGN","TD-BASE-SITE","REQUIRED","","","SL1","","Generated provisional semantics; human domain review required","PROVISIONAL_AUTO_REVIEW_REQUIRED","DENY","0.5-draft"
"EDGE-TD-MATERIALS-PRODUCTION-MACHINE-ALIGN-003","TD-MATERIALS-PRODUCTION-MACHINE-ALIGN","TD-BASE-INVENTORY","REQUIRED","","","SL1","","Generated provisional semantics; human domain review required","PROVISIONAL_AUTO_REVIEW_REQUIRED","DENY","0.5-draft"
"EDGE-TD-MATERIALS-PRODUCTION-CRITICAL-PART-001","TD-MATERIALS-PRODUCTION-CRITICAL-PART","TD-BASE-SAFETY","REQUIRED","","","SL1","","Generated provisional semantics; human domain review required","PROVISIONAL_AUTO_REVIEW_REQUIRED","DENY","0.5-draft"
"EDGE-TD-MATERIALS-PRODUCTION-CRITICAL-PART-002","TD-MATERIALS-PRODUCTION-CRITICAL-PART","TD-BASE-SITE","REQUIRED","","","SL1","","Generated provisional semantics; human domain review required","PROVISIONAL_AUTO_REVIEW_REQUIRED","DENY","0.5-draft"
"EDGE-TD-MATERIALS-PRODUCTION-CRITICAL-PART-003","TD-MATERIALS-PRODUCTION-CRITICAL-PART","TD-BASE-INVENTORY","REQUIRED","","","SL1","","Generated provisional semantics; human domain review required","PROVISIONAL_AUTO_REVIEW_REQUIRED","DENY","0.5-draft"
"EDGE-TD-MATERIALS-PRODUCTION-001","TD-MATERIALS-PRODUCTION","TD-BASE","REQUIRED","","","SL3","","Generated provisional semantics; human domain review required","PROVISIONAL_AUTO_REVIEW_REQUIRED","DENY","0.5-draft"
"EDGE-TD-MATERIALS-PRODUCTION-002","TD-MATERIALS-PRODUCTION","TD-MATERIALS-PRODUCTION-IDENTITY","REQUIRED","","","SL5","","Generated provisional semantics; human domain review required","PROVISIONAL_AUTO_REVIEW_REQUIRED","DENY","0.5-draft"
"EDGE-TD-MATERIALS-PRODUCTION-003","TD-MATERIALS-PRODUCTION","TD-MATERIALS-PRODUCTION-STORAGE","REQUIRED","","","SL5","","Generated provisional semantics; human domain review required","PROVISIONAL_AUTO_REVIEW_REQUIRED","DENY","0.5-draft"
"EDGE-TD-MATERIALS-PRODUCTION-004","TD-MATERIALS-PRODUCTION","TD-MATERIALS-PRODUCTION-WOOD-HARVEST","CONDITIONAL","","","SL5","applicable_profile_site_or_qualified_role_required","Generated provisional semantics; human domain review required","PROVISIONAL_AUTO_REVIEW_REQUIRED","DENY","0.5-draft"
"EDGE-TD-MATERIALS-PRODUCTION-005","TD-MATERIALS-PRODUCTION","TD-MATERIALS-PRODUCTION-WOOD-SAW","CONDITIONAL","","","SL5","applicable_profile_site_or_qualified_role_required","Generated provisional semantics; human domain review required","PROVISIONAL_AUTO_REVIEW_REQUIRED","DENY","0.5-draft"
"EDGE-TD-MATERIALS-PRODUCTION-006","TD-MATERIALS-PRODUCTION","TD-MATERIALS-PRODUCTION-WOOD-DRY","REQUIRED","","","SL5","","Generated provisional semantics; human domain review required","PROVISIONAL_AUTO_REVIEW_REQUIRED","DENY","0.5-draft"
"EDGE-TD-MATERIALS-PRODUCTION-007","TD-MATERIALS-PRODUCTION","TD-MATERIALS-PRODUCTION-WOOD-JOIN","REQUIRED","","","SL5","","Generated provisional semantics; human domain review required","PROVISIONAL_AUTO_REVIEW_REQUIRED","DENY","0.5-draft"
"EDGE-TD-MATERIALS-PRODUCTION-008","TD-MATERIALS-PRODUCTION","TD-MATERIALS-PRODUCTION-METAL-SORT","CONDITIONAL","","","SL5","applicable_profile_site_or_qualified_role_required","Generated provisional semantics; human domain review required","PROVISIONAL_AUTO_REVIEW_REQUIRED","DENY","0.5-draft"
"EDGE-TD-MATERIALS-PRODUCTION-009","TD-MATERIALS-PRODUCTION","TD-MATERIALS-PRODUCTION-CORROSION","REQUIRED","","","SL5","","Generated provisional semantics; human domain review required","PROVISIONAL_AUTO_REVIEW_REQUIRED","DENY","0.5-draft"
"EDGE-TD-MATERIALS-PRODUCTION-010","TD-MATERIALS-PRODUCTION","TD-MATERIALS-PRODUCTION-METAL-COLD","CONDITIONAL","","","SL5","applicable_profile_site_or_qualified_role_required","Generated provisional semantics; human domain review required","PROVISIONAL_AUTO_REVIEW_REQUIRED","DENY","0.5-draft"
"EDGE-TD-MATERIALS-PRODUCTION-011","TD-MATERIALS-PRODUCTION","TD-MATERIALS-PRODUCTION-WELD","HAZARD_ONLY","","","SL1","not_an_operational_prerequisite","Generated provisional semantics; human domain review required","PROVISIONAL_AUTO_REVIEW_REQUIRED","DENY","0.5-draft"
"EDGE-TD-MATERIALS-PRODUCTION-012","TD-MATERIALS-PRODUCTION","TD-MATERIALS-PRODUCTION-SMELT","HAZARD_ONLY","","","SL1","not_an_operational_prerequisite","Generated provisional semantics; human domain review required","PROVISIONAL_AUTO_REVIEW_REQUIRED","DENY","0.5-draft"
"EDGE-TD-MATERIALS-PRODUCTION-013","TD-MATERIALS-PRODUCTION","TD-MATERIALS-PRODUCTION-CLAY","CONDITIONAL","","","SL5","applicable_profile_site_or_qualified_role_required","Generated provisional semantics; human domain review required","PROVISIONAL_AUTO_REVIEW_REQUIRED","DENY","0.5-draft"
"EDGE-TD-MATERIALS-PRODUCTION-014","TD-MATERIALS-PRODUCTION","TD-MATERIALS-PRODUCTION-CERAMIC","CONDITIONAL","","","SL5","applicable_profile_site_or_qualified_role_required","Generated provisional semantics; human domain review required","PROVISIONAL_AUTO_REVIEW_REQUIRED","DENY","0.5-draft"
"EDGE-TD-MATERIALS-PRODUCTION-015","TD-MATERIALS-PRODUCTION","TD-MATERIALS-PRODUCTION-KILN","HAZARD_ONLY","","","SL1","not_an_operational_prerequisite","Generated provisional semantics; human domain review required","PROVISIONAL_AUTO_REVIEW_REQUIRED","DENY","0.5-draft"
"EDGE-TD-MATERIALS-PRODUCTION-016","TD-MATERIALS-PRODUCTION","TD-MATERIALS-PRODUCTION-GLASS-REPAIR","CONDITIONAL","","","SL5","applicable_profile_site_or_qualified_role_required","Generated provisional semantics; human domain review required","PROVISIONAL_AUTO_REVIEW_REQUIRED","DENY","0.5-draft"
"EDGE-TD-MATERIALS-PRODUCTION-017","TD-MATERIALS-PRODUCTION","TD-MATERIALS-PRODUCTION-GLASS-MAKE","HAZARD_ONLY","","","SL1","not_an_operational_prerequisite","Generated provisional semantics; human domain review required","PROVISIONAL_AUTO_REVIEW_REQUIRED","DENY","0.5-draft"
"EDGE-TD-MATERIALS-PRODUCTION-018","TD-MATERIALS-PRODUCTION","TD-MATERIALS-PRODUCTION-STONE","CONDITIONAL","","","SL5","applicable_profile_site_or_qualified_role_required","Generated provisional semantics; human domain review required","PROVISIONAL_AUTO_REVIEW_REQUIRED","DENY","0.5-draft"
"EDGE-TD-MATERIALS-PRODUCTION-019","TD-MATERIALS-PRODUCTION","TD-MATERIALS-PRODUCTION-LIME","CONDITIONAL","","","SL5","applicable_profile_site_or_qualified_role_required","Generated provisional semantics; human domain review required","PROVISIONAL_AUTO_REVIEW_REQUIRED","DENY","0.5-draft"
"EDGE-TD-MATERIALS-PRODUCTION-020","TD-MATERIALS-PRODUCTION","TD-MATERIALS-PRODUCTION-CEMENT","CONDITIONAL","","","SL5","applicable_profile_site_or_qualified_role_required","Generated provisional semantics; human domain review required","PROVISIONAL_AUTO_REVIEW_REQUIRED","DENY","0.5-draft"
"EDGE-TD-MATERIALS-PRODUCTION-021","TD-MATERIALS-PRODUCTION","TD-MATERIALS-PRODUCTION-STRUCTURAL","HAZARD_ONLY","","","SL1","not_an_operational_prerequisite","Generated provisional semantics; human domain review required","PROVISIONAL_AUTO_REVIEW_REQUIRED","DENY","0.5-draft"
"EDGE-TD-MATERIALS-PRODUCTION-022","TD-MATERIALS-PRODUCTION","TD-MATERIALS-PRODUCTION-FIBER","REQUIRED","","","SL5","","Generated provisional semantics; human domain review required","PROVISIONAL_AUTO_REVIEW_REQUIRED","DENY","0.5-draft"
"EDGE-TD-MATERIALS-PRODUCTION-023","TD-MATERIALS-PRODUCTION","TD-MATERIALS-PRODUCTION-WOOL","REQUIRED","","","SL5","","Generated provisional semantics; human domain review required","PROVISIONAL_AUTO_REVIEW_REQUIRED","DENY","0.5-draft"
"EDGE-TD-MATERIALS-PRODUCTION-024","TD-MATERIALS-PRODUCTION","TD-MATERIALS-PRODUCTION-FLAX","REQUIRED","","","SL5","","Generated provisional semantics; human domain review required","PROVISIONAL_AUTO_REVIEW_REQUIRED","DENY","0.5-draft"
"EDGE-TD-MATERIALS-PRODUCTION-025","TD-MATERIALS-PRODUCTION","TD-MATERIALS-PRODUCTION-CARD","REQUIRED","","","SL5","","Generated provisional semantics; human domain review required","PROVISIONAL_AUTO_REVIEW_REQUIRED","DENY","0.5-draft"
"EDGE-TD-MATERIALS-PRODUCTION-026","TD-MATERIALS-PRODUCTION","TD-MATERIALS-PRODUCTION-SPIN","REQUIRED","","","SL5","","Generated provisional semantics; human domain review required","PROVISIONAL_AUTO_REVIEW_REQUIRED","DENY","0.5-draft"
"EDGE-TD-MATERIALS-PRODUCTION-027","TD-MATERIALS-PRODUCTION","TD-MATERIALS-PRODUCTION-WEAVE","REQUIRED","","","SL5","","Generated provisional semantics; human domain review required","PROVISIONAL_AUTO_REVIEW_REQUIRED","DENY","0.5-draft"
"EDGE-TD-MATERIALS-PRODUCTION-028","TD-MATERIALS-PRODUCTION","TD-MATERIALS-PRODUCTION-KNIT","REQUIRED","","","SL5","","Generated provisional semantics; human domain review required","PROVISIONAL_AUTO_REVIEW_REQUIRED","DENY","0.5-draft"
"EDGE-TD-MATERIALS-PRODUCTION-029","TD-MATERIALS-PRODUCTION","TD-MATERIALS-PRODUCTION-FELT","REQUIRED","","","SL5","","Generated provisional semantics; human domain review required","PROVISIONAL_AUTO_REVIEW_REQUIRED","DENY","0.5-draft"
"EDGE-TD-MATERIALS-PRODUCTION-030","TD-MATERIALS-PRODUCTION","TD-MATERIALS-PRODUCTION-ROPE","CONDITIONAL","","","SL5","applicable_profile_site_or_qualified_role_required","Generated provisional semantics; human domain review required","PROVISIONAL_AUTO_REVIEW_REQUIRED","DENY","0.5-draft"
"EDGE-TD-MATERIALS-PRODUCTION-031","TD-MATERIALS-PRODUCTION","TD-MATERIALS-PRODUCTION-LEATHER","CONDITIONAL","","","SL5","applicable_profile_site_or_qualified_role_required","Generated provisional semantics; human domain review required","PROVISIONAL_AUTO_REVIEW_REQUIRED","DENY","0.5-draft"
"EDGE-TD-MATERIALS-PRODUCTION-032","TD-MATERIALS-PRODUCTION","TD-MATERIALS-PRODUCTION-TANNING","HAZARD_ONLY","","","SL1","not_an_operational_prerequisite","Generated provisional semantics; human domain review required","PROVISIONAL_AUTO_REVIEW_REQUIRED","DENY","0.5-draft"
"EDGE-TD-MATERIALS-PRODUCTION-033","TD-MATERIALS-PRODUCTION","TD-MATERIALS-PRODUCTION-PAPER","REQUIRED","","","SL5","","Generated provisional semantics; human domain review required","PROVISIONAL_AUTO_REVIEW_REQUIRED","DENY","0.5-draft"
"EDGE-TD-MATERIALS-PRODUCTION-034","TD-MATERIALS-PRODUCTION","TD-MATERIALS-PRODUCTION-PRINT","REQUIRED","","","SL5","","Generated provisional semantics; human domain review required","PROVISIONAL_AUTO_REVIEW_REQUIRED","DENY","0.5-draft"
"EDGE-TD-MATERIALS-PRODUCTION-035","TD-MATERIALS-PRODUCTION","TD-MATERIALS-PRODUCTION-INK","CONDITIONAL","","","SL5","applicable_profile_site_or_qualified_role_required","Generated provisional semantics; human domain review required","PROVISIONAL_AUTO_REVIEW_REQUIRED","DENY","0.5-draft"
"EDGE-TD-MATERIALS-PRODUCTION-036","TD-MATERIALS-PRODUCTION","TD-MATERIALS-PRODUCTION-BIND","REQUIRED","","","SL5","","Generated provisional semantics; human domain review required","PROVISIONAL_AUTO_REVIEW_REQUIRED","DENY","0.5-draft"
"EDGE-TD-MATERIALS-PRODUCTION-037","TD-MATERIALS-PRODUCTION","TD-MATERIALS-PRODUCTION-POLYMER","CONDITIONAL","","","SL5","applicable_profile_site_or_qualified_role_required","Generated provisional semantics; human domain review required","PROVISIONAL_AUTO_REVIEW_REQUIRED","DENY","0.5-draft"
"EDGE-TD-MATERIALS-PRODUCTION-038","TD-MATERIALS-PRODUCTION","TD-MATERIALS-PRODUCTION-POLYMER-MAKE","HAZARD_ONLY","","","SL1","not_an_operational_prerequisite","Generated provisional semantics; human domain review required","PROVISIONAL_AUTO_REVIEW_REQUIRED","DENY","0.5-draft"
"EDGE-TD-MATERIALS-PRODUCTION-039","TD-MATERIALS-PRODUCTION","TD-MATERIALS-PRODUCTION-ADHESIVE","CONDITIONAL","","","SL5","applicable_profile_site_or_qualified_role_required","Generated provisional semantics; human domain review required","PROVISIONAL_AUTO_REVIEW_REQUIRED","DENY","0.5-draft"
"EDGE-TD-MATERIALS-PRODUCTION-040","TD-MATERIALS-PRODUCTION","TD-MATERIALS-PRODUCTION-SEAL","CONDITIONAL","","","SL5","applicable_profile_site_or_qualified_role_required","Generated provisional semantics; human domain review required","PROVISIONAL_AUTO_REVIEW_REQUIRED","DENY","0.5-draft"
"EDGE-TD-MATERIALS-PRODUCTION-041","TD-MATERIALS-PRODUCTION","TD-MATERIALS-PRODUCTION-FASTENER","REQUIRED","","","SL5","","Generated provisional semantics; human domain review required","PROVISIONAL_AUTO_REVIEW_REQUIRED","DENY","0.5-draft"
"EDGE-TD-MATERIALS-PRODUCTION-042","TD-MATERIALS-PRODUCTION","TD-MATERIALS-PRODUCTION-WIRE","CONDITIONAL","","","SL5","applicable_profile_site_or_qualified_role_required","Generated provisional semantics; human domain review required","PROVISIONAL_AUTO_REVIEW_REQUIRED","DENY","0.5-draft"
"EDGE-TD-MATERIALS-PRODUCTION-043","TD-MATERIALS-PRODUCTION","TD-MATERIALS-PRODUCTION-SPRING","HAZARD_ONLY","","","SL1","not_an_operational_prerequisite","Generated provisional semantics; human domain review required","PROVISIONAL_AUTO_REVIEW_REQUIRED","DENY","0.5-draft"
"EDGE-TD-MATERIALS-PRODUCTION-044","TD-MATERIALS-PRODUCTION","TD-MATERIALS-PRODUCTION-BEARING","CONDITIONAL","","","SL5","applicable_profile_site_or_qualified_role_required","Generated provisional semantics; human domain review required","PROVISIONAL_AUTO_REVIEW_REQUIRED","DENY","0.5-draft"
"EDGE-TD-MATERIALS-PRODUCTION-045","TD-MATERIALS-PRODUCTION","TD-MATERIALS-PRODUCTION-GEAR","CONDITIONAL","","","SL5","applicable_profile_site_or_qualified_role_required","Generated provisional semantics; human domain review required","PROVISIONAL_AUTO_REVIEW_REQUIRED","DENY","0.5-draft"
"EDGE-TD-MATERIALS-PRODUCTION-046","TD-MATERIALS-PRODUCTION","TD-MATERIALS-PRODUCTION-ABRASIVE","CONDITIONAL","","","SL5","applicable_profile_site_or_qualified_role_required","Generated provisional semantics; human domain review required","PROVISIONAL_AUTO_REVIEW_REQUIRED","DENY","0.5-draft"
"EDGE-TD-MATERIALS-PRODUCTION-047","TD-MATERIALS-PRODUCTION","TD-MATERIALS-PRODUCTION-LUBRICANT","CONDITIONAL","","","SL5","applicable_profile_site_or_qualified_role_required","Generated provisional semantics; human domain review required","PROVISIONAL_AUTO_REVIEW_REQUIRED","DENY","0.5-draft"
"EDGE-TD-MATERIALS-PRODUCTION-048","TD-MATERIALS-PRODUCTION","TD-MATERIALS-PRODUCTION-INTERFACE","REQUIRED","","","SL5","","Generated provisional semantics; human domain review required","PROVISIONAL_AUTO_REVIEW_REQUIRED","DENY","0.5-draft"
"EDGE-TD-MATERIALS-PRODUCTION-049","TD-MATERIALS-PRODUCTION","TD-MATERIALS-PRODUCTION-MACHINE-DRILL","CONDITIONAL","","","SL5","applicable_profile_site_or_qualified_role_required","Generated provisional semantics; human domain review required","PROVISIONAL_AUTO_REVIEW_REQUIRED","DENY","0.5-draft"
"EDGE-TD-MATERIALS-PRODUCTION-050","TD-MATERIALS-PRODUCTION","TD-MATERIALS-PRODUCTION-MACHINE-LATHE","HAZARD_ONLY","","","SL1","not_an_operational_prerequisite","Generated provisional semantics; human domain review required","PROVISIONAL_AUTO_REVIEW_REQUIRED","DENY","0.5-draft"
"EDGE-TD-MATERIALS-PRODUCTION-051","TD-MATERIALS-PRODUCTION","TD-MATERIALS-PRODUCTION-MACHINE-MILL","HAZARD_ONLY","","","SL1","not_an_operational_prerequisite","Generated provisional semantics; human domain review required","PROVISIONAL_AUTO_REVIEW_REQUIRED","DENY","0.5-draft"
"EDGE-TD-MATERIALS-PRODUCTION-052","TD-MATERIALS-PRODUCTION","TD-MATERIALS-PRODUCTION-MACHINE-GRIND","HAZARD_ONLY","","","SL1","not_an_operational_prerequisite","Generated provisional semantics; human domain review required","PROVISIONAL_AUTO_REVIEW_REQUIRED","DENY","0.5-draft"
"EDGE-TD-MATERIALS-PRODUCTION-053","TD-MATERIALS-PRODUCTION","TD-MATERIALS-PRODUCTION-MACHINE-GUARD","HAZARD_ONLY","","","SL1","not_an_operational_prerequisite","Generated provisional semantics; human domain review required","PROVISIONAL_AUTO_REVIEW_REQUIRED","DENY","0.5-draft"
"EDGE-TD-MATERIALS-PRODUCTION-054","TD-MATERIALS-PRODUCTION","TD-MATERIALS-PRODUCTION-MACHINE-ALIGN","CONDITIONAL","","","SL5","applicable_profile_site_or_qualified_role_required","Generated provisional semantics; human domain review required","PROVISIONAL_AUTO_REVIEW_REQUIRED","DENY","0.5-draft"
"EDGE-TD-MATERIALS-PRODUCTION-055","TD-MATERIALS-PRODUCTION","TD-MATERIALS-PRODUCTION-CRITICAL-PART","HAZARD_ONLY","","","SL1","not_an_operational_prerequisite","Generated provisional semantics; human domain review required","PROVISIONAL_AUTO_REVIEW_REQUIRED","DENY","0.5-draft"
"EDGE-TD-EDUCATION-LITERACY-001","TD-EDUCATION-LITERACY","TD-BASE-SAFETY","REQUIRED","","","SL1","","Generated provisional semantics; human domain review required","PROVISIONAL_AUTO_REVIEW_REQUIRED","DENY","0.5-draft"
"EDGE-TD-EDUCATION-LITERACY-002","TD-EDUCATION-LITERACY","TD-BASE-SITE","REQUIRED","","","SL1","","Generated provisional semantics; human domain review required","PROVISIONAL_AUTO_REVIEW_REQUIRED","DENY","0.5-draft"
"EDGE-TD-EDUCATION-LITERACY-003","TD-EDUCATION-LITERACY","TD-BASE-INVENTORY","REQUIRED","","","SL1","","Generated provisional semantics; human domain review required","PROVISIONAL_AUTO_REVIEW_REQUIRED","DENY","0.5-draft"
"EDGE-TD-EDUCATION-NUMERACY-001","TD-EDUCATION-NUMERACY","TD-BASE-SAFETY","REQUIRED","","","SL1","","Generated provisional semantics; human domain review required","PROVISIONAL_AUTO_REVIEW_REQUIRED","DENY","0.5-draft"
"EDGE-TD-EDUCATION-NUMERACY-002","TD-EDUCATION-NUMERACY","TD-BASE-SITE","REQUIRED","","","SL1","","Generated provisional semantics; human domain review required","PROVISIONAL_AUTO_REVIEW_REQUIRED","DENY","0.5-draft"
"EDGE-TD-EDUCATION-NUMERACY-003","TD-EDUCATION-NUMERACY","TD-BASE-INVENTORY","REQUIRED","","","SL1","","Generated provisional semantics; human domain review required","PROVISIONAL_AUTO_REVIEW_REQUIRED","DENY","0.5-draft"
"EDGE-TD-EDUCATION-LANG-001","TD-EDUCATION-LANG","TD-BASE-SAFETY","REQUIRED","","","SL1","","Generated provisional semantics; human domain review required","PROVISIONAL_AUTO_REVIEW_REQUIRED","DENY","0.5-draft"
"EDGE-TD-EDUCATION-LANG-002","TD-EDUCATION-LANG","TD-BASE-SITE","REQUIRED","","","SL1","","Generated provisional semantics; human domain review required","PROVISIONAL_AUTO_REVIEW_REQUIRED","DENY","0.5-draft"
"EDGE-TD-EDUCATION-LANG-003","TD-EDUCATION-LANG","TD-BASE-INVENTORY","REQUIRED","","","SL1","","Generated provisional semantics; human domain review required","PROVISIONAL_AUTO_REVIEW_REQUIRED","DENY","0.5-draft"
"EDGE-TD-EDUCATION-TECH-READ-001","TD-EDUCATION-TECH-READ","TD-BASE-SAFETY","REQUIRED","","","SL1","","Generated provisional semantics; human domain review required","PROVISIONAL_AUTO_REVIEW_REQUIRED","DENY","0.5-draft"
"EDGE-TD-EDUCATION-TECH-READ-002","TD-EDUCATION-TECH-READ","TD-BASE-SITE","REQUIRED","","","SL1","","Generated provisional semantics; human domain review required","PROVISIONAL_AUTO_REVIEW_REQUIRED","DENY","0.5-draft"
"EDGE-TD-EDUCATION-TECH-READ-003","TD-EDUCATION-TECH-READ","TD-BASE-INVENTORY","REQUIRED","","","SL1","","Generated provisional semantics; human domain review required","PROVISIONAL_AUTO_REVIEW_REQUIRED","DENY","0.5-draft"
"EDGE-TD-EDUCATION-SKILL-MATRIX-001","TD-EDUCATION-SKILL-MATRIX","TD-BASE-SAFETY","REQUIRED","","","SL1","","Generated provisional semantics; human domain review required","PROVISIONAL_AUTO_REVIEW_REQUIRED","DENY","0.5-draft"
"EDGE-TD-EDUCATION-SKILL-MATRIX-002","TD-EDUCATION-SKILL-MATRIX","TD-BASE-SITE","REQUIRED","","","SL1","","Generated provisional semantics; human domain review required","PROVISIONAL_AUTO_REVIEW_REQUIRED","DENY","0.5-draft"
"EDGE-TD-EDUCATION-SKILL-MATRIX-003","TD-EDUCATION-SKILL-MATRIX","TD-BASE-INVENTORY","REQUIRED","","","SL1","","Generated provisional semantics; human domain review required","PROVISIONAL_AUTO_REVIEW_REQUIRED","DENY","0.5-draft"
"EDGE-TD-EDUCATION-PREREQ-001","TD-EDUCATION-PREREQ","TD-BASE-SAFETY","REQUIRED","","","SL1","","Generated provisional semantics; human domain review required","PROVISIONAL_AUTO_REVIEW_REQUIRED","DENY","0.5-draft"
"EDGE-TD-EDUCATION-PREREQ-002","TD-EDUCATION-PREREQ","TD-BASE-SITE","REQUIRED","","","SL1","","Generated provisional semantics; human domain review required","PROVISIONAL_AUTO_REVIEW_REQUIRED","DENY","0.5-draft"
"EDGE-TD-EDUCATION-PREREQ-003","TD-EDUCATION-PREREQ","TD-BASE-INVENTORY","REQUIRED","","","SL1","","Generated provisional semantics; human domain review required","PROVISIONAL_AUTO_REVIEW_REQUIRED","DENY","0.5-draft"
"EDGE-TD-EDUCATION-APPRENTICE-001","TD-EDUCATION-APPRENTICE","TD-BASE-SAFETY","REQUIRED","","","SL1","","Generated provisional semantics; human domain review required","PROVISIONAL_AUTO_REVIEW_REQUIRED","DENY","0.5-draft"
"EDGE-TD-EDUCATION-APPRENTICE-002","TD-EDUCATION-APPRENTICE","TD-BASE-SITE","REQUIRED","","","SL1","","Generated provisional semantics; human domain review required","PROVISIONAL_AUTO_REVIEW_REQUIRED","DENY","0.5-draft"
"EDGE-TD-EDUCATION-APPRENTICE-003","TD-EDUCATION-APPRENTICE","TD-BASE-INVENTORY","REQUIRED","","","SL1","","Generated provisional semantics; human domain review required","PROVISIONAL_AUTO_REVIEW_REQUIRED","DENY","0.5-draft"
"EDGE-TD-EDUCATION-SUPERVISED-001","TD-EDUCATION-SUPERVISED","TD-BASE-SAFETY","REQUIRED","","","SL1","","Generated provisional semantics; human domain review required","PROVISIONAL_AUTO_REVIEW_REQUIRED","DENY","0.5-draft"
"EDGE-TD-EDUCATION-SUPERVISED-002","TD-EDUCATION-SUPERVISED","TD-BASE-SITE","REQUIRED","","","SL1","","Generated provisional semantics; human domain review required","PROVISIONAL_AUTO_REVIEW_REQUIRED","DENY","0.5-draft"
"EDGE-TD-EDUCATION-SUPERVISED-003","TD-EDUCATION-SUPERVISED","TD-BASE-INVENTORY","REQUIRED","","","SL1","","Generated provisional semantics; human domain review required","PROVISIONAL_AUTO_REVIEW_REQUIRED","DENY","0.5-draft"
"EDGE-TD-EDUCATION-MASTERY-001","TD-EDUCATION-MASTERY","TD-BASE-SAFETY","REQUIRED","","","SL1","","Generated provisional semantics; human domain review required","PROVISIONAL_AUTO_REVIEW_REQUIRED","DENY","0.5-draft"
"EDGE-TD-EDUCATION-MASTERY-002","TD-EDUCATION-MASTERY","TD-BASE-SITE","REQUIRED","","","SL1","","Generated provisional semantics; human domain review required","PROVISIONAL_AUTO_REVIEW_REQUIRED","DENY","0.5-draft"
"EDGE-TD-EDUCATION-MASTERY-003","TD-EDUCATION-MASTERY","TD-BASE-INVENTORY","REQUIRED","","","SL1","","Generated provisional semantics; human domain review required","PROVISIONAL_AUTO_REVIEW_REQUIRED","DENY","0.5-draft"
"EDGE-TD-EDUCATION-RECERT-001","TD-EDUCATION-RECERT","TD-BASE-SAFETY","REQUIRED","","","SL1","","Generated provisional semantics; human domain review required","PROVISIONAL_AUTO_REVIEW_REQUIRED","DENY","0.5-draft"
"EDGE-TD-EDUCATION-RECERT-002","TD-EDUCATION-RECERT","TD-BASE-SITE","REQUIRED","","","SL1","","Generated provisional semantics; human domain review required","PROVISIONAL_AUTO_REVIEW_REQUIRED","DENY","0.5-draft"
"EDGE-TD-EDUCATION-RECERT-003","TD-EDUCATION-RECERT","TD-BASE-INVENTORY","REQUIRED","","","SL1","","Generated provisional semantics; human domain review required","PROVISIONAL_AUTO_REVIEW_REQUIRED","DENY","0.5-draft"
"EDGE-TD-EDUCATION-TEACHBACK-001","TD-EDUCATION-TEACHBACK","TD-BASE-SAFETY","REQUIRED","","","SL1","","Generated provisional semantics; human domain review required","PROVISIONAL_AUTO_REVIEW_REQUIRED","DENY","0.5-draft"
"EDGE-TD-EDUCATION-TEACHBACK-002","TD-EDUCATION-TEACHBACK","TD-BASE-SITE","REQUIRED","","","SL1","","Generated provisional semantics; human domain review required","PROVISIONAL_AUTO_REVIEW_REQUIRED","DENY","0.5-draft"
"EDGE-TD-EDUCATION-TEACHBACK-003","TD-EDUCATION-TEACHBACK","TD-BASE-INVENTORY","REQUIRED","","","SL1","","Generated provisional semantics; human domain review required","PROVISIONAL_AUTO_REVIEW_REQUIRED","DENY","0.5-draft"
"EDGE-TD-EDUCATION-INSTRUCTOR-001","TD-EDUCATION-INSTRUCTOR","TD-BASE-SAFETY","REQUIRED","","","SL1","","Generated provisional semantics; human domain review required","PROVISIONAL_AUTO_REVIEW_REQUIRED","DENY","0.5-draft"
"EDGE-TD-EDUCATION-INSTRUCTOR-002","TD-EDUCATION-INSTRUCTOR","TD-BASE-SITE","REQUIRED","","","SL1","","Generated provisional semantics; human domain review required","PROVISIONAL_AUTO_REVIEW_REQUIRED","DENY","0.5-draft"
"EDGE-TD-EDUCATION-INSTRUCTOR-003","TD-EDUCATION-INSTRUCTOR","TD-BASE-INVENTORY","REQUIRED","","","SL1","","Generated provisional semantics; human domain review required","PROVISIONAL_AUTO_REVIEW_REQUIRED","DENY","0.5-draft"
"EDGE-TD-EDUCATION-ACCESS-001","TD-EDUCATION-ACCESS","TD-BASE-SAFETY","REQUIRED","","","SL1","","Generated provisional semantics; human domain review required","PROVISIONAL_AUTO_REVIEW_REQUIRED","DENY","0.5-draft"
"EDGE-TD-EDUCATION-ACCESS-002","TD-EDUCATION-ACCESS","TD-BASE-SITE","REQUIRED","","","SL1","","Generated provisional semantics; human domain review required","PROVISIONAL_AUTO_REVIEW_REQUIRED","DENY","0.5-draft"
"EDGE-TD-EDUCATION-ACCESS-003","TD-EDUCATION-ACCESS","TD-BASE-INVENTORY","REQUIRED","","","SL1","","Generated provisional semantics; human domain review required","PROVISIONAL_AUTO_REVIEW_REQUIRED","DENY","0.5-draft"
"EDGE-TD-EDUCATION-CHILD-001","TD-EDUCATION-CHILD","TD-BASE-SAFETY","REQUIRED","","","SL1","","Generated provisional semantics; human domain review required","PROVISIONAL_AUTO_REVIEW_REQUIRED","DENY","0.5-draft"
"EDGE-TD-EDUCATION-CHILD-002","TD-EDUCATION-CHILD","TD-BASE-SITE","REQUIRED","","","SL1","","Generated provisional semantics; human domain review required","PROVISIONAL_AUTO_REVIEW_REQUIRED","DENY","0.5-draft"
"EDGE-TD-EDUCATION-CHILD-003","TD-EDUCATION-CHILD","TD-BASE-INVENTORY","REQUIRED","","","SL1","","Generated provisional semantics; human domain review required","PROVISIONAL_AUTO_REVIEW_REQUIRED","DENY","0.5-draft"
"EDGE-TD-EDUCATION-PAPER-001","TD-EDUCATION-PAPER","TD-BASE-SAFETY","REQUIRED","","","SL1","","Generated provisional semantics; human domain review required","PROVISIONAL_AUTO_REVIEW_REQUIRED","DENY","0.5-draft"
"EDGE-TD-EDUCATION-PAPER-002","TD-EDUCATION-PAPER","TD-BASE-SITE","REQUIRED","","","SL1","","Generated provisional semantics; human domain review required","PROVISIONAL_AUTO_REVIEW_REQUIRED","DENY","0.5-draft"
"EDGE-TD-EDUCATION-PAPER-003","TD-EDUCATION-PAPER","TD-BASE-INVENTORY","REQUIRED","","","SL1","","Generated provisional semantics; human domain review required","PROVISIONAL_AUTO_REVIEW_REQUIRED","DENY","0.5-draft"
"EDGE-TD-EDUCATION-001","TD-EDUCATION","TD-BASE","REQUIRED","","","SL3","","Generated provisional semantics; human domain review required","PROVISIONAL_AUTO_REVIEW_REQUIRED","DENY","0.5-draft"
"EDGE-TD-EDUCATION-002","TD-EDUCATION","TD-EDUCATION-LITERACY","REQUIRED","","","SL3","","Generated provisional semantics; human domain review required","PROVISIONAL_AUTO_REVIEW_REQUIRED","DENY","0.5-draft"
"EDGE-TD-EDUCATION-003","TD-EDUCATION","TD-EDUCATION-NUMERACY","REQUIRED","","","SL3","","Generated provisional semantics; human domain review required","PROVISIONAL_AUTO_REVIEW_REQUIRED","DENY","0.5-draft"
"EDGE-TD-EDUCATION-004","TD-EDUCATION","TD-EDUCATION-LANG","REQUIRED","","","SL6","","Generated provisional semantics; human domain review required","PROVISIONAL_AUTO_REVIEW_REQUIRED","DENY","0.5-draft"
"EDGE-TD-EDUCATION-005","TD-EDUCATION","TD-EDUCATION-TECH-READ","REQUIRED","","","SL6","","Generated provisional semantics; human domain review required","PROVISIONAL_AUTO_REVIEW_REQUIRED","DENY","0.5-draft"
"EDGE-TD-EDUCATION-006","TD-EDUCATION","TD-EDUCATION-SKILL-MATRIX","REQUIRED","","","SL3","","Generated provisional semantics; human domain review required","PROVISIONAL_AUTO_REVIEW_REQUIRED","DENY","0.5-draft"
"EDGE-TD-EDUCATION-007","TD-EDUCATION","TD-EDUCATION-PREREQ","REQUIRED","","","SL3","","Generated provisional semantics; human domain review required","PROVISIONAL_AUTO_REVIEW_REQUIRED","DENY","0.5-draft"
"EDGE-TD-EDUCATION-008","TD-EDUCATION","TD-EDUCATION-APPRENTICE","REQUIRED","","","SL6","","Generated provisional semantics; human domain review required","PROVISIONAL_AUTO_REVIEW_REQUIRED","DENY","0.5-draft"
"EDGE-TD-EDUCATION-009","TD-EDUCATION","TD-EDUCATION-SUPERVISED","REQUIRED","","","SL6","","Generated provisional semantics; human domain review required","PROVISIONAL_AUTO_REVIEW_REQUIRED","DENY","0.5-draft"
"EDGE-TD-EDUCATION-010","TD-EDUCATION","TD-EDUCATION-MASTERY","REQUIRED","","","SL6","","Generated provisional semantics; human domain review required","PROVISIONAL_AUTO_REVIEW_REQUIRED","DENY","0.5-draft"
"EDGE-TD-EDUCATION-011","TD-EDUCATION","TD-EDUCATION-RECERT","REQUIRED","","","SL6","","Generated provisional semantics; human domain review required","PROVISIONAL_AUTO_REVIEW_REQUIRED","DENY","0.5-draft"
"EDGE-TD-EDUCATION-012","TD-EDUCATION","TD-EDUCATION-TEACHBACK","REQUIRED","","","SL6","","Generated provisional semantics; human domain review required","PROVISIONAL_AUTO_REVIEW_REQUIRED","DENY","0.5-draft"
"EDGE-TD-EDUCATION-013","TD-EDUCATION","TD-EDUCATION-INSTRUCTOR","REQUIRED","","","SL6","","Generated provisional semantics; human domain review required","PROVISIONAL_AUTO_REVIEW_REQUIRED","DENY","0.5-draft"
"EDGE-TD-EDUCATION-014","TD-EDUCATION","TD-EDUCATION-ACCESS","REQUIRED","","","SL6","","Generated provisional semantics; human domain review required","PROVISIONAL_AUTO_REVIEW_REQUIRED","DENY","0.5-draft"
"EDGE-TD-EDUCATION-015","TD-EDUCATION","TD-EDUCATION-CHILD","REQUIRED","","","SL6","","Generated provisional semantics; human domain review required","PROVISIONAL_AUTO_REVIEW_REQUIRED","DENY","0.5-draft"
"EDGE-TD-EDUCATION-016","TD-EDUCATION","TD-EDUCATION-PAPER","REQUIRED","","","SL3","","Generated provisional semantics; human domain review required","PROVISIONAL_AUTO_REVIEW_REQUIRED","DENY","0.5-draft"
"EDGE-TD-KNOWLEDGE-FIXITY-001","TD-KNOWLEDGE-FIXITY","TD-BASE-SAFETY","REQUIRED","","","SL1","","Generated provisional semantics; human domain review required","PROVISIONAL_AUTO_REVIEW_REQUIRED","DENY","0.5-draft"
"EDGE-TD-KNOWLEDGE-FIXITY-002","TD-KNOWLEDGE-FIXITY","TD-BASE-ARCHIVE","REQUIRED","","","SL3","","Generated provisional semantics; human domain review required","PROVISIONAL_AUTO_REVIEW_REQUIRED","DENY","0.5-draft"
"EDGE-TD-KNOWLEDGE-COPIES-001","TD-KNOWLEDGE-COPIES","TD-BASE-SAFETY","REQUIRED","","","SL1","","Generated provisional semantics; human domain review required","PROVISIONAL_AUTO_REVIEW_REQUIRED","DENY","0.5-draft"
"EDGE-TD-KNOWLEDGE-COPIES-002","TD-KNOWLEDGE-COPIES","TD-BASE-ARCHIVE","REQUIRED","","","SL3","","Generated provisional semantics; human domain review required","PROVISIONAL_AUTO_REVIEW_REQUIRED","DENY","0.5-draft"
"EDGE-TD-KNOWLEDGE-MIGRATION-001","TD-KNOWLEDGE-MIGRATION","TD-BASE-SAFETY","REQUIRED","","","SL1","","Generated provisional semantics; human domain review required","PROVISIONAL_AUTO_REVIEW_REQUIRED","DENY","0.5-draft"
"EDGE-TD-KNOWLEDGE-MIGRATION-002","TD-KNOWLEDGE-MIGRATION","TD-BASE-ARCHIVE","REQUIRED","","","SL3","","Generated provisional semantics; human domain review required","PROVISIONAL_AUTO_REVIEW_REQUIRED","DENY","0.5-draft"
"EDGE-TD-KNOWLEDGE-SEARCH-001","TD-KNOWLEDGE-SEARCH","TD-BASE-SAFETY","REQUIRED","","","SL1","","Generated provisional semantics; human domain review required","PROVISIONAL_AUTO_REVIEW_REQUIRED","DENY","0.5-draft"
"EDGE-TD-KNOWLEDGE-SEARCH-002","TD-KNOWLEDGE-SEARCH","TD-BASE-ARCHIVE","REQUIRED","","","SL3","","Generated provisional semantics; human domain review required","PROVISIONAL_AUTO_REVIEW_REQUIRED","DENY","0.5-draft"
"EDGE-TD-KNOWLEDGE-PRINT-CORE-001","TD-KNOWLEDGE-PRINT-CORE","TD-BASE-SAFETY","REQUIRED","","","SL1","","Generated provisional semantics; human domain review required","PROVISIONAL_AUTO_REVIEW_REQUIRED","DENY","0.5-draft"
"EDGE-TD-KNOWLEDGE-PRINT-CORE-002","TD-KNOWLEDGE-PRINT-CORE","TD-BASE-ARCHIVE","REQUIRED","","","SL3","","Generated provisional semantics; human domain review required","PROVISIONAL_AUTO_REVIEW_REQUIRED","DENY","0.5-draft"
"EDGE-TD-KNOWLEDGE-SOURCE-CODE-001","TD-KNOWLEDGE-SOURCE-CODE","TD-BASE-SAFETY","REQUIRED","","","SL1","","Generated provisional semantics; human domain review required","PROVISIONAL_AUTO_REVIEW_REQUIRED","DENY","0.5-draft"
"EDGE-TD-KNOWLEDGE-SOURCE-CODE-002","TD-KNOWLEDGE-SOURCE-CODE","TD-BASE-ARCHIVE","REQUIRED","","","SL3","","Generated provisional semantics; human domain review required","PROVISIONAL_AUTO_REVIEW_REQUIRED","DENY","0.5-draft"
"EDGE-TD-KNOWLEDGE-COMPILERS-001","TD-KNOWLEDGE-COMPILERS","TD-BASE-SAFETY","REQUIRED","","","SL1","","Generated provisional semantics; human domain review required","PROVISIONAL_AUTO_REVIEW_REQUIRED","DENY","0.5-draft"
"EDGE-TD-KNOWLEDGE-COMPILERS-002","TD-KNOWLEDGE-COMPILERS","TD-BASE-ARCHIVE","REQUIRED","","","SL3","","Generated provisional semantics; human domain review required","PROVISIONAL_AUTO_REVIEW_REQUIRED","DENY","0.5-draft"
"EDGE-TD-KNOWLEDGE-GIS-001","TD-KNOWLEDGE-GIS","TD-BASE-SAFETY","REQUIRED","","","SL1","","Generated provisional semantics; human domain review required","PROVISIONAL_AUTO_REVIEW_REQUIRED","DENY","0.5-draft"
"EDGE-TD-KNOWLEDGE-GIS-002","TD-KNOWLEDGE-GIS","TD-BASE-ARCHIVE","REQUIRED","","","SL3","","Generated provisional semantics; human domain review required","PROVISIONAL_AUTO_REVIEW_REQUIRED","DENY","0.5-draft"
"EDGE-TD-KNOWLEDGE-EDA-CAD-001","TD-KNOWLEDGE-EDA-CAD","TD-BASE-SAFETY","REQUIRED","","","SL1","","Generated provisional semantics; human domain review required","PROVISIONAL_AUTO_REVIEW_REQUIRED","DENY","0.5-draft"
"EDGE-TD-KNOWLEDGE-EDA-CAD-002","TD-KNOWLEDGE-EDA-CAD","TD-BASE-ARCHIVE","REQUIRED","","","SL3","","Generated provisional semantics; human domain review required","PROVISIONAL_AUTO_REVIEW_REQUIRED","DENY","0.5-draft"
"EDGE-TD-KNOWLEDGE-HARDWARE-001","TD-KNOWLEDGE-HARDWARE","TD-BASE-SAFETY","REQUIRED","","","SL1","","Generated provisional semantics; human domain review required","PROVISIONAL_AUTO_REVIEW_REQUIRED","DENY","0.5-draft"
"EDGE-TD-KNOWLEDGE-HARDWARE-002","TD-KNOWLEDGE-HARDWARE","TD-BASE-ARCHIVE","REQUIRED","","","SL3","","Generated provisional semantics; human domain review required","PROVISIONAL_AUTO_REVIEW_REQUIRED","DENY","0.5-draft"
"EDGE-TD-KNOWLEDGE-READERS-SPARE-001","TD-KNOWLEDGE-READERS-SPARE","TD-BASE-SAFETY","REQUIRED","","","SL1","","Generated provisional semantics; human domain review required","PROVISIONAL_AUTO_REVIEW_REQUIRED","DENY","0.5-draft"
"EDGE-TD-KNOWLEDGE-READERS-SPARE-002","TD-KNOWLEDGE-READERS-SPARE","TD-BASE-ARCHIVE","REQUIRED","","","SL3","","Generated provisional semantics; human domain review required","PROVISIONAL_AUTO_REVIEW_REQUIRED","DENY","0.5-draft"
"EDGE-TD-KNOWLEDGE-PAPER-FALLBACK-001","TD-KNOWLEDGE-PAPER-FALLBACK","TD-BASE-SAFETY","REQUIRED","","","SL1","","Generated provisional semantics; human domain review required","PROVISIONAL_AUTO_REVIEW_REQUIRED","DENY","0.5-draft"
"EDGE-TD-KNOWLEDGE-PAPER-FALLBACK-002","TD-KNOWLEDGE-PAPER-FALLBACK","TD-BASE-ARCHIVE","REQUIRED","","","SL3","","Generated provisional semantics; human domain review required","PROVISIONAL_AUTO_REVIEW_REQUIRED","DENY","0.5-draft"
"EDGE-TD-KNOWLEDGE-LANGUAGE-001","TD-KNOWLEDGE-LANGUAGE","TD-BASE-SAFETY","REQUIRED","","","SL1","","Generated provisional semantics; human domain review required","PROVISIONAL_AUTO_REVIEW_REQUIRED","DENY","0.5-draft"
"EDGE-TD-KNOWLEDGE-LANGUAGE-002","TD-KNOWLEDGE-LANGUAGE","TD-BASE-ARCHIVE","REQUIRED","","","SL3","","Generated provisional semantics; human domain review required","PROVISIONAL_AUTO_REVIEW_REQUIRED","DENY","0.5-draft"
"EDGE-TD-KNOWLEDGE-RIGHTS-001","TD-KNOWLEDGE-RIGHTS","TD-BASE-SAFETY","REQUIRED","","","SL1","","Generated provisional semantics; human domain review required","PROVISIONAL_AUTO_REVIEW_REQUIRED","DENY","0.5-draft"
"EDGE-TD-KNOWLEDGE-RIGHTS-002","TD-KNOWLEDGE-RIGHTS","TD-BASE-ARCHIVE","REQUIRED","","","SL3","","Generated provisional semantics; human domain review required","PROVISIONAL_AUTO_REVIEW_REQUIRED","DENY","0.5-draft"
"EDGE-TD-KNOWLEDGE-SUCCESSOR-001","TD-KNOWLEDGE-SUCCESSOR","TD-BASE-SAFETY","REQUIRED","","","SL1","","Generated provisional semantics; human domain review required","PROVISIONAL_AUTO_REVIEW_REQUIRED","DENY","0.5-draft"
"EDGE-TD-KNOWLEDGE-SUCCESSOR-002","TD-KNOWLEDGE-SUCCESSOR","TD-BASE-ARCHIVE","REQUIRED","","","SL3","","Generated provisional semantics; human domain review required","PROVISIONAL_AUTO_REVIEW_REQUIRED","DENY","0.5-draft"
"EDGE-TD-GOV-LIMITS-001","TD-GOV-LIMITS","TD-BASE-SAFETY","REQUIRED","","","SL1","","Generated provisional semantics; human domain review required","PROVISIONAL_AUTO_REVIEW_REQUIRED","DENY","0.5-draft"
"EDGE-TD-GOV-LIMITS-002","TD-GOV-LIMITS","TD-BASE-SITE","REQUIRED","","","SL1","","Generated provisional semantics; human domain review required","PROVISIONAL_AUTO_REVIEW_REQUIRED","DENY","0.5-draft"
"EDGE-TD-GOV-LIMITS-003","TD-GOV-LIMITS","TD-BASE-INVENTORY","REQUIRED","","","SL1","","Generated provisional semantics; human domain review required","PROVISIONAL_AUTO_REVIEW_REQUIRED","DENY","0.5-draft"
"EDGE-TD-GOV-AUDIT-001","TD-GOV-AUDIT","TD-BASE-SAFETY","REQUIRED","","","SL1","","Generated provisional semantics; human domain review required","PROVISIONAL_AUTO_REVIEW_REQUIRED","DENY","0.5-draft"
"EDGE-TD-GOV-AUDIT-002","TD-GOV-AUDIT","TD-BASE-SITE","REQUIRED","","","SL1","","Generated provisional semantics; human domain review required","PROVISIONAL_AUTO_REVIEW_REQUIRED","DENY","0.5-draft"
"EDGE-TD-GOV-AUDIT-003","TD-GOV-AUDIT","TD-BASE-INVENTORY","REQUIRED","","","SL1","","Generated provisional semantics; human domain review required","PROVISIONAL_AUTO_REVIEW_REQUIRED","DENY","0.5-draft"
"EDGE-TD-GOV-GRIEVANCE-001","TD-GOV-GRIEVANCE","TD-BASE-SAFETY","REQUIRED","","","SL1","","Generated provisional semantics; human domain review required","PROVISIONAL_AUTO_REVIEW_REQUIRED","DENY","0.5-draft"
"EDGE-TD-GOV-GRIEVANCE-002","TD-GOV-GRIEVANCE","TD-BASE-SITE","REQUIRED","","","SL1","","Generated provisional semantics; human domain review required","PROVISIONAL_AUTO_REVIEW_REQUIRED","DENY","0.5-draft"
"EDGE-TD-GOV-GRIEVANCE-003","TD-GOV-GRIEVANCE","TD-BASE-INVENTORY","REQUIRED","","","SL1","","Generated provisional semantics; human domain review required","PROVISIONAL_AUTO_REVIEW_REQUIRED","DENY","0.5-draft"
"EDGE-TD-GOV-VULNERABLE-001","TD-GOV-VULNERABLE","TD-BASE-SAFETY","REQUIRED","","","SL1","","Generated provisional semantics; human domain review required","PROVISIONAL_AUTO_REVIEW_REQUIRED","DENY","0.5-draft"
"EDGE-TD-GOV-VULNERABLE-002","TD-GOV-VULNERABLE","TD-BASE-SITE","REQUIRED","","","SL1","","Generated provisional semantics; human domain review required","PROVISIONAL_AUTO_REVIEW_REQUIRED","DENY","0.5-draft"
"EDGE-TD-GOV-VULNERABLE-003","TD-GOV-VULNERABLE","TD-BASE-INVENTORY","REQUIRED","","","SL1","","Generated provisional semantics; human domain review required","PROVISIONAL_AUTO_REVIEW_REQUIRED","DENY","0.5-draft"
"EDGE-TD-GOV-LAW-001","TD-GOV-LAW","TD-BASE-SAFETY","REQUIRED","","","SL1","","Generated provisional semantics; human domain review required","PROVISIONAL_AUTO_REVIEW_REQUIRED","DENY","0.5-draft"
"EDGE-TD-GOV-LAW-002","TD-GOV-LAW","TD-BASE-SITE","REQUIRED","","","SL1","","Generated provisional semantics; human domain review required","PROVISIONAL_AUTO_REVIEW_REQUIRED","DENY","0.5-draft"
"EDGE-TD-GOV-LAW-003","TD-GOV-LAW","TD-BASE-INVENTORY","REQUIRED","","","SL1","","Generated provisional semantics; human domain review required","PROVISIONAL_AUTO_REVIEW_REQUIRED","DENY","0.5-draft"
"EDGE-TD-GOV-BIRTH-DEATH-001","TD-GOV-BIRTH-DEATH","TD-BASE-SAFETY","REQUIRED","","","SL1","","Generated provisional semantics; human domain review required","PROVISIONAL_AUTO_REVIEW_REQUIRED","DENY","0.5-draft"
"EDGE-TD-GOV-BIRTH-DEATH-002","TD-GOV-BIRTH-DEATH","TD-BASE-SITE","REQUIRED","","","SL1","","Generated provisional semantics; human domain review required","PROVISIONAL_AUTO_REVIEW_REQUIRED","DENY","0.5-draft"
"EDGE-TD-GOV-BIRTH-DEATH-003","TD-GOV-BIRTH-DEATH","TD-BASE-INVENTORY","REQUIRED","","","SL1","","Generated provisional semantics; human domain review required","PROVISIONAL_AUTO_REVIEW_REQUIRED","DENY","0.5-draft"
"EDGE-TD-GOV-TRADE-001","TD-GOV-TRADE","TD-BASE-SAFETY","REQUIRED","","","SL1","","Generated provisional semantics; human domain review required","PROVISIONAL_AUTO_REVIEW_REQUIRED","DENY","0.5-draft"
"EDGE-TD-GOV-TRADE-002","TD-GOV-TRADE","TD-BASE-SITE","REQUIRED","","","SL1","","Generated provisional semantics; human domain review required","PROVISIONAL_AUTO_REVIEW_REQUIRED","DENY","0.5-draft"
"EDGE-TD-GOV-TRADE-003","TD-GOV-TRADE","TD-BASE-INVENTORY","REQUIRED","","","SL1","","Generated provisional semantics; human domain review required","PROVISIONAL_AUTO_REVIEW_REQUIRED","DENY","0.5-draft"
"EDGE-TD-GOV-COMMUNITY-001","TD-GOV-COMMUNITY","TD-BASE-SAFETY","REQUIRED","","","SL1","","Generated provisional semantics; human domain review required","PROVISIONAL_AUTO_REVIEW_REQUIRED","DENY","0.5-draft"
"EDGE-TD-GOV-COMMUNITY-002","TD-GOV-COMMUNITY","TD-BASE-SITE","REQUIRED","","","SL1","","Generated provisional semantics; human domain review required","PROVISIONAL_AUTO_REVIEW_REQUIRED","DENY","0.5-draft"
"EDGE-TD-GOV-COMMUNITY-003","TD-GOV-COMMUNITY","TD-BASE-INVENTORY","REQUIRED","","","SL1","","Generated provisional semantics; human domain review required","PROVISIONAL_AUTO_REVIEW_REQUIRED","DENY","0.5-draft"
"EDGE-TD-GOV-PROCUREMENT-001","TD-GOV-PROCUREMENT","TD-BASE-SAFETY","REQUIRED","","","SL1","","Generated provisional semantics; human domain review required","PROVISIONAL_AUTO_REVIEW_REQUIRED","DENY","0.5-draft"
"EDGE-TD-GOV-PROCUREMENT-002","TD-GOV-PROCUREMENT","TD-BASE-SITE","REQUIRED","","","SL1","","Generated provisional semantics; human domain review required","PROVISIONAL_AUTO_REVIEW_REQUIRED","DENY","0.5-draft"
"EDGE-TD-GOV-PROCUREMENT-003","TD-GOV-PROCUREMENT","TD-BASE-INVENTORY","REQUIRED","","","SL1","","Generated provisional semantics; human domain review required","PROVISIONAL_AUTO_REVIEW_REQUIRED","DENY","0.5-draft"
"EDGE-TD-GOV-STOCK-001","TD-GOV-STOCK","TD-BASE-SAFETY","REQUIRED","","","SL1","","Generated provisional semantics; human domain review required","PROVISIONAL_AUTO_REVIEW_REQUIRED","DENY","0.5-draft"
"EDGE-TD-GOV-STOCK-002","TD-GOV-STOCK","TD-BASE-SITE","REQUIRED","","","SL1","","Generated provisional semantics; human domain review required","PROVISIONAL_AUTO_REVIEW_REQUIRED","DENY","0.5-draft"
"EDGE-TD-GOV-STOCK-003","TD-GOV-STOCK","TD-BASE-INVENTORY","REQUIRED","","","SL1","","Generated provisional semantics; human domain review required","PROVISIONAL_AUTO_REVIEW_REQUIRED","DENY","0.5-draft"
"EDGE-TD-GOV-WAREHOUSE-001","TD-GOV-WAREHOUSE","TD-BASE-SAFETY","REQUIRED","","","SL1","","Generated provisional semantics; human domain review required","PROVISIONAL_AUTO_REVIEW_REQUIRED","DENY","0.5-draft"
"EDGE-TD-GOV-WAREHOUSE-002","TD-GOV-WAREHOUSE","TD-BASE-SITE","REQUIRED","","","SL1","","Generated provisional semantics; human domain review required","PROVISIONAL_AUTO_REVIEW_REQUIRED","DENY","0.5-draft"
"EDGE-TD-GOV-WAREHOUSE-003","TD-GOV-WAREHOUSE","TD-BASE-INVENTORY","REQUIRED","","","SL1","","Generated provisional semantics; human domain review required","PROVISIONAL_AUTO_REVIEW_REQUIRED","DENY","0.5-draft"
"EDGE-TD-GOV-DISTRIBUTION-001","TD-GOV-DISTRIBUTION","TD-BASE-SAFETY","REQUIRED","","","SL1","","Generated provisional semantics; human domain review required","PROVISIONAL_AUTO_REVIEW_REQUIRED","DENY","0.5-draft"
"EDGE-TD-GOV-DISTRIBUTION-002","TD-GOV-DISTRIBUTION","TD-BASE-SITE","REQUIRED","","","SL1","","Generated provisional semantics; human domain review required","PROVISIONAL_AUTO_REVIEW_REQUIRED","DENY","0.5-draft"
"EDGE-TD-GOV-DISTRIBUTION-003","TD-GOV-DISTRIBUTION","TD-BASE-INVENTORY","REQUIRED","","","SL1","","Generated provisional semantics; human domain review required","PROVISIONAL_AUTO_REVIEW_REQUIRED","DENY","0.5-draft"
"EDGE-TD-GOV-LABOR-001","TD-GOV-LABOR","TD-BASE-SAFETY","REQUIRED","","","SL1","","Generated provisional semantics; human domain review required","PROVISIONAL_AUTO_REVIEW_REQUIRED","DENY","0.5-draft"
"EDGE-TD-GOV-LABOR-002","TD-GOV-LABOR","TD-BASE-SITE","REQUIRED","","","SL1","","Generated provisional semantics; human domain review required","PROVISIONAL_AUTO_REVIEW_REQUIRED","DENY","0.5-draft"
"EDGE-TD-GOV-LABOR-003","TD-GOV-LABOR","TD-BASE-INVENTORY","REQUIRED","","","SL1","","Generated provisional semantics; human domain review required","PROVISIONAL_AUTO_REVIEW_REQUIRED","DENY","0.5-draft"
"EDGE-TD-GOV-RECOVERY-001","TD-GOV-RECOVERY","TD-BASE-SAFETY","REQUIRED","","","SL1","","Generated provisional semantics; human domain review required","PROVISIONAL_AUTO_REVIEW_REQUIRED","DENY","0.5-draft"
"EDGE-TD-GOV-RECOVERY-002","TD-GOV-RECOVERY","TD-BASE-SITE","REQUIRED","","","SL1","","Generated provisional semantics; human domain review required","PROVISIONAL_AUTO_REVIEW_REQUIRED","DENY","0.5-draft"
"EDGE-TD-GOV-RECOVERY-003","TD-GOV-RECOVERY","TD-BASE-INVENTORY","REQUIRED","","","SL1","","Generated provisional semantics; human domain review required","PROVISIONAL_AUTO_REVIEW_REQUIRED","DENY","0.5-draft"
"EDGE-TD-GOV-RELOCATION-001","TD-GOV-RELOCATION","TD-BASE-SAFETY","REQUIRED","","","SL1","","Generated provisional semantics; human domain review required","PROVISIONAL_AUTO_REVIEW_REQUIRED","DENY","0.5-draft"
"EDGE-TD-GOV-RELOCATION-002","TD-GOV-RELOCATION","TD-BASE-SITE","REQUIRED","","","SL1","","Generated provisional semantics; human domain review required","PROVISIONAL_AUTO_REVIEW_REQUIRED","DENY","0.5-draft"
"EDGE-TD-GOV-RELOCATION-003","TD-GOV-RELOCATION","TD-BASE-INVENTORY","REQUIRED","","","SL1","","Generated provisional semantics; human domain review required","PROVISIONAL_AUTO_REVIEW_REQUIRED","DENY","0.5-draft"
"EDGE-TD-ENVIRONMENT-WEATHER-001","TD-ENVIRONMENT-WEATHER","TD-BASE-SAFETY","REQUIRED","","","SL1","","Generated provisional semantics; human domain review required","PROVISIONAL_AUTO_REVIEW_REQUIRED","DENY","0.5-draft"
"EDGE-TD-ENVIRONMENT-WEATHER-002","TD-ENVIRONMENT-WEATHER","TD-BASE-SITE","REQUIRED","","","SL1","","Generated provisional semantics; human domain review required","PROVISIONAL_AUTO_REVIEW_REQUIRED","DENY","0.5-draft"
"EDGE-TD-ENVIRONMENT-WEATHER-003","TD-ENVIRONMENT-WEATHER","TD-BASE-INVENTORY","REQUIRED","","","SL1","","Generated provisional semantics; human domain review required","PROVISIONAL_AUTO_REVIEW_REQUIRED","DENY","0.5-draft"
"EDGE-TD-ENVIRONMENT-DROUGHT-001","TD-ENVIRONMENT-DROUGHT","TD-BASE-SAFETY","REQUIRED","","","SL1","","Generated provisional semantics; human domain review required","PROVISIONAL_AUTO_REVIEW_REQUIRED","DENY","0.5-draft"
"EDGE-TD-ENVIRONMENT-DROUGHT-002","TD-ENVIRONMENT-DROUGHT","TD-BASE-SITE","REQUIRED","","","SL1","","Generated provisional semantics; human domain review required","PROVISIONAL_AUTO_REVIEW_REQUIRED","DENY","0.5-draft"
"EDGE-TD-ENVIRONMENT-DROUGHT-003","TD-ENVIRONMENT-DROUGHT","TD-BASE-INVENTORY","REQUIRED","","","SL1","","Generated provisional semantics; human domain review required","PROVISIONAL_AUTO_REVIEW_REQUIRED","DENY","0.5-draft"
"EDGE-TD-ENVIRONMENT-HEAT-001","TD-ENVIRONMENT-HEAT","TD-BASE-SAFETY","REQUIRED","","","SL1","","Generated provisional semantics; human domain review required","PROVISIONAL_AUTO_REVIEW_REQUIRED","DENY","0.5-draft"
"EDGE-TD-ENVIRONMENT-HEAT-002","TD-ENVIRONMENT-HEAT","TD-BASE-SITE","REQUIRED","","","SL1","","Generated provisional semantics; human domain review required","PROVISIONAL_AUTO_REVIEW_REQUIRED","DENY","0.5-draft"
"EDGE-TD-ENVIRONMENT-HEAT-003","TD-ENVIRONMENT-HEAT","TD-BASE-INVENTORY","REQUIRED","","","SL1","","Generated provisional semantics; human domain review required","PROVISIONAL_AUTO_REVIEW_REQUIRED","DENY","0.5-draft"
"EDGE-TD-ENVIRONMENT-COLD-001","TD-ENVIRONMENT-COLD","TD-BASE-SAFETY","REQUIRED","","","SL1","","Generated provisional semantics; human domain review required","PROVISIONAL_AUTO_REVIEW_REQUIRED","DENY","0.5-draft"
"EDGE-TD-ENVIRONMENT-COLD-002","TD-ENVIRONMENT-COLD","TD-BASE-SITE","REQUIRED","","","SL1","","Generated provisional semantics; human domain review required","PROVISIONAL_AUTO_REVIEW_REQUIRED","DENY","0.5-draft"
"EDGE-TD-ENVIRONMENT-COLD-003","TD-ENVIRONMENT-COLD","TD-BASE-INVENTORY","REQUIRED","","","SL1","","Generated provisional semantics; human domain review required","PROVISIONAL_AUTO_REVIEW_REQUIRED","DENY","0.5-draft"
"EDGE-TD-ENVIRONMENT-WIND-001","TD-ENVIRONMENT-WIND","TD-BASE-SAFETY","REQUIRED","","","SL1","","Generated provisional semantics; human domain review required","PROVISIONAL_AUTO_REVIEW_REQUIRED","DENY","0.5-draft"
"EDGE-TD-ENVIRONMENT-WIND-002","TD-ENVIRONMENT-WIND","TD-BASE-SITE","REQUIRED","","","SL1","","Generated provisional semantics; human domain review required","PROVISIONAL_AUTO_REVIEW_REQUIRED","DENY","0.5-draft"
"EDGE-TD-ENVIRONMENT-WIND-003","TD-ENVIRONMENT-WIND","TD-BASE-INVENTORY","REQUIRED","","","SL1","","Generated provisional semantics; human domain review required","PROVISIONAL_AUTO_REVIEW_REQUIRED","DENY","0.5-draft"
"EDGE-TD-ENVIRONMENT-FLOOD-001","TD-ENVIRONMENT-FLOOD","TD-BASE-SAFETY","REQUIRED","","","SL1","","Generated provisional semantics; human domain review required","PROVISIONAL_AUTO_REVIEW_REQUIRED","DENY","0.5-draft"
"EDGE-TD-ENVIRONMENT-FLOOD-002","TD-ENVIRONMENT-FLOOD","TD-BASE-SITE","REQUIRED","","","SL1","","Generated provisional semantics; human domain review required","PROVISIONAL_AUTO_REVIEW_REQUIRED","DENY","0.5-draft"
"EDGE-TD-ENVIRONMENT-FLOOD-003","TD-ENVIRONMENT-FLOOD","TD-BASE-INVENTORY","REQUIRED","","","SL1","","Generated provisional semantics; human domain review required","PROVISIONAL_AUTO_REVIEW_REQUIRED","DENY","0.5-draft"
"EDGE-TD-ENVIRONMENT-FIRE-001","TD-ENVIRONMENT-FIRE","TD-BASE-SAFETY","REQUIRED","","","SL1","","Generated provisional semantics; human domain review required","PROVISIONAL_AUTO_REVIEW_REQUIRED","DENY","0.5-draft"
"EDGE-TD-ENVIRONMENT-FIRE-002","TD-ENVIRONMENT-FIRE","TD-BASE-SITE","REQUIRED","","","SL1","","Generated provisional semantics; human domain review required","PROVISIONAL_AUTO_REVIEW_REQUIRED","DENY","0.5-draft"
"EDGE-TD-ENVIRONMENT-FIRE-003","TD-ENVIRONMENT-FIRE","TD-BASE-INVENTORY","REQUIRED","","","SL1","","Generated provisional semantics; human domain review required","PROVISIONAL_AUTO_REVIEW_REQUIRED","DENY","0.5-draft"
"EDGE-TD-ENVIRONMENT-COAST-001","TD-ENVIRONMENT-COAST","TD-BASE-SAFETY","REQUIRED","","","SL1","","Generated provisional semantics; human domain review required","PROVISIONAL_AUTO_REVIEW_REQUIRED","DENY","0.5-draft"
"EDGE-TD-ENVIRONMENT-COAST-002","TD-ENVIRONMENT-COAST","TD-BASE-SITE","REQUIRED","","","SL1","","Generated provisional semantics; human domain review required","PROVISIONAL_AUTO_REVIEW_REQUIRED","DENY","0.5-draft"
"EDGE-TD-ENVIRONMENT-COAST-003","TD-ENVIRONMENT-COAST","TD-BASE-INVENTORY","REQUIRED","","","SL1","","Generated provisional semantics; human domain review required","PROVISIONAL_AUTO_REVIEW_REQUIRED","DENY","0.5-draft"
"EDGE-TD-ENVIRONMENT-SEISMIC-001","TD-ENVIRONMENT-SEISMIC","TD-BASE-SAFETY","REQUIRED","","","SL1","","Generated provisional semantics; human domain review required","PROVISIONAL_AUTO_REVIEW_REQUIRED","DENY","0.5-draft"
"EDGE-TD-ENVIRONMENT-SEISMIC-002","TD-ENVIRONMENT-SEISMIC","TD-BASE-SITE","REQUIRED","","","SL1","","Generated provisional semantics; human domain review required","PROVISIONAL_AUTO_REVIEW_REQUIRED","DENY","0.5-draft"
"EDGE-TD-ENVIRONMENT-SEISMIC-003","TD-ENVIRONMENT-SEISMIC","TD-BASE-INVENTORY","REQUIRED","","","SL1","","Generated provisional semantics; human domain review required","PROVISIONAL_AUTO_REVIEW_REQUIRED","DENY","0.5-draft"
"EDGE-TD-ENVIRONMENT-SOIL-DEGRADE-001","TD-ENVIRONMENT-SOIL-DEGRADE","TD-BASE-SAFETY","REQUIRED","","","SL1","","Generated provisional semantics; human domain review required","PROVISIONAL_AUTO_REVIEW_REQUIRED","DENY","0.5-draft"
"EDGE-TD-ENVIRONMENT-SOIL-DEGRADE-002","TD-ENVIRONMENT-SOIL-DEGRADE","TD-BASE-SITE","REQUIRED","","","SL1","","Generated provisional semantics; human domain review required","PROVISIONAL_AUTO_REVIEW_REQUIRED","DENY","0.5-draft"
"EDGE-TD-ENVIRONMENT-SOIL-DEGRADE-003","TD-ENVIRONMENT-SOIL-DEGRADE","TD-BASE-INVENTORY","REQUIRED","","","SL1","","Generated provisional semantics; human domain review required","PROVISIONAL_AUTO_REVIEW_REQUIRED","DENY","0.5-draft"
"EDGE-TD-ENVIRONMENT-FOREST-001","TD-ENVIRONMENT-FOREST","TD-BASE-SAFETY","REQUIRED","","","SL1","","Generated provisional semantics; human domain review required","PROVISIONAL_AUTO_REVIEW_REQUIRED","DENY","0.5-draft"
"EDGE-TD-ENVIRONMENT-FOREST-002","TD-ENVIRONMENT-FOREST","TD-BASE-SITE","REQUIRED","","","SL1","","Generated provisional semantics; human domain review required","PROVISIONAL_AUTO_REVIEW_REQUIRED","DENY","0.5-draft"
"EDGE-TD-ENVIRONMENT-FOREST-003","TD-ENVIRONMENT-FOREST","TD-BASE-INVENTORY","REQUIRED","","","SL1","","Generated provisional semantics; human domain review required","PROVISIONAL_AUTO_REVIEW_REQUIRED","DENY","0.5-draft"
"EDGE-TD-ENVIRONMENT-BIODIVERSITY-001","TD-ENVIRONMENT-BIODIVERSITY","TD-BASE-SAFETY","REQUIRED","","","SL1","","Generated provisional semantics; human domain review required","PROVISIONAL_AUTO_REVIEW_REQUIRED","DENY","0.5-draft"
"EDGE-TD-ENVIRONMENT-BIODIVERSITY-002","TD-ENVIRONMENT-BIODIVERSITY","TD-BASE-SITE","REQUIRED","","","SL1","","Generated provisional semantics; human domain review required","PROVISIONAL_AUTO_REVIEW_REQUIRED","DENY","0.5-draft"
"EDGE-TD-ENVIRONMENT-BIODIVERSITY-003","TD-ENVIRONMENT-BIODIVERSITY","TD-BASE-INVENTORY","REQUIRED","","","SL1","","Generated provisional semantics; human domain review required","PROVISIONAL_AUTO_REVIEW_REQUIRED","DENY","0.5-draft"
"EDGE-TD-ENVIRONMENT-CLIMATE-001","TD-ENVIRONMENT-CLIMATE","TD-BASE-SAFETY","REQUIRED","","","SL1","","Generated provisional semantics; human domain review required","PROVISIONAL_AUTO_REVIEW_REQUIRED","DENY","0.5-draft"
"EDGE-TD-ENVIRONMENT-CLIMATE-002","TD-ENVIRONMENT-CLIMATE","TD-BASE-SITE","REQUIRED","","","SL1","","Generated provisional semantics; human domain review required","PROVISIONAL_AUTO_REVIEW_REQUIRED","DENY","0.5-draft"
"EDGE-TD-ENVIRONMENT-CLIMATE-003","TD-ENVIRONMENT-CLIMATE","TD-BASE-INVENTORY","REQUIRED","","","SL1","","Generated provisional semantics; human domain review required","PROVISIONAL_AUTO_REVIEW_REQUIRED","DENY","0.5-draft"
"EDGE-TD-ENVIRONMENT-001","TD-ENVIRONMENT","TD-BASE","REQUIRED","","","SL3","","Generated provisional semantics; human domain review required","PROVISIONAL_AUTO_REVIEW_REQUIRED","DENY","0.5-draft"
"EDGE-TD-ENVIRONMENT-002","TD-ENVIRONMENT","TD-ENVIRONMENT-WEATHER","REQUIRED","","","SL2","","Generated provisional semantics; human domain review required","PROVISIONAL_AUTO_REVIEW_REQUIRED","DENY","0.5-draft"
"EDGE-TD-ENVIRONMENT-003","TD-ENVIRONMENT","TD-ENVIRONMENT-DROUGHT","REQUIRED","","","SL2","","Generated provisional semantics; human domain review required","PROVISIONAL_AUTO_REVIEW_REQUIRED","DENY","0.5-draft"
"EDGE-TD-ENVIRONMENT-004","TD-ENVIRONMENT","TD-ENVIRONMENT-HEAT","REQUIRED","","","SL2","","Generated provisional semantics; human domain review required","PROVISIONAL_AUTO_REVIEW_REQUIRED","DENY","0.5-draft"
"EDGE-TD-ENVIRONMENT-005","TD-ENVIRONMENT","TD-ENVIRONMENT-COLD","REQUIRED","","","SL2","","Generated provisional semantics; human domain review required","PROVISIONAL_AUTO_REVIEW_REQUIRED","DENY","0.5-draft"
"EDGE-TD-ENVIRONMENT-006","TD-ENVIRONMENT","TD-ENVIRONMENT-WIND","REQUIRED","","","SL2","","Generated provisional semantics; human domain review required","PROVISIONAL_AUTO_REVIEW_REQUIRED","DENY","0.5-draft"
"EDGE-TD-ENVIRONMENT-007","TD-ENVIRONMENT","TD-ENVIRONMENT-FLOOD","REQUIRED","","","SL2","","Generated provisional semantics; human domain review required","PROVISIONAL_AUTO_REVIEW_REQUIRED","DENY","0.5-draft"
"EDGE-TD-ENVIRONMENT-008","TD-ENVIRONMENT","TD-ENVIRONMENT-FIRE","CONDITIONAL","","","SL2","applicable_profile_site_or_qualified_role_required","Generated provisional semantics; human domain review required","PROVISIONAL_AUTO_REVIEW_REQUIRED","DENY","0.5-draft"
"EDGE-TD-ENVIRONMENT-009","TD-ENVIRONMENT","TD-ENVIRONMENT-COAST","CONDITIONAL","","","SL2","applicable_profile_site_or_qualified_role_required","Generated provisional semantics; human domain review required","PROVISIONAL_AUTO_REVIEW_REQUIRED","DENY","0.5-draft"
"EDGE-TD-ENVIRONMENT-010","TD-ENVIRONMENT","TD-ENVIRONMENT-SEISMIC","REQUIRED","","","SL2","","Generated provisional semantics; human domain review required","PROVISIONAL_AUTO_REVIEW_REQUIRED","DENY","0.5-draft"
"EDGE-TD-ENVIRONMENT-011","TD-ENVIRONMENT","TD-ENVIRONMENT-SOIL-DEGRADE","REQUIRED","","","SL4","","Generated provisional semantics; human domain review required","PROVISIONAL_AUTO_REVIEW_REQUIRED","DENY","0.5-draft"
"EDGE-TD-ENVIRONMENT-012","TD-ENVIRONMENT","TD-ENVIRONMENT-FOREST","CONDITIONAL","","","SL4","applicable_profile_site_or_qualified_role_required","Generated provisional semantics; human domain review required","PROVISIONAL_AUTO_REVIEW_REQUIRED","DENY","0.5-draft"
"EDGE-TD-ENVIRONMENT-013","TD-ENVIRONMENT","TD-ENVIRONMENT-BIODIVERSITY","REQUIRED","","","SL4","","Generated provisional semantics; human domain review required","PROVISIONAL_AUTO_REVIEW_REQUIRED","DENY","0.5-draft"
"EDGE-TD-ENVIRONMENT-014","TD-ENVIRONMENT","TD-ENVIRONMENT-CLIMATE","REQUIRED","","","SL4","","Generated provisional semantics; human domain review required","PROVISIONAL_AUTO_REVIEW_REQUIRED","DENY","0.5-draft"
"EDGE-TD-PORTUGAL-112-001","TD-PORTUGAL-112","TD-BASE-SAFETY","REQUIRED","","","SL1","","Generated provisional semantics; human domain review required","PROVISIONAL_AUTO_REVIEW_REQUIRED","DENY","0.5-draft"
"EDGE-TD-PORTUGAL-112-002","TD-PORTUGAL-112","TD-BASE-SITE","REQUIRED","","","SL1","","Generated provisional semantics; human domain review required","PROVISIONAL_AUTO_REVIEW_REQUIRED","DENY","0.5-draft"
"EDGE-TD-PORTUGAL-112-003","TD-PORTUGAL-112","TD-BASE-INVENTORY","REQUIRED","","","SL1","","Generated provisional semantics; human domain review required","PROVISIONAL_AUTO_REVIEW_REQUIRED","DENY","0.5-draft"
"EDGE-TD-PORTUGAL-SNS24-001","TD-PORTUGAL-SNS24","TD-BASE-SAFETY","REQUIRED","","","SL1","","Generated provisional semantics; human domain review required","PROVISIONAL_AUTO_REVIEW_REQUIRED","DENY","0.5-draft"
"EDGE-TD-PORTUGAL-SNS24-002","TD-PORTUGAL-SNS24","TD-BASE-SITE","REQUIRED","","","SL1","","Generated provisional semantics; human domain review required","PROVISIONAL_AUTO_REVIEW_REQUIRED","DENY","0.5-draft"
"EDGE-TD-PORTUGAL-SNS24-003","TD-PORTUGAL-SNS24","TD-BASE-INVENTORY","REQUIRED","","","SL1","","Generated provisional semantics; human domain review required","PROVISIONAL_AUTO_REVIEW_REQUIRED","DENY","0.5-draft"
"EDGE-TD-PORTUGAL-CIAV-001","TD-PORTUGAL-CIAV","TD-BASE-SAFETY","REQUIRED","","","SL1","","Generated provisional semantics; human domain review required","PROVISIONAL_AUTO_REVIEW_REQUIRED","DENY","0.5-draft"
"EDGE-TD-PORTUGAL-CIAV-002","TD-PORTUGAL-CIAV","TD-BASE-SITE","REQUIRED","","","SL1","","Generated provisional semantics; human domain review required","PROVISIONAL_AUTO_REVIEW_REQUIRED","DENY","0.5-draft"
"EDGE-TD-PORTUGAL-CIAV-003","TD-PORTUGAL-CIAV","TD-BASE-INVENTORY","REQUIRED","","","SL1","","Generated provisional semantics; human domain review required","PROVISIONAL_AUTO_REVIEW_REQUIRED","DENY","0.5-draft"
"EDGE-TD-PORTUGAL-MUNICIPAL-PC-001","TD-PORTUGAL-MUNICIPAL-PC","TD-BASE-SAFETY","REQUIRED","","","SL1","","Generated provisional semantics; human domain review required","PROVISIONAL_AUTO_REVIEW_REQUIRED","DENY","0.5-draft"
"EDGE-TD-PORTUGAL-MUNICIPAL-PC-002","TD-PORTUGAL-MUNICIPAL-PC","TD-BASE-SITE","REQUIRED","","","SL1","","Generated provisional semantics; human domain review required","PROVISIONAL_AUTO_REVIEW_REQUIRED","DENY","0.5-draft"
"EDGE-TD-PORTUGAL-MUNICIPAL-PC-003","TD-PORTUGAL-MUNICIPAL-PC","TD-BASE-INVENTORY","REQUIRED","","","SL1","","Generated provisional semantics; human domain review required","PROVISIONAL_AUTO_REVIEW_REQUIRED","DENY","0.5-draft"
"EDGE-TD-PORTUGAL-HOSPITAL-001","TD-PORTUGAL-HOSPITAL","TD-BASE-SAFETY","REQUIRED","","","SL1","","Generated provisional semantics; human domain review required","PROVISIONAL_AUTO_REVIEW_REQUIRED","DENY","0.5-draft"
"EDGE-TD-PORTUGAL-HOSPITAL-002","TD-PORTUGAL-HOSPITAL","TD-BASE-SITE","REQUIRED","","","SL1","","Generated provisional semantics; human domain review required","PROVISIONAL_AUTO_REVIEW_REQUIRED","DENY","0.5-draft"
"EDGE-TD-PORTUGAL-HOSPITAL-003","TD-PORTUGAL-HOSPITAL","TD-BASE-INVENTORY","REQUIRED","","","SL1","","Generated provisional semantics; human domain review required","PROVISIONAL_AUTO_REVIEW_REQUIRED","DENY","0.5-draft"
"EDGE-TD-PORTUGAL-WATER-UTILITY-001","TD-PORTUGAL-WATER-UTILITY","TD-BASE-SAFETY","REQUIRED","","","SL1","","Generated provisional semantics; human domain review required","PROVISIONAL_AUTO_REVIEW_REQUIRED","DENY","0.5-draft"
"EDGE-TD-PORTUGAL-WATER-UTILITY-002","TD-PORTUGAL-WATER-UTILITY","TD-BASE-SITE","REQUIRED","","","SL1","","Generated provisional semantics; human domain review required","PROVISIONAL_AUTO_REVIEW_REQUIRED","DENY","0.5-draft"
"EDGE-TD-PORTUGAL-WATER-UTILITY-003","TD-PORTUGAL-WATER-UTILITY","TD-BASE-INVENTORY","REQUIRED","","","SL1","","Generated provisional semantics; human domain review required","PROVISIONAL_AUTO_REVIEW_REQUIRED","DENY","0.5-draft"
"EDGE-TD-PORTUGAL-LABS-001","TD-PORTUGAL-LABS","TD-BASE-SAFETY","REQUIRED","","","SL1","","Generated provisional semantics; human domain review required","PROVISIONAL_AUTO_REVIEW_REQUIRED","DENY","0.5-draft"
"EDGE-TD-PORTUGAL-LABS-002","TD-PORTUGAL-LABS","TD-BASE-SITE","REQUIRED","","","SL1","","Generated provisional semantics; human domain review required","PROVISIONAL_AUTO_REVIEW_REQUIRED","DENY","0.5-draft"
"EDGE-TD-PORTUGAL-LABS-003","TD-PORTUGAL-LABS","TD-BASE-INVENTORY","REQUIRED","","","SL1","","Generated provisional semantics; human domain review required","PROVISIONAL_AUTO_REVIEW_REQUIRED","DENY","0.5-draft"
"EDGE-TD-PORTUGAL-ANEPC-001","TD-PORTUGAL-ANEPC","TD-BASE-SAFETY","REQUIRED","","","SL1","","Generated provisional semantics; human domain review required","PROVISIONAL_AUTO_REVIEW_REQUIRED","DENY","0.5-draft"
"EDGE-TD-PORTUGAL-ANEPC-002","TD-PORTUGAL-ANEPC","TD-BASE-SITE","REQUIRED","","","SL1","","Generated provisional semantics; human domain review required","PROVISIONAL_AUTO_REVIEW_REQUIRED","DENY","0.5-draft"
"EDGE-TD-PORTUGAL-ANEPC-003","TD-PORTUGAL-ANEPC","TD-BASE-INVENTORY","REQUIRED","","","SL1","","Generated provisional semantics; human domain review required","PROVISIONAL_AUTO_REVIEW_REQUIRED","DENY","0.5-draft"
"EDGE-TD-PORTUGAL-IPMA-001","TD-PORTUGAL-IPMA","TD-BASE-SAFETY","REQUIRED","","","SL1","","Generated provisional semantics; human domain review required","PROVISIONAL_AUTO_REVIEW_REQUIRED","DENY","0.5-draft"
"EDGE-TD-PORTUGAL-IPMA-002","TD-PORTUGAL-IPMA","TD-BASE-SITE","REQUIRED","","","SL1","","Generated provisional semantics; human domain review required","PROVISIONAL_AUTO_REVIEW_REQUIRED","DENY","0.5-draft"
"EDGE-TD-PORTUGAL-IPMA-003","TD-PORTUGAL-IPMA","TD-BASE-INVENTORY","REQUIRED","","","SL1","","Generated provisional semantics; human domain review required","PROVISIONAL_AUTO_REVIEW_REQUIRED","DENY","0.5-draft"
"EDGE-TD-PORTUGAL-APA-001","TD-PORTUGAL-APA","TD-BASE-SAFETY","REQUIRED","","","SL1","","Generated provisional semantics; human domain review required","PROVISIONAL_AUTO_REVIEW_REQUIRED","DENY","0.5-draft"
"EDGE-TD-PORTUGAL-APA-002","TD-PORTUGAL-APA","TD-BASE-SITE","REQUIRED","","","SL1","","Generated provisional semantics; human domain review required","PROVISIONAL_AUTO_REVIEW_REQUIRED","DENY","0.5-draft"
"EDGE-TD-PORTUGAL-APA-003","TD-PORTUGAL-APA","TD-BASE-INVENTORY","REQUIRED","","","SL1","","Generated provisional semantics; human domain review required","PROVISIONAL_AUTO_REVIEW_REQUIRED","DENY","0.5-draft"
"EDGE-TD-PORTUGAL-ICNF-001","TD-PORTUGAL-ICNF","TD-BASE-SAFETY","REQUIRED","","","SL1","","Generated provisional semantics; human domain review required","PROVISIONAL_AUTO_REVIEW_REQUIRED","DENY","0.5-draft"
"EDGE-TD-PORTUGAL-ICNF-002","TD-PORTUGAL-ICNF","TD-BASE-SITE","REQUIRED","","","SL1","","Generated provisional semantics; human domain review required","PROVISIONAL_AUTO_REVIEW_REQUIRED","DENY","0.5-draft"
"EDGE-TD-PORTUGAL-ICNF-003","TD-PORTUGAL-ICNF","TD-BASE-INVENTORY","REQUIRED","","","SL1","","Generated provisional semantics; human domain review required","PROVISIONAL_AUTO_REVIEW_REQUIRED","DENY","0.5-draft"
"EDGE-TD-PORTUGAL-DGAV-001","TD-PORTUGAL-DGAV","TD-BASE-SAFETY","REQUIRED","","","SL1","","Generated provisional semantics; human domain review required","PROVISIONAL_AUTO_REVIEW_REQUIRED","DENY","0.5-draft"
"EDGE-TD-PORTUGAL-DGAV-002","TD-PORTUGAL-DGAV","TD-BASE-SITE","REQUIRED","","","SL1","","Generated provisional semantics; human domain review required","PROVISIONAL_AUTO_REVIEW_REQUIRED","DENY","0.5-draft"
"EDGE-TD-PORTUGAL-DGAV-003","TD-PORTUGAL-DGAV","TD-BASE-INVENTORY","REQUIRED","","","SL1","","Generated provisional semantics; human domain review required","PROVISIONAL_AUTO_REVIEW_REQUIRED","DENY","0.5-draft"
"EDGE-TD-PORTUGAL-INIAV-001","TD-PORTUGAL-INIAV","TD-BASE-SAFETY","REQUIRED","","","SL1","","Generated provisional semantics; human domain review required","PROVISIONAL_AUTO_REVIEW_REQUIRED","DENY","0.5-draft"
"EDGE-TD-PORTUGAL-INIAV-002","TD-PORTUGAL-INIAV","TD-BASE-SITE","REQUIRED","","","SL1","","Generated provisional semantics; human domain review required","PROVISIONAL_AUTO_REVIEW_REQUIRED","DENY","0.5-draft"
"EDGE-TD-PORTUGAL-INIAV-003","TD-PORTUGAL-INIAV","TD-BASE-INVENTORY","REQUIRED","","","SL1","","Generated provisional semantics; human domain review required","PROVISIONAL_AUTO_REVIEW_REQUIRED","DENY","0.5-draft"
"EDGE-TD-PORTUGAL-DGT-001","TD-PORTUGAL-DGT","TD-BASE-SAFETY","REQUIRED","","","SL1","","Generated provisional semantics; human domain review required","PROVISIONAL_AUTO_REVIEW_REQUIRED","DENY","0.5-draft"
"EDGE-TD-PORTUGAL-DGT-002","TD-PORTUGAL-DGT","TD-BASE-SITE","REQUIRED","","","SL1","","Generated provisional semantics; human domain review required","PROVISIONAL_AUTO_REVIEW_REQUIRED","DENY","0.5-draft"
"EDGE-TD-PORTUGAL-DGT-003","TD-PORTUGAL-DGT","TD-BASE-INVENTORY","REQUIRED","","","SL1","","Generated provisional semantics; human domain review required","PROVISIONAL_AUTO_REVIEW_REQUIRED","DENY","0.5-draft"
"EDGE-TD-PORTUGAL-ENERGY-001","TD-PORTUGAL-ENERGY","TD-BASE-SAFETY","REQUIRED","","","SL1","","Generated provisional semantics; human domain review required","PROVISIONAL_AUTO_REVIEW_REQUIRED","DENY","0.5-draft"
"EDGE-TD-PORTUGAL-ENERGY-002","TD-PORTUGAL-ENERGY","TD-BASE-SITE","REQUIRED","","","SL1","","Generated provisional semantics; human domain review required","PROVISIONAL_AUTO_REVIEW_REQUIRED","DENY","0.5-draft"
"EDGE-TD-PORTUGAL-ENERGY-003","TD-PORTUGAL-ENERGY","TD-BASE-INVENTORY","REQUIRED","","","SL1","","Generated provisional semantics; human domain review required","PROVISIONAL_AUTO_REVIEW_REQUIRED","DENY","0.5-draft"
"EDGE-TD-PORTUGAL-ANACOM-001","TD-PORTUGAL-ANACOM","TD-BASE-SAFETY","REQUIRED","","","SL1","","Generated provisional semantics; human domain review required","PROVISIONAL_AUTO_REVIEW_REQUIRED","DENY","0.5-draft"
"EDGE-TD-PORTUGAL-ANACOM-002","TD-PORTUGAL-ANACOM","TD-BASE-SITE","REQUIRED","","","SL1","","Generated provisional semantics; human domain review required","PROVISIONAL_AUTO_REVIEW_REQUIRED","DENY","0.5-draft"
"EDGE-TD-PORTUGAL-ANACOM-003","TD-PORTUGAL-ANACOM","TD-BASE-INVENTORY","REQUIRED","","","SL1","","Generated provisional semantics; human domain review required","PROVISIONAL_AUTO_REVIEW_REQUIRED","DENY","0.5-draft"
"EDGE-TD-PORTUGAL-IMT-001","TD-PORTUGAL-IMT","TD-BASE-SAFETY","REQUIRED","","","SL1","","Generated provisional semantics; human domain review required","PROVISIONAL_AUTO_REVIEW_REQUIRED","DENY","0.5-draft"
"EDGE-TD-PORTUGAL-IMT-002","TD-PORTUGAL-IMT","TD-BASE-SITE","REQUIRED","","","SL1","","Generated provisional semantics; human domain review required","PROVISIONAL_AUTO_REVIEW_REQUIRED","DENY","0.5-draft"
"EDGE-TD-PORTUGAL-IMT-003","TD-PORTUGAL-IMT","TD-BASE-INVENTORY","REQUIRED","","","SL1","","Generated provisional semantics; human domain review required","PROVISIONAL_AUTO_REVIEW_REQUIRED","DENY","0.5-draft"
"EDGE-TD-PORTUGAL-ASAE-001","TD-PORTUGAL-ASAE","TD-BASE-SAFETY","REQUIRED","","","SL1","","Generated provisional semantics; human domain review required","PROVISIONAL_AUTO_REVIEW_REQUIRED","DENY","0.5-draft"
"EDGE-TD-PORTUGAL-ASAE-002","TD-PORTUGAL-ASAE","TD-BASE-SITE","REQUIRED","","","SL1","","Generated provisional semantics; human domain review required","PROVISIONAL_AUTO_REVIEW_REQUIRED","DENY","0.5-draft"
"EDGE-TD-PORTUGAL-ASAE-003","TD-PORTUGAL-ASAE","TD-BASE-INVENTORY","REQUIRED","","","SL1","","Generated provisional semantics; human domain review required","PROVISIONAL_AUTO_REVIEW_REQUIRED","DENY","0.5-draft"
"EDGE-TD-PORTUGAL-LAW-001","TD-PORTUGAL-LAW","TD-BASE-SAFETY","REQUIRED","","","SL1","","Generated provisional semantics; human domain review required","PROVISIONAL_AUTO_REVIEW_REQUIRED","DENY","0.5-draft"
"EDGE-TD-PORTUGAL-LAW-002","TD-PORTUGAL-LAW","TD-BASE-SITE","REQUIRED","","","SL1","","Generated provisional semantics; human domain review required","PROVISIONAL_AUTO_REVIEW_REQUIRED","DENY","0.5-draft"
"EDGE-TD-PORTUGAL-LAW-003","TD-PORTUGAL-LAW","TD-BASE-INVENTORY","REQUIRED","","","SL1","","Generated provisional semantics; human domain review required","PROVISIONAL_AUTO_REVIEW_REQUIRED","DENY","0.5-draft"
"EDGE-TD-PORTUGAL-WASTE-001","TD-PORTUGAL-WASTE","TD-BASE-SAFETY","REQUIRED","","","SL1","","Generated provisional semantics; human domain review required","PROVISIONAL_AUTO_REVIEW_REQUIRED","DENY","0.5-draft"
"EDGE-TD-PORTUGAL-WASTE-002","TD-PORTUGAL-WASTE","TD-BASE-SITE","REQUIRED","","","SL1","","Generated provisional semantics; human domain review required","PROVISIONAL_AUTO_REVIEW_REQUIRED","DENY","0.5-draft"
"EDGE-TD-PORTUGAL-WASTE-003","TD-PORTUGAL-WASTE","TD-BASE-INVENTORY","REQUIRED","","","SL1","","Generated provisional semantics; human domain review required","PROVISIONAL_AUTO_REVIEW_REQUIRED","DENY","0.5-draft"
"EDGE-TD-PORTUGAL-PDM-001","TD-PORTUGAL-PDM","TD-BASE-SAFETY","REQUIRED","","","SL1","","Generated provisional semantics; human domain review required","PROVISIONAL_AUTO_REVIEW_REQUIRED","DENY","0.5-draft"
"EDGE-TD-PORTUGAL-PDM-002","TD-PORTUGAL-PDM","TD-BASE-SITE","REQUIRED","","","SL1","","Generated provisional semantics; human domain review required","PROVISIONAL_AUTO_REVIEW_REQUIRED","DENY","0.5-draft"
"EDGE-TD-PORTUGAL-PDM-003","TD-PORTUGAL-PDM","TD-BASE-INVENTORY","REQUIRED","","","SL1","","Generated provisional semantics; human domain review required","PROVISIONAL_AUTO_REVIEW_REQUIRED","DENY","0.5-draft"
"EDGE-TD-PORTUGAL-WATER-RIGHTS-001","TD-PORTUGAL-WATER-RIGHTS","TD-BASE-SAFETY","REQUIRED","","","SL1","","Generated provisional semantics; human domain review required","PROVISIONAL_AUTO_REVIEW_REQUIRED","DENY","0.5-draft"
"EDGE-TD-PORTUGAL-WATER-RIGHTS-002","TD-PORTUGAL-WATER-RIGHTS","TD-BASE-SITE","REQUIRED","","","SL1","","Generated provisional semantics; human domain review required","PROVISIONAL_AUTO_REVIEW_REQUIRED","DENY","0.5-draft"
"EDGE-TD-PORTUGAL-WATER-RIGHTS-003","TD-PORTUGAL-WATER-RIGHTS","TD-BASE-INVENTORY","REQUIRED","","","SL1","","Generated provisional semantics; human domain review required","PROVISIONAL_AUTO_REVIEW_REQUIRED","DENY","0.5-draft"
"EDGE-TD-PORTUGAL-RAIN-REUSE-001","TD-PORTUGAL-RAIN-REUSE","TD-BASE-SAFETY","REQUIRED","","","SL1","","Generated provisional semantics; human domain review required","PROVISIONAL_AUTO_REVIEW_REQUIRED","DENY","0.5-draft"
"EDGE-TD-PORTUGAL-RAIN-REUSE-002","TD-PORTUGAL-RAIN-REUSE","TD-BASE-SITE","REQUIRED","","","SL1","","Generated provisional semantics; human domain review required","PROVISIONAL_AUTO_REVIEW_REQUIRED","DENY","0.5-draft"
"EDGE-TD-PORTUGAL-RAIN-REUSE-003","TD-PORTUGAL-RAIN-REUSE","TD-BASE-INVENTORY","REQUIRED","","","SL1","","Generated provisional semantics; human domain review required","PROVISIONAL_AUTO_REVIEW_REQUIRED","DENY","0.5-draft"
"EDGE-TD-PORTUGAL-SEPTIC-001","TD-PORTUGAL-SEPTIC","TD-BASE-SAFETY","REQUIRED","","","SL1","","Generated provisional semantics; human domain review required","PROVISIONAL_AUTO_REVIEW_REQUIRED","DENY","0.5-draft"
"EDGE-TD-PORTUGAL-SEPTIC-002","TD-PORTUGAL-SEPTIC","TD-BASE-SITE","REQUIRED","","","SL1","","Generated provisional semantics; human domain review required","PROVISIONAL_AUTO_REVIEW_REQUIRED","DENY","0.5-draft"
"EDGE-TD-PORTUGAL-SEPTIC-003","TD-PORTUGAL-SEPTIC","TD-BASE-INVENTORY","REQUIRED","","","SL1","","Generated provisional semantics; human domain review required","PROVISIONAL_AUTO_REVIEW_REQUIRED","DENY","0.5-draft"
"EDGE-TD-PORTUGAL-BURN-001","TD-PORTUGAL-BURN","TD-BASE-SAFETY","REQUIRED","","","SL1","","Generated provisional semantics; human domain review required","PROVISIONAL_AUTO_REVIEW_REQUIRED","DENY","0.5-draft"
"EDGE-TD-PORTUGAL-BURN-002","TD-PORTUGAL-BURN","TD-BASE-SITE","REQUIRED","","","SL1","","Generated provisional semantics; human domain review required","PROVISIONAL_AUTO_REVIEW_REQUIRED","DENY","0.5-draft"
"EDGE-TD-PORTUGAL-BURN-003","TD-PORTUGAL-BURN","TD-BASE-INVENTORY","REQUIRED","","","SL1","","Generated provisional semantics; human domain review required","PROVISIONAL_AUTO_REVIEW_REQUIRED","DENY","0.5-draft"
"EDGE-TD-PORTUGAL-FORESTRY-001","TD-PORTUGAL-FORESTRY","TD-BASE-SAFETY","REQUIRED","","","SL1","","Generated provisional semantics; human domain review required","PROVISIONAL_AUTO_REVIEW_REQUIRED","DENY","0.5-draft"
"EDGE-TD-PORTUGAL-FORESTRY-002","TD-PORTUGAL-FORESTRY","TD-BASE-SITE","REQUIRED","","","SL1","","Generated provisional semantics; human domain review required","PROVISIONAL_AUTO_REVIEW_REQUIRED","DENY","0.5-draft"
"EDGE-TD-PORTUGAL-FORESTRY-003","TD-PORTUGAL-FORESTRY","TD-BASE-INVENTORY","REQUIRED","","","SL1","","Generated provisional semantics; human domain review required","PROVISIONAL_AUTO_REVIEW_REQUIRED","DENY","0.5-draft"
"EDGE-TD-PORTUGAL-SEEDS-001","TD-PORTUGAL-SEEDS","TD-BASE-SAFETY","REQUIRED","","","SL1","","Generated provisional semantics; human domain review required","PROVISIONAL_AUTO_REVIEW_REQUIRED","DENY","0.5-draft"
"EDGE-TD-PORTUGAL-SEEDS-002","TD-PORTUGAL-SEEDS","TD-BASE-SITE","REQUIRED","","","SL1","","Generated provisional semantics; human domain review required","PROVISIONAL_AUTO_REVIEW_REQUIRED","DENY","0.5-draft"
"EDGE-TD-PORTUGAL-SEEDS-003","TD-PORTUGAL-SEEDS","TD-BASE-INVENTORY","REQUIRED","","","SL1","","Generated provisional semantics; human domain review required","PROVISIONAL_AUTO_REVIEW_REQUIRED","DENY","0.5-draft"
"EDGE-TD-PORTUGAL-LIVESTOCK-001","TD-PORTUGAL-LIVESTOCK","TD-BASE-SAFETY","REQUIRED","","","SL1","","Generated provisional semantics; human domain review required","PROVISIONAL_AUTO_REVIEW_REQUIRED","DENY","0.5-draft"
"EDGE-TD-PORTUGAL-LIVESTOCK-002","TD-PORTUGAL-LIVESTOCK","TD-BASE-SITE","REQUIRED","","","SL1","","Generated provisional semantics; human domain review required","PROVISIONAL_AUTO_REVIEW_REQUIRED","DENY","0.5-draft"
"EDGE-TD-PORTUGAL-LIVESTOCK-003","TD-PORTUGAL-LIVESTOCK","TD-BASE-INVENTORY","REQUIRED","","","SL1","","Generated provisional semantics; human domain review required","PROVISIONAL_AUTO_REVIEW_REQUIRED","DENY","0.5-draft"
"EDGE-TD-PORTUGAL-FUEL-001","TD-PORTUGAL-FUEL","TD-BASE-SAFETY","REQUIRED","","","SL1","","Generated provisional semantics; human domain review required","PROVISIONAL_AUTO_REVIEW_REQUIRED","DENY","0.5-draft"
"EDGE-TD-PORTUGAL-FUEL-002","TD-PORTUGAL-FUEL","TD-BASE-SITE","REQUIRED","","","SL1","","Generated provisional semantics; human domain review required","PROVISIONAL_AUTO_REVIEW_REQUIRED","DENY","0.5-draft"
"EDGE-TD-PORTUGAL-FUEL-003","TD-PORTUGAL-FUEL","TD-BASE-INVENTORY","REQUIRED","","","SL1","","Generated provisional semantics; human domain review required","PROVISIONAL_AUTO_REVIEW_REQUIRED","DENY","0.5-draft"
"EDGE-TD-PORTUGAL-RADIO-001","TD-PORTUGAL-RADIO","TD-BASE-SAFETY","REQUIRED","","","SL1","","Generated provisional semantics; human domain review required","PROVISIONAL_AUTO_REVIEW_REQUIRED","DENY","0.5-draft"
"EDGE-TD-PORTUGAL-RADIO-002","TD-PORTUGAL-RADIO","TD-BASE-SITE","REQUIRED","","","SL1","","Generated provisional semantics; human domain review required","PROVISIONAL_AUTO_REVIEW_REQUIRED","DENY","0.5-draft"
"EDGE-TD-PORTUGAL-RADIO-003","TD-PORTUGAL-RADIO","TD-BASE-INVENTORY","REQUIRED","","","SL1","","Generated provisional semantics; human domain review required","PROVISIONAL_AUTO_REVIEW_REQUIRED","DENY","0.5-draft"
"EDGE-TD-PORTUGAL-BUILD-001","TD-PORTUGAL-BUILD","TD-BASE-SAFETY","REQUIRED","","","SL1","","Generated provisional semantics; human domain review required","PROVISIONAL_AUTO_REVIEW_REQUIRED","DENY","0.5-draft"
"EDGE-TD-PORTUGAL-BUILD-002","TD-PORTUGAL-BUILD","TD-BASE-SITE","REQUIRED","","","SL1","","Generated provisional semantics; human domain review required","PROVISIONAL_AUTO_REVIEW_REQUIRED","DENY","0.5-draft"
"EDGE-TD-PORTUGAL-BUILD-003","TD-PORTUGAL-BUILD","TD-BASE-INVENTORY","REQUIRED","","","SL1","","Generated provisional semantics; human domain review required","PROVISIONAL_AUTO_REVIEW_REQUIRED","DENY","0.5-draft"
"EDGE-TD-PORTUGAL-PROTECTED-001","TD-PORTUGAL-PROTECTED","TD-BASE-SAFETY","REQUIRED","","","SL1","","Generated provisional semantics; human domain review required","PROVISIONAL_AUTO_REVIEW_REQUIRED","DENY","0.5-draft"
"EDGE-TD-PORTUGAL-PROTECTED-002","TD-PORTUGAL-PROTECTED","TD-BASE-SITE","REQUIRED","","","SL1","","Generated provisional semantics; human domain review required","PROVISIONAL_AUTO_REVIEW_REQUIRED","DENY","0.5-draft"
"EDGE-TD-PORTUGAL-PROTECTED-003","TD-PORTUGAL-PROTECTED","TD-BASE-INVENTORY","REQUIRED","","","SL1","","Generated provisional semantics; human domain review required","PROVISIONAL_AUTO_REVIEW_REQUIRED","DENY","0.5-draft"
"EDGE-TD-PORTUGAL-HAZARDS-001","TD-PORTUGAL-HAZARDS","TD-BASE-SAFETY","REQUIRED","","","SL1","","Generated provisional semantics; human domain review required","PROVISIONAL_AUTO_REVIEW_REQUIRED","DENY","0.5-draft"
"EDGE-TD-PORTUGAL-HAZARDS-002","TD-PORTUGAL-HAZARDS","TD-BASE-SITE","REQUIRED","","","SL1","","Generated provisional semantics; human domain review required","PROVISIONAL_AUTO_REVIEW_REQUIRED","DENY","0.5-draft"
"EDGE-TD-PORTUGAL-HAZARDS-003","TD-PORTUGAL-HAZARDS","TD-BASE-INVENTORY","REQUIRED","","","SL1","","Generated provisional semantics; human domain review required","PROVISIONAL_AUTO_REVIEW_REQUIRED","DENY","0.5-draft"
"EDGE-TD-PORTUGAL-MUNICIPIO-001","TD-PORTUGAL-MUNICIPIO","TD-BASE-SAFETY","REQUIRED","","","SL1","","Generated provisional semantics; human domain review required","PROVISIONAL_AUTO_REVIEW_REQUIRED","DENY","0.5-draft"
"EDGE-TD-PORTUGAL-MUNICIPIO-002","TD-PORTUGAL-MUNICIPIO","TD-BASE-SITE","REQUIRED","","","SL1","","Generated provisional semantics; human domain review required","PROVISIONAL_AUTO_REVIEW_REQUIRED","DENY","0.5-draft"
"EDGE-TD-PORTUGAL-MUNICIPIO-003","TD-PORTUGAL-MUNICIPIO","TD-BASE-INVENTORY","REQUIRED","","","SL1","","Generated provisional semantics; human domain review required","PROVISIONAL_AUTO_REVIEW_REQUIRED","DENY","0.5-draft"
"EDGE-TD-PORTUGAL-OFFLINE-001","TD-PORTUGAL-OFFLINE","TD-BASE-SAFETY","REQUIRED","","","SL1","","Generated provisional semantics; human domain review required","PROVISIONAL_AUTO_REVIEW_REQUIRED","DENY","0.5-draft"
"EDGE-TD-PORTUGAL-OFFLINE-002","TD-PORTUGAL-OFFLINE","TD-BASE-SITE","REQUIRED","","","SL1","","Generated provisional semantics; human domain review required","PROVISIONAL_AUTO_REVIEW_REQUIRED","DENY","0.5-draft"
"EDGE-TD-PORTUGAL-OFFLINE-003","TD-PORTUGAL-OFFLINE","TD-BASE-INVENTORY","REQUIRED","","","SL1","","Generated provisional semantics; human domain review required","PROVISIONAL_AUTO_REVIEW_REQUIRED","DENY","0.5-draft"
"EDGE-TD-PORTUGAL-001","TD-PORTUGAL","TD-BASE","REQUIRED","","","SL3","","Generated provisional semantics; human domain review required","PROVISIONAL_AUTO_REVIEW_REQUIRED","DENY","0.5-draft"
"EDGE-TD-PORTUGAL-002","TD-PORTUGAL","TD-PORTUGAL-112","REQUIRED","","","SL0","","Generated provisional semantics; human domain review required","PROVISIONAL_AUTO_REVIEW_REQUIRED","DENY","0.5-draft"
"EDGE-TD-PORTUGAL-003","TD-PORTUGAL","TD-PORTUGAL-SNS24","REQUIRED","","","SL1","","Generated provisional semantics; human domain review required","PROVISIONAL_AUTO_REVIEW_REQUIRED","DENY","0.5-draft"
"EDGE-TD-PORTUGAL-004","TD-PORTUGAL","TD-PORTUGAL-CIAV","REQUIRED","","","SL1","","Generated provisional semantics; human domain review required","PROVISIONAL_AUTO_REVIEW_REQUIRED","DENY","0.5-draft"
"EDGE-TD-PORTUGAL-005","TD-PORTUGAL","TD-PORTUGAL-MUNICIPAL-PC","REQUIRED","","","SL1","","Generated provisional semantics; human domain review required","PROVISIONAL_AUTO_REVIEW_REQUIRED","DENY","0.5-draft"
"EDGE-TD-PORTUGAL-006","TD-PORTUGAL","TD-PORTUGAL-HOSPITAL","REQUIRED","","","SL1","","Generated provisional semantics; human domain review required","PROVISIONAL_AUTO_REVIEW_REQUIRED","DENY","0.5-draft"
"EDGE-TD-PORTUGAL-007","TD-PORTUGAL","TD-PORTUGAL-WATER-UTILITY","REQUIRED","","","SL3","","Generated provisional semantics; human domain review required","PROVISIONAL_AUTO_REVIEW_REQUIRED","DENY","0.5-draft"
"EDGE-TD-PORTUGAL-008","TD-PORTUGAL","TD-PORTUGAL-LABS","REQUIRED","","","SL3","","Generated provisional semantics; human domain review required","PROVISIONAL_AUTO_REVIEW_REQUIRED","DENY","0.5-draft"
"EDGE-TD-PORTUGAL-009","TD-PORTUGAL","TD-PORTUGAL-ANEPC","REQUIRED","","","SL1","","Generated provisional semantics; human domain review required","PROVISIONAL_AUTO_REVIEW_REQUIRED","DENY","0.5-draft"
"EDGE-TD-PORTUGAL-010","TD-PORTUGAL","TD-PORTUGAL-IPMA","REQUIRED","","","SL1","","Generated provisional semantics; human domain review required","PROVISIONAL_AUTO_REVIEW_REQUIRED","DENY","0.5-draft"
"EDGE-TD-PORTUGAL-011","TD-PORTUGAL","TD-PORTUGAL-APA","REQUIRED","","","SL3","","Generated provisional semantics; human domain review required","PROVISIONAL_AUTO_REVIEW_REQUIRED","DENY","0.5-draft"
"EDGE-TD-PORTUGAL-012","TD-PORTUGAL","TD-PORTUGAL-ICNF","REQUIRED","","","SL3","","Generated provisional semantics; human domain review required","PROVISIONAL_AUTO_REVIEW_REQUIRED","DENY","0.5-draft"
"EDGE-TD-PORTUGAL-013","TD-PORTUGAL","TD-PORTUGAL-DGAV","REQUIRED","","","SL3","","Generated provisional semantics; human domain review required","PROVISIONAL_AUTO_REVIEW_REQUIRED","DENY","0.5-draft"
"EDGE-TD-PORTUGAL-014","TD-PORTUGAL","TD-PORTUGAL-INIAV","REQUIRED","","","SL3","","Generated provisional semantics; human domain review required","PROVISIONAL_AUTO_REVIEW_REQUIRED","DENY","0.5-draft"
"EDGE-TD-PORTUGAL-015","TD-PORTUGAL","TD-PORTUGAL-DGT","REQUIRED","","","SL3","","Generated provisional semantics; human domain review required","PROVISIONAL_AUTO_REVIEW_REQUIRED","DENY","0.5-draft"
"EDGE-TD-PORTUGAL-016","TD-PORTUGAL","TD-PORTUGAL-ENERGY","REQUIRED","","","SL3","","Generated provisional semantics; human domain review required","PROVISIONAL_AUTO_REVIEW_REQUIRED","DENY","0.5-draft"
"EDGE-TD-PORTUGAL-017","TD-PORTUGAL","TD-PORTUGAL-ANACOM","REQUIRED","","","SL3","","Generated provisional semantics; human domain review required","PROVISIONAL_AUTO_REVIEW_REQUIRED","DENY","0.5-draft"
"EDGE-TD-PORTUGAL-018","TD-PORTUGAL","TD-PORTUGAL-IMT","REQUIRED","","","SL3","","Generated provisional semantics; human domain review required","PROVISIONAL_AUTO_REVIEW_REQUIRED","DENY","0.5-draft"
"EDGE-TD-PORTUGAL-019","TD-PORTUGAL","TD-PORTUGAL-ASAE","REQUIRED","","","SL3","","Generated provisional semantics; human domain review required","PROVISIONAL_AUTO_REVIEW_REQUIRED","DENY","0.5-draft"
"EDGE-TD-PORTUGAL-020","TD-PORTUGAL","TD-PORTUGAL-LAW","REQUIRED","","","SL3","","Generated provisional semantics; human domain review required","PROVISIONAL_AUTO_REVIEW_REQUIRED","DENY","0.5-draft"
"EDGE-TD-PORTUGAL-021","TD-PORTUGAL","TD-PORTUGAL-WASTE","REQUIRED","","","SL3","","Generated provisional semantics; human domain review required","PROVISIONAL_AUTO_REVIEW_REQUIRED","DENY","0.5-draft"
"EDGE-TD-PORTUGAL-022","TD-PORTUGAL","TD-PORTUGAL-PDM","REQUIRED","","","SL3","","Generated provisional semantics; human domain review required","PROVISIONAL_AUTO_REVIEW_REQUIRED","DENY","0.5-draft"
"EDGE-TD-PORTUGAL-023","TD-PORTUGAL","TD-PORTUGAL-WATER-RIGHTS","CONDITIONAL","","","SL3","applicable_profile_site_or_qualified_role_required","Generated provisional semantics; human domain review required","PROVISIONAL_AUTO_REVIEW_REQUIRED","DENY","0.5-draft"
"EDGE-TD-PORTUGAL-024","TD-PORTUGAL","TD-PORTUGAL-RAIN-REUSE","CONDITIONAL","","","SL3","applicable_profile_site_or_qualified_role_required","Generated provisional semantics; human domain review required","PROVISIONAL_AUTO_REVIEW_REQUIRED","DENY","0.5-draft"
"EDGE-TD-PORTUGAL-025","TD-PORTUGAL","TD-PORTUGAL-SEPTIC","CONDITIONAL","","","SL3","applicable_profile_site_or_qualified_role_required","Generated provisional semantics; human domain review required","PROVISIONAL_AUTO_REVIEW_REQUIRED","DENY","0.5-draft"
"EDGE-TD-PORTUGAL-026","TD-PORTUGAL","TD-PORTUGAL-BURN","CONDITIONAL","","","SL3","applicable_profile_site_or_qualified_role_required","Generated provisional semantics; human domain review required","PROVISIONAL_AUTO_REVIEW_REQUIRED","DENY","0.5-draft"
"EDGE-TD-PORTUGAL-027","TD-PORTUGAL","TD-PORTUGAL-FORESTRY","CONDITIONAL","","","SL3","applicable_profile_site_or_qualified_role_required","Generated provisional semantics; human domain review required","PROVISIONAL_AUTO_REVIEW_REQUIRED","DENY","0.5-draft"
"EDGE-TD-PORTUGAL-028","TD-PORTUGAL","TD-PORTUGAL-SEEDS","CONDITIONAL","","","SL3","applicable_profile_site_or_qualified_role_required","Generated provisional semantics; human domain review required","PROVISIONAL_AUTO_REVIEW_REQUIRED","DENY","0.5-draft"
"EDGE-TD-PORTUGAL-029","TD-PORTUGAL","TD-PORTUGAL-LIVESTOCK","CONDITIONAL","","","SL3","applicable_profile_site_or_qualified_role_required","Generated provisional semantics; human domain review required","PROVISIONAL_AUTO_REVIEW_REQUIRED","DENY","0.5-draft"
"EDGE-TD-PORTUGAL-030","TD-PORTUGAL","TD-PORTUGAL-FUEL","CONDITIONAL","","","SL3","applicable_profile_site_or_qualified_role_required","Generated provisional semantics; human domain review required","PROVISIONAL_AUTO_REVIEW_REQUIRED","DENY","0.5-draft"
"EDGE-TD-PORTUGAL-031","TD-PORTUGAL","TD-PORTUGAL-RADIO","CONDITIONAL","","","SL3","applicable_profile_site_or_qualified_role_required","Generated provisional semantics; human domain review required","PROVISIONAL_AUTO_REVIEW_REQUIRED","DENY","0.5-draft"
"EDGE-TD-PORTUGAL-032","TD-PORTUGAL","TD-PORTUGAL-BUILD","CONDITIONAL","","","SL3","applicable_profile_site_or_qualified_role_required","Generated provisional semantics; human domain review required","PROVISIONAL_AUTO_REVIEW_REQUIRED","DENY","0.5-draft"
"EDGE-TD-PORTUGAL-033","TD-PORTUGAL","TD-PORTUGAL-PROTECTED","CONDITIONAL","","","SL3","applicable_profile_site_or_qualified_role_required","Generated provisional semantics; human domain review required","PROVISIONAL_AUTO_REVIEW_REQUIRED","DENY","0.5-draft"
"EDGE-TD-PORTUGAL-034","TD-PORTUGAL","TD-PORTUGAL-HAZARDS","REQUIRED","","","SL1","","Generated provisional semantics; human domain review required","PROVISIONAL_AUTO_REVIEW_REQUIRED","DENY","0.5-draft"
"EDGE-TD-PORTUGAL-035","TD-PORTUGAL","TD-PORTUGAL-MUNICIPIO","REQUIRED","","","SL1","","Generated provisional semantics; human domain review required","PROVISIONAL_AUTO_REVIEW_REQUIRED","DENY","0.5-draft"
"EDGE-TD-PORTUGAL-036","TD-PORTUGAL","TD-PORTUGAL-OFFLINE","REQUIRED","","","SL3","","Generated provisional semantics; human domain review required","PROVISIONAL_AUTO_REVIEW_REQUIRED","DENY","0.5-draft"
"EDGE-TD-HEALTH-LONE-PERSON-001","TD-HEALTH-LONE-PERSON","TD-BASE-SAFETY","REQUIRED","","","SL1","","Generated provisional semantics; human domain review required","PROVISIONAL_AUTO_REVIEW_REQUIRED","DENY","0.5-draft"
"EDGE-TD-HEALTH-LONE-PERSON-002","TD-HEALTH-LONE-PERSON","TD-BASE-SITE","REQUIRED","","","SL1","","Generated provisional semantics; human domain review required","PROVISIONAL_AUTO_REVIEW_REQUIRED","DENY","0.5-draft"
"EDGE-TD-HEALTH-LONE-PERSON-003","TD-HEALTH-LONE-PERSON","TD-BASE-INVENTORY","REQUIRED","","","SL1","","Generated provisional semantics; human domain review required","PROVISIONAL_AUTO_REVIEW_REQUIRED","DENY","0.5-draft"
"EDGE-TD-HEALTH-GEO-LANGUAGE-001","TD-HEALTH-GEO-LANGUAGE","TD-BASE-SAFETY","REQUIRED","","","SL1","","Generated provisional semantics; human domain review required","PROVISIONAL_AUTO_REVIEW_REQUIRED","DENY","0.5-draft"
"EDGE-TD-HEALTH-GEO-LANGUAGE-002","TD-HEALTH-GEO-LANGUAGE","TD-BASE-SITE","REQUIRED","","","SL1","","Generated provisional semantics; human domain review required","PROVISIONAL_AUTO_REVIEW_REQUIRED","DENY","0.5-draft"
"EDGE-TD-HEALTH-GEO-LANGUAGE-003","TD-HEALTH-GEO-LANGUAGE","TD-BASE-INVENTORY","REQUIRED","","","SL1","","Generated provisional semantics; human domain review required","PROVISIONAL_AUTO_REVIEW_REQUIRED","DENY","0.5-draft"
"EDGE-TD-HEALTH-BLS-ADULT-001","TD-HEALTH-BLS-ADULT","TD-BASE-SAFETY","REQUIRED","","","SL1","","Generated provisional semantics; human domain review required","PROVISIONAL_AUTO_REVIEW_REQUIRED","DENY","0.5-draft"
"EDGE-TD-HEALTH-BLS-ADULT-002","TD-HEALTH-BLS-ADULT","TD-BASE-SITE","REQUIRED","","","SL1","","Generated provisional semantics; human domain review required","PROVISIONAL_AUTO_REVIEW_REQUIRED","DENY","0.5-draft"
"EDGE-TD-HEALTH-BLS-ADULT-003","TD-HEALTH-BLS-ADULT","TD-BASE-INVENTORY","REQUIRED","","","SL1","","Generated provisional semantics; human domain review required","PROVISIONAL_AUTO_REVIEW_REQUIRED","DENY","0.5-draft"
"EDGE-TD-HEALTH-BLS-CHILD-001","TD-HEALTH-BLS-CHILD","TD-BASE-SAFETY","REQUIRED","","","SL1","","Generated provisional semantics; human domain review required","PROVISIONAL_AUTO_REVIEW_REQUIRED","DENY","0.5-draft"
"EDGE-TD-HEALTH-BLS-CHILD-002","TD-HEALTH-BLS-CHILD","TD-BASE-SITE","REQUIRED","","","SL1","","Generated provisional semantics; human domain review required","PROVISIONAL_AUTO_REVIEW_REQUIRED","DENY","0.5-draft"
"EDGE-TD-HEALTH-BLS-CHILD-003","TD-HEALTH-BLS-CHILD","TD-BASE-INVENTORY","REQUIRED","","","SL1","","Generated provisional semantics; human domain review required","PROVISIONAL_AUTO_REVIEW_REQUIRED","DENY","0.5-draft"
"EDGE-TD-HEALTH-BLS-INFANT-001","TD-HEALTH-BLS-INFANT","TD-BASE-SAFETY","REQUIRED","","","SL1","","Generated provisional semantics; human domain review required","PROVISIONAL_AUTO_REVIEW_REQUIRED","DENY","0.5-draft"
"EDGE-TD-HEALTH-BLS-INFANT-002","TD-HEALTH-BLS-INFANT","TD-BASE-SITE","REQUIRED","","","SL1","","Generated provisional semantics; human domain review required","PROVISIONAL_AUTO_REVIEW_REQUIRED","DENY","0.5-draft"
"EDGE-TD-HEALTH-BLS-INFANT-003","TD-HEALTH-BLS-INFANT","TD-BASE-INVENTORY","REQUIRED","","","SL1","","Generated provisional semantics; human domain review required","PROVISIONAL_AUTO_REVIEW_REQUIRED","DENY","0.5-draft"
"EDGE-TD-HEALTH-BLS-PREGNANCY-001","TD-HEALTH-BLS-PREGNANCY","TD-BASE-SAFETY","REQUIRED","","","SL1","","Generated provisional semantics; human domain review required","PROVISIONAL_AUTO_REVIEW_REQUIRED","DENY","0.5-draft"
"EDGE-TD-HEALTH-BLS-PREGNANCY-002","TD-HEALTH-BLS-PREGNANCY","TD-BASE-SITE","REQUIRED","","","SL1","","Generated provisional semantics; human domain review required","PROVISIONAL_AUTO_REVIEW_REQUIRED","DENY","0.5-draft"
"EDGE-TD-HEALTH-BLS-PREGNANCY-003","TD-HEALTH-BLS-PREGNANCY","TD-BASE-INVENTORY","REQUIRED","","","SL1","","Generated provisional semantics; human domain review required","PROVISIONAL_AUTO_REVIEW_REQUIRED","DENY","0.5-draft"
"EDGE-TD-HEALTH-BLS-DROWNING-001","TD-HEALTH-BLS-DROWNING","TD-BASE-SAFETY","REQUIRED","","","SL1","","Generated provisional semantics; human domain review required","PROVISIONAL_AUTO_REVIEW_REQUIRED","DENY","0.5-draft"
"EDGE-TD-HEALTH-BLS-DROWNING-002","TD-HEALTH-BLS-DROWNING","TD-BASE-SITE","REQUIRED","","","SL1","","Generated provisional semantics; human domain review required","PROVISIONAL_AUTO_REVIEW_REQUIRED","DENY","0.5-draft"
"EDGE-TD-HEALTH-BLS-DROWNING-003","TD-HEALTH-BLS-DROWNING","TD-BASE-INVENTORY","REQUIRED","","","SL1","","Generated provisional semantics; human domain review required","PROVISIONAL_AUTO_REVIEW_REQUIRED","DENY","0.5-draft"
"EDGE-TD-HEALTH-AMPUTATION-IMPALED-001","TD-HEALTH-AMPUTATION-IMPALED","TD-BASE-SAFETY","REQUIRED","","","SL1","","Generated provisional semantics; human domain review required","PROVISIONAL_AUTO_REVIEW_REQUIRED","DENY","0.5-draft"
"EDGE-TD-HEALTH-AMPUTATION-IMPALED-002","TD-HEALTH-AMPUTATION-IMPALED","TD-BASE-SITE","REQUIRED","","","SL1","","Generated provisional semantics; human domain review required","PROVISIONAL_AUTO_REVIEW_REQUIRED","DENY","0.5-draft"
"EDGE-TD-HEALTH-AMPUTATION-IMPALED-003","TD-HEALTH-AMPUTATION-IMPALED","TD-BASE-INVENTORY","REQUIRED","","","SL1","","Generated provisional semantics; human domain review required","PROVISIONAL_AUTO_REVIEW_REQUIRED","DENY","0.5-draft"
"EDGE-TD-HEALTH-TRAUMA-CHEST-001","TD-HEALTH-TRAUMA-CHEST","TD-BASE-SAFETY","REQUIRED","","","SL1","","Generated provisional semantics; human domain review required","PROVISIONAL_AUTO_REVIEW_REQUIRED","DENY","0.5-draft"
"EDGE-TD-HEALTH-TRAUMA-CHEST-002","TD-HEALTH-TRAUMA-CHEST","TD-BASE-SITE","REQUIRED","","","SL1","","Generated provisional semantics; human domain review required","PROVISIONAL_AUTO_REVIEW_REQUIRED","DENY","0.5-draft"
"EDGE-TD-HEALTH-TRAUMA-CHEST-003","TD-HEALTH-TRAUMA-CHEST","TD-BASE-INVENTORY","REQUIRED","","","SL1","","Generated provisional semantics; human domain review required","PROVISIONAL_AUTO_REVIEW_REQUIRED","DENY","0.5-draft"
"EDGE-TD-HEALTH-TRAUMA-ABDOMEN-001","TD-HEALTH-TRAUMA-ABDOMEN","TD-BASE-SAFETY","REQUIRED","","","SL1","","Generated provisional semantics; human domain review required","PROVISIONAL_AUTO_REVIEW_REQUIRED","DENY","0.5-draft"
"EDGE-TD-HEALTH-TRAUMA-ABDOMEN-002","TD-HEALTH-TRAUMA-ABDOMEN","TD-BASE-SITE","REQUIRED","","","SL1","","Generated provisional semantics; human domain review required","PROVISIONAL_AUTO_REVIEW_REQUIRED","DENY","0.5-draft"
"EDGE-TD-HEALTH-TRAUMA-ABDOMEN-003","TD-HEALTH-TRAUMA-ABDOMEN","TD-BASE-INVENTORY","REQUIRED","","","SL1","","Generated provisional semantics; human domain review required","PROVISIONAL_AUTO_REVIEW_REQUIRED","DENY","0.5-draft"
"EDGE-TD-HEALTH-TRAUMA-CRUSH-BLAST-001","TD-HEALTH-TRAUMA-CRUSH-BLAST","TD-BASE-SAFETY","REQUIRED","","","SL1","","Generated provisional semantics; human domain review required","PROVISIONAL_AUTO_REVIEW_REQUIRED","DENY","0.5-draft"
"EDGE-TD-HEALTH-TRAUMA-CRUSH-BLAST-002","TD-HEALTH-TRAUMA-CRUSH-BLAST","TD-BASE-SITE","REQUIRED","","","SL1","","Generated provisional semantics; human domain review required","PROVISIONAL_AUTO_REVIEW_REQUIRED","DENY","0.5-draft"
"EDGE-TD-HEALTH-TRAUMA-CRUSH-BLAST-003","TD-HEALTH-TRAUMA-CRUSH-BLAST","TD-BASE-INVENTORY","REQUIRED","","","SL1","","Generated provisional semantics; human domain review required","PROVISIONAL_AUTO_REVIEW_REQUIRED","DENY","0.5-draft"
"EDGE-TD-HEALTH-MOVE-HANDOVER-001","TD-HEALTH-MOVE-HANDOVER","TD-BASE-SAFETY","REQUIRED","","","SL1","","Generated provisional semantics; human domain review required","PROVISIONAL_AUTO_REVIEW_REQUIRED","DENY","0.5-draft"
"EDGE-TD-HEALTH-MOVE-HANDOVER-002","TD-HEALTH-MOVE-HANDOVER","TD-BASE-SITE","REQUIRED","","","SL1","","Generated provisional semantics; human domain review required","PROVISIONAL_AUTO_REVIEW_REQUIRED","DENY","0.5-draft"
"EDGE-TD-HEALTH-MOVE-HANDOVER-003","TD-HEALTH-MOVE-HANDOVER","TD-BASE-INVENTORY","REQUIRED","","","SL1","","Generated provisional semantics; human domain review required","PROVISIONAL_AUTO_REVIEW_REQUIRED","DENY","0.5-draft"
"EDGE-TD-HEALTH-BURN-THERMAL-001","TD-HEALTH-BURN-THERMAL","TD-BASE-SAFETY","REQUIRED","","","SL1","","Generated provisional semantics; human domain review required","PROVISIONAL_AUTO_REVIEW_REQUIRED","DENY","0.5-draft"
"EDGE-TD-HEALTH-BURN-THERMAL-002","TD-HEALTH-BURN-THERMAL","TD-BASE-SITE","REQUIRED","","","SL1","","Generated provisional semantics; human domain review required","PROVISIONAL_AUTO_REVIEW_REQUIRED","DENY","0.5-draft"
"EDGE-TD-HEALTH-BURN-THERMAL-003","TD-HEALTH-BURN-THERMAL","TD-BASE-INVENTORY","REQUIRED","","","SL1","","Generated provisional semantics; human domain review required","PROVISIONAL_AUTO_REVIEW_REQUIRED","DENY","0.5-draft"
"EDGE-TD-HEALTH-BURN-CHEMICAL-001","TD-HEALTH-BURN-CHEMICAL","TD-BASE-SAFETY","REQUIRED","","","SL1","","Generated provisional semantics; human domain review required","PROVISIONAL_AUTO_REVIEW_REQUIRED","DENY","0.5-draft"
"EDGE-TD-HEALTH-BURN-CHEMICAL-002","TD-HEALTH-BURN-CHEMICAL","TD-BASE-SITE","REQUIRED","","","SL1","","Generated provisional semantics; human domain review required","PROVISIONAL_AUTO_REVIEW_REQUIRED","DENY","0.5-draft"
"EDGE-TD-HEALTH-BURN-CHEMICAL-003","TD-HEALTH-BURN-CHEMICAL","TD-BASE-INVENTORY","REQUIRED","","","SL1","","Generated provisional semantics; human domain review required","PROVISIONAL_AUTO_REVIEW_REQUIRED","DENY","0.5-draft"
"EDGE-TD-HEALTH-BURN-ELECTRICAL-001","TD-HEALTH-BURN-ELECTRICAL","TD-BASE-SAFETY","REQUIRED","","","SL1","","Generated provisional semantics; human domain review required","PROVISIONAL_AUTO_REVIEW_REQUIRED","DENY","0.5-draft"
"EDGE-TD-HEALTH-BURN-ELECTRICAL-002","TD-HEALTH-BURN-ELECTRICAL","TD-BASE-SITE","REQUIRED","","","SL1","","Generated provisional semantics; human domain review required","PROVISIONAL_AUTO_REVIEW_REQUIRED","DENY","0.5-draft"
"EDGE-TD-HEALTH-BURN-ELECTRICAL-003","TD-HEALTH-BURN-ELECTRICAL","TD-BASE-INVENTORY","REQUIRED","","","SL1","","Generated provisional semantics; human domain review required","PROVISIONAL_AUTO_REVIEW_REQUIRED","DENY","0.5-draft"
"EDGE-TD-HEALTH-EYE-CHEMICAL-001","TD-HEALTH-EYE-CHEMICAL","TD-BASE-SAFETY","REQUIRED","","","SL1","","Generated provisional semantics; human domain review required","PROVISIONAL_AUTO_REVIEW_REQUIRED","DENY","0.5-draft"
"EDGE-TD-HEALTH-EYE-CHEMICAL-002","TD-HEALTH-EYE-CHEMICAL","TD-BASE-SITE","REQUIRED","","","SL1","","Generated provisional semantics; human domain review required","PROVISIONAL_AUTO_REVIEW_REQUIRED","DENY","0.5-draft"
"EDGE-TD-HEALTH-EYE-CHEMICAL-003","TD-HEALTH-EYE-CHEMICAL","TD-BASE-INVENTORY","REQUIRED","","","SL1","","Generated provisional semantics; human domain review required","PROVISIONAL_AUTO_REVIEW_REQUIRED","DENY","0.5-draft"
"EDGE-TD-HEALTH-SMOKE-CO-001","TD-HEALTH-SMOKE-CO","TD-BASE-SAFETY","REQUIRED","","","SL1","","Generated provisional semantics; human domain review required","PROVISIONAL_AUTO_REVIEW_REQUIRED","DENY","0.5-draft"
"EDGE-TD-HEALTH-SMOKE-CO-002","TD-HEALTH-SMOKE-CO","TD-BASE-SITE","REQUIRED","","","SL1","","Generated provisional semantics; human domain review required","PROVISIONAL_AUTO_REVIEW_REQUIRED","DENY","0.5-draft"
"EDGE-TD-HEALTH-SMOKE-CO-003","TD-HEALTH-SMOKE-CO","TD-BASE-INVENTORY","REQUIRED","","","SL1","","Generated provisional semantics; human domain review required","PROVISIONAL_AUTO_REVIEW_REQUIRED","DENY","0.5-draft"
"EDGE-TD-HEALTH-FROSTBITE-001","TD-HEALTH-FROSTBITE","TD-BASE-SAFETY","REQUIRED","","","SL1","","Generated provisional semantics; human domain review required","PROVISIONAL_AUTO_REVIEW_REQUIRED","DENY","0.5-draft"
"EDGE-TD-HEALTH-FROSTBITE-002","TD-HEALTH-FROSTBITE","TD-BASE-SITE","REQUIRED","","","SL1","","Generated provisional semantics; human domain review required","PROVISIONAL_AUTO_REVIEW_REQUIRED","DENY","0.5-draft"
"EDGE-TD-HEALTH-FROSTBITE-003","TD-HEALTH-FROSTBITE","TD-BASE-INVENTORY","REQUIRED","","","SL1","","Generated provisional semantics; human domain review required","PROVISIONAL_AUTO_REVIEW_REQUIRED","DENY","0.5-draft"
"EDGE-TD-HEALTH-SYNCOPE-001","TD-HEALTH-SYNCOPE","TD-BASE-SAFETY","REQUIRED","","","SL1","","Generated provisional semantics; human domain review required","PROVISIONAL_AUTO_REVIEW_REQUIRED","DENY","0.5-draft"
"EDGE-TD-HEALTH-SYNCOPE-002","TD-HEALTH-SYNCOPE","TD-BASE-SITE","REQUIRED","","","SL1","","Generated provisional semantics; human domain review required","PROVISIONAL_AUTO_REVIEW_REQUIRED","DENY","0.5-draft"
"EDGE-TD-HEALTH-SYNCOPE-003","TD-HEALTH-SYNCOPE","TD-BASE-INVENTORY","REQUIRED","","","SL1","","Generated provisional semantics; human domain review required","PROVISIONAL_AUTO_REVIEW_REQUIRED","DENY","0.5-draft"
"EDGE-TD-HEALTH-ACUTE-ABDOMEN-001","TD-HEALTH-ACUTE-ABDOMEN","TD-BASE-SAFETY","REQUIRED","","","SL1","","Generated provisional semantics; human domain review required","PROVISIONAL_AUTO_REVIEW_REQUIRED","DENY","0.5-draft"
"EDGE-TD-HEALTH-ACUTE-ABDOMEN-002","TD-HEALTH-ACUTE-ABDOMEN","TD-BASE-SITE","REQUIRED","","","SL1","","Generated provisional semantics; human domain review required","PROVISIONAL_AUTO_REVIEW_REQUIRED","DENY","0.5-draft"
"EDGE-TD-HEALTH-ACUTE-ABDOMEN-003","TD-HEALTH-ACUTE-ABDOMEN","TD-BASE-INVENTORY","REQUIRED","","","SL1","","Generated provisional semantics; human domain review required","PROVISIONAL_AUTO_REVIEW_REQUIRED","DENY","0.5-draft"
"EDGE-TD-HEALTH-HEADACHE-001","TD-HEALTH-HEADACHE","TD-BASE-SAFETY","REQUIRED","","","SL1","","Generated provisional semantics; human domain review required","PROVISIONAL_AUTO_REVIEW_REQUIRED","DENY","0.5-draft"
"EDGE-TD-HEALTH-HEADACHE-002","TD-HEALTH-HEADACHE","TD-BASE-SITE","REQUIRED","","","SL1","","Generated provisional semantics; human domain review required","PROVISIONAL_AUTO_REVIEW_REQUIRED","DENY","0.5-draft"
"EDGE-TD-HEALTH-HEADACHE-003","TD-HEALTH-HEADACHE","TD-BASE-INVENTORY","REQUIRED","","","SL1","","Generated provisional semantics; human domain review required","PROVISIONAL_AUTO_REVIEW_REQUIRED","DENY","0.5-draft"
"EDGE-TD-HEALTH-URINARY-001","TD-HEALTH-URINARY","TD-BASE-SAFETY","REQUIRED","","","SL1","","Generated provisional semantics; human domain review required","PROVISIONAL_AUTO_REVIEW_REQUIRED","DENY","0.5-draft"
"EDGE-TD-HEALTH-URINARY-002","TD-HEALTH-URINARY","TD-BASE-SITE","REQUIRED","","","SL1","","Generated provisional semantics; human domain review required","PROVISIONAL_AUTO_REVIEW_REQUIRED","DENY","0.5-draft"
"EDGE-TD-HEALTH-URINARY-003","TD-HEALTH-URINARY","TD-BASE-INVENTORY","REQUIRED","","","SL1","","Generated provisional semantics; human domain review required","PROVISIONAL_AUTO_REVIEW_REQUIRED","DENY","0.5-draft"
"EDGE-TD-HEALTH-FEVER-001","TD-HEALTH-FEVER","TD-BASE-SAFETY","REQUIRED","","","SL1","","Generated provisional semantics; human domain review required","PROVISIONAL_AUTO_REVIEW_REQUIRED","DENY","0.5-draft"
"EDGE-TD-HEALTH-FEVER-002","TD-HEALTH-FEVER","TD-BASE-SITE","REQUIRED","","","SL1","","Generated provisional semantics; human domain review required","PROVISIONAL_AUTO_REVIEW_REQUIRED","DENY","0.5-draft"
"EDGE-TD-HEALTH-FEVER-003","TD-HEALTH-FEVER","TD-BASE-INVENTORY","REQUIRED","","","SL1","","Generated provisional semantics; human domain review required","PROVISIONAL_AUTO_REVIEW_REQUIRED","DENY","0.5-draft"
"EDGE-TD-HEALTH-BITES-STINGS-001","TD-HEALTH-BITES-STINGS","TD-BASE-SAFETY","REQUIRED","","","SL1","","Generated provisional semantics; human domain review required","PROVISIONAL_AUTO_REVIEW_REQUIRED","DENY","0.5-draft"
"EDGE-TD-HEALTH-BITES-STINGS-002","TD-HEALTH-BITES-STINGS","TD-BASE-SITE","REQUIRED","","","SL1","","Generated provisional semantics; human domain review required","PROVISIONAL_AUTO_REVIEW_REQUIRED","DENY","0.5-draft"
"EDGE-TD-HEALTH-BITES-STINGS-003","TD-HEALTH-BITES-STINGS","TD-BASE-INVENTORY","REQUIRED","","","SL1","","Generated provisional semantics; human domain review required","PROVISIONAL_AUTO_REVIEW_REQUIRED","DENY","0.5-draft"
"EDGE-TD-HEALTH-SNAKE-MARINE-001","TD-HEALTH-SNAKE-MARINE","TD-BASE-SAFETY","REQUIRED","","","SL1","","Generated provisional semantics; human domain review required","PROVISIONAL_AUTO_REVIEW_REQUIRED","DENY","0.5-draft"
"EDGE-TD-HEALTH-SNAKE-MARINE-002","TD-HEALTH-SNAKE-MARINE","TD-BASE-SITE","REQUIRED","","","SL1","","Generated provisional semantics; human domain review required","PROVISIONAL_AUTO_REVIEW_REQUIRED","DENY","0.5-draft"
"EDGE-TD-HEALTH-SNAKE-MARINE-003","TD-HEALTH-SNAKE-MARINE","TD-BASE-INVENTORY","REQUIRED","","","SL1","","Generated provisional semantics; human domain review required","PROVISIONAL_AUTO_REVIEW_REQUIRED","DENY","0.5-draft"
"EDGE-TD-HEALTH-RABIES-TETANUS-001","TD-HEALTH-RABIES-TETANUS","TD-BASE-SAFETY","REQUIRED","","","SL1","","Generated provisional semantics; human domain review required","PROVISIONAL_AUTO_REVIEW_REQUIRED","DENY","0.5-draft"
"EDGE-TD-HEALTH-RABIES-TETANUS-002","TD-HEALTH-RABIES-TETANUS","TD-BASE-SITE","REQUIRED","","","SL1","","Generated provisional semantics; human domain review required","PROVISIONAL_AUTO_REVIEW_REQUIRED","DENY","0.5-draft"
"EDGE-TD-HEALTH-RABIES-TETANUS-003","TD-HEALTH-RABIES-TETANUS","TD-BASE-INVENTORY","REQUIRED","","","SL1","","Generated provisional semantics; human domain review required","PROVISIONAL_AUTO_REVIEW_REQUIRED","DENY","0.5-draft"
"EDGE-TD-HEALTH-OB-BLEED-001","TD-HEALTH-OB-BLEED","TD-BASE-SAFETY","REQUIRED","","","SL1","","Generated provisional semantics; human domain review required","PROVISIONAL_AUTO_REVIEW_REQUIRED","DENY","0.5-draft"
"EDGE-TD-HEALTH-OB-BLEED-002","TD-HEALTH-OB-BLEED","TD-BASE-SITE","REQUIRED","","","SL1","","Generated provisional semantics; human domain review required","PROVISIONAL_AUTO_REVIEW_REQUIRED","DENY","0.5-draft"
"EDGE-TD-HEALTH-OB-BLEED-003","TD-HEALTH-OB-BLEED","TD-BASE-INVENTORY","REQUIRED","","","SL1","","Generated provisional semantics; human domain review required","PROVISIONAL_AUTO_REVIEW_REQUIRED","DENY","0.5-draft"
"EDGE-TD-HEALTH-OB-ECTOPIC-001","TD-HEALTH-OB-ECTOPIC","TD-BASE-SAFETY","REQUIRED","","","SL1","","Generated provisional semantics; human domain review required","PROVISIONAL_AUTO_REVIEW_REQUIRED","DENY","0.5-draft"
"EDGE-TD-HEALTH-OB-ECTOPIC-002","TD-HEALTH-OB-ECTOPIC","TD-BASE-SITE","REQUIRED","","","SL1","","Generated provisional semantics; human domain review required","PROVISIONAL_AUTO_REVIEW_REQUIRED","DENY","0.5-draft"
"EDGE-TD-HEALTH-OB-ECTOPIC-003","TD-HEALTH-OB-ECTOPIC","TD-BASE-INVENTORY","REQUIRED","","","SL1","","Generated provisional semantics; human domain review required","PROVISIONAL_AUTO_REVIEW_REQUIRED","DENY","0.5-draft"
"EDGE-TD-HEALTH-OB-PREECLAMPSIA-001","TD-HEALTH-OB-PREECLAMPSIA","TD-BASE-SAFETY","REQUIRED","","","SL1","","Generated provisional semantics; human domain review required","PROVISIONAL_AUTO_REVIEW_REQUIRED","DENY","0.5-draft"
"EDGE-TD-HEALTH-OB-PREECLAMPSIA-002","TD-HEALTH-OB-PREECLAMPSIA","TD-BASE-SITE","REQUIRED","","","SL1","","Generated provisional semantics; human domain review required","PROVISIONAL_AUTO_REVIEW_REQUIRED","DENY","0.5-draft"
"EDGE-TD-HEALTH-OB-PREECLAMPSIA-003","TD-HEALTH-OB-PREECLAMPSIA","TD-BASE-INVENTORY","REQUIRED","","","SL1","","Generated provisional semantics; human domain review required","PROVISIONAL_AUTO_REVIEW_REQUIRED","DENY","0.5-draft"
"EDGE-TD-HEALTH-OB-BIRTH-001","TD-HEALTH-OB-BIRTH","TD-BASE-SAFETY","REQUIRED","","","SL1","","Generated provisional semantics; human domain review required","PROVISIONAL_AUTO_REVIEW_REQUIRED","DENY","0.5-draft"
"EDGE-TD-HEALTH-OB-BIRTH-002","TD-HEALTH-OB-BIRTH","TD-BASE-SITE","REQUIRED","","","SL1","","Generated provisional semantics; human domain review required","PROVISIONAL_AUTO_REVIEW_REQUIRED","DENY","0.5-draft"
"EDGE-TD-HEALTH-OB-BIRTH-003","TD-HEALTH-OB-BIRTH","TD-BASE-INVENTORY","REQUIRED","","","SL1","","Generated provisional semantics; human domain review required","PROVISIONAL_AUTO_REVIEW_REQUIRED","DENY","0.5-draft"
"EDGE-TD-HEALTH-OB-POSTPARTUM-BLEED-001","TD-HEALTH-OB-POSTPARTUM-BLEED","TD-BASE-SAFETY","REQUIRED","","","SL1","","Generated provisional semantics; human domain review required","PROVISIONAL_AUTO_REVIEW_REQUIRED","DENY","0.5-draft"
"EDGE-TD-HEALTH-OB-POSTPARTUM-BLEED-002","TD-HEALTH-OB-POSTPARTUM-BLEED","TD-BASE-SITE","REQUIRED","","","SL1","","Generated provisional semantics; human domain review required","PROVISIONAL_AUTO_REVIEW_REQUIRED","DENY","0.5-draft"
"EDGE-TD-HEALTH-OB-POSTPARTUM-BLEED-003","TD-HEALTH-OB-POSTPARTUM-BLEED","TD-BASE-INVENTORY","REQUIRED","","","SL1","","Generated provisional semantics; human domain review required","PROVISIONAL_AUTO_REVIEW_REQUIRED","DENY","0.5-draft"
"EDGE-TD-HEALTH-NEWBORN-001","TD-HEALTH-NEWBORN","TD-BASE-SAFETY","REQUIRED","","","SL1","","Generated provisional semantics; human domain review required","PROVISIONAL_AUTO_REVIEW_REQUIRED","DENY","0.5-draft"
"EDGE-TD-HEALTH-NEWBORN-002","TD-HEALTH-NEWBORN","TD-BASE-SITE","REQUIRED","","","SL1","","Generated provisional semantics; human domain review required","PROVISIONAL_AUTO_REVIEW_REQUIRED","DENY","0.5-draft"
"EDGE-TD-HEALTH-NEWBORN-003","TD-HEALTH-NEWBORN","TD-BASE-INVENTORY","REQUIRED","","","SL1","","Generated provisional semantics; human domain review required","PROVISIONAL_AUTO_REVIEW_REQUIRED","DENY","0.5-draft"
"EDGE-TD-HEALTH-SEXUAL-VIOLENCE-001","TD-HEALTH-SEXUAL-VIOLENCE","TD-BASE-SAFETY","REQUIRED","","","SL1","","Generated provisional semantics; human domain review required","PROVISIONAL_AUTO_REVIEW_REQUIRED","DENY","0.5-draft"
"EDGE-TD-HEALTH-SEXUAL-VIOLENCE-002","TD-HEALTH-SEXUAL-VIOLENCE","TD-BASE-SITE","REQUIRED","","","SL1","","Generated provisional semantics; human domain review required","PROVISIONAL_AUTO_REVIEW_REQUIRED","DENY","0.5-draft"
"EDGE-TD-HEALTH-SEXUAL-VIOLENCE-003","TD-HEALTH-SEXUAL-VIOLENCE","TD-BASE-INVENTORY","REQUIRED","","","SL1","","Generated provisional semantics; human domain review required","PROVISIONAL_AUTO_REVIEW_REQUIRED","DENY","0.5-draft"
"EDGE-TD-HEALTH-MH-SUICIDE-001","TD-HEALTH-MH-SUICIDE","TD-BASE-SAFETY","REQUIRED","","","SL1","","Generated provisional semantics; human domain review required","PROVISIONAL_AUTO_REVIEW_REQUIRED","DENY","0.5-draft"
"EDGE-TD-HEALTH-MH-SUICIDE-002","TD-HEALTH-MH-SUICIDE","TD-BASE-SITE","REQUIRED","","","SL1","","Generated provisional semantics; human domain review required","PROVISIONAL_AUTO_REVIEW_REQUIRED","DENY","0.5-draft"
"EDGE-TD-HEALTH-MH-SUICIDE-003","TD-HEALTH-MH-SUICIDE","TD-BASE-INVENTORY","REQUIRED","","","SL1","","Generated provisional semantics; human domain review required","PROVISIONAL_AUTO_REVIEW_REQUIRED","DENY","0.5-draft"
"EDGE-TD-HEALTH-MH-PSYCHOSIS-001","TD-HEALTH-MH-PSYCHOSIS","TD-BASE-SAFETY","REQUIRED","","","SL1","","Generated provisional semantics; human domain review required","PROVISIONAL_AUTO_REVIEW_REQUIRED","DENY","0.5-draft"
"EDGE-TD-HEALTH-MH-PSYCHOSIS-002","TD-HEALTH-MH-PSYCHOSIS","TD-BASE-SITE","REQUIRED","","","SL1","","Generated provisional semantics; human domain review required","PROVISIONAL_AUTO_REVIEW_REQUIRED","DENY","0.5-draft"
"EDGE-TD-HEALTH-MH-PSYCHOSIS-003","TD-HEALTH-MH-PSYCHOSIS","TD-BASE-INVENTORY","REQUIRED","","","SL1","","Generated provisional semantics; human domain review required","PROVISIONAL_AUTO_REVIEW_REQUIRED","DENY","0.5-draft"
"EDGE-TD-HEALTH-MH-AGITATION-001","TD-HEALTH-MH-AGITATION","TD-BASE-SAFETY","REQUIRED","","","SL1","","Generated provisional semantics; human domain review required","PROVISIONAL_AUTO_REVIEW_REQUIRED","DENY","0.5-draft"
"EDGE-TD-HEALTH-MH-AGITATION-002","TD-HEALTH-MH-AGITATION","TD-BASE-SITE","REQUIRED","","","SL1","","Generated provisional semantics; human domain review required","PROVISIONAL_AUTO_REVIEW_REQUIRED","DENY","0.5-draft"
"EDGE-TD-HEALTH-MH-AGITATION-003","TD-HEALTH-MH-AGITATION","TD-BASE-INVENTORY","REQUIRED","","","SL1","","Generated provisional semantics; human domain review required","PROVISIONAL_AUTO_REVIEW_REQUIRED","DENY","0.5-draft"
"EDGE-TD-HEALTH-MH-WITHDRAWAL-001","TD-HEALTH-MH-WITHDRAWAL","TD-BASE-SAFETY","REQUIRED","","","SL1","","Generated provisional semantics; human domain review required","PROVISIONAL_AUTO_REVIEW_REQUIRED","DENY","0.5-draft"
"EDGE-TD-HEALTH-MH-WITHDRAWAL-002","TD-HEALTH-MH-WITHDRAWAL","TD-BASE-SITE","REQUIRED","","","SL1","","Generated provisional semantics; human domain review required","PROVISIONAL_AUTO_REVIEW_REQUIRED","DENY","0.5-draft"
"EDGE-TD-HEALTH-MH-WITHDRAWAL-003","TD-HEALTH-MH-WITHDRAWAL","TD-BASE-INVENTORY","REQUIRED","","","SL1","","Generated provisional semantics; human domain review required","PROVISIONAL_AUTO_REVIEW_REQUIRED","DENY","0.5-draft"
"EDGE-TD-HEALTH-DEVICE-OXYGEN-CPAP-001","TD-HEALTH-DEVICE-OXYGEN-CPAP","TD-BASE-SAFETY","REQUIRED","","","SL1","","Generated provisional semantics; human domain review required","PROVISIONAL_AUTO_REVIEW_REQUIRED","DENY","0.5-draft"
"EDGE-TD-HEALTH-DEVICE-OXYGEN-CPAP-002","TD-HEALTH-DEVICE-OXYGEN-CPAP","TD-BASE-SITE","REQUIRED","","","SL1","","Generated provisional semantics; human domain review required","PROVISIONAL_AUTO_REVIEW_REQUIRED","DENY","0.5-draft"
"EDGE-TD-HEALTH-DEVICE-OXYGEN-CPAP-003","TD-HEALTH-DEVICE-OXYGEN-CPAP","TD-BASE-INVENTORY","REQUIRED","","","SL1","","Generated provisional semantics; human domain review required","PROVISIONAL_AUTO_REVIEW_REQUIRED","DENY","0.5-draft"
"EDGE-TD-HEALTH-DEVICE-DIALYSIS-001","TD-HEALTH-DEVICE-DIALYSIS","TD-BASE-SAFETY","REQUIRED","","","SL1","","Generated provisional semantics; human domain review required","PROVISIONAL_AUTO_REVIEW_REQUIRED","DENY","0.5-draft"
"EDGE-TD-HEALTH-DEVICE-DIALYSIS-002","TD-HEALTH-DEVICE-DIALYSIS","TD-BASE-SITE","REQUIRED","","","SL1","","Generated provisional semantics; human domain review required","PROVISIONAL_AUTO_REVIEW_REQUIRED","DENY","0.5-draft"
"EDGE-TD-HEALTH-DEVICE-DIALYSIS-003","TD-HEALTH-DEVICE-DIALYSIS","TD-BASE-INVENTORY","REQUIRED","","","SL1","","Generated provisional semantics; human domain review required","PROVISIONAL_AUTO_REVIEW_REQUIRED","DENY","0.5-draft"
"EDGE-TD-HEALTH-DEVICE-TUBE-FEED-001","TD-HEALTH-DEVICE-TUBE-FEED","TD-BASE-SAFETY","REQUIRED","","","SL1","","Generated provisional semantics; human domain review required","PROVISIONAL_AUTO_REVIEW_REQUIRED","DENY","0.5-draft"
"EDGE-TD-HEALTH-DEVICE-TUBE-FEED-002","TD-HEALTH-DEVICE-TUBE-FEED","TD-BASE-SITE","REQUIRED","","","SL1","","Generated provisional semantics; human domain review required","PROVISIONAL_AUTO_REVIEW_REQUIRED","DENY","0.5-draft"
"EDGE-TD-HEALTH-DEVICE-TUBE-FEED-003","TD-HEALTH-DEVICE-TUBE-FEED","TD-BASE-INVENTORY","REQUIRED","","","SL1","","Generated provisional semantics; human domain review required","PROVISIONAL_AUTO_REVIEW_REQUIRED","DENY","0.5-draft"
"EDGE-TD-HEALTH-ISOLATION-IMMEDIATE-001","TD-HEALTH-ISOLATION-IMMEDIATE","TD-BASE-SAFETY","REQUIRED","","","SL1","","Generated provisional semantics; human domain review required","PROVISIONAL_AUTO_REVIEW_REQUIRED","DENY","0.5-draft"
"EDGE-TD-HEALTH-ISOLATION-IMMEDIATE-002","TD-HEALTH-ISOLATION-IMMEDIATE","TD-BASE-SITE","REQUIRED","","","SL1","","Generated provisional semantics; human domain review required","PROVISIONAL_AUTO_REVIEW_REQUIRED","DENY","0.5-draft"
"EDGE-TD-HEALTH-ISOLATION-IMMEDIATE-003","TD-HEALTH-ISOLATION-IMMEDIATE","TD-BASE-INVENTORY","REQUIRED","","","SL1","","Generated provisional semantics; human domain review required","PROVISIONAL_AUTO_REVIEW_REQUIRED","DENY","0.5-draft"
"EDGE-TD-HEALTH-CONTACT-LOG-001","TD-HEALTH-CONTACT-LOG","TD-BASE-SAFETY","REQUIRED","","","SL1","","Generated provisional semantics; human domain review required","PROVISIONAL_AUTO_REVIEW_REQUIRED","DENY","0.5-draft"
"EDGE-TD-HEALTH-CONTACT-LOG-002","TD-HEALTH-CONTACT-LOG","TD-BASE-SITE","REQUIRED","","","SL1","","Generated provisional semantics; human domain review required","PROVISIONAL_AUTO_REVIEW_REQUIRED","DENY","0.5-draft"
"EDGE-TD-HEALTH-CONTACT-LOG-003","TD-HEALTH-CONTACT-LOG","TD-BASE-INVENTORY","REQUIRED","","","SL1","","Generated provisional semantics; human domain review required","PROVISIONAL_AUTO_REVIEW_REQUIRED","DENY","0.5-draft"
"EDGE-TD-HEALTH-EVAC-ACCESS-001","TD-HEALTH-EVAC-ACCESS","TD-BASE-SAFETY","REQUIRED","","","SL1","","Generated provisional semantics; human domain review required","PROVISIONAL_AUTO_REVIEW_REQUIRED","DENY","0.5-draft"
"EDGE-TD-HEALTH-EVAC-ACCESS-002","TD-HEALTH-EVAC-ACCESS","TD-BASE-SITE","REQUIRED","","","SL1","","Generated provisional semantics; human domain review required","PROVISIONAL_AUTO_REVIEW_REQUIRED","DENY","0.5-draft"
"EDGE-TD-HEALTH-EVAC-ACCESS-003","TD-HEALTH-EVAC-ACCESS","TD-BASE-INVENTORY","REQUIRED","","","SL1","","Generated provisional semantics; human domain review required","PROVISIONAL_AUTO_REVIEW_REQUIRED","DENY","0.5-draft"
"EDGE-TD-HEALTH-TEAM-ROLES-001","TD-HEALTH-TEAM-ROLES","TD-BASE-SAFETY","REQUIRED","","","SL1","","Generated provisional semantics; human domain review required","PROVISIONAL_AUTO_REVIEW_REQUIRED","DENY","0.5-draft"
"EDGE-TD-HEALTH-TEAM-ROLES-002","TD-HEALTH-TEAM-ROLES","TD-BASE-SITE","REQUIRED","","","SL1","","Generated provisional semantics; human domain review required","PROVISIONAL_AUTO_REVIEW_REQUIRED","DENY","0.5-draft"
"EDGE-TD-HEALTH-TEAM-ROLES-003","TD-HEALTH-TEAM-ROLES","TD-BASE-INVENTORY","REQUIRED","","","SL1","","Generated provisional semantics; human domain review required","PROVISIONAL_AUTO_REVIEW_REQUIRED","DENY","0.5-draft"
"EDGE-TD-HEALTH-CASUALTY-CAPACITY-001","TD-HEALTH-CASUALTY-CAPACITY","TD-BASE-SAFETY","REQUIRED","","","SL1","","Generated provisional semantics; human domain review required","PROVISIONAL_AUTO_REVIEW_REQUIRED","DENY","0.5-draft"
"EDGE-TD-HEALTH-CASUALTY-CAPACITY-002","TD-HEALTH-CASUALTY-CAPACITY","TD-BASE-SITE","REQUIRED","","","SL1","","Generated provisional semantics; human domain review required","PROVISIONAL_AUTO_REVIEW_REQUIRED","DENY","0.5-draft"
"EDGE-TD-HEALTH-CASUALTY-CAPACITY-003","TD-HEALTH-CASUALTY-CAPACITY","TD-BASE-INVENTORY","REQUIRED","","","SL1","","Generated provisional semantics; human domain review required","PROVISIONAL_AUTO_REVIEW_REQUIRED","DENY","0.5-draft"
"EDGE-TD-HEALTH-CARE-NURSING-001","TD-HEALTH-CARE-NURSING","TD-BASE-SAFETY","REQUIRED","","","SL1","","Generated provisional semantics; human domain review required","PROVISIONAL_AUTO_REVIEW_REQUIRED","DENY","0.5-draft"
"EDGE-TD-HEALTH-CARE-NURSING-002","TD-HEALTH-CARE-NURSING","TD-BASE-SITE","REQUIRED","","","SL1","","Generated provisional semantics; human domain review required","PROVISIONAL_AUTO_REVIEW_REQUIRED","DENY","0.5-draft"
"EDGE-TD-HEALTH-CARE-NURSING-003","TD-HEALTH-CARE-NURSING","TD-BASE-INVENTORY","REQUIRED","","","SL1","","Generated provisional semantics; human domain review required","PROVISIONAL_AUTO_REVIEW_REQUIRED","DENY","0.5-draft"
"EDGE-TD-HEALTH-CARE-SWALLOW-001","TD-HEALTH-CARE-SWALLOW","TD-BASE-SAFETY","REQUIRED","","","SL1","","Generated provisional semantics; human domain review required","PROVISIONAL_AUTO_REVIEW_REQUIRED","DENY","0.5-draft"
"EDGE-TD-HEALTH-CARE-SWALLOW-002","TD-HEALTH-CARE-SWALLOW","TD-BASE-SITE","REQUIRED","","","SL1","","Generated provisional semantics; human domain review required","PROVISIONAL_AUTO_REVIEW_REQUIRED","DENY","0.5-draft"
"EDGE-TD-HEALTH-CARE-SWALLOW-003","TD-HEALTH-CARE-SWALLOW","TD-BASE-INVENTORY","REQUIRED","","","SL1","","Generated provisional semantics; human domain review required","PROVISIONAL_AUTO_REVIEW_REQUIRED","DENY","0.5-draft"
"EDGE-TD-HEALTH-CONT-CARDIO-001","TD-HEALTH-CONT-CARDIO","TD-BASE-SAFETY","REQUIRED","","","SL1","","Generated provisional semantics; human domain review required","PROVISIONAL_AUTO_REVIEW_REQUIRED","DENY","0.5-draft"
"EDGE-TD-HEALTH-CONT-CARDIO-002","TD-HEALTH-CONT-CARDIO","TD-BASE-SITE","REQUIRED","","","SL1","","Generated provisional semantics; human domain review required","PROVISIONAL_AUTO_REVIEW_REQUIRED","DENY","0.5-draft"
"EDGE-TD-HEALTH-CONT-CARDIO-003","TD-HEALTH-CONT-CARDIO","TD-BASE-INVENTORY","REQUIRED","","","SL1","","Generated provisional semantics; human domain review required","PROVISIONAL_AUTO_REVIEW_REQUIRED","DENY","0.5-draft"
"EDGE-TD-HEALTH-CONT-DIABETES-001","TD-HEALTH-CONT-DIABETES","TD-BASE-SAFETY","REQUIRED","","","SL1","","Generated provisional semantics; human domain review required","PROVISIONAL_AUTO_REVIEW_REQUIRED","DENY","0.5-draft"
"EDGE-TD-HEALTH-CONT-DIABETES-002","TD-HEALTH-CONT-DIABETES","TD-BASE-SITE","REQUIRED","","","SL1","","Generated provisional semantics; human domain review required","PROVISIONAL_AUTO_REVIEW_REQUIRED","DENY","0.5-draft"
"EDGE-TD-HEALTH-CONT-DIABETES-003","TD-HEALTH-CONT-DIABETES","TD-BASE-INVENTORY","REQUIRED","","","SL1","","Generated provisional semantics; human domain review required","PROVISIONAL_AUTO_REVIEW_REQUIRED","DENY","0.5-draft"
"EDGE-TD-HEALTH-CONT-RESP-001","TD-HEALTH-CONT-RESP","TD-BASE-SAFETY","REQUIRED","","","SL1","","Generated provisional semantics; human domain review required","PROVISIONAL_AUTO_REVIEW_REQUIRED","DENY","0.5-draft"
"EDGE-TD-HEALTH-CONT-RESP-002","TD-HEALTH-CONT-RESP","TD-BASE-SITE","REQUIRED","","","SL1","","Generated provisional semantics; human domain review required","PROVISIONAL_AUTO_REVIEW_REQUIRED","DENY","0.5-draft"
"EDGE-TD-HEALTH-CONT-RESP-003","TD-HEALTH-CONT-RESP","TD-BASE-INVENTORY","REQUIRED","","","SL1","","Generated provisional semantics; human domain review required","PROVISIONAL_AUTO_REVIEW_REQUIRED","DENY","0.5-draft"
"EDGE-TD-HEALTH-CONT-EPILEPSY-001","TD-HEALTH-CONT-EPILEPSY","TD-BASE-SAFETY","REQUIRED","","","SL1","","Generated provisional semantics; human domain review required","PROVISIONAL_AUTO_REVIEW_REQUIRED","DENY","0.5-draft"
"EDGE-TD-HEALTH-CONT-EPILEPSY-002","TD-HEALTH-CONT-EPILEPSY","TD-BASE-SITE","REQUIRED","","","SL1","","Generated provisional semantics; human domain review required","PROVISIONAL_AUTO_REVIEW_REQUIRED","DENY","0.5-draft"
"EDGE-TD-HEALTH-CONT-EPILEPSY-003","TD-HEALTH-CONT-EPILEPSY","TD-BASE-INVENTORY","REQUIRED","","","SL1","","Generated provisional semantics; human domain review required","PROVISIONAL_AUTO_REVIEW_REQUIRED","DENY","0.5-draft"
"EDGE-TD-HEALTH-CONT-ENDOCRINE-001","TD-HEALTH-CONT-ENDOCRINE","TD-BASE-SAFETY","REQUIRED","","","SL1","","Generated provisional semantics; human domain review required","PROVISIONAL_AUTO_REVIEW_REQUIRED","DENY","0.5-draft"
"EDGE-TD-HEALTH-CONT-ENDOCRINE-002","TD-HEALTH-CONT-ENDOCRINE","TD-BASE-SITE","REQUIRED","","","SL1","","Generated provisional semantics; human domain review required","PROVISIONAL_AUTO_REVIEW_REQUIRED","DENY","0.5-draft"
"EDGE-TD-HEALTH-CONT-ENDOCRINE-003","TD-HEALTH-CONT-ENDOCRINE","TD-BASE-INVENTORY","REQUIRED","","","SL1","","Generated provisional semantics; human domain review required","PROVISIONAL_AUTO_REVIEW_REQUIRED","DENY","0.5-draft"
"EDGE-TD-HEALTH-CONT-ANTICOAG-001","TD-HEALTH-CONT-ANTICOAG","TD-BASE-SAFETY","REQUIRED","","","SL1","","Generated provisional semantics; human domain review required","PROVISIONAL_AUTO_REVIEW_REQUIRED","DENY","0.5-draft"
"EDGE-TD-HEALTH-CONT-ANTICOAG-002","TD-HEALTH-CONT-ANTICOAG","TD-BASE-SITE","REQUIRED","","","SL1","","Generated provisional semantics; human domain review required","PROVISIONAL_AUTO_REVIEW_REQUIRED","DENY","0.5-draft"
"EDGE-TD-HEALTH-CONT-ANTICOAG-003","TD-HEALTH-CONT-ANTICOAG","TD-BASE-INVENTORY","REQUIRED","","","SL1","","Generated provisional semantics; human domain review required","PROVISIONAL_AUTO_REVIEW_REQUIRED","DENY","0.5-draft"
"EDGE-TD-HEALTH-CONT-PSYCH-001","TD-HEALTH-CONT-PSYCH","TD-BASE-SAFETY","REQUIRED","","","SL1","","Generated provisional semantics; human domain review required","PROVISIONAL_AUTO_REVIEW_REQUIRED","DENY","0.5-draft"
"EDGE-TD-HEALTH-CONT-PSYCH-002","TD-HEALTH-CONT-PSYCH","TD-BASE-SITE","REQUIRED","","","SL1","","Generated provisional semantics; human domain review required","PROVISIONAL_AUTO_REVIEW_REQUIRED","DENY","0.5-draft"
"EDGE-TD-HEALTH-CONT-PSYCH-003","TD-HEALTH-CONT-PSYCH","TD-BASE-INVENTORY","REQUIRED","","","SL1","","Generated provisional semantics; human domain review required","PROVISIONAL_AUTO_REVIEW_REQUIRED","DENY","0.5-draft"
"EDGE-TD-HEALTH-CONT-RENAL-001","TD-HEALTH-CONT-RENAL","TD-BASE-SAFETY","REQUIRED","","","SL1","","Generated provisional semantics; human domain review required","PROVISIONAL_AUTO_REVIEW_REQUIRED","DENY","0.5-draft"
"EDGE-TD-HEALTH-CONT-RENAL-002","TD-HEALTH-CONT-RENAL","TD-BASE-SITE","REQUIRED","","","SL1","","Generated provisional semantics; human domain review required","PROVISIONAL_AUTO_REVIEW_REQUIRED","DENY","0.5-draft"
"EDGE-TD-HEALTH-CONT-RENAL-003","TD-HEALTH-CONT-RENAL","TD-BASE-INVENTORY","REQUIRED","","","SL1","","Generated provisional semantics; human domain review required","PROVISIONAL_AUTO_REVIEW_REQUIRED","DENY","0.5-draft"
"EDGE-TD-HEALTH-CONT-ONCOLOGY-001","TD-HEALTH-CONT-ONCOLOGY","TD-BASE-SAFETY","REQUIRED","","","SL1","","Generated provisional semantics; human domain review required","PROVISIONAL_AUTO_REVIEW_REQUIRED","DENY","0.5-draft"
"EDGE-TD-HEALTH-CONT-ONCOLOGY-002","TD-HEALTH-CONT-ONCOLOGY","TD-BASE-SITE","REQUIRED","","","SL1","","Generated provisional semantics; human domain review required","PROVISIONAL_AUTO_REVIEW_REQUIRED","DENY","0.5-draft"
"EDGE-TD-HEALTH-CONT-ONCOLOGY-003","TD-HEALTH-CONT-ONCOLOGY","TD-BASE-INVENTORY","REQUIRED","","","SL1","","Generated provisional semantics; human domain review required","PROVISIONAL_AUTO_REVIEW_REQUIRED","DENY","0.5-draft"
"EDGE-TD-HEALTH-CONT-TRANSPLANT-001","TD-HEALTH-CONT-TRANSPLANT","TD-BASE-SAFETY","REQUIRED","","","SL1","","Generated provisional semantics; human domain review required","PROVISIONAL_AUTO_REVIEW_REQUIRED","DENY","0.5-draft"
"EDGE-TD-HEALTH-CONT-TRANSPLANT-002","TD-HEALTH-CONT-TRANSPLANT","TD-BASE-SITE","REQUIRED","","","SL1","","Generated provisional semantics; human domain review required","PROVISIONAL_AUTO_REVIEW_REQUIRED","DENY","0.5-draft"
"EDGE-TD-HEALTH-CONT-TRANSPLANT-003","TD-HEALTH-CONT-TRANSPLANT","TD-BASE-INVENTORY","REQUIRED","","","SL1","","Generated provisional semantics; human domain review required","PROVISIONAL_AUTO_REVIEW_REQUIRED","DENY","0.5-draft"
"EDGE-TD-HEALTH-CONT-HIV-TB-001","TD-HEALTH-CONT-HIV-TB","TD-BASE-SAFETY","REQUIRED","","","SL1","","Generated provisional semantics; human domain review required","PROVISIONAL_AUTO_REVIEW_REQUIRED","DENY","0.5-draft"
"EDGE-TD-HEALTH-CONT-HIV-TB-002","TD-HEALTH-CONT-HIV-TB","TD-BASE-SITE","REQUIRED","","","SL1","","Generated provisional semantics; human domain review required","PROVISIONAL_AUTO_REVIEW_REQUIRED","DENY","0.5-draft"
"EDGE-TD-HEALTH-CONT-HIV-TB-003","TD-HEALTH-CONT-HIV-TB","TD-BASE-INVENTORY","REQUIRED","","","SL1","","Generated provisional semantics; human domain review required","PROVISIONAL_AUTO_REVIEW_REQUIRED","DENY","0.5-draft"
"EDGE-TD-HEALTH-CONT-AUTOIMMUNE-001","TD-HEALTH-CONT-AUTOIMMUNE","TD-BASE-SAFETY","REQUIRED","","","SL1","","Generated provisional semantics; human domain review required","PROVISIONAL_AUTO_REVIEW_REQUIRED","DENY","0.5-draft"
"EDGE-TD-HEALTH-CONT-AUTOIMMUNE-002","TD-HEALTH-CONT-AUTOIMMUNE","TD-BASE-SITE","REQUIRED","","","SL1","","Generated provisional semantics; human domain review required","PROVISIONAL_AUTO_REVIEW_REQUIRED","DENY","0.5-draft"
"EDGE-TD-HEALTH-CONT-AUTOIMMUNE-003","TD-HEALTH-CONT-AUTOIMMUNE","TD-BASE-INVENTORY","REQUIRED","","","SL1","","Generated provisional semantics; human domain review required","PROVISIONAL_AUTO_REVIEW_REQUIRED","DENY","0.5-draft"
"EDGE-TD-HEALTH-CONT-HEMOPHILIA-001","TD-HEALTH-CONT-HEMOPHILIA","TD-BASE-SAFETY","REQUIRED","","","SL1","","Generated provisional semantics; human domain review required","PROVISIONAL_AUTO_REVIEW_REQUIRED","DENY","0.5-draft"
"EDGE-TD-HEALTH-CONT-HEMOPHILIA-002","TD-HEALTH-CONT-HEMOPHILIA","TD-BASE-SITE","REQUIRED","","","SL1","","Generated provisional semantics; human domain review required","PROVISIONAL_AUTO_REVIEW_REQUIRED","DENY","0.5-draft"
"EDGE-TD-HEALTH-CONT-HEMOPHILIA-003","TD-HEALTH-CONT-HEMOPHILIA","TD-BASE-INVENTORY","REQUIRED","","","SL1","","Generated provisional semantics; human domain review required","PROVISIONAL_AUTO_REVIEW_REQUIRED","DENY","0.5-draft"
"EDGE-TD-HEALTH-CONT-PAIN-001","TD-HEALTH-CONT-PAIN","TD-BASE-SAFETY","REQUIRED","","","SL1","","Generated provisional semantics; human domain review required","PROVISIONAL_AUTO_REVIEW_REQUIRED","DENY","0.5-draft"
"EDGE-TD-HEALTH-CONT-PAIN-002","TD-HEALTH-CONT-PAIN","TD-BASE-SITE","REQUIRED","","","SL1","","Generated provisional semantics; human domain review required","PROVISIONAL_AUTO_REVIEW_REQUIRED","DENY","0.5-draft"
"EDGE-TD-HEALTH-CONT-PAIN-003","TD-HEALTH-CONT-PAIN","TD-BASE-INVENTORY","REQUIRED","","","SL1","","Generated provisional semantics; human domain review required","PROVISIONAL_AUTO_REVIEW_REQUIRED","DENY","0.5-draft"
"EDGE-TD-HEALTH-CONT-STOMA-CATH-001","TD-HEALTH-CONT-STOMA-CATH","TD-BASE-SAFETY","REQUIRED","","","SL1","","Generated provisional semantics; human domain review required","PROVISIONAL_AUTO_REVIEW_REQUIRED","DENY","0.5-draft"
"EDGE-TD-HEALTH-CONT-STOMA-CATH-002","TD-HEALTH-CONT-STOMA-CATH","TD-BASE-SITE","REQUIRED","","","SL1","","Generated provisional semantics; human domain review required","PROVISIONAL_AUTO_REVIEW_REQUIRED","DENY","0.5-draft"
"EDGE-TD-HEALTH-CONT-STOMA-CATH-003","TD-HEALTH-CONT-STOMA-CATH","TD-BASE-INVENTORY","REQUIRED","","","SL1","","Generated provisional semantics; human domain review required","PROVISIONAL_AUTO_REVIEW_REQUIRED","DENY","0.5-draft"
"EDGE-TD-HEALTH-ASSISTIVE-001","TD-HEALTH-ASSISTIVE","TD-BASE-SAFETY","REQUIRED","","","SL1","","Generated provisional semantics; human domain review required","PROVISIONAL_AUTO_REVIEW_REQUIRED","DENY","0.5-draft"
"EDGE-TD-HEALTH-ASSISTIVE-002","TD-HEALTH-ASSISTIVE","TD-BASE-SITE","REQUIRED","","","SL1","","Generated provisional semantics; human domain review required","PROVISIONAL_AUTO_REVIEW_REQUIRED","DENY","0.5-draft"
"EDGE-TD-HEALTH-ASSISTIVE-003","TD-HEALTH-ASSISTIVE","TD-BASE-INVENTORY","REQUIRED","","","SL1","","Generated provisional semantics; human domain review required","PROVISIONAL_AUTO_REVIEW_REQUIRED","DENY","0.5-draft"
"EDGE-TD-HEALTH-POSTPARTUM-001","TD-HEALTH-POSTPARTUM","TD-BASE-SAFETY","REQUIRED","","","SL1","","Generated provisional semantics; human domain review required","PROVISIONAL_AUTO_REVIEW_REQUIRED","DENY","0.5-draft"
"EDGE-TD-HEALTH-POSTPARTUM-002","TD-HEALTH-POSTPARTUM","TD-BASE-SITE","REQUIRED","","","SL1","","Generated provisional semantics; human domain review required","PROVISIONAL_AUTO_REVIEW_REQUIRED","DENY","0.5-draft"
"EDGE-TD-HEALTH-POSTPARTUM-003","TD-HEALTH-POSTPARTUM","TD-BASE-INVENTORY","REQUIRED","","","SL1","","Generated provisional semantics; human domain review required","PROVISIONAL_AUTO_REVIEW_REQUIRED","DENY","0.5-draft"
"EDGE-TD-HEALTH-REPRODUCTIVE-001","TD-HEALTH-REPRODUCTIVE","TD-BASE-SAFETY","REQUIRED","","","SL1","","Generated provisional semantics; human domain review required","PROVISIONAL_AUTO_REVIEW_REQUIRED","DENY","0.5-draft"
"EDGE-TD-HEALTH-REPRODUCTIVE-002","TD-HEALTH-REPRODUCTIVE","TD-BASE-SITE","REQUIRED","","","SL1","","Generated provisional semantics; human domain review required","PROVISIONAL_AUTO_REVIEW_REQUIRED","DENY","0.5-draft"
"EDGE-TD-HEALTH-REPRODUCTIVE-003","TD-HEALTH-REPRODUCTIVE","TD-BASE-INVENTORY","REQUIRED","","","SL1","","Generated provisional semantics; human domain review required","PROVISIONAL_AUTO_REVIEW_REQUIRED","DENY","0.5-draft"
"EDGE-TD-HEALTH-SKIN-EYE-EAR-001","TD-HEALTH-SKIN-EYE-EAR","TD-BASE-SAFETY","REQUIRED","","","SL1","","Generated provisional semantics; human domain review required","PROVISIONAL_AUTO_REVIEW_REQUIRED","DENY","0.5-draft"
"EDGE-TD-HEALTH-SKIN-EYE-EAR-002","TD-HEALTH-SKIN-EYE-EAR","TD-BASE-SITE","REQUIRED","","","SL1","","Generated provisional semantics; human domain review required","PROVISIONAL_AUTO_REVIEW_REQUIRED","DENY","0.5-draft"
"EDGE-TD-HEALTH-SKIN-EYE-EAR-003","TD-HEALTH-SKIN-EYE-EAR","TD-BASE-INVENTORY","REQUIRED","","","SL1","","Generated provisional semantics; human domain review required","PROVISIONAL_AUTO_REVIEW_REQUIRED","DENY","0.5-draft"
"EDGE-TD-HEALTH-GRIEF-CAREGIVER-001","TD-HEALTH-GRIEF-CAREGIVER","TD-BASE-SAFETY","REQUIRED","","","SL1","","Generated provisional semantics; human domain review required","PROVISIONAL_AUTO_REVIEW_REQUIRED","DENY","0.5-draft"
"EDGE-TD-HEALTH-GRIEF-CAREGIVER-002","TD-HEALTH-GRIEF-CAREGIVER","TD-BASE-SITE","REQUIRED","","","SL1","","Generated provisional semantics; human domain review required","PROVISIONAL_AUTO_REVIEW_REQUIRED","DENY","0.5-draft"
"EDGE-TD-HEALTH-GRIEF-CAREGIVER-003","TD-HEALTH-GRIEF-CAREGIVER","TD-BASE-INVENTORY","REQUIRED","","","SL1","","Generated provisional semantics; human domain review required","PROVISIONAL_AUTO_REVIEW_REQUIRED","DENY","0.5-draft"
"EDGE-TD-HEALTH-CARE-HANDOVER-001","TD-HEALTH-CARE-HANDOVER","TD-BASE-SAFETY","REQUIRED","","","SL1","","Generated provisional semantics; human domain review required","PROVISIONAL_AUTO_REVIEW_REQUIRED","DENY","0.5-draft"
"EDGE-TD-HEALTH-CARE-HANDOVER-002","TD-HEALTH-CARE-HANDOVER","TD-BASE-SITE","REQUIRED","","","SL1","","Generated provisional semantics; human domain review required","PROVISIONAL_AUTO_REVIEW_REQUIRED","DENY","0.5-draft"
"EDGE-TD-HEALTH-CARE-HANDOVER-003","TD-HEALTH-CARE-HANDOVER","TD-BASE-INVENTORY","REQUIRED","","","SL1","","Generated provisional semantics; human domain review required","PROVISIONAL_AUTO_REVIEW_REQUIRED","DENY","0.5-draft"
"EDGE-TD-HEALTH-PREVENT-VACCINE-001","TD-HEALTH-PREVENT-VACCINE","TD-BASE-SAFETY","REQUIRED","","","SL1","","Generated provisional semantics; human domain review required","PROVISIONAL_AUTO_REVIEW_REQUIRED","DENY","0.5-draft"
"EDGE-TD-HEALTH-PREVENT-VACCINE-002","TD-HEALTH-PREVENT-VACCINE","TD-BASE-SITE","REQUIRED","","","SL1","","Generated provisional semantics; human domain review required","PROVISIONAL_AUTO_REVIEW_REQUIRED","DENY","0.5-draft"
"EDGE-TD-HEALTH-PREVENT-VACCINE-003","TD-HEALTH-PREVENT-VACCINE","TD-BASE-INVENTORY","REQUIRED","","","SL1","","Generated provisional semantics; human domain review required","PROVISIONAL_AUTO_REVIEW_REQUIRED","DENY","0.5-draft"
"EDGE-TD-HEALTH-CHILD-GROWTH-001","TD-HEALTH-CHILD-GROWTH","TD-BASE-SAFETY","REQUIRED","","","SL1","","Generated provisional semantics; human domain review required","PROVISIONAL_AUTO_REVIEW_REQUIRED","DENY","0.5-draft"
"EDGE-TD-HEALTH-CHILD-GROWTH-002","TD-HEALTH-CHILD-GROWTH","TD-BASE-SITE","REQUIRED","","","SL1","","Generated provisional semantics; human domain review required","PROVISIONAL_AUTO_REVIEW_REQUIRED","DENY","0.5-draft"
"EDGE-TD-HEALTH-CHILD-GROWTH-003","TD-HEALTH-CHILD-GROWTH","TD-BASE-INVENTORY","REQUIRED","","","SL1","","Generated provisional semantics; human domain review required","PROVISIONAL_AUTO_REVIEW_REQUIRED","DENY","0.5-draft"
"EDGE-TD-HEALTH-FALLS-DECONDITION-001","TD-HEALTH-FALLS-DECONDITION","TD-BASE-SAFETY","REQUIRED","","","SL1","","Generated provisional semantics; human domain review required","PROVISIONAL_AUTO_REVIEW_REQUIRED","DENY","0.5-draft"
"EDGE-TD-HEALTH-FALLS-DECONDITION-002","TD-HEALTH-FALLS-DECONDITION","TD-BASE-SITE","REQUIRED","","","SL1","","Generated provisional semantics; human domain review required","PROVISIONAL_AUTO_REVIEW_REQUIRED","DENY","0.5-draft"
"EDGE-TD-HEALTH-FALLS-DECONDITION-003","TD-HEALTH-FALLS-DECONDITION","TD-BASE-INVENTORY","REQUIRED","","","SL1","","Generated provisional semantics; human domain review required","PROVISIONAL_AUTO_REVIEW_REQUIRED","DENY","0.5-draft"
"EDGE-TD-HEALTH-OCC-HEALTH-001","TD-HEALTH-OCC-HEALTH","TD-BASE-SAFETY","REQUIRED","","","SL1","","Generated provisional semantics; human domain review required","PROVISIONAL_AUTO_REVIEW_REQUIRED","DENY","0.5-draft"
"EDGE-TD-HEALTH-OCC-HEALTH-002","TD-HEALTH-OCC-HEALTH","TD-BASE-SITE","REQUIRED","","","SL1","","Generated provisional semantics; human domain review required","PROVISIONAL_AUTO_REVIEW_REQUIRED","DENY","0.5-draft"
"EDGE-TD-HEALTH-OCC-HEALTH-003","TD-HEALTH-OCC-HEALTH","TD-BASE-INVENTORY","REQUIRED","","","SL1","","Generated provisional semantics; human domain review required","PROVISIONAL_AUTO_REVIEW_REQUIRED","DENY","0.5-draft"
"EDGE-TD-HEALTH-VECTOR-001","TD-HEALTH-VECTOR","TD-BASE-SAFETY","REQUIRED","","","SL1","","Generated provisional semantics; human domain review required","PROVISIONAL_AUTO_REVIEW_REQUIRED","DENY","0.5-draft"
"EDGE-TD-HEALTH-VECTOR-002","TD-HEALTH-VECTOR","TD-BASE-SITE","REQUIRED","","","SL1","","Generated provisional semantics; human domain review required","PROVISIONAL_AUTO_REVIEW_REQUIRED","DENY","0.5-draft"
"EDGE-TD-HEALTH-VECTOR-003","TD-HEALTH-VECTOR","TD-BASE-INVENTORY","REQUIRED","","","SL1","","Generated provisional semantics; human domain review required","PROVISIONAL_AUTO_REVIEW_REQUIRED","DENY","0.5-draft"
"EDGE-TD-HEALTH-SURVEILLANCE-001","TD-HEALTH-SURVEILLANCE","TD-BASE-SAFETY","REQUIRED","","","SL1","","Generated provisional semantics; human domain review required","PROVISIONAL_AUTO_REVIEW_REQUIRED","DENY","0.5-draft"
"EDGE-TD-HEALTH-SURVEILLANCE-002","TD-HEALTH-SURVEILLANCE","TD-BASE-SITE","REQUIRED","","","SL1","","Generated provisional semantics; human domain review required","PROVISIONAL_AUTO_REVIEW_REQUIRED","DENY","0.5-draft"
"EDGE-TD-HEALTH-SURVEILLANCE-003","TD-HEALTH-SURVEILLANCE","TD-BASE-INVENTORY","REQUIRED","","","SL1","","Generated provisional semantics; human domain review required","PROVISIONAL_AUTO_REVIEW_REQUIRED","DENY","0.5-draft"
"EDGE-TD-HEALTH-ISOLATION-ROOM-001","TD-HEALTH-ISOLATION-ROOM","TD-BASE-SAFETY","REQUIRED","","","SL1","","Generated provisional semantics; human domain review required","PROVISIONAL_AUTO_REVIEW_REQUIRED","DENY","0.5-draft"
"EDGE-TD-HEALTH-ISOLATION-ROOM-002","TD-HEALTH-ISOLATION-ROOM","TD-BASE-SITE","REQUIRED","","","SL1","","Generated provisional semantics; human domain review required","PROVISIONAL_AUTO_REVIEW_REQUIRED","DENY","0.5-draft"
"EDGE-TD-HEALTH-ISOLATION-ROOM-003","TD-HEALTH-ISOLATION-ROOM","TD-BASE-INVENTORY","REQUIRED","","","SL1","","Generated provisional semantics; human domain review required","PROVISIONAL_AUTO_REVIEW_REQUIRED","DENY","0.5-draft"
"EDGE-TD-HEALTH-SUPPLY-REGISTER-001","TD-HEALTH-SUPPLY-REGISTER","TD-BASE-SAFETY","REQUIRED","","","SL1","","Generated provisional semantics; human domain review required","PROVISIONAL_AUTO_REVIEW_REQUIRED","DENY","0.5-draft"
"EDGE-TD-HEALTH-SUPPLY-REGISTER-002","TD-HEALTH-SUPPLY-REGISTER","TD-BASE-SITE","REQUIRED","","","SL1","","Generated provisional semantics; human domain review required","PROVISIONAL_AUTO_REVIEW_REQUIRED","DENY","0.5-draft"
"EDGE-TD-HEALTH-SUPPLY-REGISTER-003","TD-HEALTH-SUPPLY-REGISTER","TD-BASE-INVENTORY","REQUIRED","","","SL1","","Generated provisional semantics; human domain review required","PROVISIONAL_AUTO_REVIEW_REQUIRED","DENY","0.5-draft"
"EDGE-TD-HEALTH-DEVICE-QC-001","TD-HEALTH-DEVICE-QC","TD-BASE-SAFETY","REQUIRED","","","SL1","","Generated provisional semantics; human domain review required","PROVISIONAL_AUTO_REVIEW_REQUIRED","DENY","0.5-draft"
"EDGE-TD-HEALTH-DEVICE-QC-002","TD-HEALTH-DEVICE-QC","TD-BASE-SITE","REQUIRED","","","SL1","","Generated provisional semantics; human domain review required","PROVISIONAL_AUTO_REVIEW_REQUIRED","DENY","0.5-draft"
"EDGE-TD-HEALTH-DEVICE-QC-003","TD-HEALTH-DEVICE-QC","TD-BASE-INVENTORY","REQUIRED","","","SL1","","Generated provisional semantics; human domain review required","PROVISIONAL_AUTO_REVIEW_REQUIRED","DENY","0.5-draft"
"EDGE-TD-HEALTH-AED-LIFECYCLE-001","TD-HEALTH-AED-LIFECYCLE","TD-BASE-SAFETY","REQUIRED","","","SL1","","Generated provisional semantics; human domain review required","PROVISIONAL_AUTO_REVIEW_REQUIRED","DENY","0.5-draft"
"EDGE-TD-HEALTH-AED-LIFECYCLE-002","TD-HEALTH-AED-LIFECYCLE","TD-BASE-SITE","REQUIRED","","","SL1","","Generated provisional semantics; human domain review required","PROVISIONAL_AUTO_REVIEW_REQUIRED","DENY","0.5-draft"
"EDGE-TD-HEALTH-AED-LIFECYCLE-003","TD-HEALTH-AED-LIFECYCLE","TD-BASE-INVENTORY","REQUIRED","","","SL1","","Generated provisional semantics; human domain review required","PROVISIONAL_AUTO_REVIEW_REQUIRED","DENY","0.5-draft"
"EDGE-TD-HEALTH-SKILL-MATRIX-001","TD-HEALTH-SKILL-MATRIX","TD-BASE-SAFETY","REQUIRED","","","SL1","","Generated provisional semantics; human domain review required","PROVISIONAL_AUTO_REVIEW_REQUIRED","DENY","0.5-draft"
"EDGE-TD-HEALTH-SKILL-MATRIX-002","TD-HEALTH-SKILL-MATRIX","TD-BASE-SITE","REQUIRED","","","SL1","","Generated provisional semantics; human domain review required","PROVISIONAL_AUTO_REVIEW_REQUIRED","DENY","0.5-draft"
"EDGE-TD-HEALTH-SKILL-MATRIX-003","TD-HEALTH-SKILL-MATRIX","TD-BASE-INVENTORY","REQUIRED","","","SL1","","Generated provisional semantics; human domain review required","PROVISIONAL_AUTO_REVIEW_REQUIRED","DENY","0.5-draft"
"EDGE-TD-HEALTH-REFERRAL-NET-001","TD-HEALTH-REFERRAL-NET","TD-BASE-SAFETY","REQUIRED","","","SL1","","Generated provisional semantics; human domain review required","PROVISIONAL_AUTO_REVIEW_REQUIRED","DENY","0.5-draft"
"EDGE-TD-HEALTH-REFERRAL-NET-002","TD-HEALTH-REFERRAL-NET","TD-BASE-SITE","REQUIRED","","","SL1","","Generated provisional semantics; human domain review required","PROVISIONAL_AUTO_REVIEW_REQUIRED","DENY","0.5-draft"
"EDGE-TD-HEALTH-REFERRAL-NET-003","TD-HEALTH-REFERRAL-NET","TD-BASE-INVENTORY","REQUIRED","","","SL1","","Generated provisional semantics; human domain review required","PROVISIONAL_AUTO_REVIEW_REQUIRED","DENY","0.5-draft"
"EDGE-TD-HEALTH-CARE-ROOM-001","TD-HEALTH-CARE-ROOM","TD-BASE-SAFETY","REQUIRED","","","SL1","","Generated provisional semantics; human domain review required","PROVISIONAL_AUTO_REVIEW_REQUIRED","DENY","0.5-draft"
"EDGE-TD-HEALTH-CARE-ROOM-002","TD-HEALTH-CARE-ROOM","TD-BASE-SITE","REQUIRED","","","SL1","","Generated provisional semantics; human domain review required","PROVISIONAL_AUTO_REVIEW_REQUIRED","DENY","0.5-draft"
"EDGE-TD-HEALTH-CARE-ROOM-003","TD-HEALTH-CARE-ROOM","TD-BASE-INVENTORY","REQUIRED","","","SL1","","Generated provisional semantics; human domain review required","PROVISIONAL_AUTO_REVIEW_REQUIRED","DENY","0.5-draft"
"EDGE-TD-HEALTH-PROF-ANATOMY-001","TD-HEALTH-PROF-ANATOMY","TD-BASE-SAFETY","REQUIRED","","","SL1","","Generated provisional semantics; human domain review required","PROVISIONAL_AUTO_REVIEW_REQUIRED","DENY","0.5-draft"
"EDGE-TD-HEALTH-PROF-ANATOMY-002","TD-HEALTH-PROF-ANATOMY","TD-BASE-SITE","REQUIRED","","","SL1","","Generated provisional semantics; human domain review required","PROVISIONAL_AUTO_REVIEW_REQUIRED","DENY","0.5-draft"
"EDGE-TD-HEALTH-PROF-ANATOMY-003","TD-HEALTH-PROF-ANATOMY","TD-BASE-INVENTORY","REQUIRED","","","SL1","","Generated provisional semantics; human domain review required","PROVISIONAL_AUTO_REVIEW_REQUIRED","DENY","0.5-draft"
"EDGE-TD-HEALTH-PROF-EMERGENCY-001","TD-HEALTH-PROF-EMERGENCY","TD-BASE-SAFETY","REQUIRED","","","SL1","","Generated provisional semantics; human domain review required","PROVISIONAL_AUTO_REVIEW_REQUIRED","DENY","0.5-draft"
"EDGE-TD-HEALTH-PROF-EMERGENCY-002","TD-HEALTH-PROF-EMERGENCY","TD-BASE-SITE","REQUIRED","","","SL1","","Generated provisional semantics; human domain review required","PROVISIONAL_AUTO_REVIEW_REQUIRED","DENY","0.5-draft"
"EDGE-TD-HEALTH-PROF-EMERGENCY-003","TD-HEALTH-PROF-EMERGENCY","TD-BASE-INVENTORY","REQUIRED","","","SL1","","Generated provisional semantics; human domain review required","PROVISIONAL_AUTO_REVIEW_REQUIRED","DENY","0.5-draft"
"EDGE-TD-HEALTH-PROF-PRIMARY-001","TD-HEALTH-PROF-PRIMARY","TD-BASE-SAFETY","REQUIRED","","","SL1","","Generated provisional semantics; human domain review required","PROVISIONAL_AUTO_REVIEW_REQUIRED","DENY","0.5-draft"
"EDGE-TD-HEALTH-PROF-PRIMARY-002","TD-HEALTH-PROF-PRIMARY","TD-BASE-SITE","REQUIRED","","","SL1","","Generated provisional semantics; human domain review required","PROVISIONAL_AUTO_REVIEW_REQUIRED","DENY","0.5-draft"
"EDGE-TD-HEALTH-PROF-PRIMARY-003","TD-HEALTH-PROF-PRIMARY","TD-BASE-INVENTORY","REQUIRED","","","SL1","","Generated provisional semantics; human domain review required","PROVISIONAL_AUTO_REVIEW_REQUIRED","DENY","0.5-draft"
"EDGE-TD-HEALTH-PROF-NURSING-001","TD-HEALTH-PROF-NURSING","TD-BASE-SAFETY","REQUIRED","","","SL1","","Generated provisional semantics; human domain review required","PROVISIONAL_AUTO_REVIEW_REQUIRED","DENY","0.5-draft"
"EDGE-TD-HEALTH-PROF-NURSING-002","TD-HEALTH-PROF-NURSING","TD-BASE-SITE","REQUIRED","","","SL1","","Generated provisional semantics; human domain review required","PROVISIONAL_AUTO_REVIEW_REQUIRED","DENY","0.5-draft"
"EDGE-TD-HEALTH-PROF-NURSING-003","TD-HEALTH-PROF-NURSING","TD-BASE-INVENTORY","REQUIRED","","","SL1","","Generated provisional semantics; human domain review required","PROVISIONAL_AUTO_REVIEW_REQUIRED","DENY","0.5-draft"
"EDGE-TD-HEALTH-PROF-PHARMACY-001","TD-HEALTH-PROF-PHARMACY","TD-BASE-SAFETY","REQUIRED","","","SL1","","Generated provisional semantics; human domain review required","PROVISIONAL_AUTO_REVIEW_REQUIRED","DENY","0.5-draft"
"EDGE-TD-HEALTH-PROF-PHARMACY-002","TD-HEALTH-PROF-PHARMACY","TD-BASE-SITE","REQUIRED","","","SL1","","Generated provisional semantics; human domain review required","PROVISIONAL_AUTO_REVIEW_REQUIRED","DENY","0.5-draft"
"EDGE-TD-HEALTH-PROF-PHARMACY-003","TD-HEALTH-PROF-PHARMACY","TD-BASE-INVENTORY","REQUIRED","","","SL1","","Generated provisional semantics; human domain review required","PROVISIONAL_AUTO_REVIEW_REQUIRED","DENY","0.5-draft"
"EDGE-TD-HEALTH-PROF-INTERNAL-001","TD-HEALTH-PROF-INTERNAL","TD-BASE-SAFETY","REQUIRED","","","SL1","","Generated provisional semantics; human domain review required","PROVISIONAL_AUTO_REVIEW_REQUIRED","DENY","0.5-draft"
"EDGE-TD-HEALTH-PROF-INTERNAL-002","TD-HEALTH-PROF-INTERNAL","TD-BASE-SITE","REQUIRED","","","SL1","","Generated provisional semantics; human domain review required","PROVISIONAL_AUTO_REVIEW_REQUIRED","DENY","0.5-draft"
"EDGE-TD-HEALTH-PROF-INTERNAL-003","TD-HEALTH-PROF-INTERNAL","TD-BASE-INVENTORY","REQUIRED","","","SL1","","Generated provisional semantics; human domain review required","PROVISIONAL_AUTO_REVIEW_REQUIRED","DENY","0.5-draft"
"EDGE-TD-HEALTH-PROF-INFECTIOUS-001","TD-HEALTH-PROF-INFECTIOUS","TD-BASE-SAFETY","REQUIRED","","","SL1","","Generated provisional semantics; human domain review required","PROVISIONAL_AUTO_REVIEW_REQUIRED","DENY","0.5-draft"
"EDGE-TD-HEALTH-PROF-INFECTIOUS-002","TD-HEALTH-PROF-INFECTIOUS","TD-BASE-SITE","REQUIRED","","","SL1","","Generated provisional semantics; human domain review required","PROVISIONAL_AUTO_REVIEW_REQUIRED","DENY","0.5-draft"
"EDGE-TD-HEALTH-PROF-INFECTIOUS-003","TD-HEALTH-PROF-INFECTIOUS","TD-BASE-INVENTORY","REQUIRED","","","SL1","","Generated provisional semantics; human domain review required","PROVISIONAL_AUTO_REVIEW_REQUIRED","DENY","0.5-draft"
"EDGE-TD-HEALTH-PROF-OB-001","TD-HEALTH-PROF-OB","TD-BASE-SAFETY","REQUIRED","","","SL1","","Generated provisional semantics; human domain review required","PROVISIONAL_AUTO_REVIEW_REQUIRED","DENY","0.5-draft"
"EDGE-TD-HEALTH-PROF-OB-002","TD-HEALTH-PROF-OB","TD-BASE-SITE","REQUIRED","","","SL1","","Generated provisional semantics; human domain review required","PROVISIONAL_AUTO_REVIEW_REQUIRED","DENY","0.5-draft"
"EDGE-TD-HEALTH-PROF-OB-003","TD-HEALTH-PROF-OB","TD-BASE-INVENTORY","REQUIRED","","","SL1","","Generated provisional semantics; human domain review required","PROVISIONAL_AUTO_REVIEW_REQUIRED","DENY","0.5-draft"
"EDGE-TD-HEALTH-PROF-PEDIATRICS-001","TD-HEALTH-PROF-PEDIATRICS","TD-BASE-SAFETY","REQUIRED","","","SL1","","Generated provisional semantics; human domain review required","PROVISIONAL_AUTO_REVIEW_REQUIRED","DENY","0.5-draft"
"EDGE-TD-HEALTH-PROF-PEDIATRICS-002","TD-HEALTH-PROF-PEDIATRICS","TD-BASE-SITE","REQUIRED","","","SL1","","Generated provisional semantics; human domain review required","PROVISIONAL_AUTO_REVIEW_REQUIRED","DENY","0.5-draft"
"EDGE-TD-HEALTH-PROF-PEDIATRICS-003","TD-HEALTH-PROF-PEDIATRICS","TD-BASE-INVENTORY","REQUIRED","","","SL1","","Generated provisional semantics; human domain review required","PROVISIONAL_AUTO_REVIEW_REQUIRED","DENY","0.5-draft"
"EDGE-TD-HEALTH-PROF-GERIATRICS-001","TD-HEALTH-PROF-GERIATRICS","TD-BASE-SAFETY","REQUIRED","","","SL1","","Generated provisional semantics; human domain review required","PROVISIONAL_AUTO_REVIEW_REQUIRED","DENY","0.5-draft"
"EDGE-TD-HEALTH-PROF-GERIATRICS-002","TD-HEALTH-PROF-GERIATRICS","TD-BASE-SITE","REQUIRED","","","SL1","","Generated provisional semantics; human domain review required","PROVISIONAL_AUTO_REVIEW_REQUIRED","DENY","0.5-draft"
"EDGE-TD-HEALTH-PROF-GERIATRICS-003","TD-HEALTH-PROF-GERIATRICS","TD-BASE-INVENTORY","REQUIRED","","","SL1","","Generated provisional semantics; human domain review required","PROVISIONAL_AUTO_REVIEW_REQUIRED","DENY","0.5-draft"
"EDGE-TD-HEALTH-PROF-MENTAL-001","TD-HEALTH-PROF-MENTAL","TD-BASE-SAFETY","REQUIRED","","","SL1","","Generated provisional semantics; human domain review required","PROVISIONAL_AUTO_REVIEW_REQUIRED","DENY","0.5-draft"
"EDGE-TD-HEALTH-PROF-MENTAL-002","TD-HEALTH-PROF-MENTAL","TD-BASE-SITE","REQUIRED","","","SL1","","Generated provisional semantics; human domain review required","PROVISIONAL_AUTO_REVIEW_REQUIRED","DENY","0.5-draft"
"EDGE-TD-HEALTH-PROF-MENTAL-003","TD-HEALTH-PROF-MENTAL","TD-BASE-INVENTORY","REQUIRED","","","SL1","","Generated provisional semantics; human domain review required","PROVISIONAL_AUTO_REVIEW_REQUIRED","DENY","0.5-draft"
"EDGE-TD-HEALTH-PROF-REHAB-001","TD-HEALTH-PROF-REHAB","TD-BASE-SAFETY","REQUIRED","","","SL1","","Generated provisional semantics; human domain review required","PROVISIONAL_AUTO_REVIEW_REQUIRED","DENY","0.5-draft"
"EDGE-TD-HEALTH-PROF-REHAB-002","TD-HEALTH-PROF-REHAB","TD-BASE-SITE","REQUIRED","","","SL1","","Generated provisional semantics; human domain review required","PROVISIONAL_AUTO_REVIEW_REQUIRED","DENY","0.5-draft"
"EDGE-TD-HEALTH-PROF-REHAB-003","TD-HEALTH-PROF-REHAB","TD-BASE-INVENTORY","REQUIRED","","","SL1","","Generated provisional semantics; human domain review required","PROVISIONAL_AUTO_REVIEW_REQUIRED","DENY","0.5-draft"
"EDGE-TD-HEALTH-PROF-PALLIATIVE-001","TD-HEALTH-PROF-PALLIATIVE","TD-BASE-SAFETY","REQUIRED","","","SL1","","Generated provisional semantics; human domain review required","PROVISIONAL_AUTO_REVIEW_REQUIRED","DENY","0.5-draft"
"EDGE-TD-HEALTH-PROF-PALLIATIVE-002","TD-HEALTH-PROF-PALLIATIVE","TD-BASE-SITE","REQUIRED","","","SL1","","Generated provisional semantics; human domain review required","PROVISIONAL_AUTO_REVIEW_REQUIRED","DENY","0.5-draft"
"EDGE-TD-HEALTH-PROF-PALLIATIVE-003","TD-HEALTH-PROF-PALLIATIVE","TD-BASE-INVENTORY","REQUIRED","","","SL1","","Generated provisional semantics; human domain review required","PROVISIONAL_AUTO_REVIEW_REQUIRED","DENY","0.5-draft"
"EDGE-TD-HEALTH-PROF-DENTISTRY-001","TD-HEALTH-PROF-DENTISTRY","TD-BASE-SAFETY","REQUIRED","","","SL1","","Generated provisional semantics; human domain review required","PROVISIONAL_AUTO_REVIEW_REQUIRED","DENY","0.5-draft"
"EDGE-TD-HEALTH-PROF-DENTISTRY-002","TD-HEALTH-PROF-DENTISTRY","TD-BASE-SITE","REQUIRED","","","SL1","","Generated provisional semantics; human domain review required","PROVISIONAL_AUTO_REVIEW_REQUIRED","DENY","0.5-draft"
"EDGE-TD-HEALTH-PROF-DENTISTRY-003","TD-HEALTH-PROF-DENTISTRY","TD-BASE-INVENTORY","REQUIRED","","","SL1","","Generated provisional semantics; human domain review required","PROVISIONAL_AUTO_REVIEW_REQUIRED","DENY","0.5-draft"
"EDGE-TD-HEALTH-PROF-OPHTH-ENT-001","TD-HEALTH-PROF-OPHTH-ENT","TD-BASE-SAFETY","REQUIRED","","","SL1","","Generated provisional semantics; human domain review required","PROVISIONAL_AUTO_REVIEW_REQUIRED","DENY","0.5-draft"
"EDGE-TD-HEALTH-PROF-OPHTH-ENT-002","TD-HEALTH-PROF-OPHTH-ENT","TD-BASE-SITE","REQUIRED","","","SL1","","Generated provisional semantics; human domain review required","PROVISIONAL_AUTO_REVIEW_REQUIRED","DENY","0.5-draft"
"EDGE-TD-HEALTH-PROF-OPHTH-ENT-003","TD-HEALTH-PROF-OPHTH-ENT","TD-BASE-INVENTORY","REQUIRED","","","SL1","","Generated provisional semantics; human domain review required","PROVISIONAL_AUTO_REVIEW_REQUIRED","DENY","0.5-draft"
"EDGE-TD-HEALTH-PROF-DERM-001","TD-HEALTH-PROF-DERM","TD-BASE-SAFETY","REQUIRED","","","SL1","","Generated provisional semantics; human domain review required","PROVISIONAL_AUTO_REVIEW_REQUIRED","DENY","0.5-draft"
"EDGE-TD-HEALTH-PROF-DERM-002","TD-HEALTH-PROF-DERM","TD-BASE-SITE","REQUIRED","","","SL1","","Generated provisional semantics; human domain review required","PROVISIONAL_AUTO_REVIEW_REQUIRED","DENY","0.5-draft"
"EDGE-TD-HEALTH-PROF-DERM-003","TD-HEALTH-PROF-DERM","TD-BASE-INVENTORY","REQUIRED","","","SL1","","Generated provisional semantics; human domain review required","PROVISIONAL_AUTO_REVIEW_REQUIRED","DENY","0.5-draft"
"EDGE-TD-HEALTH-PROF-NUTRITION-001","TD-HEALTH-PROF-NUTRITION","TD-BASE-SAFETY","REQUIRED","","","SL1","","Generated provisional semantics; human domain review required","PROVISIONAL_AUTO_REVIEW_REQUIRED","DENY","0.5-draft"
"EDGE-TD-HEALTH-PROF-NUTRITION-002","TD-HEALTH-PROF-NUTRITION","TD-BASE-SITE","REQUIRED","","","SL1","","Generated provisional semantics; human domain review required","PROVISIONAL_AUTO_REVIEW_REQUIRED","DENY","0.5-draft"
"EDGE-TD-HEALTH-PROF-NUTRITION-003","TD-HEALTH-PROF-NUTRITION","TD-BASE-INVENTORY","REQUIRED","","","SL1","","Generated provisional semantics; human domain review required","PROVISIONAL_AUTO_REVIEW_REQUIRED","DENY","0.5-draft"
"EDGE-TD-HEALTH-PROF-TOX-001","TD-HEALTH-PROF-TOX","TD-BASE-SAFETY","REQUIRED","","","SL1","","Generated provisional semantics; human domain review required","PROVISIONAL_AUTO_REVIEW_REQUIRED","DENY","0.5-draft"
"EDGE-TD-HEALTH-PROF-TOX-002","TD-HEALTH-PROF-TOX","TD-BASE-SITE","REQUIRED","","","SL1","","Generated provisional semantics; human domain review required","PROVISIONAL_AUTO_REVIEW_REQUIRED","DENY","0.5-draft"
"EDGE-TD-HEALTH-PROF-TOX-003","TD-HEALTH-PROF-TOX","TD-BASE-INVENTORY","REQUIRED","","","SL1","","Generated provisional semantics; human domain review required","PROVISIONAL_AUTO_REVIEW_REQUIRED","DENY","0.5-draft"
"EDGE-TD-HEALTH-PROF-SURGERY-001","TD-HEALTH-PROF-SURGERY","TD-BASE-SAFETY","REQUIRED","","","SL1","","Generated provisional semantics; human domain review required","PROVISIONAL_AUTO_REVIEW_REQUIRED","DENY","0.5-draft"
"EDGE-TD-HEALTH-PROF-SURGERY-002","TD-HEALTH-PROF-SURGERY","TD-BASE-SITE","REQUIRED","","","SL1","","Generated provisional semantics; human domain review required","PROVISIONAL_AUTO_REVIEW_REQUIRED","DENY","0.5-draft"
"EDGE-TD-HEALTH-PROF-SURGERY-003","TD-HEALTH-PROF-SURGERY","TD-BASE-INVENTORY","REQUIRED","","","SL1","","Generated provisional semantics; human domain review required","PROVISIONAL_AUTO_REVIEW_REQUIRED","DENY","0.5-draft"
"EDGE-TD-HEALTH-PROF-BLOOD-001","TD-HEALTH-PROF-BLOOD","TD-BASE-SAFETY","REQUIRED","","","SL1","","Generated provisional semantics; human domain review required","PROVISIONAL_AUTO_REVIEW_REQUIRED","DENY","0.5-draft"
"EDGE-TD-HEALTH-PROF-BLOOD-002","TD-HEALTH-PROF-BLOOD","TD-BASE-SITE","REQUIRED","","","SL1","","Generated provisional semantics; human domain review required","PROVISIONAL_AUTO_REVIEW_REQUIRED","DENY","0.5-draft"
"EDGE-TD-HEALTH-PROF-BLOOD-003","TD-HEALTH-PROF-BLOOD","TD-BASE-INVENTORY","REQUIRED","","","SL1","","Generated provisional semantics; human domain review required","PROVISIONAL_AUTO_REVIEW_REQUIRED","DENY","0.5-draft"
"EDGE-TD-HEALTH-PROF-LAB-001","TD-HEALTH-PROF-LAB","TD-BASE-SAFETY","REQUIRED","","","SL1","","Generated provisional semantics; human domain review required","PROVISIONAL_AUTO_REVIEW_REQUIRED","DENY","0.5-draft"
"EDGE-TD-HEALTH-PROF-LAB-002","TD-HEALTH-PROF-LAB","TD-BASE-SITE","REQUIRED","","","SL1","","Generated provisional semantics; human domain review required","PROVISIONAL_AUTO_REVIEW_REQUIRED","DENY","0.5-draft"
"EDGE-TD-HEALTH-PROF-LAB-003","TD-HEALTH-PROF-LAB","TD-BASE-INVENTORY","REQUIRED","","","SL1","","Generated provisional semantics; human domain review required","PROVISIONAL_AUTO_REVIEW_REQUIRED","DENY","0.5-draft"
"EDGE-TD-HEALTH-PROF-IMAGING-001","TD-HEALTH-PROF-IMAGING","TD-BASE-SAFETY","REQUIRED","","","SL1","","Generated provisional semantics; human domain review required","PROVISIONAL_AUTO_REVIEW_REQUIRED","DENY","0.5-draft"
"EDGE-TD-HEALTH-PROF-IMAGING-002","TD-HEALTH-PROF-IMAGING","TD-BASE-SITE","REQUIRED","","","SL1","","Generated provisional semantics; human domain review required","PROVISIONAL_AUTO_REVIEW_REQUIRED","DENY","0.5-draft"
"EDGE-TD-HEALTH-PROF-IMAGING-003","TD-HEALTH-PROF-IMAGING","TD-BASE-INVENTORY","REQUIRED","","","SL1","","Generated provisional semantics; human domain review required","PROVISIONAL_AUTO_REVIEW_REQUIRED","DENY","0.5-draft"
"EDGE-TD-HEALTH-PROF-OXYGEN-001","TD-HEALTH-PROF-OXYGEN","TD-BASE-SAFETY","REQUIRED","","","SL1","","Generated provisional semantics; human domain review required","PROVISIONAL_AUTO_REVIEW_REQUIRED","DENY","0.5-draft"
"EDGE-TD-HEALTH-PROF-OXYGEN-002","TD-HEALTH-PROF-OXYGEN","TD-BASE-SITE","REQUIRED","","","SL1","","Generated provisional semantics; human domain review required","PROVISIONAL_AUTO_REVIEW_REQUIRED","DENY","0.5-draft"
"EDGE-TD-HEALTH-PROF-OXYGEN-003","TD-HEALTH-PROF-OXYGEN","TD-BASE-INVENTORY","REQUIRED","","","SL1","","Generated provisional semantics; human domain review required","PROVISIONAL_AUTO_REVIEW_REQUIRED","DENY","0.5-draft"
"EDGE-TD-HEALTH-PROF-BIOMED-001","TD-HEALTH-PROF-BIOMED","TD-BASE-SAFETY","REQUIRED","","","SL1","","Generated provisional semantics; human domain review required","PROVISIONAL_AUTO_REVIEW_REQUIRED","DENY","0.5-draft"
"EDGE-TD-HEALTH-PROF-BIOMED-002","TD-HEALTH-PROF-BIOMED","TD-BASE-SITE","REQUIRED","","","SL1","","Generated provisional semantics; human domain review required","PROVISIONAL_AUTO_REVIEW_REQUIRED","DENY","0.5-draft"
"EDGE-TD-HEALTH-PROF-BIOMED-003","TD-HEALTH-PROF-BIOMED","TD-BASE-INVENTORY","REQUIRED","","","SL1","","Generated provisional semantics; human domain review required","PROVISIONAL_AUTO_REVIEW_REQUIRED","DENY","0.5-draft"
"EDGE-TD-HEALTH-PROF-STERILE-001","TD-HEALTH-PROF-STERILE","TD-BASE-SAFETY","REQUIRED","","","SL1","","Generated provisional semantics; human domain review required","PROVISIONAL_AUTO_REVIEW_REQUIRED","DENY","0.5-draft"
"EDGE-TD-HEALTH-PROF-STERILE-002","TD-HEALTH-PROF-STERILE","TD-BASE-SITE","REQUIRED","","","SL1","","Generated provisional semantics; human domain review required","PROVISIONAL_AUTO_REVIEW_REQUIRED","DENY","0.5-draft"
"EDGE-TD-HEALTH-PROF-STERILE-003","TD-HEALTH-PROF-STERILE","TD-BASE-INVENTORY","REQUIRED","","","SL1","","Generated provisional semantics; human domain review required","PROVISIONAL_AUTO_REVIEW_REQUIRED","DENY","0.5-draft"
"EDGE-TD-HEALTH-PROF-CLINIC-001","TD-HEALTH-PROF-CLINIC","TD-BASE-SAFETY","REQUIRED","","","SL1","","Generated provisional semantics; human domain review required","PROVISIONAL_AUTO_REVIEW_REQUIRED","DENY","0.5-draft"
"EDGE-TD-HEALTH-PROF-CLINIC-002","TD-HEALTH-PROF-CLINIC","TD-BASE-SITE","REQUIRED","","","SL1","","Generated provisional semantics; human domain review required","PROVISIONAL_AUTO_REVIEW_REQUIRED","DENY","0.5-draft"
"EDGE-TD-HEALTH-PROF-CLINIC-003","TD-HEALTH-PROF-CLINIC","TD-BASE-INVENTORY","REQUIRED","","","SL1","","Generated provisional semantics; human domain review required","PROVISIONAL_AUTO_REVIEW_REQUIRED","DENY","0.5-draft"
"EDGE-TD-HEALTH-PROF-SUPPLY-001","TD-HEALTH-PROF-SUPPLY","TD-BASE-SAFETY","REQUIRED","","","SL1","","Generated provisional semantics; human domain review required","PROVISIONAL_AUTO_REVIEW_REQUIRED","DENY","0.5-draft"
"EDGE-TD-HEALTH-PROF-SUPPLY-002","TD-HEALTH-PROF-SUPPLY","TD-BASE-SITE","REQUIRED","","","SL1","","Generated provisional semantics; human domain review required","PROVISIONAL_AUTO_REVIEW_REQUIRED","DENY","0.5-draft"
"EDGE-TD-HEALTH-PROF-SUPPLY-003","TD-HEALTH-PROF-SUPPLY","TD-BASE-INVENTORY","REQUIRED","","","SL1","","Generated provisional semantics; human domain review required","PROVISIONAL_AUTO_REVIEW_REQUIRED","DENY","0.5-draft"
"EDGE-TD-HEALTH-PROF-RECORDS-001","TD-HEALTH-PROF-RECORDS","TD-BASE-SAFETY","REQUIRED","","","SL1","","Generated provisional semantics; human domain review required","PROVISIONAL_AUTO_REVIEW_REQUIRED","DENY","0.5-draft"
"EDGE-TD-HEALTH-PROF-RECORDS-002","TD-HEALTH-PROF-RECORDS","TD-BASE-SITE","REQUIRED","","","SL1","","Generated provisional semantics; human domain review required","PROVISIONAL_AUTO_REVIEW_REQUIRED","DENY","0.5-draft"
"EDGE-TD-HEALTH-PROF-RECORDS-003","TD-HEALTH-PROF-RECORDS","TD-BASE-INVENTORY","REQUIRED","","","SL1","","Generated provisional semantics; human domain review required","PROVISIONAL_AUTO_REVIEW_REQUIRED","DENY","0.5-draft"
"EDGE-TD-HEALTH-PROF-EPIDEMIOLOGY-001","TD-HEALTH-PROF-EPIDEMIOLOGY","TD-BASE-SAFETY","REQUIRED","","","SL1","","Generated provisional semantics; human domain review required","PROVISIONAL_AUTO_REVIEW_REQUIRED","DENY","0.5-draft"
"EDGE-TD-HEALTH-PROF-EPIDEMIOLOGY-002","TD-HEALTH-PROF-EPIDEMIOLOGY","TD-BASE-SITE","REQUIRED","","","SL1","","Generated provisional semantics; human domain review required","PROVISIONAL_AUTO_REVIEW_REQUIRED","DENY","0.5-draft"
"EDGE-TD-HEALTH-PROF-EPIDEMIOLOGY-003","TD-HEALTH-PROF-EPIDEMIOLOGY","TD-BASE-INVENTORY","REQUIRED","","","SL1","","Generated provisional semantics; human domain review required","PROVISIONAL_AUTO_REVIEW_REQUIRED","DENY","0.5-draft"
"EDGE-TD-HEALTH-PROF-ENVIRONMENT-001","TD-HEALTH-PROF-ENVIRONMENT","TD-BASE-SAFETY","REQUIRED","","","SL1","","Generated provisional semantics; human domain review required","PROVISIONAL_AUTO_REVIEW_REQUIRED","DENY","0.5-draft"
"EDGE-TD-HEALTH-PROF-ENVIRONMENT-002","TD-HEALTH-PROF-ENVIRONMENT","TD-BASE-SITE","REQUIRED","","","SL1","","Generated provisional semantics; human domain review required","PROVISIONAL_AUTO_REVIEW_REQUIRED","DENY","0.5-draft"
"EDGE-TD-HEALTH-PROF-ENVIRONMENT-003","TD-HEALTH-PROF-ENVIRONMENT","TD-BASE-INVENTORY","REQUIRED","","","SL1","","Generated provisional semantics; human domain review required","PROVISIONAL_AUTO_REVIEW_REQUIRED","DENY","0.5-draft"
"EDGE-TD-HEALTH-PROF-OCCUPATIONAL-001","TD-HEALTH-PROF-OCCUPATIONAL","TD-BASE-SAFETY","REQUIRED","","","SL1","","Generated provisional semantics; human domain review required","PROVISIONAL_AUTO_REVIEW_REQUIRED","DENY","0.5-draft"
"EDGE-TD-HEALTH-PROF-OCCUPATIONAL-002","TD-HEALTH-PROF-OCCUPATIONAL","TD-BASE-SITE","REQUIRED","","","SL1","","Generated provisional semantics; human domain review required","PROVISIONAL_AUTO_REVIEW_REQUIRED","DENY","0.5-draft"
"EDGE-TD-HEALTH-PROF-OCCUPATIONAL-003","TD-HEALTH-PROF-OCCUPATIONAL","TD-BASE-INVENTORY","REQUIRED","","","SL1","","Generated provisional semantics; human domain review required","PROVISIONAL_AUTO_REVIEW_REQUIRED","DENY","0.5-draft"
"EDGE-TD-HEALTH-PROF-ONE-HEALTH-001","TD-HEALTH-PROF-ONE-HEALTH","TD-BASE-SAFETY","REQUIRED","","","SL1","","Generated provisional semantics; human domain review required","PROVISIONAL_AUTO_REVIEW_REQUIRED","DENY","0.5-draft"
"EDGE-TD-HEALTH-PROF-ONE-HEALTH-002","TD-HEALTH-PROF-ONE-HEALTH","TD-BASE-SITE","REQUIRED","","","SL1","","Generated provisional semantics; human domain review required","PROVISIONAL_AUTO_REVIEW_REQUIRED","DENY","0.5-draft"
"EDGE-TD-HEALTH-PROF-ONE-HEALTH-003","TD-HEALTH-PROF-ONE-HEALTH","TD-BASE-INVENTORY","REQUIRED","","","SL1","","Generated provisional semantics; human domain review required","PROVISIONAL_AUTO_REVIEW_REQUIRED","DENY","0.5-draft"
"EDGE-TD-HEALTH-PROF-ETHICS-001","TD-HEALTH-PROF-ETHICS","TD-BASE-SAFETY","REQUIRED","","","SL1","","Generated provisional semantics; human domain review required","PROVISIONAL_AUTO_REVIEW_REQUIRED","DENY","0.5-draft"
"EDGE-TD-HEALTH-PROF-ETHICS-002","TD-HEALTH-PROF-ETHICS","TD-BASE-SITE","REQUIRED","","","SL1","","Generated provisional semantics; human domain review required","PROVISIONAL_AUTO_REVIEW_REQUIRED","DENY","0.5-draft"
"EDGE-TD-HEALTH-PROF-ETHICS-003","TD-HEALTH-PROF-ETHICS","TD-BASE-INVENTORY","REQUIRED","","","SL1","","Generated provisional semantics; human domain review required","PROVISIONAL_AUTO_REVIEW_REQUIRED","DENY","0.5-draft"
"EDGE-TD-HEALTH-PROF-PORTUGAL-001","TD-HEALTH-PROF-PORTUGAL","TD-BASE-SAFETY","REQUIRED","","","SL1","","Generated provisional semantics; human domain review required","PROVISIONAL_AUTO_REVIEW_REQUIRED","DENY","0.5-draft"
"EDGE-TD-HEALTH-PROF-PORTUGAL-002","TD-HEALTH-PROF-PORTUGAL","TD-BASE-SITE","REQUIRED","","","SL1","","Generated provisional semantics; human domain review required","PROVISIONAL_AUTO_REVIEW_REQUIRED","DENY","0.5-draft"
"EDGE-TD-HEALTH-PROF-PORTUGAL-003","TD-HEALTH-PROF-PORTUGAL","TD-BASE-INVENTORY","REQUIRED","","","SL1","","Generated provisional semantics; human domain review required","PROVISIONAL_AUTO_REVIEW_REQUIRED","DENY","0.5-draft"
"EDGE-TD-HEALTH-P4-EDUCATION-001","TD-HEALTH-P4-EDUCATION","TD-BASE-SAFETY","REQUIRED","","","SL1","","Generated provisional semantics; human domain review required","PROVISIONAL_AUTO_REVIEW_REQUIRED","DENY","0.5-draft"
"EDGE-TD-HEALTH-P4-EDUCATION-002","TD-HEALTH-P4-EDUCATION","TD-BASE-SITE","REQUIRED","","","SL1","","Generated provisional semantics; human domain review required","PROVISIONAL_AUTO_REVIEW_REQUIRED","DENY","0.5-draft"
"EDGE-TD-HEALTH-P4-EDUCATION-003","TD-HEALTH-P4-EDUCATION","TD-BASE-INVENTORY","REQUIRED","","","SL1","","Generated provisional semantics; human domain review required","PROVISIONAL_AUTO_REVIEW_REQUIRED","DENY","0.5-draft"
"EDGE-TD-HEALTH-P4-SUCCESSION-001","TD-HEALTH-P4-SUCCESSION","TD-BASE-SAFETY","REQUIRED","","","SL1","","Generated provisional semantics; human domain review required","PROVISIONAL_AUTO_REVIEW_REQUIRED","DENY","0.5-draft"
"EDGE-TD-HEALTH-P4-SUCCESSION-002","TD-HEALTH-P4-SUCCESSION","TD-BASE-SITE","REQUIRED","","","SL1","","Generated provisional semantics; human domain review required","PROVISIONAL_AUTO_REVIEW_REQUIRED","DENY","0.5-draft"
"EDGE-TD-HEALTH-P4-SUCCESSION-003","TD-HEALTH-P4-SUCCESSION","TD-BASE-INVENTORY","REQUIRED","","","SL1","","Generated provisional semantics; human domain review required","PROVISIONAL_AUTO_REVIEW_REQUIRED","DENY","0.5-draft"
"EDGE-TD-HEALTH-P4-QA-PEER-001","TD-HEALTH-P4-QA-PEER","TD-BASE-SAFETY","REQUIRED","","","SL1","","Generated provisional semantics; human domain review required","PROVISIONAL_AUTO_REVIEW_REQUIRED","DENY","0.5-draft"
"EDGE-TD-HEALTH-P4-QA-PEER-002","TD-HEALTH-P4-QA-PEER","TD-BASE-SITE","REQUIRED","","","SL1","","Generated provisional semantics; human domain review required","PROVISIONAL_AUTO_REVIEW_REQUIRED","DENY","0.5-draft"
"EDGE-TD-HEALTH-P4-QA-PEER-003","TD-HEALTH-P4-QA-PEER","TD-BASE-INVENTORY","REQUIRED","","","SL1","","Generated provisional semantics; human domain review required","PROVISIONAL_AUTO_REVIEW_REQUIRED","DENY","0.5-draft"
"EDGE-TD-HEALTH-P4-GUIDELINE-001","TD-HEALTH-P4-GUIDELINE","TD-BASE-SAFETY","REQUIRED","","","SL1","","Generated provisional semantics; human domain review required","PROVISIONAL_AUTO_REVIEW_REQUIRED","DENY","0.5-draft"
"EDGE-TD-HEALTH-P4-GUIDELINE-002","TD-HEALTH-P4-GUIDELINE","TD-BASE-SITE","REQUIRED","","","SL1","","Generated provisional semantics; human domain review required","PROVISIONAL_AUTO_REVIEW_REQUIRED","DENY","0.5-draft"
"EDGE-TD-HEALTH-P4-GUIDELINE-003","TD-HEALTH-P4-GUIDELINE","TD-BASE-INVENTORY","REQUIRED","","","SL1","","Generated provisional semantics; human domain review required","PROVISIONAL_AUTO_REVIEW_REQUIRED","DENY","0.5-draft"
"EDGE-TD-HEALTH-P4-INSTITUTION-001","TD-HEALTH-P4-INSTITUTION","TD-BASE-SAFETY","REQUIRED","","","SL1","","Generated provisional semantics; human domain review required","PROVISIONAL_AUTO_REVIEW_REQUIRED","DENY","0.5-draft"
"EDGE-TD-HEALTH-P4-INSTITUTION-002","TD-HEALTH-P4-INSTITUTION","TD-BASE-SITE","REQUIRED","","","SL1","","Generated provisional semantics; human domain review required","PROVISIONAL_AUTO_REVIEW_REQUIRED","DENY","0.5-draft"
"EDGE-TD-HEALTH-P4-INSTITUTION-003","TD-HEALTH-P4-INSTITUTION","TD-BASE-INVENTORY","REQUIRED","","","SL1","","Generated provisional semantics; human domain review required","PROVISIONAL_AUTO_REVIEW_REQUIRED","DENY","0.5-draft"
"EDGE-TD-HEALTH-P4-PUBLIC-RECORDS-001","TD-HEALTH-P4-PUBLIC-RECORDS","TD-BASE-SAFETY","REQUIRED","","","SL1","","Generated provisional semantics; human domain review required","PROVISIONAL_AUTO_REVIEW_REQUIRED","DENY","0.5-draft"
"EDGE-TD-HEALTH-P4-PUBLIC-RECORDS-002","TD-HEALTH-P4-PUBLIC-RECORDS","TD-BASE-SITE","REQUIRED","","","SL1","","Generated provisional semantics; human domain review required","PROVISIONAL_AUTO_REVIEW_REQUIRED","DENY","0.5-draft"
"EDGE-TD-HEALTH-P4-PUBLIC-RECORDS-003","TD-HEALTH-P4-PUBLIC-RECORDS","TD-BASE-INVENTORY","REQUIRED","","","SL1","","Generated provisional semantics; human domain review required","PROVISIONAL_AUTO_REVIEW_REQUIRED","DENY","0.5-draft"
"EDGE-TD-HEALTH-P4-GMP-PHARMA-001","TD-HEALTH-P4-GMP-PHARMA","TD-BASE-SAFETY","REQUIRED","","","SL1","","Generated provisional semantics; human domain review required","PROVISIONAL_AUTO_REVIEW_REQUIRED","DENY","0.5-draft"
"EDGE-TD-HEALTH-P4-GMP-PHARMA-002","TD-HEALTH-P4-GMP-PHARMA","TD-BASE-SITE","REQUIRED","","","SL1","","Generated provisional semantics; human domain review required","PROVISIONAL_AUTO_REVIEW_REQUIRED","DENY","0.5-draft"
"EDGE-TD-HEALTH-P4-GMP-PHARMA-003","TD-HEALTH-P4-GMP-PHARMA","TD-BASE-INVENTORY","REQUIRED","","","SL1","","Generated provisional semantics; human domain review required","PROVISIONAL_AUTO_REVIEW_REQUIRED","DENY","0.5-draft"
"EDGE-TD-HEALTH-P4-VACCINE-001","TD-HEALTH-P4-VACCINE","TD-BASE-SAFETY","REQUIRED","","","SL1","","Generated provisional semantics; human domain review required","PROVISIONAL_AUTO_REVIEW_REQUIRED","DENY","0.5-draft"
"EDGE-TD-HEALTH-P4-VACCINE-002","TD-HEALTH-P4-VACCINE","TD-BASE-SITE","REQUIRED","","","SL1","","Generated provisional semantics; human domain review required","PROVISIONAL_AUTO_REVIEW_REQUIRED","DENY","0.5-draft"
"EDGE-TD-HEALTH-P4-VACCINE-003","TD-HEALTH-P4-VACCINE","TD-BASE-INVENTORY","REQUIRED","","","SL1","","Generated provisional semantics; human domain review required","PROVISIONAL_AUTO_REVIEW_REQUIRED","DENY","0.5-draft"
"EDGE-TD-HEALTH-P4-DEVICE-MAKE-001","TD-HEALTH-P4-DEVICE-MAKE","TD-BASE-SAFETY","REQUIRED","","","SL1","","Generated provisional semantics; human domain review required","PROVISIONAL_AUTO_REVIEW_REQUIRED","DENY","0.5-draft"
"EDGE-TD-HEALTH-P4-DEVICE-MAKE-002","TD-HEALTH-P4-DEVICE-MAKE","TD-BASE-SITE","REQUIRED","","","SL1","","Generated provisional semantics; human domain review required","PROVISIONAL_AUTO_REVIEW_REQUIRED","DENY","0.5-draft"
"EDGE-TD-HEALTH-P4-DEVICE-MAKE-003","TD-HEALTH-P4-DEVICE-MAKE","TD-BASE-INVENTORY","REQUIRED","","","SL1","","Generated provisional semantics; human domain review required","PROVISIONAL_AUTO_REVIEW_REQUIRED","DENY","0.5-draft"
"EDGE-TD-HEALTH-P4-RESEARCH-001","TD-HEALTH-P4-RESEARCH","TD-BASE-SAFETY","REQUIRED","","","SL1","","Generated provisional semantics; human domain review required","PROVISIONAL_AUTO_REVIEW_REQUIRED","DENY","0.5-draft"
"EDGE-TD-HEALTH-P4-RESEARCH-002","TD-HEALTH-P4-RESEARCH","TD-BASE-SITE","REQUIRED","","","SL1","","Generated provisional semantics; human domain review required","PROVISIONAL_AUTO_REVIEW_REQUIRED","DENY","0.5-draft"
"EDGE-TD-HEALTH-P4-RESEARCH-003","TD-HEALTH-P4-RESEARCH","TD-BASE-INVENTORY","REQUIRED","","","SL1","","Generated provisional semantics; human domain review required","PROVISIONAL_AUTO_REVIEW_REQUIRED","DENY","0.5-draft"
"EDGE-TD-HEALTH-P4-GENETICS-001","TD-HEALTH-P4-GENETICS","TD-BASE-SAFETY","REQUIRED","","","SL1","","Generated provisional semantics; human domain review required","PROVISIONAL_AUTO_REVIEW_REQUIRED","DENY","0.5-draft"
"EDGE-TD-HEALTH-P4-GENETICS-002","TD-HEALTH-P4-GENETICS","TD-BASE-SITE","REQUIRED","","","SL1","","Generated provisional semantics; human domain review required","PROVISIONAL_AUTO_REVIEW_REQUIRED","DENY","0.5-draft"
"EDGE-TD-HEALTH-P4-GENETICS-003","TD-HEALTH-P4-GENETICS","TD-BASE-INVENTORY","REQUIRED","","","SL1","","Generated provisional semantics; human domain review required","PROVISIONAL_AUTO_REVIEW_REQUIRED","DENY","0.5-draft"
"EDGE-TD-HEALTH-P4-LEGACY-001","TD-HEALTH-P4-LEGACY","TD-BASE-SAFETY","REQUIRED","","","SL1","","Generated provisional semantics; human domain review required","PROVISIONAL_AUTO_REVIEW_REQUIRED","DENY","0.5-draft"
"EDGE-TD-HEALTH-P4-LEGACY-002","TD-HEALTH-P4-LEGACY","TD-BASE-SITE","REQUIRED","","","SL1","","Generated provisional semantics; human domain review required","PROVISIONAL_AUTO_REVIEW_REQUIRED","DENY","0.5-draft"
"EDGE-TD-HEALTH-P4-LEGACY-003","TD-HEALTH-P4-LEGACY","TD-BASE-INVENTORY","REQUIRED","","","SL1","","Generated provisional semantics; human domain review required","PROVISIONAL_AUTO_REVIEW_REQUIRED","DENY","0.5-draft"
