"plan_id","node_id","priority_tier","priority_horizon","earliest_service_level","life_criticality","build_sequence_tier","acquisition_priority","knowledge_priority","safety_lane","group_size_scope","capacity_model","capacity_value","capacity_unit","labor_hours","failure_domain","redundancy_target","owner_role","backup_role","drill_id","next_due","human_review_state","release_gate","release_version"
"PLAN-TD-ROOT","TD-ROOT","P4_BLUE","15_TO_100_YEARS","SL6","DEFERRED_WITHIN_STATED_HORIZON","P4_BLUE","P4_BLUE","P4_BLUE","S0_OBSERVE_READ","N1|N2|N3_TO_N7","SERVICE_SPECIFIC_UNIT_AND_TIME_WINDOW_TBD","TBD_PERSON_AND_SITE_PROFILE","TBD_BY_CAPABILITY","TBD","TBD_SITE_AND_IMPLEMENTATION","TBD_BY_SERVICE_LEVEL","UNASSIGNED","UNASSIGNED","NOT_ASSIGNED","TBD","PROVISIONAL_AUTO_REVIEW_REQUIRED","DENY","0.5-draft"
"PLAN-TD-BASE","TD-BASE","P2_YELLOW","15_TO_90_DAYS","SL3","DEFERRED_WITHIN_STATED_HORIZON","P2_YELLOW","P2_YELLOW","P2_YELLOW","S0_OBSERVE_READ","N1|N2|N3_TO_N7","OBJECT_COUNT_COVERAGE_REVIEW_INTERVAL_AND_EVIDENCE","TBD_PERSON_AND_SITE_PROFILE","TBD_BY_CAPABILITY","TBD","TBD_SITE_AND_IMPLEMENTATION","TBD_BY_SERVICE_LEVEL","UNASSIGNED","UNASSIGNED","NOT_ASSIGNED","TBD","PROVISIONAL_AUTO_REVIEW_REQUIRED","DENY","0.5-draft"
"PLAN-TD-BASE-SAFETY","TD-BASE-SAFETY","P0_RED","SECONDS_TO_72_HOURS","SL1","IMMEDIATE_OR_SAFETY_BOUNDARY","P0_RED","P0_RED","P0_RED","S0_OBSERVE_READ","N1|N2|N3_TO_N7","OBJECT_COUNT_COVERAGE_REVIEW_INTERVAL_AND_EVIDENCE","TBD_PERSON_AND_SITE_PROFILE","TBD_BY_CAPABILITY","TBD","TBD_SITE_AND_IMPLEMENTATION","TWO_PATHS_OR_EXPLICIT_RESIDUAL_RISK","UNASSIGNED","UNASSIGNED","NOT_ASSIGNED","TBD","PROVISIONAL_AUTO_REVIEW_REQUIRED","DENY","0.5-draft"
"PLAN-TD-BASE-SITE","TD-BASE-SITE","P0_RED","SECONDS_TO_72_HOURS","SL1","IMMEDIATE_OR_SAFETY_BOUNDARY","P0_RED","P0_RED","P0_RED","S1_LOW_RISK_HOUSEHOLD","N1|N2|N3_TO_N7","OBJECT_COUNT_COVERAGE_REVIEW_INTERVAL_AND_EVIDENCE","TBD_PERSON_AND_SITE_PROFILE","TBD_BY_CAPABILITY","TBD","TBD_SITE_AND_IMPLEMENTATION","TWO_PATHS_OR_EXPLICIT_RESIDUAL_RISK","UNASSIGNED","UNASSIGNED","NOT_ASSIGNED","TBD","PROVISIONAL_AUTO_REVIEW_REQUIRED","DENY","0.5-draft"
"PLAN-TD-BASE-INVENTORY","TD-BASE-INVENTORY","P0_RED","SECONDS_TO_72_HOURS","SL1","IMMEDIATE_OR_SAFETY_BOUNDARY","P0_RED","P0_RED","P0_RED","S1_LOW_RISK_HOUSEHOLD","N1|N2|N3_TO_N7","OBJECT_COUNT_COVERAGE_REVIEW_INTERVAL_AND_EVIDENCE","TBD_PERSON_AND_SITE_PROFILE","TBD_BY_CAPABILITY","TBD","TBD_SITE_AND_IMPLEMENTATION","TWO_PATHS_OR_EXPLICIT_RESIDUAL_RISK","UNASSIGNED","UNASSIGNED","NOT_ASSIGNED","TBD","PROVISIONAL_AUTO_REVIEW_REQUIRED","DENY","0.5-draft"
"PLAN-TD-BASE-METROLOGY","TD-BASE-METROLOGY","P2_YELLOW","15_TO_90_DAYS","SL3","DEFERRED_WITHIN_STATED_HORIZON","P2_YELLOW","P2_YELLOW","P2_YELLOW","S1_LOW_RISK_HOUSEHOLD","N1|N2|N3_TO_N7","OBJECT_COUNT_COVERAGE_REVIEW_INTERVAL_AND_EVIDENCE","TBD_PERSON_AND_SITE_PROFILE","TBD_BY_CAPABILITY","TBD","TBD_SITE_AND_IMPLEMENTATION","TBD_BY_SERVICE_LEVEL","UNASSIGNED","UNASSIGNED","NOT_ASSIGNED","TBD","PROVISIONAL_AUTO_REVIEW_REQUIRED","DENY","0.5-draft"
"PLAN-TD-BASE-DRAWINGS","TD-BASE-DRAWINGS","P2_YELLOW","15_TO_90_DAYS","SL3","DEFERRED_WITHIN_STATED_HORIZON","P2_YELLOW","P2_YELLOW","P2_YELLOW","S0_OBSERVE_READ","N1|N2|N3_TO_N7","OBJECT_COUNT_COVERAGE_REVIEW_INTERVAL_AND_EVIDENCE","TBD_PERSON_AND_SITE_PROFILE","TBD_BY_CAPABILITY","TBD","TBD_SITE_AND_IMPLEMENTATION","TBD_BY_SERVICE_LEVEL","UNASSIGNED","UNASSIGNED","NOT_ASSIGNED","TBD","PROVISIONAL_AUTO_REVIEW_REQUIRED","DENY","0.5-draft"
"PLAN-TD-BASE-MATERIALS","TD-BASE-MATERIALS","P2_YELLOW","15_TO_90_DAYS","SL3","DEFERRED_WITHIN_STATED_HORIZON","P2_YELLOW","P2_YELLOW","P2_YELLOW","S1_LOW_RISK_HOUSEHOLD","N1|N2|N3_TO_N7","OBJECT_COUNT_COVERAGE_REVIEW_INTERVAL_AND_EVIDENCE","TBD_PERSON_AND_SITE_PROFILE","TBD_BY_CAPABILITY","TBD","TBD_SITE_AND_IMPLEMENTATION","TBD_BY_SERVICE_LEVEL","UNASSIGNED","UNASSIGNED","NOT_ASSIGNED","TBD","PROVISIONAL_AUTO_REVIEW_REQUIRED","DENY","0.5-draft"
"PLAN-TD-BASE-ARCHIVE","TD-BASE-ARCHIVE","P2_YELLOW","15_TO_90_DAYS","SL3","DEFERRED_WITHIN_STATED_HORIZON","P2_YELLOW","P2_YELLOW","P2_YELLOW","S1_LOW_RISK_HOUSEHOLD","N1|N2|N3_TO_N7","OBJECT_COUNT_COVERAGE_REVIEW_INTERVAL_AND_EVIDENCE","TBD_PERSON_AND_SITE_PROFILE","TBD_BY_CAPABILITY","TBD","TBD_SITE_AND_IMPLEMENTATION","TBD_BY_SERVICE_LEVEL","UNASSIGNED","UNASSIGNED","NOT_ASSIGNED","TBD","PROVISIONAL_AUTO_REVIEW_REQUIRED","DENY","0.5-draft"
"PLAN-TD-BASE-TRAINING","TD-BASE-TRAINING","P2_YELLOW","15_TO_90_DAYS","SL3","DEFERRED_WITHIN_STATED_HORIZON","P2_YELLOW","P2_YELLOW","P2_YELLOW","S1_LOW_RISK_HOUSEHOLD","N1|N2|N3_TO_N7","OBJECT_COUNT_COVERAGE_REVIEW_INTERVAL_AND_EVIDENCE","TBD_PERSON_AND_SITE_PROFILE","TBD_BY_CAPABILITY","TBD","TBD_SITE_AND_IMPLEMENTATION","TBD_BY_SERVICE_LEVEL","UNASSIGNED","UNASSIGNED","NOT_ASSIGNED","TBD","PROVISIONAL_AUTO_REVIEW_REQUIRED","DENY","0.5-draft"
"PLAN-TD-BASE-MAINTENANCE","TD-BASE-MAINTENANCE","P2_YELLOW","15_TO_90_DAYS","SL3","DEFERRED_WITHIN_STATED_HORIZON","P2_YELLOW","P2_YELLOW","P2_YELLOW","S1_LOW_RISK_HOUSEHOLD","N1|N2|N3_TO_N7","OBJECT_COUNT_COVERAGE_REVIEW_INTERVAL_AND_EVIDENCE","TBD_PERSON_AND_SITE_PROFILE","TBD_BY_CAPABILITY","TBD","TBD_SITE_AND_IMPLEMENTATION","TBD_BY_SERVICE_LEVEL","UNASSIGNED","UNASSIGNED","NOT_ASSIGNED","TBD","PROVISIONAL_AUTO_REVIEW_REQUIRED","DENY","0.5-draft"
"PLAN-TD-WATER","TD-WATER","P2_YELLOW","15_TO_90_DAYS","SL3","DEFERRED_WITHIN_STATED_HORIZON","P2_YELLOW","P2_YELLOW","P2_YELLOW","S2_TRAINED_SUPERVISED","N1|N2|N3_TO_N7","LITRES_PER_PERSON_DAY_PLUS_PEAK_AND_STORAGE_DAYS","TBD_PERSON_AND_SITE_PROFILE","TBD_BY_CAPABILITY","TBD","TBD_SITE_AND_IMPLEMENTATION","TBD_BY_SERVICE_LEVEL","UNASSIGNED","UNASSIGNED","NOT_ASSIGNED","TBD","PROVISIONAL_AUTO_REVIEW_REQUIRED","DENY","0.5-draft"
"PLAN-TD-WATER-SOURCE","TD-WATER-SOURCE","P2_YELLOW","15_TO_90_DAYS","SL3","DEFERRED_WITHIN_STATED_HORIZON","P2_YELLOW","P2_YELLOW","P2_YELLOW","S1_LOW_RISK_HOUSEHOLD","N1|N2|N3_TO_N7","LITRES_PER_PERSON_DAY_PLUS_PEAK_AND_STORAGE_DAYS","TBD_PERSON_AND_SITE_PROFILE","TBD_BY_CAPABILITY","TBD","TBD_SITE_AND_IMPLEMENTATION","TBD_BY_SERVICE_LEVEL","UNASSIGNED","UNASSIGNED","NOT_ASSIGNED","TBD","PROVISIONAL_AUTO_REVIEW_REQUIRED","DENY","0.5-draft"
"PLAN-TD-WATER-YIELD","TD-WATER-YIELD","P2_YELLOW","15_TO_90_DAYS","SL3","DEFERRED_WITHIN_STATED_HORIZON","P2_YELLOW","P2_YELLOW","P2_YELLOW","S2_TRAINED_SUPERVISED","N1|N2|N3_TO_N7","LITRES_PER_PERSON_DAY_PLUS_PEAK_AND_STORAGE_DAYS","TBD_PERSON_AND_SITE_PROFILE","TBD_BY_CAPABILITY","TBD","TBD_SITE_AND_IMPLEMENTATION","TBD_BY_SERVICE_LEVEL","UNASSIGNED","UNASSIGNED","NOT_ASSIGNED","TBD","PROVISIONAL_AUTO_REVIEW_REQUIRED","DENY","0.5-draft"
"PLAN-TD-WATER-RISK","TD-WATER-RISK","P2_YELLOW","15_TO_90_DAYS","SL3","DEFERRED_WITHIN_STATED_HORIZON","P2_YELLOW","P2_YELLOW","P2_YELLOW","S3_LICENSED_PROFESSIONAL","N1|N2|N3_TO_N7","LITRES_PER_PERSON_DAY_PLUS_PEAK_AND_STORAGE_DAYS","TBD_PERSON_AND_SITE_PROFILE","TBD_BY_CAPABILITY","TBD","TBD_SITE_AND_IMPLEMENTATION","TBD_BY_SERVICE_LEVEL","UNASSIGNED","UNASSIGNED","NOT_ASSIGNED","TBD","PROVISIONAL_AUTO_REVIEW_REQUIRED","DENY","0.5-draft"
"PLAN-TD-WATER-TREATMENT","TD-WATER-TREATMENT","P2_YELLOW","15_TO_90_DAYS","SL3","DEFERRED_WITHIN_STATED_HORIZON","P2_YELLOW","P2_YELLOW","P2_YELLOW","S2_TRAINED_SUPERVISED","N1|N2|N3_TO_N7","LITRES_PER_PERSON_DAY_PLUS_PEAK_AND_STORAGE_DAYS","TBD_PERSON_AND_SITE_PROFILE","TBD_BY_CAPABILITY","TBD","TBD_SITE_AND_IMPLEMENTATION","TBD_BY_SERVICE_LEVEL","UNASSIGNED","UNASSIGNED","NOT_ASSIGNED","TBD","PROVISIONAL_AUTO_REVIEW_REQUIRED","DENY","0.5-draft"
"PLAN-TD-WATER-STORAGE","TD-WATER-STORAGE","P2_YELLOW","15_TO_90_DAYS","SL3","DEFERRED_WITHIN_STATED_HORIZON","P2_YELLOW","P2_YELLOW","P2_YELLOW","S1_LOW_RISK_HOUSEHOLD","N1|N2|N3_TO_N7","LITRES_PER_PERSON_DAY_PLUS_PEAK_AND_STORAGE_DAYS","TBD_PERSON_AND_SITE_PROFILE","TBD_BY_CAPABILITY","TBD","TBD_SITE_AND_IMPLEMENTATION","TBD_BY_SERVICE_LEVEL","UNASSIGNED","UNASSIGNED","NOT_ASSIGNED","TBD","PROVISIONAL_AUTO_REVIEW_REQUIRED","DENY","0.5-draft"
"PLAN-TD-WATER-MONITORING","TD-WATER-MONITORING","P2_YELLOW","15_TO_90_DAYS","SL3","DEFERRED_WITHIN_STATED_HORIZON","P2_YELLOW","P2_YELLOW","P2_YELLOW","S2_TRAINED_SUPERVISED","N1|N2|N3_TO_N7","LITRES_PER_PERSON_DAY_PLUS_PEAK_AND_STORAGE_DAYS","TBD_PERSON_AND_SITE_PROFILE","TBD_BY_CAPABILITY","TBD","TBD_SITE_AND_IMPLEMENTATION","TBD_BY_SERVICE_LEVEL","UNASSIGNED","UNASSIGNED","NOT_ASSIGNED","TBD","PROVISIONAL_AUTO_REVIEW_REQUIRED","DENY","0.5-draft"
"PLAN-TD-SANITATION","TD-SANITATION","P1_ORANGE","3_TO_14_DAYS","SL2","DEFERRED_WITHIN_STATED_HORIZON","P1_ORANGE","P1_ORANGE","P1_ORANGE","S2_TRAINED_SUPERVISED","N1|N2|N3_TO_N7","LITRES_PER_PERSON_DAY_PLUS_PEAK_AND_STORAGE_DAYS","TBD_PERSON_AND_SITE_PROFILE","TBD_BY_CAPABILITY","TBD","TBD_SITE_AND_IMPLEMENTATION","TWO_PATHS_OR_EXPLICIT_RESIDUAL_RISK","UNASSIGNED","UNASSIGNED","NOT_ASSIGNED","TBD","PROVISIONAL_AUTO_REVIEW_REQUIRED","DENY","0.5-draft"
"PLAN-TD-FOOD","TD-FOOD","P2_YELLOW","15_TO_90_DAYS","SL3","DEFERRED_WITHIN_STATED_HORIZON","P2_YELLOW","P2_YELLOW","P2_YELLOW","S2_TRAINED_SUPERVISED","N1|N2|N3_TO_N7","KCAL_NUTRIENTS_PER_PERSON_DAY_YIELD_AREA_AND_LOSS","TBD_PERSON_AND_SITE_PROFILE","TBD_BY_CAPABILITY","TBD","TBD_SITE_AND_IMPLEMENTATION","TBD_BY_SERVICE_LEVEL","UNASSIGNED","UNASSIGNED","NOT_ASSIGNED","TBD","PROVISIONAL_AUTO_REVIEW_REQUIRED","DENY","0.5-draft"
"PLAN-TD-FOOD-SITE","TD-FOOD-SITE","P2_YELLOW","15_TO_90_DAYS","SL3","DEFERRED_WITHIN_STATED_HORIZON","P2_YELLOW","P2_YELLOW","P2_YELLOW","S2_TRAINED_SUPERVISED","N1|N2|N3_TO_N7","KCAL_NUTRIENTS_PER_PERSON_DAY_YIELD_AREA_AND_LOSS","TBD_PERSON_AND_SITE_PROFILE","TBD_BY_CAPABILITY","TBD","TBD_SITE_AND_IMPLEMENTATION","TBD_BY_SERVICE_LEVEL","UNASSIGNED","UNASSIGNED","NOT_ASSIGNED","TBD","PROVISIONAL_AUTO_REVIEW_REQUIRED","DENY","0.5-draft"
"PLAN-TD-SEED-BANK","TD-SEED-BANK","P2_YELLOW","15_TO_90_DAYS","SL3","DEFERRED_WITHIN_STATED_HORIZON","P2_YELLOW","P2_YELLOW","P2_YELLOW","S1_LOW_RISK_HOUSEHOLD","N1|N2|N3_TO_N7","KCAL_NUTRIENTS_PER_PERSON_DAY_YIELD_AREA_AND_LOSS","TBD_PERSON_AND_SITE_PROFILE","TBD_BY_CAPABILITY","TBD","TBD_SITE_AND_IMPLEMENTATION","TBD_BY_SERVICE_LEVEL","UNASSIGNED","UNASSIGNED","NOT_ASSIGNED","TBD","PROVISIONAL_AUTO_REVIEW_REQUIRED","DENY","0.5-draft"
"PLAN-TD-GERMINATION","TD-GERMINATION","P3_GREEN","3_MONTHS_TO_15_YEARS","SL4","DEFERRED_WITHIN_STATED_HORIZON","P3_GREEN","P3_GREEN","P3_GREEN","S1_LOW_RISK_HOUSEHOLD","N1|N2|N3_TO_N7","KCAL_NUTRIENTS_PER_PERSON_DAY_YIELD_AREA_AND_LOSS","TBD_PERSON_AND_SITE_PROFILE","TBD_BY_CAPABILITY","TBD","TBD_SITE_AND_IMPLEMENTATION","TBD_BY_SERVICE_LEVEL","UNASSIGNED","UNASSIGNED","NOT_ASSIGNED","TBD","PROVISIONAL_AUTO_REVIEW_REQUIRED","DENY","0.5-draft"
"PLAN-TD-CROP-PLAN","TD-CROP-PLAN","P2_YELLOW","15_TO_90_DAYS","SL3","DEFERRED_WITHIN_STATED_HORIZON","P2_YELLOW","P2_YELLOW","P2_YELLOW","S1_LOW_RISK_HOUSEHOLD","N1|N2|N3_TO_N7","KCAL_NUTRIENTS_PER_PERSON_DAY_YIELD_AREA_AND_LOSS","TBD_PERSON_AND_SITE_PROFILE","TBD_BY_CAPABILITY","TBD","TBD_SITE_AND_IMPLEMENTATION","TBD_BY_SERVICE_LEVEL","UNASSIGNED","UNASSIGNED","NOT_ASSIGNED","TBD","PROVISIONAL_AUTO_REVIEW_REQUIRED","DENY","0.5-draft"
"PLAN-TD-CROP-TRIAL","TD-CROP-TRIAL","P2_YELLOW","15_TO_90_DAYS","SL3","DEFERRED_WITHIN_STATED_HORIZON","P2_YELLOW","P2_YELLOW","P2_YELLOW","S1_LOW_RISK_HOUSEHOLD","N1|N2|N3_TO_N7","KCAL_NUTRIENTS_PER_PERSON_DAY_YIELD_AREA_AND_LOSS","TBD_PERSON_AND_SITE_PROFILE","TBD_BY_CAPABILITY","TBD","TBD_SITE_AND_IMPLEMENTATION","TBD_BY_SERVICE_LEVEL","UNASSIGNED","UNASSIGNED","NOT_ASSIGNED","TBD","PROVISIONAL_AUTO_REVIEW_REQUIRED","DENY","0.5-draft"
"PLAN-TD-SEED-REGEN","TD-SEED-REGEN","P2_YELLOW","15_TO_90_DAYS","SL3","DEFERRED_WITHIN_STATED_HORIZON","P2_YELLOW","P2_YELLOW","P2_YELLOW","S2_TRAINED_SUPERVISED","N1|N2|N3_TO_N7","KCAL_NUTRIENTS_PER_PERSON_DAY_YIELD_AREA_AND_LOSS","TBD_PERSON_AND_SITE_PROFILE","TBD_BY_CAPABILITY","TBD","TBD_SITE_AND_IMPLEMENTATION","TBD_BY_SERVICE_LEVEL","UNASSIGNED","UNASSIGNED","NOT_ASSIGNED","TBD","PROVISIONAL_AUTO_REVIEW_REQUIRED","DENY","0.5-draft"
"PLAN-TD-HARVEST-STORAGE","TD-HARVEST-STORAGE","P2_YELLOW","15_TO_90_DAYS","SL3","DEFERRED_WITHIN_STATED_HORIZON","P2_YELLOW","P2_YELLOW","P2_YELLOW","S1_LOW_RISK_HOUSEHOLD","N1|N2|N3_TO_N7","KCAL_NUTRIENTS_PER_PERSON_DAY_YIELD_AREA_AND_LOSS","TBD_PERSON_AND_SITE_PROFILE","TBD_BY_CAPABILITY","TBD","TBD_SITE_AND_IMPLEMENTATION","TBD_BY_SERVICE_LEVEL","UNASSIGNED","UNASSIGNED","NOT_ASSIGNED","TBD","PROVISIONAL_AUTO_REVIEW_REQUIRED","DENY","0.5-draft"
"PLAN-TD-FOOD-PRESERVATION","TD-FOOD-PRESERVATION","P1_ORANGE","3_TO_14_DAYS","SL2","DEFERRED_WITHIN_STATED_HORIZON","P1_ORANGE","P1_ORANGE","P1_ORANGE","S2_TRAINED_SUPERVISED","N1|N2|N3_TO_N7","KCAL_NUTRIENTS_PER_PERSON_DAY_YIELD_AREA_AND_LOSS","TBD_PERSON_AND_SITE_PROFILE","TBD_BY_CAPABILITY","TBD","TBD_SITE_AND_IMPLEMENTATION","TWO_PATHS_OR_EXPLICIT_RESIDUAL_RISK","UNASSIGNED","UNASSIGNED","NOT_ASSIGNED","TBD","PROVISIONAL_AUTO_REVIEW_REQUIRED","DENY","0.5-draft"
"PLAN-TD-NUTRITION","TD-NUTRITION","P3_GREEN","3_MONTHS_TO_15_YEARS","SL4","DEFERRED_WITHIN_STATED_HORIZON","P3_GREEN","P3_GREEN","P3_GREEN","S2_TRAINED_SUPERVISED","N1|N2|N3_TO_N7","KCAL_NUTRIENTS_PER_PERSON_DAY_YIELD_AREA_AND_LOSS","TBD_PERSON_AND_SITE_PROFILE","TBD_BY_CAPABILITY","TBD","TBD_SITE_AND_IMPLEMENTATION","TBD_BY_SERVICE_LEVEL","UNASSIGNED","UNASSIGNED","NOT_ASSIGNED","TBD","PROVISIONAL_AUTO_REVIEW_REQUIRED","DENY","0.5-draft"
"PLAN-TD-SHELTER","TD-SHELTER","P1_ORANGE","3_TO_14_DAYS","SL2","DEFERRED_WITHIN_STATED_HORIZON","P1_ORANGE","P1_ORANGE","P1_ORANGE","S2_TRAINED_SUPERVISED","N1|N2|N3_TO_N7","OCCUPANTS_M2_TEMPERATURE_AIR_AND_EGRESS_TIME","TBD_PERSON_AND_SITE_PROFILE","TBD_BY_CAPABILITY","TBD","TBD_SITE_AND_IMPLEMENTATION","TWO_PATHS_OR_EXPLICIT_RESIDUAL_RISK","UNASSIGNED","UNASSIGNED","NOT_ASSIGNED","TBD","PROVISIONAL_AUTO_REVIEW_REQUIRED","DENY","0.5-draft"
"PLAN-TD-SHELTER-SURVEY","TD-SHELTER-SURVEY","P1_ORANGE","3_TO_14_DAYS","SL2","DEFERRED_WITHIN_STATED_HORIZON","P1_ORANGE","P1_ORANGE","P1_ORANGE","S3_LICENSED_PROFESSIONAL","N1|N2|N3_TO_N7","OCCUPANTS_M2_TEMPERATURE_AIR_AND_EGRESS_TIME","TBD_PERSON_AND_SITE_PROFILE","TBD_BY_CAPABILITY","TBD","TBD_SITE_AND_IMPLEMENTATION","TWO_PATHS_OR_EXPLICIT_RESIDUAL_RISK","UNASSIGNED","UNASSIGNED","NOT_ASSIGNED","TBD","PROVISIONAL_AUTO_REVIEW_REQUIRED","DENY","0.5-draft"
"PLAN-TD-EXITS-SHUTOFFS","TD-EXITS-SHUTOFFS","P0_RED","SECONDS_TO_72_HOURS","SL0","IMMEDIATE_OR_SAFETY_BOUNDARY","P0_RED","P0_RED","P0_RED","S1_LOW_RISK_HOUSEHOLD","N1|N2|N3_TO_N7","OCCUPANTS_M2_TEMPERATURE_AIR_AND_EGRESS_TIME","TBD_PERSON_AND_SITE_PROFILE","TBD_BY_CAPABILITY","TBD","TBD_SITE_AND_IMPLEMENTATION","TWO_PATHS_OR_EXPLICIT_RESIDUAL_RISK","UNASSIGNED","UNASSIGNED","NOT_ASSIGNED","TBD","PROVISIONAL_AUTO_REVIEW_REQUIRED","DENY","0.5-draft"
"PLAN-TD-FIRE-CO","TD-FIRE-CO","P0_RED","SECONDS_TO_72_HOURS","SL0","IMMEDIATE_OR_SAFETY_BOUNDARY","P0_RED","P0_RED","P0_RED","S1_LOW_RISK_HOUSEHOLD","N1|N2|N3_TO_N7","OCCUPANTS_M2_TEMPERATURE_AIR_AND_EGRESS_TIME","TBD_PERSON_AND_SITE_PROFILE","TBD_BY_CAPABILITY","TBD","TBD_SITE_AND_IMPLEMENTATION","TWO_PATHS_OR_EXPLICIT_RESIDUAL_RISK","UNASSIGNED","UNASSIGNED","NOT_ASSIGNED","TBD","PROVISIONAL_AUTO_REVIEW_REQUIRED","DENY","0.5-draft"
"PLAN-TD-VENTILATION","TD-VENTILATION","P1_ORANGE","3_TO_14_DAYS","SL2","DEFERRED_WITHIN_STATED_HORIZON","P1_ORANGE","P1_ORANGE","P1_ORANGE","S2_TRAINED_SUPERVISED","N1|N2|N3_TO_N7","OCCUPANTS_M2_TEMPERATURE_AIR_AND_EGRESS_TIME","TBD_PERSON_AND_SITE_PROFILE","TBD_BY_CAPABILITY","TBD","TBD_SITE_AND_IMPLEMENTATION","TWO_PATHS_OR_EXPLICIT_RESIDUAL_RISK","UNASSIGNED","UNASSIGNED","NOT_ASSIGNED","TBD","PROVISIONAL_AUTO_REVIEW_REQUIRED","DENY","0.5-draft"
"PLAN-TD-THERMAL","TD-THERMAL","P1_ORANGE","3_TO_14_DAYS","SL2","DEFERRED_WITHIN_STATED_HORIZON","P1_ORANGE","P1_ORANGE","P1_ORANGE","S2_TRAINED_SUPERVISED","N1|N2|N3_TO_N7","OCCUPANTS_M2_TEMPERATURE_AIR_AND_EGRESS_TIME","TBD_PERSON_AND_SITE_PROFILE","TBD_BY_CAPABILITY","TBD","TBD_SITE_AND_IMPLEMENTATION","TWO_PATHS_OR_EXPLICIT_RESIDUAL_RISK","UNASSIGNED","UNASSIGNED","NOT_ASSIGNED","TBD","PROVISIONAL_AUTO_REVIEW_REQUIRED","DENY","0.5-draft"
"PLAN-TD-DRAINAGE","TD-DRAINAGE","P3_GREEN","3_MONTHS_TO_15_YEARS","SL4","DEFERRED_WITHIN_STATED_HORIZON","P3_GREEN","P3_GREEN","P3_GREEN","S2_TRAINED_SUPERVISED","N1|N2|N3_TO_N7","OCCUPANTS_M2_TEMPERATURE_AIR_AND_EGRESS_TIME","TBD_PERSON_AND_SITE_PROFILE","TBD_BY_CAPABILITY","TBD","TBD_SITE_AND_IMPLEMENTATION","TBD_BY_SERVICE_LEVEL","UNASSIGNED","UNASSIGNED","NOT_ASSIGNED","TBD","PROVISIONAL_AUTO_REVIEW_REQUIRED","DENY","0.5-draft"
"PLAN-TD-ENERGY","TD-ENERGY","P1_ORANGE","3_TO_14_DAYS","SL2","DEFERRED_WITHIN_STATED_HORIZON","P1_ORANGE","P1_ORANGE","P1_ORANGE","S3_LICENSED_PROFESSIONAL","N1|N2|N3_TO_N7","WH_PER_DAY_PEAK_W_AUTONOMY_AND_RECHARGE_TIME","TBD_PERSON_AND_SITE_PROFILE","TBD_BY_CAPABILITY","TBD","TBD_SITE_AND_IMPLEMENTATION","TWO_PATHS_OR_EXPLICIT_RESIDUAL_RISK","UNASSIGNED","UNASSIGNED","NOT_ASSIGNED","TBD","PROVISIONAL_AUTO_REVIEW_REQUIRED","DENY","0.5-draft"
"PLAN-TD-ENERGY-LOADS","TD-ENERGY-LOADS","P1_ORANGE","3_TO_14_DAYS","SL2","DEFERRED_WITHIN_STATED_HORIZON","P1_ORANGE","P1_ORANGE","P1_ORANGE","S1_LOW_RISK_HOUSEHOLD","N1|N2|N3_TO_N7","WH_PER_DAY_PEAK_W_AUTONOMY_AND_RECHARGE_TIME","TBD_PERSON_AND_SITE_PROFILE","TBD_BY_CAPABILITY","TBD","TBD_SITE_AND_IMPLEMENTATION","TWO_PATHS_OR_EXPLICIT_RESIDUAL_RISK","UNASSIGNED","UNASSIGNED","NOT_ASSIGNED","TBD","PROVISIONAL_AUTO_REVIEW_REQUIRED","DENY","0.5-draft"
"PLAN-TD-ENERGY-DC","TD-ENERGY-DC","P1_ORANGE","3_TO_14_DAYS","SL2","DEFERRED_WITHIN_STATED_HORIZON","P1_ORANGE","P1_ORANGE","P1_ORANGE","S2_TRAINED_SUPERVISED","N1|N2|N3_TO_N7","WH_PER_DAY_PEAK_W_AUTONOMY_AND_RECHARGE_TIME","TBD_PERSON_AND_SITE_PROFILE","TBD_BY_CAPABILITY","TBD","TBD_SITE_AND_IMPLEMENTATION","TWO_PATHS_OR_EXPLICIT_RESIDUAL_RISK","UNASSIGNED","UNASSIGNED","NOT_ASSIGNED","TBD","PROVISIONAL_AUTO_REVIEW_REQUIRED","DENY","0.5-draft"
"PLAN-TD-ENERGY-GENERATION","TD-ENERGY-GENERATION","P1_ORANGE","3_TO_14_DAYS","SL2","DEFERRED_WITHIN_STATED_HORIZON","P1_ORANGE","P1_ORANGE","P1_ORANGE","S3_LICENSED_PROFESSIONAL","N1|N2|N3_TO_N7","WH_PER_DAY_PEAK_W_AUTONOMY_AND_RECHARGE_TIME","TBD_PERSON_AND_SITE_PROFILE","TBD_BY_CAPABILITY","TBD","TBD_SITE_AND_IMPLEMENTATION","TWO_PATHS_OR_EXPLICIT_RESIDUAL_RISK","UNASSIGNED","UNASSIGNED","NOT_ASSIGNED","TBD","PROVISIONAL_AUTO_REVIEW_REQUIRED","DENY","0.5-draft"
"PLAN-TD-ENERGY-STORAGE","TD-ENERGY-STORAGE","P1_ORANGE","3_TO_14_DAYS","SL2","DEFERRED_WITHIN_STATED_HORIZON","P1_ORANGE","P1_ORANGE","P1_ORANGE","S3_LICENSED_PROFESSIONAL","N1|N2|N3_TO_N7","WH_PER_DAY_PEAK_W_AUTONOMY_AND_RECHARGE_TIME","TBD_PERSON_AND_SITE_PROFILE","TBD_BY_CAPABILITY","TBD","TBD_SITE_AND_IMPLEMENTATION","TWO_PATHS_OR_EXPLICIT_RESIDUAL_RISK","UNASSIGNED","UNASSIGNED","NOT_ASSIGNED","TBD","PROVISIONAL_AUTO_REVIEW_REQUIRED","DENY","0.5-draft"
"PLAN-TD-ENERGY-PROTECTION","TD-ENERGY-PROTECTION","P1_ORANGE","3_TO_14_DAYS","SL2","DEFERRED_WITHIN_STATED_HORIZON","P1_ORANGE","P1_ORANGE","P1_ORANGE","S3_LICENSED_PROFESSIONAL","N1|N2|N3_TO_N7","WH_PER_DAY_PEAK_W_AUTONOMY_AND_RECHARGE_TIME","TBD_PERSON_AND_SITE_PROFILE","TBD_BY_CAPABILITY","TBD","TBD_SITE_AND_IMPLEMENTATION","TWO_PATHS_OR_EXPLICIT_RESIDUAL_RISK","UNASSIGNED","UNASSIGNED","NOT_ASSIGNED","TBD","PROVISIONAL_AUTO_REVIEW_REQUIRED","DENY","0.5-draft"
"PLAN-TD-ENERGY-BLACKSTART","TD-ENERGY-BLACKSTART","P1_ORANGE","3_TO_14_DAYS","SL2","DEFERRED_WITHIN_STATED_HORIZON","P1_ORANGE","P1_ORANGE","P1_ORANGE","S2_TRAINED_SUPERVISED","N1|N2|N3_TO_N7","WH_PER_DAY_PEAK_W_AUTONOMY_AND_RECHARGE_TIME","TBD_PERSON_AND_SITE_PROFILE","TBD_BY_CAPABILITY","TBD","TBD_SITE_AND_IMPLEMENTATION","TWO_PATHS_OR_EXPLICIT_RESIDUAL_RISK","UNASSIGNED","UNASSIGNED","NOT_ASSIGNED","TBD","PROVISIONAL_AUTO_REVIEW_REQUIRED","DENY","0.5-draft"
"PLAN-TD-WORKSHOP","TD-WORKSHOP","P2_YELLOW","15_TO_90_DAYS","SL3","DEFERRED_WITHIN_STATED_HORIZON","P2_YELLOW","P2_YELLOW","P2_YELLOW","S2_TRAINED_SUPERVISED","N1|N2|N3_TO_N7","JOBS_PER_PERIOD_LABOR_HOURS_AND_SPARES","TBD_PERSON_AND_SITE_PROFILE","TBD_BY_CAPABILITY","TBD","TBD_SITE_AND_IMPLEMENTATION","TBD_BY_SERVICE_LEVEL","UNASSIGNED","UNASSIGNED","NOT_ASSIGNED","TBD","PROVISIONAL_AUTO_REVIEW_REQUIRED","DENY","0.5-draft"
"PLAN-TD-WORKSHOP-HANDTOOLS","TD-WORKSHOP-HANDTOOLS","P2_YELLOW","15_TO_90_DAYS","SL3","DEFERRED_WITHIN_STATED_HORIZON","P2_YELLOW","P2_YELLOW","P2_YELLOW","S1_LOW_RISK_HOUSEHOLD","N1|N2|N3_TO_N7","JOBS_PER_PERIOD_LABOR_HOURS_AND_SPARES","TBD_PERSON_AND_SITE_PROFILE","TBD_BY_CAPABILITY","TBD","TBD_SITE_AND_IMPLEMENTATION","TBD_BY_SERVICE_LEVEL","UNASSIGNED","UNASSIGNED","NOT_ASSIGNED","TBD","PROVISIONAL_AUTO_REVIEW_REQUIRED","DENY","0.5-draft"
"PLAN-TD-WORKSHOP-FIXTURES","TD-WORKSHOP-FIXTURES","P2_YELLOW","15_TO_90_DAYS","SL3","DEFERRED_WITHIN_STATED_HORIZON","P2_YELLOW","P2_YELLOW","P2_YELLOW","S2_TRAINED_SUPERVISED","N1|N2|N3_TO_N7","JOBS_PER_PERIOD_LABOR_HOURS_AND_SPARES","TBD_PERSON_AND_SITE_PROFILE","TBD_BY_CAPABILITY","TBD","TBD_SITE_AND_IMPLEMENTATION","TBD_BY_SERVICE_LEVEL","UNASSIGNED","UNASSIGNED","NOT_ASSIGNED","TBD","PROVISIONAL_AUTO_REVIEW_REQUIRED","DENY","0.5-draft"
"PLAN-TD-WORKSHOP-MEASURE","TD-WORKSHOP-MEASURE","P2_YELLOW","15_TO_90_DAYS","SL3","DEFERRED_WITHIN_STATED_HORIZON","P2_YELLOW","P2_YELLOW","P2_YELLOW","S1_LOW_RISK_HOUSEHOLD","N1|N2|N3_TO_N7","JOBS_PER_PERIOD_LABOR_HOURS_AND_SPARES","TBD_PERSON_AND_SITE_PROFILE","TBD_BY_CAPABILITY","TBD","TBD_SITE_AND_IMPLEMENTATION","TBD_BY_SERVICE_LEVEL","UNASSIGNED","UNASSIGNED","NOT_ASSIGNED","TBD","PROVISIONAL_AUTO_REVIEW_REQUIRED","DENY","0.5-draft"
"PLAN-TD-WORKSHOP-WOOD","TD-WORKSHOP-WOOD","P2_YELLOW","15_TO_90_DAYS","SL3","DEFERRED_WITHIN_STATED_HORIZON","P2_YELLOW","P2_YELLOW","P2_YELLOW","S2_TRAINED_SUPERVISED","N1|N2|N3_TO_N7","JOBS_PER_PERIOD_LABOR_HOURS_AND_SPARES","TBD_PERSON_AND_SITE_PROFILE","TBD_BY_CAPABILITY","TBD","TBD_SITE_AND_IMPLEMENTATION","TBD_BY_SERVICE_LEVEL","UNASSIGNED","UNASSIGNED","NOT_ASSIGNED","TBD","PROVISIONAL_AUTO_REVIEW_REQUIRED","DENY","0.5-draft"
"PLAN-TD-WORKSHOP-TEXTILE","TD-WORKSHOP-TEXTILE","P2_YELLOW","15_TO_90_DAYS","SL3","DEFERRED_WITHIN_STATED_HORIZON","P2_YELLOW","P2_YELLOW","P2_YELLOW","S1_LOW_RISK_HOUSEHOLD","N1|N2|N3_TO_N7","JOBS_PER_PERIOD_LABOR_HOURS_AND_SPARES","TBD_PERSON_AND_SITE_PROFILE","TBD_BY_CAPABILITY","TBD","TBD_SITE_AND_IMPLEMENTATION","TBD_BY_SERVICE_LEVEL","UNASSIGNED","UNASSIGNED","NOT_ASSIGNED","TBD","PROVISIONAL_AUTO_REVIEW_REQUIRED","DENY","0.5-draft"
"PLAN-TD-WORKSHOP-LOWV","TD-WORKSHOP-LOWV","P2_YELLOW","15_TO_90_DAYS","SL3","DEFERRED_WITHIN_STATED_HORIZON","P2_YELLOW","P2_YELLOW","P2_YELLOW","S2_TRAINED_SUPERVISED","N1|N2|N3_TO_N7","JOBS_PER_PERIOD_LABOR_HOURS_AND_SPARES","TBD_PERSON_AND_SITE_PROFILE","TBD_BY_CAPABILITY","TBD","TBD_SITE_AND_IMPLEMENTATION","TBD_BY_SERVICE_LEVEL","UNASSIGNED","UNASSIGNED","NOT_ASSIGNED","TBD","PROVISIONAL_AUTO_REVIEW_REQUIRED","DENY","0.5-draft"
"PLAN-TD-WORKSHOP-SALVAGE","TD-WORKSHOP-SALVAGE","P2_YELLOW","15_TO_90_DAYS","SL3","DEFERRED_WITHIN_STATED_HORIZON","P2_YELLOW","P2_YELLOW","P2_YELLOW","S2_TRAINED_SUPERVISED","N1|N2|N3_TO_N7","JOBS_PER_PERIOD_LABOR_HOURS_AND_SPARES","TBD_PERSON_AND_SITE_PROFILE","TBD_BY_CAPABILITY","TBD","TBD_SITE_AND_IMPLEMENTATION","TBD_BY_SERVICE_LEVEL","UNASSIGNED","UNASSIGNED","NOT_ASSIGNED","TBD","PROVISIONAL_AUTO_REVIEW_REQUIRED","DENY","0.5-draft"
"PLAN-TD-HEALTH","TD-HEALTH","P0_RED","SECONDS_TO_72_HOURS","SL1","IMMEDIATE_OR_SAFETY_BOUNDARY","P0_RED","P0_RED","P0_RED","S2_TRAINED_SUPERVISED","N1|N2|N3_TO_N7","PERSON_SPECIFIC_RESPONSE_TIME_AND_CARE_HOURS","TBD_PERSON_AND_SITE_PROFILE","TBD_BY_CAPABILITY","TBD","TBD_SITE_AND_IMPLEMENTATION","TWO_PATHS_OR_EXPLICIT_RESIDUAL_RISK","UNASSIGNED","UNASSIGNED","NOT_ASSIGNED","TBD","PROVISIONAL_AUTO_REVIEW_REQUIRED","DENY","0.5-draft"
"PLAN-TD-HEALTH-PREVENTION","TD-HEALTH-PREVENTION","P1_ORANGE","3_TO_14_DAYS","SL2","DEFERRED_WITHIN_STATED_HORIZON","P1_ORANGE","P1_ORANGE","P1_ORANGE","S1_LOW_RISK_HOUSEHOLD","N1|N2|N3_TO_N7","PERSON_SPECIFIC_RESPONSE_TIME_AND_CARE_HOURS","TBD_PERSON_AND_SITE_PROFILE","TBD_BY_CAPABILITY","TBD","TBD_SITE_AND_IMPLEMENTATION","TWO_PATHS_OR_EXPLICIT_RESIDUAL_RISK","UNASSIGNED","UNASSIGNED","NOT_ASSIGNED","TBD","PROVISIONAL_AUTO_REVIEW_REQUIRED","DENY","0.5-draft"
"PLAN-TD-HEALTH-FIRSTAID","TD-HEALTH-FIRSTAID","P0_RED","SECONDS_TO_72_HOURS","SL1","IMMEDIATE_OR_SAFETY_BOUNDARY","P0_RED","P0_RED","P0_RED","S2_TRAINED_SUPERVISED","N1|N2|N3_TO_N7","PERSON_SPECIFIC_RESPONSE_TIME_AND_CARE_HOURS","TBD_PERSON_AND_SITE_PROFILE","TBD_BY_CAPABILITY","TBD","TBD_SITE_AND_IMPLEMENTATION","TWO_PATHS_OR_EXPLICIT_RESIDUAL_RISK","UNASSIGNED","UNASSIGNED","NOT_ASSIGNED","TBD","PROVISIONAL_AUTO_REVIEW_REQUIRED","DENY","0.5-draft"
"PLAN-TD-HEALTH-CARDS","TD-HEALTH-CARDS","P0_RED","SECONDS_TO_72_HOURS","SL1","IMMEDIATE_OR_SAFETY_BOUNDARY","P0_RED","P0_RED","P0_RED","S2_TRAINED_SUPERVISED","N1|N2|N3_TO_N7","PERSON_SPECIFIC_RESPONSE_TIME_AND_CARE_HOURS","TBD_PERSON_AND_SITE_PROFILE","TBD_BY_CAPABILITY","TBD","TBD_SITE_AND_IMPLEMENTATION","TWO_PATHS_OR_EXPLICIT_RESIDUAL_RISK","UNASSIGNED","UNASSIGNED","NOT_ASSIGNED","TBD","PROVISIONAL_AUTO_REVIEW_REQUIRED","DENY","0.5-draft"
"PLAN-TD-HEALTH-MEDS","TD-HEALTH-MEDS","P0_RED","SECONDS_TO_72_HOURS","SL1","IMMEDIATE_OR_SAFETY_BOUNDARY","P0_RED","P0_RED","P0_RED","S3_LICENSED_PROFESSIONAL","N1|N2|N3_TO_N7","PERSON_SPECIFIC_RESPONSE_TIME_AND_CARE_HOURS","TBD_PERSON_AND_SITE_PROFILE","TBD_BY_CAPABILITY","TBD","TBD_SITE_AND_IMPLEMENTATION","TWO_PATHS_OR_EXPLICIT_RESIDUAL_RISK","UNASSIGNED","UNASSIGNED","NOT_ASSIGNED","TBD","PROVISIONAL_AUTO_REVIEW_REQUIRED","DENY","0.5-draft"
"PLAN-TD-HEALTH-PRO","TD-HEALTH-PRO","P0_RED","SECONDS_TO_72_HOURS","SL1","IMMEDIATE_OR_SAFETY_BOUNDARY","P0_RED","P0_RED","P0_RED","S3_LICENSED_PROFESSIONAL","N1|N2|N3_TO_N7","PERSON_SPECIFIC_RESPONSE_TIME_AND_CARE_HOURS","TBD_PERSON_AND_SITE_PROFILE","TBD_BY_CAPABILITY","TBD","TBD_SITE_AND_IMPLEMENTATION","TWO_PATHS_OR_EXPLICIT_RESIDUAL_RISK","UNASSIGNED","UNASSIGNED","NOT_ASSIGNED","TBD","PROVISIONAL_AUTO_REVIEW_REQUIRED","DENY","0.5-draft"
"PLAN-TD-MAPS-COMMS","TD-MAPS-COMMS","P1_ORANGE","3_TO_14_DAYS","SL2","DEFERRED_WITHIN_STATED_HORIZON","P1_ORANGE","P1_ORANGE","P1_ORANGE","S1_LOW_RISK_HOUSEHOLD","N1|N2|N3_TO_N7","PEOPLE_CHANNELS_COVERAGE_CHECKIN_AND_ROUTE_TIME","TBD_PERSON_AND_SITE_PROFILE","TBD_BY_CAPABILITY","TBD","TBD_SITE_AND_IMPLEMENTATION","TWO_PATHS_OR_EXPLICIT_RESIDUAL_RISK","UNASSIGNED","UNASSIGNED","NOT_ASSIGNED","TBD","PROVISIONAL_AUTO_REVIEW_REQUIRED","DENY","0.5-draft"
"PLAN-TD-MAPS","TD-MAPS","P1_ORANGE","3_TO_14_DAYS","SL2","DEFERRED_WITHIN_STATED_HORIZON","P1_ORANGE","P1_ORANGE","P1_ORANGE","S1_LOW_RISK_HOUSEHOLD","N1|N2|N3_TO_N7","PEOPLE_CHANNELS_COVERAGE_CHECKIN_AND_ROUTE_TIME","TBD_PERSON_AND_SITE_PROFILE","TBD_BY_CAPABILITY","TBD","TBD_SITE_AND_IMPLEMENTATION","TWO_PATHS_OR_EXPLICIT_RESIDUAL_RISK","UNASSIGNED","UNASSIGNED","NOT_ASSIGNED","TBD","PROVISIONAL_AUTO_REVIEW_REQUIRED","DENY","0.5-draft"
"PLAN-TD-ROUTES","TD-ROUTES","P1_ORANGE","3_TO_14_DAYS","SL2","DEFERRED_WITHIN_STATED_HORIZON","P1_ORANGE","P1_ORANGE","P1_ORANGE","S1_LOW_RISK_HOUSEHOLD","N1|N2|N3_TO_N7","PEOPLE_CHANNELS_COVERAGE_CHECKIN_AND_ROUTE_TIME","TBD_PERSON_AND_SITE_PROFILE","TBD_BY_CAPABILITY","TBD","TBD_SITE_AND_IMPLEMENTATION","TWO_PATHS_OR_EXPLICIT_RESIDUAL_RISK","UNASSIGNED","UNASSIGNED","NOT_ASSIGNED","TBD","PROVISIONAL_AUTO_REVIEW_REQUIRED","DENY","0.5-draft"
"PLAN-TD-NAVIGATION","TD-NAVIGATION","P1_ORANGE","3_TO_14_DAYS","SL2","DEFERRED_WITHIN_STATED_HORIZON","P1_ORANGE","P1_ORANGE","P1_ORANGE","S2_TRAINED_SUPERVISED","N1|N2|N3_TO_N7","PEOPLE_CHANNELS_COVERAGE_CHECKIN_AND_ROUTE_TIME","TBD_PERSON_AND_SITE_PROFILE","TBD_BY_CAPABILITY","TBD","TBD_SITE_AND_IMPLEMENTATION","TWO_PATHS_OR_EXPLICIT_RESIDUAL_RISK","UNASSIGNED","UNASSIGNED","NOT_ASSIGNED","TBD","PROVISIONAL_AUTO_REVIEW_REQUIRED","DENY","0.5-draft"
"PLAN-TD-COMMS-RECEIVE","TD-COMMS-RECEIVE","P1_ORANGE","3_TO_14_DAYS","SL2","DEFERRED_WITHIN_STATED_HORIZON","P1_ORANGE","P1_ORANGE","P1_ORANGE","S1_LOW_RISK_HOUSEHOLD","N1|N2|N3_TO_N7","PEOPLE_CHANNELS_COVERAGE_CHECKIN_AND_ROUTE_TIME","TBD_PERSON_AND_SITE_PROFILE","TBD_BY_CAPABILITY","TBD","TBD_SITE_AND_IMPLEMENTATION","TWO_PATHS_OR_EXPLICIT_RESIDUAL_RISK","UNASSIGNED","UNASSIGNED","NOT_ASSIGNED","TBD","PROVISIONAL_AUTO_REVIEW_REQUIRED","DENY","0.5-draft"
"PLAN-TD-COMMS-PACE","TD-COMMS-PACE","P1_ORANGE","3_TO_14_DAYS","SL2","DEFERRED_WITHIN_STATED_HORIZON","P1_ORANGE","P1_ORANGE","P1_ORANGE","S2_TRAINED_SUPERVISED","N1|N2|N3_TO_N7","PEOPLE_CHANNELS_COVERAGE_CHECKIN_AND_ROUTE_TIME","TBD_PERSON_AND_SITE_PROFILE","TBD_BY_CAPABILITY","TBD","TBD_SITE_AND_IMPLEMENTATION","TWO_PATHS_OR_EXPLICIT_RESIDUAL_RISK","UNASSIGNED","UNASSIGNED","NOT_ASSIGNED","TBD","PROVISIONAL_AUTO_REVIEW_REQUIRED","DENY","0.5-draft"
"PLAN-TD-TIME","TD-TIME","P1_ORANGE","3_TO_14_DAYS","SL2","DEFERRED_WITHIN_STATED_HORIZON","P1_ORANGE","P1_ORANGE","P1_ORANGE","S1_LOW_RISK_HOUSEHOLD","N1|N2|N3_TO_N7","PEOPLE_CHANNELS_COVERAGE_CHECKIN_AND_ROUTE_TIME","TBD_PERSON_AND_SITE_PROFILE","TBD_BY_CAPABILITY","TBD","TBD_SITE_AND_IMPLEMENTATION","TWO_PATHS_OR_EXPLICIT_RESIDUAL_RISK","UNASSIGNED","UNASSIGNED","NOT_ASSIGNED","TBD","PROVISIONAL_AUTO_REVIEW_REQUIRED","DENY","0.5-draft"
"PLAN-TD-KNOWLEDGE","TD-KNOWLEDGE","P3_GREEN","3_MONTHS_TO_15_YEARS","SL4","DEFERRED_WITHIN_STATED_HORIZON","P3_GREEN","P3_GREEN","P3_GREEN","S1_LOW_RISK_HOUSEHOLD","N1|N2|N3_TO_N7","BYTES_DOCUMENTS_READERS_RESTORE_TIME_AND_COPIES","TBD_PERSON_AND_SITE_PROFILE","TBD_BY_CAPABILITY","TBD","TBD_SITE_AND_IMPLEMENTATION","TBD_BY_SERVICE_LEVEL","UNASSIGNED","UNASSIGNED","NOT_ASSIGNED","TBD","PROVISIONAL_AUTO_REVIEW_REQUIRED","DENY","0.5-draft"
"PLAN-TD-KNOWLEDGE-CORPUS","TD-KNOWLEDGE-CORPUS","P1_ORANGE","3_TO_14_DAYS","SL2","DEFERRED_WITHIN_STATED_HORIZON","P1_ORANGE","P1_ORANGE","P1_ORANGE","S0_OBSERVE_READ","N1|N2|N3_TO_N7","BYTES_DOCUMENTS_READERS_RESTORE_TIME_AND_COPIES","TBD_PERSON_AND_SITE_PROFILE","TBD_BY_CAPABILITY","TBD","TBD_SITE_AND_IMPLEMENTATION","TWO_PATHS_OR_EXPLICIT_RESIDUAL_RISK","UNASSIGNED","UNASSIGNED","NOT_ASSIGNED","TBD","PROVISIONAL_AUTO_REVIEW_REQUIRED","DENY","0.5-draft"
"PLAN-TD-KNOWLEDGE-READERS","TD-KNOWLEDGE-READERS","P1_ORANGE","3_TO_14_DAYS","SL2","DEFERRED_WITHIN_STATED_HORIZON","P1_ORANGE","P1_ORANGE","P1_ORANGE","S1_LOW_RISK_HOUSEHOLD","N1|N2|N3_TO_N7","BYTES_DOCUMENTS_READERS_RESTORE_TIME_AND_COPIES","TBD_PERSON_AND_SITE_PROFILE","TBD_BY_CAPABILITY","TBD","TBD_SITE_AND_IMPLEMENTATION","TWO_PATHS_OR_EXPLICIT_RESIDUAL_RISK","UNASSIGNED","UNASSIGNED","NOT_ASSIGNED","TBD","PROVISIONAL_AUTO_REVIEW_REQUIRED","DENY","0.5-draft"
"PLAN-TD-KNOWLEDGE-INDEX","TD-KNOWLEDGE-INDEX","P1_ORANGE","3_TO_14_DAYS","SL2","DEFERRED_WITHIN_STATED_HORIZON","P1_ORANGE","P1_ORANGE","P1_ORANGE","S1_LOW_RISK_HOUSEHOLD","N1|N2|N3_TO_N7","BYTES_DOCUMENTS_READERS_RESTORE_TIME_AND_COPIES","TBD_PERSON_AND_SITE_PROFILE","TBD_BY_CAPABILITY","TBD","TBD_SITE_AND_IMPLEMENTATION","TWO_PATHS_OR_EXPLICIT_RESIDUAL_RISK","UNASSIGNED","UNASSIGNED","NOT_ASSIGNED","TBD","PROVISIONAL_AUTO_REVIEW_REQUIRED","DENY","0.5-draft"
"PLAN-TD-KNOWLEDGE-RESTORE","TD-KNOWLEDGE-RESTORE","P1_ORANGE","3_TO_14_DAYS","SL2","DEFERRED_WITHIN_STATED_HORIZON","P1_ORANGE","P1_ORANGE","P1_ORANGE","S1_LOW_RISK_HOUSEHOLD","N1|N2|N3_TO_N7","BYTES_DOCUMENTS_READERS_RESTORE_TIME_AND_COPIES","TBD_PERSON_AND_SITE_PROFILE","TBD_BY_CAPABILITY","TBD","TBD_SITE_AND_IMPLEMENTATION","TWO_PATHS_OR_EXPLICIT_RESIDUAL_RISK","UNASSIGNED","UNASSIGNED","NOT_ASSIGNED","TBD","PROVISIONAL_AUTO_REVIEW_REQUIRED","DENY","0.5-draft"
"PLAN-TD-KNOWLEDGE-TOOLCHAINS","TD-KNOWLEDGE-TOOLCHAINS","P3_GREEN","3_MONTHS_TO_15_YEARS","SL4","DEFERRED_WITHIN_STATED_HORIZON","P3_GREEN","P3_GREEN","P3_GREEN","S2_TRAINED_SUPERVISED","N1|N2|N3_TO_N7","BYTES_DOCUMENTS_READERS_RESTORE_TIME_AND_COPIES","TBD_PERSON_AND_SITE_PROFILE","TBD_BY_CAPABILITY","TBD","TBD_SITE_AND_IMPLEMENTATION","TBD_BY_SERVICE_LEVEL","UNASSIGNED","UNASSIGNED","NOT_ASSIGNED","TBD","PROVISIONAL_AUTO_REVIEW_REQUIRED","DENY","0.5-draft"
"PLAN-TD-GOV","TD-GOV","P4_BLUE","15_TO_100_YEARS","SL6","DEFERRED_WITHIN_STATED_HORIZON","P4_BLUE","P4_BLUE","P4_BLUE","S1_LOW_RISK_HOUSEHOLD","N1|N2|N3_TO_N7","DECISIONS_RESOURCES_LABOR_HOURS_AND_AUDIT_INTERVAL","TBD_PERSON_AND_SITE_PROFILE","TBD_BY_CAPABILITY","TBD","TBD_SITE_AND_IMPLEMENTATION","TBD_BY_SERVICE_LEVEL","UNASSIGNED","UNASSIGNED","NOT_ASSIGNED","TBD","PROVISIONAL_AUTO_REVIEW_REQUIRED","DENY","0.5-draft"
"PLAN-TD-GOV-ROLES","TD-GOV-ROLES","P0_RED","SECONDS_TO_72_HOURS","SL1","IMMEDIATE_OR_SAFETY_BOUNDARY","P0_RED","P0_RED","P0_RED","S1_LOW_RISK_HOUSEHOLD","N1|N2|N3_TO_N7","DECISIONS_RESOURCES_LABOR_HOURS_AND_AUDIT_INTERVAL","TBD_PERSON_AND_SITE_PROFILE","TBD_BY_CAPABILITY","TBD","TBD_SITE_AND_IMPLEMENTATION","TWO_PATHS_OR_EXPLICIT_RESIDUAL_RISK","UNASSIGNED","UNASSIGNED","NOT_ASSIGNED","TBD","PROVISIONAL_AUTO_REVIEW_REQUIRED","DENY","0.5-draft"
"PLAN-TD-GOV-LEDGER","TD-GOV-LEDGER","P0_RED","SECONDS_TO_72_HOURS","SL1","IMMEDIATE_OR_SAFETY_BOUNDARY","P0_RED","P0_RED","P0_RED","S1_LOW_RISK_HOUSEHOLD","N1|N2|N3_TO_N7","DECISIONS_RESOURCES_LABOR_HOURS_AND_AUDIT_INTERVAL","TBD_PERSON_AND_SITE_PROFILE","TBD_BY_CAPABILITY","TBD","TBD_SITE_AND_IMPLEMENTATION","TWO_PATHS_OR_EXPLICIT_RESIDUAL_RISK","UNASSIGNED","UNASSIGNED","NOT_ASSIGNED","TBD","PROVISIONAL_AUTO_REVIEW_REQUIRED","DENY","0.5-draft"
"PLAN-TD-GOV-SAFEGUARD","TD-GOV-SAFEGUARD","P0_RED","SECONDS_TO_72_HOURS","SL1","IMMEDIATE_OR_SAFETY_BOUNDARY","P0_RED","P0_RED","P0_RED","S0_OBSERVE_READ","N1|N2|N3_TO_N7","DECISIONS_RESOURCES_LABOR_HOURS_AND_AUDIT_INTERVAL","TBD_PERSON_AND_SITE_PROFILE","TBD_BY_CAPABILITY","TBD","TBD_SITE_AND_IMPLEMENTATION","TWO_PATHS_OR_EXPLICIT_RESIDUAL_RISK","UNASSIGNED","UNASSIGNED","NOT_ASSIGNED","TBD","PROVISIONAL_AUTO_REVIEW_REQUIRED","DENY","0.5-draft"
"PLAN-TD-GOV-SUCCESSION","TD-GOV-SUCCESSION","P4_BLUE","15_TO_100_YEARS","SL6","DEFERRED_WITHIN_STATED_HORIZON","P4_BLUE","P4_BLUE","P4_BLUE","S1_LOW_RISK_HOUSEHOLD","N1|N2|N3_TO_N7","DECISIONS_RESOURCES_LABOR_HOURS_AND_AUDIT_INTERVAL","TBD_PERSON_AND_SITE_PROFILE","TBD_BY_CAPABILITY","TBD","TBD_SITE_AND_IMPLEMENTATION","TBD_BY_SERVICE_LEVEL","UNASSIGNED","UNASSIGNED","NOT_ASSIGNED","TBD","PROVISIONAL_AUTO_REVIEW_REQUIRED","DENY","0.5-draft"
"PLAN-TD-GOV-CONFLICT","TD-GOV-CONFLICT","P0_RED","SECONDS_TO_72_HOURS","SL1","IMMEDIATE_OR_SAFETY_BOUNDARY","P0_RED","P0_RED","P0_RED","S0_OBSERVE_READ","N1|N2|N3_TO_N7","DECISIONS_RESOURCES_LABOR_HOURS_AND_AUDIT_INTERVAL","TBD_PERSON_AND_SITE_PROFILE","TBD_BY_CAPABILITY","TBD","TBD_SITE_AND_IMPLEMENTATION","TWO_PATHS_OR_EXPLICIT_RESIDUAL_RISK","UNASSIGNED","UNASSIGNED","NOT_ASSIGNED","TBD","PROVISIONAL_AUTO_REVIEW_REQUIRED","DENY","0.5-draft"
"PLAN-TD-HAZARDS","TD-HAZARDS","P0_RED","SECONDS_TO_72_HOURS","SL1","IMMEDIATE_OR_SAFETY_BOUNDARY","P0_RED","P0_RED","P0_RED","S4_REFERENCE_ONLY_PROHIBITED_HOUSEHOLD","N1|N2|N3_TO_N7","SERVICE_SPECIFIC_UNIT_AND_TIME_WINDOW_TBD","TBD_PERSON_AND_SITE_PROFILE","TBD_BY_CAPABILITY","TBD","TBD_SITE_AND_IMPLEMENTATION","TWO_PATHS_OR_EXPLICIT_RESIDUAL_RISK","UNASSIGNED","UNASSIGNED","NOT_ASSIGNED","TBD","PROVISIONAL_AUTO_REVIEW_REQUIRED","DENY","0.5-draft"
"PLAN-TD-HAZ-OXIDIZERS","TD-HAZ-OXIDIZERS","P0_RED","SECONDS_TO_72_HOURS","SL1","IMMEDIATE_OR_SAFETY_BOUNDARY","P0_RED","P0_RED","P0_RED","S4_REFERENCE_ONLY_PROHIBITED_HOUSEHOLD","N1|N2|N3_TO_N7","SERVICE_SPECIFIC_UNIT_AND_TIME_WINDOW_TBD","TBD_PERSON_AND_SITE_PROFILE","TBD_BY_CAPABILITY","TBD","TBD_SITE_AND_IMPLEMENTATION","TWO_PATHS_OR_EXPLICIT_RESIDUAL_RISK","UNASSIGNED","UNASSIGNED","NOT_ASSIGNED","TBD","PROVISIONAL_AUTO_REVIEW_REQUIRED","DENY","0.5-draft"
"PLAN-TD-HAZ-ENERGETICS","TD-HAZ-ENERGETICS","P0_RED","SECONDS_TO_72_HOURS","SL1","IMMEDIATE_OR_SAFETY_BOUNDARY","P0_RED","P0_RED","P0_RED","S4_REFERENCE_ONLY_PROHIBITED_HOUSEHOLD","N1|N2|N3_TO_N7","SERVICE_SPECIFIC_UNIT_AND_TIME_WINDOW_TBD","TBD_PERSON_AND_SITE_PROFILE","TBD_BY_CAPABILITY","TBD","TBD_SITE_AND_IMPLEMENTATION","TWO_PATHS_OR_EXPLICIT_RESIDUAL_RISK","UNASSIGNED","UNASSIGNED","NOT_ASSIGNED","TBD","PROVISIONAL_AUTO_REVIEW_REQUIRED","DENY","0.5-draft"
"PLAN-TD-HAZ-REACTIVE-CHEM","TD-HAZ-REACTIVE-CHEM","P0_RED","SECONDS_TO_72_HOURS","SL1","IMMEDIATE_OR_SAFETY_BOUNDARY","P0_RED","P0_RED","P0_RED","S4_REFERENCE_ONLY_PROHIBITED_HOUSEHOLD","N1|N2|N3_TO_N7","SERVICE_SPECIFIC_UNIT_AND_TIME_WINDOW_TBD","TBD_PERSON_AND_SITE_PROFILE","TBD_BY_CAPABILITY","TBD","TBD_SITE_AND_IMPLEMENTATION","TWO_PATHS_OR_EXPLICIT_RESIDUAL_RISK","UNASSIGNED","UNASSIGNED","NOT_ASSIGNED","TBD","PROVISIONAL_AUTO_REVIEW_REQUIRED","DENY","0.5-draft"
"PLAN-TD-HAZ-MED-SYNTH","TD-HAZ-MED-SYNTH","P0_RED","SECONDS_TO_72_HOURS","SL1","IMMEDIATE_OR_SAFETY_BOUNDARY","P0_RED","P0_RED","P0_RED","S4_REFERENCE_ONLY_PROHIBITED_HOUSEHOLD","N1|N2|N3_TO_N7","SERVICE_SPECIFIC_UNIT_AND_TIME_WINDOW_TBD","TBD_PERSON_AND_SITE_PROFILE","TBD_BY_CAPABILITY","TBD","TBD_SITE_AND_IMPLEMENTATION","TWO_PATHS_OR_EXPLICIT_RESIDUAL_RISK","UNASSIGNED","UNASSIGNED","NOT_ASSIGNED","TBD","PROVISIONAL_AUTO_REVIEW_REQUIRED","DENY","0.5-draft"
"PLAN-TD-HAZ-MAINS","TD-HAZ-MAINS","P0_RED","SECONDS_TO_72_HOURS","SL1","IMMEDIATE_OR_SAFETY_BOUNDARY","P0_RED","P0_RED","P0_RED","S3_LICENSED_PROFESSIONAL","N1|N2|N3_TO_N7","SERVICE_SPECIFIC_UNIT_AND_TIME_WINDOW_TBD","TBD_PERSON_AND_SITE_PROFILE","TBD_BY_CAPABILITY","TBD","TBD_SITE_AND_IMPLEMENTATION","TWO_PATHS_OR_EXPLICIT_RESIDUAL_RISK","UNASSIGNED","UNASSIGNED","NOT_ASSIGNED","TBD","PROVISIONAL_AUTO_REVIEW_REQUIRED","DENY","0.5-draft"
"PLAN-TD-HAZ-PRESSURE-GAS","TD-HAZ-PRESSURE-GAS","P0_RED","SECONDS_TO_72_HOURS","SL1","IMMEDIATE_OR_SAFETY_BOUNDARY","P0_RED","P0_RED","P0_RED","S4_REFERENCE_ONLY_PROHIBITED_HOUSEHOLD","N1|N2|N3_TO_N7","SERVICE_SPECIFIC_UNIT_AND_TIME_WINDOW_TBD","TBD_PERSON_AND_SITE_PROFILE","TBD_BY_CAPABILITY","TBD","TBD_SITE_AND_IMPLEMENTATION","TWO_PATHS_OR_EXPLICIT_RESIDUAL_RISK","UNASSIGNED","UNASSIGNED","NOT_ASSIGNED","TBD","PROVISIONAL_AUTO_REVIEW_REQUIRED","DENY","0.5-draft"
"PLAN-TD-HAZ-STRUCTURE","TD-HAZ-STRUCTURE","P0_RED","SECONDS_TO_72_HOURS","SL1","IMMEDIATE_OR_SAFETY_BOUNDARY","P0_RED","P0_RED","P0_RED","S3_LICENSED_PROFESSIONAL","N1|N2|N3_TO_N7","SERVICE_SPECIFIC_UNIT_AND_TIME_WINDOW_TBD","TBD_PERSON_AND_SITE_PROFILE","TBD_BY_CAPABILITY","TBD","TBD_SITE_AND_IMPLEMENTATION","TWO_PATHS_OR_EXPLICIT_RESIDUAL_RISK","UNASSIGNED","UNASSIGNED","NOT_ASSIGNED","TBD","PROVISIONAL_AUTO_REVIEW_REQUIRED","DENY","0.5-draft"
"PLAN-TD-FUELS","TD-FUELS","P3_GREEN","3_MONTHS_TO_15_YEARS","SL5","DEFERRED_WITHIN_STATED_HORIZON","P3_GREEN","P3_GREEN","P3_GREEN","S3_LICENSED_PROFESSIONAL","N1|N2|N3_TO_N7","LITRES_OR_KG_PER_SERVICE_DAY_AND_SAFE_STORAGE","TBD_PERSON_AND_SITE_PROFILE","TBD_BY_CAPABILITY","TBD","TBD_SITE_AND_IMPLEMENTATION","TBD_BY_SERVICE_LEVEL","UNASSIGNED","UNASSIGNED","NOT_ASSIGNED","TBD","PROVISIONAL_AUTO_REVIEW_REQUIRED","DENY","0.5-draft"
"PLAN-TD-FUEL-DEMAND","TD-FUEL-DEMAND","P2_YELLOW","15_TO_90_DAYS","SL3","DEFERRED_WITHIN_STATED_HORIZON","P2_YELLOW","P2_YELLOW","P2_YELLOW","S1_LOW_RISK_HOUSEHOLD","N1|N2|N3_TO_N7","LITRES_OR_KG_PER_SERVICE_DAY_AND_SAFE_STORAGE","TBD_PERSON_AND_SITE_PROFILE","TBD_BY_CAPABILITY","TBD","TBD_SITE_AND_IMPLEMENTATION","TBD_BY_SERVICE_LEVEL","UNASSIGNED","UNASSIGNED","NOT_ASSIGNED","TBD","PROVISIONAL_AUTO_REVIEW_REQUIRED","DENY","0.5-draft"
"PLAN-TD-FUEL-STORAGE","TD-FUEL-STORAGE","P3_GREEN","3_MONTHS_TO_15_YEARS","SL5","DEFERRED_WITHIN_STATED_HORIZON","P3_GREEN","P3_GREEN","P3_GREEN","S3_LICENSED_PROFESSIONAL","N1|N2|N3_TO_N7","LITRES_OR_KG_PER_SERVICE_DAY_AND_SAFE_STORAGE","TBD_PERSON_AND_SITE_PROFILE","TBD_BY_CAPABILITY","TBD","TBD_SITE_AND_IMPLEMENTATION","TBD_BY_SERVICE_LEVEL","UNASSIGNED","UNASSIGNED","NOT_ASSIGNED","TBD","PROVISIONAL_AUTO_REVIEW_REQUIRED","DENY","0.5-draft"
"PLAN-TD-FUEL-SOLID","TD-FUEL-SOLID","P2_YELLOW","15_TO_90_DAYS","SL3","DEFERRED_WITHIN_STATED_HORIZON","P2_YELLOW","P2_YELLOW","P2_YELLOW","S2_TRAINED_SUPERVISED","N1|N2|N3_TO_N7","LITRES_OR_KG_PER_SERVICE_DAY_AND_SAFE_STORAGE","TBD_PERSON_AND_SITE_PROFILE","TBD_BY_CAPABILITY","TBD","TBD_SITE_AND_IMPLEMENTATION","TBD_BY_SERVICE_LEVEL","UNASSIGNED","UNASSIGNED","NOT_ASSIGNED","TBD","PROVISIONAL_AUTO_REVIEW_REQUIRED","DENY","0.5-draft"
"PLAN-TD-FUEL-CHARCOAL-MAKING","TD-FUEL-CHARCOAL-MAKING","P0_RED","SECONDS_TO_72_HOURS","SL1","IMMEDIATE_OR_SAFETY_BOUNDARY","P0_RED","P0_RED","P0_RED","S4_REFERENCE_ONLY_PROHIBITED_HOUSEHOLD","N1|N2|N3_TO_N7","LITRES_OR_KG_PER_SERVICE_DAY_AND_SAFE_STORAGE","TBD_PERSON_AND_SITE_PROFILE","TBD_BY_CAPABILITY","TBD","TBD_SITE_AND_IMPLEMENTATION","TWO_PATHS_OR_EXPLICIT_RESIDUAL_RISK","UNASSIGNED","UNASSIGNED","NOT_ASSIGNED","TBD","PROVISIONAL_AUTO_REVIEW_REQUIRED","DENY","0.5-draft"
"PLAN-TD-FUEL-VEGOIL","TD-FUEL-VEGOIL","P2_YELLOW","15_TO_90_DAYS","SL3","DEFERRED_WITHIN_STATED_HORIZON","P2_YELLOW","P2_YELLOW","P2_YELLOW","S2_TRAINED_SUPERVISED","N1|N2|N3_TO_N7","LITRES_OR_KG_PER_SERVICE_DAY_AND_SAFE_STORAGE","TBD_PERSON_AND_SITE_PROFILE","TBD_BY_CAPABILITY","TBD","TBD_SITE_AND_IMPLEMENTATION","TBD_BY_SERVICE_LEVEL","UNASSIGNED","UNASSIGNED","NOT_ASSIGNED","TBD","PROVISIONAL_AUTO_REVIEW_REQUIRED","DENY","0.5-draft"
"PLAN-TD-FUEL-LUBRICANTS","TD-FUEL-LUBRICANTS","P2_YELLOW","15_TO_90_DAYS","SL3","DEFERRED_WITHIN_STATED_HORIZON","P2_YELLOW","P2_YELLOW","P2_YELLOW","S2_TRAINED_SUPERVISED","N1|N2|N3_TO_N7","LITRES_OR_KG_PER_SERVICE_DAY_AND_SAFE_STORAGE","TBD_PERSON_AND_SITE_PROFILE","TBD_BY_CAPABILITY","TBD","TBD_SITE_AND_IMPLEMENTATION","TBD_BY_SERVICE_LEVEL","UNASSIGNED","UNASSIGNED","NOT_ASSIGNED","TBD","PROVISIONAL_AUTO_REVIEW_REQUIRED","DENY","0.5-draft"
"PLAN-TD-FUEL-ENGINE-COMPAT","TD-FUEL-ENGINE-COMPAT","P3_GREEN","3_MONTHS_TO_15_YEARS","SL5","DEFERRED_WITHIN_STATED_HORIZON","P3_GREEN","P3_GREEN","P3_GREEN","S3_LICENSED_PROFESSIONAL","N1|N2|N3_TO_N7","LITRES_OR_KG_PER_SERVICE_DAY_AND_SAFE_STORAGE","TBD_PERSON_AND_SITE_PROFILE","TBD_BY_CAPABILITY","TBD","TBD_SITE_AND_IMPLEMENTATION","TBD_BY_SERVICE_LEVEL","UNASSIGNED","UNASSIGNED","NOT_ASSIGNED","TBD","PROVISIONAL_AUTO_REVIEW_REQUIRED","DENY","0.5-draft"
"PLAN-TD-FUEL-PETROLEUM-REFINING","TD-FUEL-PETROLEUM-REFINING","P0_RED","SECONDS_TO_72_HOURS","SL1","IMMEDIATE_OR_SAFETY_BOUNDARY","P0_RED","P0_RED","P0_RED","S4_REFERENCE_ONLY_PROHIBITED_HOUSEHOLD","N1|N2|N3_TO_N7","LITRES_OR_KG_PER_SERVICE_DAY_AND_SAFE_STORAGE","TBD_PERSON_AND_SITE_PROFILE","TBD_BY_CAPABILITY","TBD","TBD_SITE_AND_IMPLEMENTATION","TWO_PATHS_OR_EXPLICIT_RESIDUAL_RISK","UNASSIGNED","UNASSIGNED","NOT_ASSIGNED","TBD","PROVISIONAL_AUTO_REVIEW_REQUIRED","DENY","0.5-draft"
"PLAN-TD-FUEL-GASOLINE","TD-FUEL-GASOLINE","P0_RED","SECONDS_TO_72_HOURS","SL1","IMMEDIATE_OR_SAFETY_BOUNDARY","P0_RED","P0_RED","P0_RED","S4_REFERENCE_ONLY_PROHIBITED_HOUSEHOLD","N1|N2|N3_TO_N7","LITRES_OR_KG_PER_SERVICE_DAY_AND_SAFE_STORAGE","TBD_PERSON_AND_SITE_PROFILE","TBD_BY_CAPABILITY","TBD","TBD_SITE_AND_IMPLEMENTATION","TWO_PATHS_OR_EXPLICIT_RESIDUAL_RISK","UNASSIGNED","UNASSIGNED","NOT_ASSIGNED","TBD","PROVISIONAL_AUTO_REVIEW_REQUIRED","DENY","0.5-draft"
"PLAN-TD-FUEL-DIESEL","TD-FUEL-DIESEL","P0_RED","SECONDS_TO_72_HOURS","SL1","IMMEDIATE_OR_SAFETY_BOUNDARY","P0_RED","P0_RED","P0_RED","S4_REFERENCE_ONLY_PROHIBITED_HOUSEHOLD","N1|N2|N3_TO_N7","LITRES_OR_KG_PER_SERVICE_DAY_AND_SAFE_STORAGE","TBD_PERSON_AND_SITE_PROFILE","TBD_BY_CAPABILITY","TBD","TBD_SITE_AND_IMPLEMENTATION","TWO_PATHS_OR_EXPLICIT_RESIDUAL_RISK","UNASSIGNED","UNASSIGNED","NOT_ASSIGNED","TBD","PROVISIONAL_AUTO_REVIEW_REQUIRED","DENY","0.5-draft"
"PLAN-TD-FUEL-KEROSENE","TD-FUEL-KEROSENE","P0_RED","SECONDS_TO_72_HOURS","SL1","IMMEDIATE_OR_SAFETY_BOUNDARY","P0_RED","P0_RED","P0_RED","S4_REFERENCE_ONLY_PROHIBITED_HOUSEHOLD","N1|N2|N3_TO_N7","LITRES_OR_KG_PER_SERVICE_DAY_AND_SAFE_STORAGE","TBD_PERSON_AND_SITE_PROFILE","TBD_BY_CAPABILITY","TBD","TBD_SITE_AND_IMPLEMENTATION","TWO_PATHS_OR_EXPLICIT_RESIDUAL_RISK","UNASSIGNED","UNASSIGNED","NOT_ASSIGNED","TBD","PROVISIONAL_AUTO_REVIEW_REQUIRED","DENY","0.5-draft"
"PLAN-TD-FUEL-ETHANOL","TD-FUEL-ETHANOL","P0_RED","SECONDS_TO_72_HOURS","SL1","IMMEDIATE_OR_SAFETY_BOUNDARY","P0_RED","P0_RED","P0_RED","S4_REFERENCE_ONLY_PROHIBITED_HOUSEHOLD","N1|N2|N3_TO_N7","LITRES_OR_KG_PER_SERVICE_DAY_AND_SAFE_STORAGE","TBD_PERSON_AND_SITE_PROFILE","TBD_BY_CAPABILITY","TBD","TBD_SITE_AND_IMPLEMENTATION","TWO_PATHS_OR_EXPLICIT_RESIDUAL_RISK","UNASSIGNED","UNASSIGNED","NOT_ASSIGNED","TBD","PROVISIONAL_AUTO_REVIEW_REQUIRED","DENY","0.5-draft"
"PLAN-TD-FUEL-BIODIESEL","TD-FUEL-BIODIESEL","P0_RED","SECONDS_TO_72_HOURS","SL1","IMMEDIATE_OR_SAFETY_BOUNDARY","P0_RED","P0_RED","P0_RED","S4_REFERENCE_ONLY_PROHIBITED_HOUSEHOLD","N1|N2|N3_TO_N7","LITRES_OR_KG_PER_SERVICE_DAY_AND_SAFE_STORAGE","TBD_PERSON_AND_SITE_PROFILE","TBD_BY_CAPABILITY","TBD","TBD_SITE_AND_IMPLEMENTATION","TWO_PATHS_OR_EXPLICIT_RESIDUAL_RISK","UNASSIGNED","UNASSIGNED","NOT_ASSIGNED","TBD","PROVISIONAL_AUTO_REVIEW_REQUIRED","DENY","0.5-draft"
"PLAN-TD-FUEL-BIOGAS","TD-FUEL-BIOGAS","P0_RED","SECONDS_TO_72_HOURS","SL1","IMMEDIATE_OR_SAFETY_BOUNDARY","P0_RED","P0_RED","P0_RED","S4_REFERENCE_ONLY_PROHIBITED_HOUSEHOLD","N1|N2|N3_TO_N7","LITRES_OR_KG_PER_SERVICE_DAY_AND_SAFE_STORAGE","TBD_PERSON_AND_SITE_PROFILE","TBD_BY_CAPABILITY","TBD","TBD_SITE_AND_IMPLEMENTATION","TWO_PATHS_OR_EXPLICIT_RESIDUAL_RISK","UNASSIGNED","UNASSIGNED","NOT_ASSIGNED","TBD","PROVISIONAL_AUTO_REVIEW_REQUIRED","DENY","0.5-draft"
"PLAN-TD-FUEL-PRODUCER-GAS","TD-FUEL-PRODUCER-GAS","P0_RED","SECONDS_TO_72_HOURS","SL1","IMMEDIATE_OR_SAFETY_BOUNDARY","P0_RED","P0_RED","P0_RED","S4_REFERENCE_ONLY_PROHIBITED_HOUSEHOLD","N1|N2|N3_TO_N7","LITRES_OR_KG_PER_SERVICE_DAY_AND_SAFE_STORAGE","TBD_PERSON_AND_SITE_PROFILE","TBD_BY_CAPABILITY","TBD","TBD_SITE_AND_IMPLEMENTATION","TWO_PATHS_OR_EXPLICIT_RESIDUAL_RISK","UNASSIGNED","UNASSIGNED","NOT_ASSIGNED","TBD","PROVISIONAL_AUTO_REVIEW_REQUIRED","DENY","0.5-draft"
"PLAN-TD-FERTILIZERS","TD-FERTILIZERS","P2_YELLOW","15_TO_90_DAYS","SL3","DEFERRED_WITHIN_STATED_HORIZON","P2_YELLOW","P2_YELLOW","P2_YELLOW","S2_TRAINED_SUPERVISED","N1|N2|N3_TO_N7","KCAL_NUTRIENTS_PER_PERSON_DAY_YIELD_AREA_AND_LOSS","TBD_PERSON_AND_SITE_PROFILE","TBD_BY_CAPABILITY","TBD","TBD_SITE_AND_IMPLEMENTATION","TBD_BY_SERVICE_LEVEL","UNASSIGNED","UNASSIGNED","NOT_ASSIGNED","TBD","PROVISIONAL_AUTO_REVIEW_REQUIRED","DENY","0.5-draft"
"PLAN-TD-FERT-NUTRIENT-BUDGET","TD-FERT-NUTRIENT-BUDGET","P2_YELLOW","15_TO_90_DAYS","SL3","DEFERRED_WITHIN_STATED_HORIZON","P2_YELLOW","P2_YELLOW","P2_YELLOW","S2_TRAINED_SUPERVISED","N1|N2|N3_TO_N7","KCAL_NUTRIENTS_PER_PERSON_DAY_YIELD_AREA_AND_LOSS","TBD_PERSON_AND_SITE_PROFILE","TBD_BY_CAPABILITY","TBD","TBD_SITE_AND_IMPLEMENTATION","TBD_BY_SERVICE_LEVEL","UNASSIGNED","UNASSIGNED","NOT_ASSIGNED","TBD","PROVISIONAL_AUTO_REVIEW_REQUIRED","DENY","0.5-draft"
"PLAN-TD-FERT-CROP-ROTATION","TD-FERT-CROP-ROTATION","P2_YELLOW","15_TO_90_DAYS","SL3","DEFERRED_WITHIN_STATED_HORIZON","P2_YELLOW","P2_YELLOW","P2_YELLOW","S1_LOW_RISK_HOUSEHOLD","N1|N2|N3_TO_N7","KCAL_NUTRIENTS_PER_PERSON_DAY_YIELD_AREA_AND_LOSS","TBD_PERSON_AND_SITE_PROFILE","TBD_BY_CAPABILITY","TBD","TBD_SITE_AND_IMPLEMENTATION","TBD_BY_SERVICE_LEVEL","UNASSIGNED","UNASSIGNED","NOT_ASSIGNED","TBD","PROVISIONAL_AUTO_REVIEW_REQUIRED","DENY","0.5-draft"
"PLAN-TD-FERT-COMPOST","TD-FERT-COMPOST","P2_YELLOW","15_TO_90_DAYS","SL3","DEFERRED_WITHIN_STATED_HORIZON","P2_YELLOW","P2_YELLOW","P2_YELLOW","S2_TRAINED_SUPERVISED","N1|N2|N3_TO_N7","KCAL_NUTRIENTS_PER_PERSON_DAY_YIELD_AREA_AND_LOSS","TBD_PERSON_AND_SITE_PROFILE","TBD_BY_CAPABILITY","TBD","TBD_SITE_AND_IMPLEMENTATION","TBD_BY_SERVICE_LEVEL","UNASSIGNED","UNASSIGNED","NOT_ASSIGNED","TBD","PROVISIONAL_AUTO_REVIEW_REQUIRED","DENY","0.5-draft"
"PLAN-TD-FERT-MANURE","TD-FERT-MANURE","P2_YELLOW","15_TO_90_DAYS","SL3","DEFERRED_WITHIN_STATED_HORIZON","P2_YELLOW","P2_YELLOW","P2_YELLOW","S2_TRAINED_SUPERVISED","N1|N2|N3_TO_N7","KCAL_NUTRIENTS_PER_PERSON_DAY_YIELD_AREA_AND_LOSS","TBD_PERSON_AND_SITE_PROFILE","TBD_BY_CAPABILITY","TBD","TBD_SITE_AND_IMPLEMENTATION","TBD_BY_SERVICE_LEVEL","UNASSIGNED","UNASSIGNED","NOT_ASSIGNED","TBD","PROVISIONAL_AUTO_REVIEW_REQUIRED","DENY","0.5-draft"
"PLAN-TD-FERT-HUMAN-WASTE","TD-FERT-HUMAN-WASTE","P0_RED","SECONDS_TO_72_HOURS","SL1","IMMEDIATE_OR_SAFETY_BOUNDARY","P0_RED","P0_RED","P0_RED","S4_REFERENCE_ONLY_PROHIBITED_HOUSEHOLD","N1|N2|N3_TO_N7","KCAL_NUTRIENTS_PER_PERSON_DAY_YIELD_AREA_AND_LOSS","TBD_PERSON_AND_SITE_PROFILE","TBD_BY_CAPABILITY","TBD","TBD_SITE_AND_IMPLEMENTATION","TWO_PATHS_OR_EXPLICIT_RESIDUAL_RISK","UNASSIGNED","UNASSIGNED","NOT_ASSIGNED","TBD","PROVISIONAL_AUTO_REVIEW_REQUIRED","DENY","0.5-draft"
"PLAN-TD-FERT-ASH","TD-FERT-ASH","P2_YELLOW","15_TO_90_DAYS","SL3","DEFERRED_WITHIN_STATED_HORIZON","P2_YELLOW","P2_YELLOW","P2_YELLOW","S2_TRAINED_SUPERVISED","N1|N2|N3_TO_N7","KCAL_NUTRIENTS_PER_PERSON_DAY_YIELD_AREA_AND_LOSS","TBD_PERSON_AND_SITE_PROFILE","TBD_BY_CAPABILITY","TBD","TBD_SITE_AND_IMPLEMENTATION","TBD_BY_SERVICE_LEVEL","UNASSIGNED","UNASSIGNED","NOT_ASSIGNED","TBD","PROVISIONAL_AUTO_REVIEW_REQUIRED","DENY","0.5-draft"
"PLAN-TD-FERT-LIME-USE","TD-FERT-LIME-USE","P2_YELLOW","15_TO_90_DAYS","SL3","DEFERRED_WITHIN_STATED_HORIZON","P2_YELLOW","P2_YELLOW","P2_YELLOW","S2_TRAINED_SUPERVISED","N1|N2|N3_TO_N7","KCAL_NUTRIENTS_PER_PERSON_DAY_YIELD_AREA_AND_LOSS","TBD_PERSON_AND_SITE_PROFILE","TBD_BY_CAPABILITY","TBD","TBD_SITE_AND_IMPLEMENTATION","TBD_BY_SERVICE_LEVEL","UNASSIGNED","UNASSIGNED","NOT_ASSIGNED","TBD","PROVISIONAL_AUTO_REVIEW_REQUIRED","DENY","0.5-draft"
"PLAN-TD-FERT-LIME-MAKING","TD-FERT-LIME-MAKING","P0_RED","SECONDS_TO_72_HOURS","SL1","IMMEDIATE_OR_SAFETY_BOUNDARY","P0_RED","P0_RED","P0_RED","S4_REFERENCE_ONLY_PROHIBITED_HOUSEHOLD","N1|N2|N3_TO_N7","KCAL_NUTRIENTS_PER_PERSON_DAY_YIELD_AREA_AND_LOSS","TBD_PERSON_AND_SITE_PROFILE","TBD_BY_CAPABILITY","TBD","TBD_SITE_AND_IMPLEMENTATION","TWO_PATHS_OR_EXPLICIT_RESIDUAL_RISK","UNASSIGNED","UNASSIGNED","NOT_ASSIGNED","TBD","PROVISIONAL_AUTO_REVIEW_REQUIRED","DENY","0.5-draft"
"PLAN-TD-FERT-STORAGE","TD-FERT-STORAGE","P2_YELLOW","15_TO_90_DAYS","SL3","DEFERRED_WITHIN_STATED_HORIZON","P2_YELLOW","P2_YELLOW","P2_YELLOW","S3_LICENSED_PROFESSIONAL","N1|N2|N3_TO_N7","KCAL_NUTRIENTS_PER_PERSON_DAY_YIELD_AREA_AND_LOSS","TBD_PERSON_AND_SITE_PROFILE","TBD_BY_CAPABILITY","TBD","TBD_SITE_AND_IMPLEMENTATION","TBD_BY_SERVICE_LEVEL","UNASSIGNED","UNASSIGNED","NOT_ASSIGNED","TBD","PROVISIONAL_AUTO_REVIEW_REQUIRED","DENY","0.5-draft"
"PLAN-TD-FERT-INDUSTRIAL-N","TD-FERT-INDUSTRIAL-N","P0_RED","SECONDS_TO_72_HOURS","SL1","IMMEDIATE_OR_SAFETY_BOUNDARY","P0_RED","P0_RED","P0_RED","S4_REFERENCE_ONLY_PROHIBITED_HOUSEHOLD","N1|N2|N3_TO_N7","KCAL_NUTRIENTS_PER_PERSON_DAY_YIELD_AREA_AND_LOSS","TBD_PERSON_AND_SITE_PROFILE","TBD_BY_CAPABILITY","TBD","TBD_SITE_AND_IMPLEMENTATION","TWO_PATHS_OR_EXPLICIT_RESIDUAL_RISK","UNASSIGNED","UNASSIGNED","NOT_ASSIGNED","TBD","PROVISIONAL_AUTO_REVIEW_REQUIRED","DENY","0.5-draft"
"PLAN-TD-FERT-PHOSPHATE-POTASH","TD-FERT-PHOSPHATE-POTASH","P0_RED","SECONDS_TO_72_HOURS","SL1","IMMEDIATE_OR_SAFETY_BOUNDARY","P0_RED","P0_RED","P0_RED","S3_LICENSED_PROFESSIONAL","N1|N2|N3_TO_N7","KCAL_NUTRIENTS_PER_PERSON_DAY_YIELD_AREA_AND_LOSS","TBD_PERSON_AND_SITE_PROFILE","TBD_BY_CAPABILITY","TBD","TBD_SITE_AND_IMPLEMENTATION","TWO_PATHS_OR_EXPLICIT_RESIDUAL_RISK","UNASSIGNED","UNASSIGNED","NOT_ASSIGNED","TBD","PROVISIONAL_AUTO_REVIEW_REQUIRED","DENY","0.5-draft"
"PLAN-TD-FERT-BIOLOGICAL","TD-FERT-BIOLOGICAL","P0_RED","SECONDS_TO_72_HOURS","SL1","IMMEDIATE_OR_SAFETY_BOUNDARY","P0_RED","P0_RED","P0_RED","S4_REFERENCE_ONLY_PROHIBITED_HOUSEHOLD","N1|N2|N3_TO_N7","KCAL_NUTRIENTS_PER_PERSON_DAY_YIELD_AREA_AND_LOSS","TBD_PERSON_AND_SITE_PROFILE","TBD_BY_CAPABILITY","TBD","TBD_SITE_AND_IMPLEMENTATION","TWO_PATHS_OR_EXPLICIT_RESIDUAL_RISK","UNASSIGNED","UNASSIGNED","NOT_ASSIGNED","TBD","PROVISIONAL_AUTO_REVIEW_REQUIRED","DENY","0.5-draft"
"PLAN-TD-PEOPLE-PROFILE","TD-PEOPLE-PROFILE","P0_RED","SECONDS_TO_72_HOURS","SL1","IMMEDIATE_OR_SAFETY_BOUNDARY","P0_RED","P0_RED","P0_RED","S1_LOW_RISK_HOUSEHOLD","N1|N2|N3_TO_N7","PERSON_HOURS_DEPENDENCY_AND_SHIFT_CAPACITY","TBD_PERSON_AND_SITE_PROFILE","TBD_BY_CAPABILITY","TBD","TBD_SITE_AND_IMPLEMENTATION","TWO_PATHS_OR_EXPLICIT_RESIDUAL_RISK","UNASSIGNED","UNASSIGNED","NOT_ASSIGNED","TBD","PROVISIONAL_AUTO_REVIEW_REQUIRED","DENY","0.5-draft"
"PLAN-TD-PEOPLE-MEDICAL","TD-PEOPLE-MEDICAL","P0_RED","SECONDS_TO_72_HOURS","SL1","IMMEDIATE_OR_SAFETY_BOUNDARY","P0_RED","P0_RED","P0_RED","S2_TRAINED_SUPERVISED","N1|N2|N3_TO_N7","PERSON_HOURS_DEPENDENCY_AND_SHIFT_CAPACITY","TBD_PERSON_AND_SITE_PROFILE","TBD_BY_CAPABILITY","TBD","TBD_SITE_AND_IMPLEMENTATION","TWO_PATHS_OR_EXPLICIT_RESIDUAL_RISK","UNASSIGNED","UNASSIGNED","NOT_ASSIGNED","TBD","PROVISIONAL_AUTO_REVIEW_REQUIRED","DENY","0.5-draft"
"PLAN-TD-PEOPLE-AGE-MASS","TD-PEOPLE-AGE-MASS","P0_RED","SECONDS_TO_72_HOURS","SL1","IMMEDIATE_OR_SAFETY_BOUNDARY","P0_RED","P0_RED","P0_RED","S2_TRAINED_SUPERVISED","N1|N2|N3_TO_N7","PERSON_HOURS_DEPENDENCY_AND_SHIFT_CAPACITY","TBD_PERSON_AND_SITE_PROFILE","TBD_BY_CAPABILITY","TBD","TBD_SITE_AND_IMPLEMENTATION","TWO_PATHS_OR_EXPLICIT_RESIDUAL_RISK","UNASSIGNED","UNASSIGNED","NOT_ASSIGNED","TBD","PROVISIONAL_AUTO_REVIEW_REQUIRED","DENY","0.5-draft"
"PLAN-TD-PEOPLE-PREGNANCY","TD-PEOPLE-PREGNANCY","P0_RED","SECONDS_TO_72_HOURS","SL1","IMMEDIATE_OR_SAFETY_BOUNDARY","P0_RED","P0_RED","P0_RED","S3_LICENSED_PROFESSIONAL","N1|N2|N3_TO_N7","PERSON_HOURS_DEPENDENCY_AND_SHIFT_CAPACITY","TBD_PERSON_AND_SITE_PROFILE","TBD_BY_CAPABILITY","TBD","TBD_SITE_AND_IMPLEMENTATION","TWO_PATHS_OR_EXPLICIT_RESIDUAL_RISK","UNASSIGNED","UNASSIGNED","NOT_ASSIGNED","TBD","PROVISIONAL_AUTO_REVIEW_REQUIRED","DENY","0.5-draft"
"PLAN-TD-PEOPLE-CHILD","TD-PEOPLE-CHILD","P0_RED","SECONDS_TO_72_HOURS","SL1","IMMEDIATE_OR_SAFETY_BOUNDARY","P0_RED","P0_RED","P0_RED","S2_TRAINED_SUPERVISED","N1|N2|N3_TO_N7","PERSON_HOURS_DEPENDENCY_AND_SHIFT_CAPACITY","TBD_PERSON_AND_SITE_PROFILE","TBD_BY_CAPABILITY","TBD","TBD_SITE_AND_IMPLEMENTATION","TWO_PATHS_OR_EXPLICIT_RESIDUAL_RISK","UNASSIGNED","UNASSIGNED","NOT_ASSIGNED","TBD","PROVISIONAL_AUTO_REVIEW_REQUIRED","DENY","0.5-draft"
"PLAN-TD-PEOPLE-ELDER","TD-PEOPLE-ELDER","P0_RED","SECONDS_TO_72_HOURS","SL1","IMMEDIATE_OR_SAFETY_BOUNDARY","P0_RED","P0_RED","P0_RED","S2_TRAINED_SUPERVISED","N1|N2|N3_TO_N7","PERSON_HOURS_DEPENDENCY_AND_SHIFT_CAPACITY","TBD_PERSON_AND_SITE_PROFILE","TBD_BY_CAPABILITY","TBD","TBD_SITE_AND_IMPLEMENTATION","TWO_PATHS_OR_EXPLICIT_RESIDUAL_RISK","UNASSIGNED","UNASSIGNED","NOT_ASSIGNED","TBD","PROVISIONAL_AUTO_REVIEW_REQUIRED","DENY","0.5-draft"
"PLAN-TD-PEOPLE-ACCESS","TD-PEOPLE-ACCESS","P0_RED","SECONDS_TO_72_HOURS","SL1","IMMEDIATE_OR_SAFETY_BOUNDARY","P0_RED","P0_RED","P0_RED","S2_TRAINED_SUPERVISED","N1|N2|N3_TO_N7","PERSON_HOURS_DEPENDENCY_AND_SHIFT_CAPACITY","TBD_PERSON_AND_SITE_PROFILE","TBD_BY_CAPABILITY","TBD","TBD_SITE_AND_IMPLEMENTATION","TWO_PATHS_OR_EXPLICIT_RESIDUAL_RISK","UNASSIGNED","UNASSIGNED","NOT_ASSIGNED","TBD","PROVISIONAL_AUTO_REVIEW_REQUIRED","DENY","0.5-draft"
"PLAN-TD-PEOPLE-LANGUAGE","TD-PEOPLE-LANGUAGE","P0_RED","SECONDS_TO_72_HOURS","SL1","IMMEDIATE_OR_SAFETY_BOUNDARY","P0_RED","P0_RED","P0_RED","S1_LOW_RISK_HOUSEHOLD","N1|N2|N3_TO_N7","PERSON_HOURS_DEPENDENCY_AND_SHIFT_CAPACITY","TBD_PERSON_AND_SITE_PROFILE","TBD_BY_CAPABILITY","TBD","TBD_SITE_AND_IMPLEMENTATION","TWO_PATHS_OR_EXPLICIT_RESIDUAL_RISK","UNASSIGNED","UNASSIGNED","NOT_ASSIGNED","TBD","PROVISIONAL_AUTO_REVIEW_REQUIRED","DENY","0.5-draft"
"PLAN-TD-PEOPLE-CARE-DEPS","TD-PEOPLE-CARE-DEPS","P0_RED","SECONDS_TO_72_HOURS","SL1","IMMEDIATE_OR_SAFETY_BOUNDARY","P0_RED","P0_RED","P0_RED","S2_TRAINED_SUPERVISED","N1|N2|N3_TO_N7","PERSON_HOURS_DEPENDENCY_AND_SHIFT_CAPACITY","TBD_PERSON_AND_SITE_PROFILE","TBD_BY_CAPABILITY","TBD","TBD_SITE_AND_IMPLEMENTATION","TWO_PATHS_OR_EXPLICIT_RESIDUAL_RISK","UNASSIGNED","UNASSIGNED","NOT_ASSIGNED","TBD","PROVISIONAL_AUTO_REVIEW_REQUIRED","DENY","0.5-draft"
"PLAN-TD-PEOPLE-ANIMALS","TD-PEOPLE-ANIMALS","P0_RED","SECONDS_TO_72_HOURS","SL1","IMMEDIATE_OR_SAFETY_BOUNDARY","P0_RED","P0_RED","P0_RED","S1_LOW_RISK_HOUSEHOLD","N1|N2|N3_TO_N7","PERSON_HOURS_DEPENDENCY_AND_SHIFT_CAPACITY","TBD_PERSON_AND_SITE_PROFILE","TBD_BY_CAPABILITY","TBD","TBD_SITE_AND_IMPLEMENTATION","TWO_PATHS_OR_EXPLICIT_RESIDUAL_RISK","UNASSIGNED","UNASSIGNED","NOT_ASSIGNED","TBD","PROVISIONAL_AUTO_REVIEW_REQUIRED","DENY","0.5-draft"
"PLAN-TD-PEOPLE-CONSENT","TD-PEOPLE-CONSENT","P0_RED","SECONDS_TO_72_HOURS","SL1","IMMEDIATE_OR_SAFETY_BOUNDARY","P0_RED","P0_RED","P0_RED","S1_LOW_RISK_HOUSEHOLD","N1|N2|N3_TO_N7","PERSON_HOURS_DEPENDENCY_AND_SHIFT_CAPACITY","TBD_PERSON_AND_SITE_PROFILE","TBD_BY_CAPABILITY","TBD","TBD_SITE_AND_IMPLEMENTATION","TWO_PATHS_OR_EXPLICIT_RESIDUAL_RISK","UNASSIGNED","UNASSIGNED","NOT_ASSIGNED","TBD","PROVISIONAL_AUTO_REVIEW_REQUIRED","DENY","0.5-draft"
"PLAN-TD-PEOPLE-CAPACITY","TD-PEOPLE-CAPACITY","P0_RED","SECONDS_TO_72_HOURS","SL1","IMMEDIATE_OR_SAFETY_BOUNDARY","P0_RED","P0_RED","P0_RED","S2_TRAINED_SUPERVISED","N1|N2|N3_TO_N7","PERSON_HOURS_DEPENDENCY_AND_SHIFT_CAPACITY","TBD_PERSON_AND_SITE_PROFILE","TBD_BY_CAPABILITY","TBD","TBD_SITE_AND_IMPLEMENTATION","TWO_PATHS_OR_EXPLICIT_RESIDUAL_RISK","UNASSIGNED","UNASSIGNED","NOT_ASSIGNED","TBD","PROVISIONAL_AUTO_REVIEW_REQUIRED","DENY","0.5-draft"
"PLAN-TD-PEOPLE-SINGLE-POINT","TD-PEOPLE-SINGLE-POINT","P0_RED","SECONDS_TO_72_HOURS","SL1","IMMEDIATE_OR_SAFETY_BOUNDARY","P0_RED","P0_RED","P0_RED","S1_LOW_RISK_HOUSEHOLD","N1|N2|N3_TO_N7","PERSON_HOURS_DEPENDENCY_AND_SHIFT_CAPACITY","TBD_PERSON_AND_SITE_PROFILE","TBD_BY_CAPABILITY","TBD","TBD_SITE_AND_IMPLEMENTATION","TWO_PATHS_OR_EXPLICIT_RESIDUAL_RISK","UNASSIGNED","UNASSIGNED","NOT_ASSIGNED","TBD","PROVISIONAL_AUTO_REVIEW_REQUIRED","DENY","0.5-draft"
"PLAN-TD-PEOPLE-REST","TD-PEOPLE-REST","P0_RED","SECONDS_TO_72_HOURS","SL1","IMMEDIATE_OR_SAFETY_BOUNDARY","P0_RED","P0_RED","P0_RED","S1_LOW_RISK_HOUSEHOLD","N1|N2|N3_TO_N7","PERSON_HOURS_DEPENDENCY_AND_SHIFT_CAPACITY","TBD_PERSON_AND_SITE_PROFILE","TBD_BY_CAPABILITY","TBD","TBD_SITE_AND_IMPLEMENTATION","TWO_PATHS_OR_EXPLICIT_RESIDUAL_RISK","UNASSIGNED","UNASSIGNED","NOT_ASSIGNED","TBD","PROVISIONAL_AUTO_REVIEW_REQUIRED","DENY","0.5-draft"
"PLAN-TD-PEOPLE-ABSENCE","TD-PEOPLE-ABSENCE","P0_RED","SECONDS_TO_72_HOURS","SL1","IMMEDIATE_OR_SAFETY_BOUNDARY","P0_RED","P0_RED","P0_RED","S2_TRAINED_SUPERVISED","N1|N2|N3_TO_N7","PERSON_HOURS_DEPENDENCY_AND_SHIFT_CAPACITY","TBD_PERSON_AND_SITE_PROFILE","TBD_BY_CAPABILITY","TBD","TBD_SITE_AND_IMPLEMENTATION","TWO_PATHS_OR_EXPLICIT_RESIDUAL_RISK","UNASSIGNED","UNASSIGNED","NOT_ASSIGNED","TBD","PROVISIONAL_AUTO_REVIEW_REQUIRED","DENY","0.5-draft"
"PLAN-TD-PEOPLE-DEMOGRAPHY","TD-PEOPLE-DEMOGRAPHY","P4_BLUE","15_TO_100_YEARS","SL6","DEFERRED_WITHIN_STATED_HORIZON","P4_BLUE","P4_BLUE","P4_BLUE","S0_OBSERVE_READ","N1|N2|N3_TO_N7","PERSON_HOURS_DEPENDENCY_AND_SHIFT_CAPACITY","TBD_PERSON_AND_SITE_PROFILE","TBD_BY_CAPABILITY","TBD","TBD_SITE_AND_IMPLEMENTATION","TBD_BY_SERVICE_LEVEL","UNASSIGNED","UNASSIGNED","NOT_ASSIGNED","TBD","PROVISIONAL_AUTO_REVIEW_REQUIRED","DENY","0.5-draft"
"PLAN-TD-PEOPLE","TD-PEOPLE","P0_RED","SECONDS_TO_72_HOURS","SL1","IMMEDIATE_OR_SAFETY_BOUNDARY","P0_RED","P0_RED","P0_RED","S2_TRAINED_SUPERVISED","N1|N2|N3_TO_N7","PERSON_HOURS_DEPENDENCY_AND_SHIFT_CAPACITY","TBD_PERSON_AND_SITE_PROFILE","TBD_BY_CAPABILITY","TBD","TBD_SITE_AND_IMPLEMENTATION","TWO_PATHS_OR_EXPLICIT_RESIDUAL_RISK","UNASSIGNED","UNASSIGNED","NOT_ASSIGNED","TBD","PROVISIONAL_AUTO_REVIEW_REQUIRED","DENY","0.5-draft"
"PLAN-TD-HEALTH-SCENE-PPE","TD-HEALTH-SCENE-PPE","P0_RED","SECONDS_TO_72_HOURS","SL0","IMMEDIATE_OR_SAFETY_BOUNDARY","P0_RED","P0_RED","P0_RED","S2_TRAINED_SUPERVISED","N1|N2|N3_TO_N7","PERSON_SPECIFIC_RESPONSE_TIME_AND_CARE_HOURS","TBD_PERSON_AND_SITE_PROFILE","TBD_BY_CAPABILITY","TBD","TBD_SITE_AND_IMPLEMENTATION","TWO_PATHS_OR_EXPLICIT_RESIDUAL_RISK","UNASSIGNED","UNASSIGNED","NOT_ASSIGNED","TBD","PROVISIONAL_AUTO_REVIEW_REQUIRED","DENY","0.5-draft"
"PLAN-TD-HEALTH-CONTACTS","TD-HEALTH-CONTACTS","P0_RED","SECONDS_TO_72_HOURS","SL0","IMMEDIATE_OR_SAFETY_BOUNDARY","P0_RED","P0_RED","P0_RED","S1_LOW_RISK_HOUSEHOLD","N1|N2|N3_TO_N7","PERSON_SPECIFIC_RESPONSE_TIME_AND_CARE_HOURS","TBD_PERSON_AND_SITE_PROFILE","TBD_BY_CAPABILITY","TBD","TBD_SITE_AND_IMPLEMENTATION","TWO_PATHS_OR_EXPLICIT_RESIDUAL_RISK","UNASSIGNED","UNASSIGNED","NOT_ASSIGNED","TBD","PROVISIONAL_AUTO_REVIEW_REQUIRED","DENY","0.5-draft"
"PLAN-TD-HEALTH-PRIMARY-ASSESS","TD-HEALTH-PRIMARY-ASSESS","P0_RED","SECONDS_TO_72_HOURS","SL0","IMMEDIATE_OR_SAFETY_BOUNDARY","P0_RED","P0_RED","P0_RED","S2_TRAINED_SUPERVISED","N1|N2|N3_TO_N7","PERSON_SPECIFIC_RESPONSE_TIME_AND_CARE_HOURS","TBD_PERSON_AND_SITE_PROFILE","TBD_BY_CAPABILITY","TBD","TBD_SITE_AND_IMPLEMENTATION","TWO_PATHS_OR_EXPLICIT_RESIDUAL_RISK","UNASSIGNED","UNASSIGNED","NOT_ASSIGNED","TBD","PROVISIONAL_AUTO_REVIEW_REQUIRED","DENY","0.5-draft"
"PLAN-TD-HEALTH-BLS-AED","TD-HEALTH-BLS-AED","P0_RED","SECONDS_TO_72_HOURS","SL0","IMMEDIATE_OR_SAFETY_BOUNDARY","P0_RED","P0_RED","P0_RED","S2_TRAINED_SUPERVISED","N1|N2|N3_TO_N7","PERSON_SPECIFIC_RESPONSE_TIME_AND_CARE_HOURS","TBD_PERSON_AND_SITE_PROFILE","TBD_BY_CAPABILITY","TBD","TBD_SITE_AND_IMPLEMENTATION","TWO_PATHS_OR_EXPLICIT_RESIDUAL_RISK","UNASSIGNED","UNASSIGNED","NOT_ASSIGNED","TBD","PROVISIONAL_AUTO_REVIEW_REQUIRED","DENY","0.5-draft"
"PLAN-TD-HEALTH-AIRWAY","TD-HEALTH-AIRWAY","P0_RED","SECONDS_TO_72_HOURS","SL0","IMMEDIATE_OR_SAFETY_BOUNDARY","P0_RED","P0_RED","P0_RED","S2_TRAINED_SUPERVISED","N1|N2|N3_TO_N7","PERSON_SPECIFIC_RESPONSE_TIME_AND_CARE_HOURS","TBD_PERSON_AND_SITE_PROFILE","TBD_BY_CAPABILITY","TBD","TBD_SITE_AND_IMPLEMENTATION","TWO_PATHS_OR_EXPLICIT_RESIDUAL_RISK","UNASSIGNED","UNASSIGNED","NOT_ASSIGNED","TBD","PROVISIONAL_AUTO_REVIEW_REQUIRED","DENY","0.5-draft"
"PLAN-TD-HEALTH-BLEED-SHOCK","TD-HEALTH-BLEED-SHOCK","P0_RED","SECONDS_TO_72_HOURS","SL0","IMMEDIATE_OR_SAFETY_BOUNDARY","P0_RED","P0_RED","P0_RED","S2_TRAINED_SUPERVISED","N1|N2|N3_TO_N7","PERSON_SPECIFIC_RESPONSE_TIME_AND_CARE_HOURS","TBD_PERSON_AND_SITE_PROFILE","TBD_BY_CAPABILITY","TBD","TBD_SITE_AND_IMPLEMENTATION","TWO_PATHS_OR_EXPLICIT_RESIDUAL_RISK","UNASSIGNED","UNASSIGNED","NOT_ASSIGNED","TBD","PROVISIONAL_AUTO_REVIEW_REQUIRED","DENY","0.5-draft"
"PLAN-TD-HEALTH-ANAPHYLAXIS","TD-HEALTH-ANAPHYLAXIS","P0_RED","SECONDS_TO_72_HOURS","SL1","IMMEDIATE_OR_SAFETY_BOUNDARY","P0_RED","P0_RED","P0_RED","S3_LICENSED_PROFESSIONAL","N1|N2|N3_TO_N7","PERSON_SPECIFIC_RESPONSE_TIME_AND_CARE_HOURS","TBD_PERSON_AND_SITE_PROFILE","TBD_BY_CAPABILITY","TBD","TBD_SITE_AND_IMPLEMENTATION","TWO_PATHS_OR_EXPLICIT_RESIDUAL_RISK","UNASSIGNED","UNASSIGNED","NOT_ASSIGNED","TBD","PROVISIONAL_AUTO_REVIEW_REQUIRED","DENY","0.5-draft"
"PLAN-TD-HEALTH-CHEST-STROKE","TD-HEALTH-CHEST-STROKE","P0_RED","SECONDS_TO_72_HOURS","SL1","IMMEDIATE_OR_SAFETY_BOUNDARY","P0_RED","P0_RED","P0_RED","S2_TRAINED_SUPERVISED","N1|N2|N3_TO_N7","PERSON_SPECIFIC_RESPONSE_TIME_AND_CARE_HOURS","TBD_PERSON_AND_SITE_PROFILE","TBD_BY_CAPABILITY","TBD","TBD_SITE_AND_IMPLEMENTATION","TWO_PATHS_OR_EXPLICIT_RESIDUAL_RISK","UNASSIGNED","UNASSIGNED","NOT_ASSIGNED","TBD","PROVISIONAL_AUTO_REVIEW_REQUIRED","DENY","0.5-draft"
"PLAN-TD-HEALTH-RESP","TD-HEALTH-RESP","P0_RED","SECONDS_TO_72_HOURS","SL1","IMMEDIATE_OR_SAFETY_BOUNDARY","P0_RED","P0_RED","P0_RED","S3_LICENSED_PROFESSIONAL","N1|N2|N3_TO_N7","PERSON_SPECIFIC_RESPONSE_TIME_AND_CARE_HOURS","TBD_PERSON_AND_SITE_PROFILE","TBD_BY_CAPABILITY","TBD","TBD_SITE_AND_IMPLEMENTATION","TWO_PATHS_OR_EXPLICIT_RESIDUAL_RISK","UNASSIGNED","UNASSIGNED","NOT_ASSIGNED","TBD","PROVISIONAL_AUTO_REVIEW_REQUIRED","DENY","0.5-draft"
"PLAN-TD-HEALTH-SEIZURE","TD-HEALTH-SEIZURE","P0_RED","SECONDS_TO_72_HOURS","SL1","IMMEDIATE_OR_SAFETY_BOUNDARY","P0_RED","P0_RED","P0_RED","S2_TRAINED_SUPERVISED","N1|N2|N3_TO_N7","PERSON_SPECIFIC_RESPONSE_TIME_AND_CARE_HOURS","TBD_PERSON_AND_SITE_PROFILE","TBD_BY_CAPABILITY","TBD","TBD_SITE_AND_IMPLEMENTATION","TWO_PATHS_OR_EXPLICIT_RESIDUAL_RISK","UNASSIGNED","UNASSIGNED","NOT_ASSIGNED","TBD","PROVISIONAL_AUTO_REVIEW_REQUIRED","DENY","0.5-draft"
"PLAN-TD-HEALTH-DIABETES","TD-HEALTH-DIABETES","P0_RED","SECONDS_TO_72_HOURS","SL1","IMMEDIATE_OR_SAFETY_BOUNDARY","P0_RED","P0_RED","P0_RED","S3_LICENSED_PROFESSIONAL","N1|N2|N3_TO_N7","PERSON_SPECIFIC_RESPONSE_TIME_AND_CARE_HOURS","TBD_PERSON_AND_SITE_PROFILE","TBD_BY_CAPABILITY","TBD","TBD_SITE_AND_IMPLEMENTATION","TWO_PATHS_OR_EXPLICIT_RESIDUAL_RISK","UNASSIGNED","UNASSIGNED","NOT_ASSIGNED","TBD","PROVISIONAL_AUTO_REVIEW_REQUIRED","DENY","0.5-draft"
"PLAN-TD-HEALTH-BURNS","TD-HEALTH-BURNS","P0_RED","SECONDS_TO_72_HOURS","SL1","IMMEDIATE_OR_SAFETY_BOUNDARY","P0_RED","P0_RED","P0_RED","S2_TRAINED_SUPERVISED","N1|N2|N3_TO_N7","PERSON_SPECIFIC_RESPONSE_TIME_AND_CARE_HOURS","TBD_PERSON_AND_SITE_PROFILE","TBD_BY_CAPABILITY","TBD","TBD_SITE_AND_IMPLEMENTATION","TWO_PATHS_OR_EXPLICIT_RESIDUAL_RISK","UNASSIGNED","UNASSIGNED","NOT_ASSIGNED","TBD","PROVISIONAL_AUTO_REVIEW_REQUIRED","DENY","0.5-draft"
"PLAN-TD-HEALTH-ELECTRIC","TD-HEALTH-ELECTRIC","P0_RED","SECONDS_TO_72_HOURS","SL1","IMMEDIATE_OR_SAFETY_BOUNDARY","P0_RED","P0_RED","P0_RED","S2_TRAINED_SUPERVISED","N1|N2|N3_TO_N7","PERSON_SPECIFIC_RESPONSE_TIME_AND_CARE_HOURS","TBD_PERSON_AND_SITE_PROFILE","TBD_BY_CAPABILITY","TBD","TBD_SITE_AND_IMPLEMENTATION","TWO_PATHS_OR_EXPLICIT_RESIDUAL_RISK","UNASSIGNED","UNASSIGNED","NOT_ASSIGNED","TBD","PROVISIONAL_AUTO_REVIEW_REQUIRED","DENY","0.5-draft"
"PLAN-TD-HEALTH-DROWNING","TD-HEALTH-DROWNING","P0_RED","SECONDS_TO_72_HOURS","SL1","IMMEDIATE_OR_SAFETY_BOUNDARY","P0_RED","P0_RED","P0_RED","S2_TRAINED_SUPERVISED","N1|N2|N3_TO_N7","PERSON_SPECIFIC_RESPONSE_TIME_AND_CARE_HOURS","TBD_PERSON_AND_SITE_PROFILE","TBD_BY_CAPABILITY","TBD","TBD_SITE_AND_IMPLEMENTATION","TWO_PATHS_OR_EXPLICIT_RESIDUAL_RISK","UNASSIGNED","UNASSIGNED","NOT_ASSIGNED","TBD","PROVISIONAL_AUTO_REVIEW_REQUIRED","DENY","0.5-draft"
"PLAN-TD-HEALTH-THERMAL-STRESS","TD-HEALTH-THERMAL-STRESS","P0_RED","SECONDS_TO_72_HOURS","SL1","IMMEDIATE_OR_SAFETY_BOUNDARY","P0_RED","P0_RED","P0_RED","S2_TRAINED_SUPERVISED","N1|N2|N3_TO_N7","PERSON_SPECIFIC_RESPONSE_TIME_AND_CARE_HOURS","TBD_PERSON_AND_SITE_PROFILE","TBD_BY_CAPABILITY","TBD","TBD_SITE_AND_IMPLEMENTATION","TWO_PATHS_OR_EXPLICIT_RESIDUAL_RISK","UNASSIGNED","UNASSIGNED","NOT_ASSIGNED","TBD","PROVISIONAL_AUTO_REVIEW_REQUIRED","DENY","0.5-draft"
"PLAN-TD-HEALTH-DEHYDRATION","TD-HEALTH-DEHYDRATION","P0_RED","SECONDS_TO_72_HOURS","SL1","IMMEDIATE_OR_SAFETY_BOUNDARY","P0_RED","P0_RED","P0_RED","S2_TRAINED_SUPERVISED","N1|N2|N3_TO_N7","PERSON_SPECIFIC_RESPONSE_TIME_AND_CARE_HOURS","TBD_PERSON_AND_SITE_PROFILE","TBD_BY_CAPABILITY","TBD","TBD_SITE_AND_IMPLEMENTATION","TWO_PATHS_OR_EXPLICIT_RESIDUAL_RISK","UNASSIGNED","UNASSIGNED","NOT_ASSIGNED","TBD","PROVISIONAL_AUTO_REVIEW_REQUIRED","DENY","0.5-draft"
"PLAN-TD-HEALTH-POISON","TD-HEALTH-POISON","P0_RED","SECONDS_TO_72_HOURS","SL1","IMMEDIATE_OR_SAFETY_BOUNDARY","P0_RED","P0_RED","P0_RED","S3_LICENSED_PROFESSIONAL","N1|N2|N3_TO_N7","PERSON_SPECIFIC_RESPONSE_TIME_AND_CARE_HOURS","TBD_PERSON_AND_SITE_PROFILE","TBD_BY_CAPABILITY","TBD","TBD_SITE_AND_IMPLEMENTATION","TWO_PATHS_OR_EXPLICIT_RESIDUAL_RISK","UNASSIGNED","UNASSIGNED","NOT_ASSIGNED","TBD","PROVISIONAL_AUTO_REVIEW_REQUIRED","DENY","0.5-draft"
"PLAN-TD-HEALTH-HEAD-SPINE","TD-HEALTH-HEAD-SPINE","P0_RED","SECONDS_TO_72_HOURS","SL1","IMMEDIATE_OR_SAFETY_BOUNDARY","P0_RED","P0_RED","P0_RED","S2_TRAINED_SUPERVISED","N1|N2|N3_TO_N7","PERSON_SPECIFIC_RESPONSE_TIME_AND_CARE_HOURS","TBD_PERSON_AND_SITE_PROFILE","TBD_BY_CAPABILITY","TBD","TBD_SITE_AND_IMPLEMENTATION","TWO_PATHS_OR_EXPLICIT_RESIDUAL_RISK","UNASSIGNED","UNASSIGNED","NOT_ASSIGNED","TBD","PROVISIONAL_AUTO_REVIEW_REQUIRED","DENY","0.5-draft"
"PLAN-TD-HEALTH-FRACTURE","TD-HEALTH-FRACTURE","P0_RED","SECONDS_TO_72_HOURS","SL1","IMMEDIATE_OR_SAFETY_BOUNDARY","P0_RED","P0_RED","P0_RED","S2_TRAINED_SUPERVISED","N1|N2|N3_TO_N7","PERSON_SPECIFIC_RESPONSE_TIME_AND_CARE_HOURS","TBD_PERSON_AND_SITE_PROFILE","TBD_BY_CAPABILITY","TBD","TBD_SITE_AND_IMPLEMENTATION","TWO_PATHS_OR_EXPLICIT_RESIDUAL_RISK","UNASSIGNED","UNASSIGNED","NOT_ASSIGNED","TBD","PROVISIONAL_AUTO_REVIEW_REQUIRED","DENY","0.5-draft"
"PLAN-TD-HEALTH-WOUNDS","TD-HEALTH-WOUNDS","P1_ORANGE","3_TO_14_DAYS","SL2","DEFERRED_WITHIN_STATED_HORIZON","P1_ORANGE","P1_ORANGE","P1_ORANGE","S2_TRAINED_SUPERVISED","N1|N2|N3_TO_N7","PERSON_SPECIFIC_RESPONSE_TIME_AND_CARE_HOURS","TBD_PERSON_AND_SITE_PROFILE","TBD_BY_CAPABILITY","TBD","TBD_SITE_AND_IMPLEMENTATION","TWO_PATHS_OR_EXPLICIT_RESIDUAL_RISK","UNASSIGNED","UNASSIGNED","NOT_ASSIGNED","TBD","PROVISIONAL_AUTO_REVIEW_REQUIRED","DENY","0.5-draft"
"PLAN-TD-HEALTH-MATERNAL-NEONATAL","TD-HEALTH-MATERNAL-NEONATAL","P0_RED","SECONDS_TO_72_HOURS","SL1","IMMEDIATE_OR_SAFETY_BOUNDARY","P0_RED","P0_RED","P0_RED","S3_LICENSED_PROFESSIONAL","N1|N2|N3_TO_N7","PERSON_SPECIFIC_RESPONSE_TIME_AND_CARE_HOURS","TBD_PERSON_AND_SITE_PROFILE","TBD_BY_CAPABILITY","TBD","TBD_SITE_AND_IMPLEMENTATION","TWO_PATHS_OR_EXPLICIT_RESIDUAL_RISK","UNASSIGNED","UNASSIGNED","NOT_ASSIGNED","TBD","PROVISIONAL_AUTO_REVIEW_REQUIRED","DENY","0.5-draft"
"PLAN-TD-HEALTH-PEDIATRIC","TD-HEALTH-PEDIATRIC","P0_RED","SECONDS_TO_72_HOURS","SL1","IMMEDIATE_OR_SAFETY_BOUNDARY","P0_RED","P0_RED","P0_RED","S3_LICENSED_PROFESSIONAL","N1|N2|N3_TO_N7","PERSON_SPECIFIC_RESPONSE_TIME_AND_CARE_HOURS","TBD_PERSON_AND_SITE_PROFILE","TBD_BY_CAPABILITY","TBD","TBD_SITE_AND_IMPLEMENTATION","TWO_PATHS_OR_EXPLICIT_RESIDUAL_RISK","UNASSIGNED","UNASSIGNED","NOT_ASSIGNED","TBD","PROVISIONAL_AUTO_REVIEW_REQUIRED","DENY","0.5-draft"
"PLAN-TD-HEALTH-MENTAL-CRISIS","TD-HEALTH-MENTAL-CRISIS","P0_RED","SECONDS_TO_72_HOURS","SL1","IMMEDIATE_OR_SAFETY_BOUNDARY","P0_RED","P0_RED","P0_RED","S2_TRAINED_SUPERVISED","N1|N2|N3_TO_N7","PERSON_SPECIFIC_RESPONSE_TIME_AND_CARE_HOURS","TBD_PERSON_AND_SITE_PROFILE","TBD_BY_CAPABILITY","TBD","TBD_SITE_AND_IMPLEMENTATION","TWO_PATHS_OR_EXPLICIT_RESIDUAL_RISK","UNASSIGNED","UNASSIGNED","NOT_ASSIGNED","TBD","PROVISIONAL_AUTO_REVIEW_REQUIRED","DENY","0.5-draft"
"PLAN-TD-HEALTH-RECORDS","TD-HEALTH-RECORDS","P0_RED","SECONDS_TO_72_HOURS","SL1","IMMEDIATE_OR_SAFETY_BOUNDARY","P0_RED","P0_RED","P0_RED","S1_LOW_RISK_HOUSEHOLD","N1|N2|N3_TO_N7","PERSON_SPECIFIC_RESPONSE_TIME_AND_CARE_HOURS","TBD_PERSON_AND_SITE_PROFILE","TBD_BY_CAPABILITY","TBD","TBD_SITE_AND_IMPLEMENTATION","TWO_PATHS_OR_EXPLICIT_RESIDUAL_RISK","UNASSIGNED","UNASSIGNED","NOT_ASSIGNED","TBD","PROVISIONAL_AUTO_REVIEW_REQUIRED","DENY","0.5-draft"
"PLAN-TD-HEALTH-KIT-INVENTORY","TD-HEALTH-KIT-INVENTORY","P0_RED","SECONDS_TO_72_HOURS","SL1","IMMEDIATE_OR_SAFETY_BOUNDARY","P0_RED","P0_RED","P0_RED","S1_LOW_RISK_HOUSEHOLD","N1|N2|N3_TO_N7","PERSON_SPECIFIC_RESPONSE_TIME_AND_CARE_HOURS","TBD_PERSON_AND_SITE_PROFILE","TBD_BY_CAPABILITY","TBD","TBD_SITE_AND_IMPLEMENTATION","TWO_PATHS_OR_EXPLICIT_RESIDUAL_RISK","UNASSIGNED","UNASSIGNED","NOT_ASSIGNED","TBD","PROVISIONAL_AUTO_REVIEW_REQUIRED","DENY","0.5-draft"
"PLAN-TD-HEALTH-MEDICATION-INVENTORY","TD-HEALTH-MEDICATION-INVENTORY","P1_ORANGE","3_TO_14_DAYS","SL2","DEFERRED_WITHIN_STATED_HORIZON","P1_ORANGE","P1_ORANGE","P1_ORANGE","S2_TRAINED_SUPERVISED","N1|N2|N3_TO_N7","PERSON_SPECIFIC_RESPONSE_TIME_AND_CARE_HOURS","TBD_PERSON_AND_SITE_PROFILE","TBD_BY_CAPABILITY","TBD","TBD_SITE_AND_IMPLEMENTATION","TWO_PATHS_OR_EXPLICIT_RESIDUAL_RISK","UNASSIGNED","UNASSIGNED","NOT_ASSIGNED","TBD","PROVISIONAL_AUTO_REVIEW_REQUIRED","DENY","0.5-draft"
"PLAN-TD-HEALTH-COLD-CHAIN","TD-HEALTH-COLD-CHAIN","P1_ORANGE","3_TO_14_DAYS","SL2","DEFERRED_WITHIN_STATED_HORIZON","P1_ORANGE","P1_ORANGE","P1_ORANGE","S3_LICENSED_PROFESSIONAL","N1|N2|N3_TO_N7","PERSON_SPECIFIC_RESPONSE_TIME_AND_CARE_HOURS","TBD_PERSON_AND_SITE_PROFILE","TBD_BY_CAPABILITY","TBD","TBD_SITE_AND_IMPLEMENTATION","TWO_PATHS_OR_EXPLICIT_RESIDUAL_RISK","UNASSIGNED","UNASSIGNED","NOT_ASSIGNED","TBD","PROVISIONAL_AUTO_REVIEW_REQUIRED","DENY","0.5-draft"
"PLAN-TD-HEALTH-IPC","TD-HEALTH-IPC","P1_ORANGE","3_TO_14_DAYS","SL2","DEFERRED_WITHIN_STATED_HORIZON","P1_ORANGE","P1_ORANGE","P1_ORANGE","S2_TRAINED_SUPERVISED","N1|N2|N3_TO_N7","PERSON_SPECIFIC_RESPONSE_TIME_AND_CARE_HOURS","TBD_PERSON_AND_SITE_PROFILE","TBD_BY_CAPABILITY","TBD","TBD_SITE_AND_IMPLEMENTATION","TWO_PATHS_OR_EXPLICIT_RESIDUAL_RISK","UNASSIGNED","UNASSIGNED","NOT_ASSIGNED","TBD","PROVISIONAL_AUTO_REVIEW_REQUIRED","DENY","0.5-draft"
"PLAN-TD-HEALTH-MED-WASTE","TD-HEALTH-MED-WASTE","P1_ORANGE","3_TO_14_DAYS","SL2","DEFERRED_WITHIN_STATED_HORIZON","P1_ORANGE","P1_ORANGE","P1_ORANGE","S3_LICENSED_PROFESSIONAL","N1|N2|N3_TO_N7","PERSON_SPECIFIC_RESPONSE_TIME_AND_CARE_HOURS","TBD_PERSON_AND_SITE_PROFILE","TBD_BY_CAPABILITY","TBD","TBD_SITE_AND_IMPLEMENTATION","TWO_PATHS_OR_EXPLICIT_RESIDUAL_RISK","UNASSIGNED","UNASSIGNED","NOT_ASSIGNED","TBD","PROVISIONAL_AUTO_REVIEW_REQUIRED","DENY","0.5-draft"
"PLAN-TD-HEALTH-DELAYED-CARE","TD-HEALTH-DELAYED-CARE","P3_GREEN","3_MONTHS_TO_15_YEARS","SL4","DEFERRED_WITHIN_STATED_HORIZON","P3_GREEN","P3_GREEN","P3_GREEN","S3_LICENSED_PROFESSIONAL","N1|N2|N3_TO_N7","PERSON_SPECIFIC_RESPONSE_TIME_AND_CARE_HOURS","TBD_PERSON_AND_SITE_PROFILE","TBD_BY_CAPABILITY","TBD","TBD_SITE_AND_IMPLEMENTATION","TBD_BY_SERVICE_LEVEL","UNASSIGNED","UNASSIGNED","NOT_ASSIGNED","TBD","PROVISIONAL_AUTO_REVIEW_REQUIRED","DENY","0.5-draft"
"PLAN-TD-HEALTH-DENTAL","TD-HEALTH-DENTAL","P1_ORANGE","3_TO_14_DAYS","SL2","DEFERRED_WITHIN_STATED_HORIZON","P1_ORANGE","P1_ORANGE","P1_ORANGE","S2_TRAINED_SUPERVISED","N1|N2|N3_TO_N7","PERSON_SPECIFIC_RESPONSE_TIME_AND_CARE_HOURS","TBD_PERSON_AND_SITE_PROFILE","TBD_BY_CAPABILITY","TBD","TBD_SITE_AND_IMPLEMENTATION","TWO_PATHS_OR_EXPLICIT_RESIDUAL_RISK","UNASSIGNED","UNASSIGNED","NOT_ASSIGNED","TBD","PROVISIONAL_AUTO_REVIEW_REQUIRED","DENY","0.5-draft"
"PLAN-TD-HEALTH-REHAB","TD-HEALTH-REHAB","P3_GREEN","3_MONTHS_TO_15_YEARS","SL4","DEFERRED_WITHIN_STATED_HORIZON","P3_GREEN","P3_GREEN","P3_GREEN","S3_LICENSED_PROFESSIONAL","N1|N2|N3_TO_N7","PERSON_SPECIFIC_RESPONSE_TIME_AND_CARE_HOURS","TBD_PERSON_AND_SITE_PROFILE","TBD_BY_CAPABILITY","TBD","TBD_SITE_AND_IMPLEMENTATION","TBD_BY_SERVICE_LEVEL","UNASSIGNED","UNASSIGNED","NOT_ASSIGNED","TBD","PROVISIONAL_AUTO_REVIEW_REQUIRED","DENY","0.5-draft"
"PLAN-TD-HEALTH-PALLIATIVE","TD-HEALTH-PALLIATIVE","P3_GREEN","3_MONTHS_TO_15_YEARS","SL4","DEFERRED_WITHIN_STATED_HORIZON","P3_GREEN","P3_GREEN","P3_GREEN","S3_LICENSED_PROFESSIONAL","N1|N2|N3_TO_N7","PERSON_SPECIFIC_RESPONSE_TIME_AND_CARE_HOURS","TBD_PERSON_AND_SITE_PROFILE","TBD_BY_CAPABILITY","TBD","TBD_SITE_AND_IMPLEMENTATION","TBD_BY_SERVICE_LEVEL","UNASSIGNED","UNASSIGNED","NOT_ASSIGNED","TBD","PROVISIONAL_AUTO_REVIEW_REQUIRED","DENY","0.5-draft"
"PLAN-TD-HEALTH-DEATH","TD-HEALTH-DEATH","P3_GREEN","3_MONTHS_TO_15_YEARS","SL4","DEFERRED_WITHIN_STATED_HORIZON","P3_GREEN","P3_GREEN","P3_GREEN","S4_REFERENCE_ONLY_PROHIBITED_HOUSEHOLD","N1|N2|N3_TO_N7","PERSON_SPECIFIC_RESPONSE_TIME_AND_CARE_HOURS","TBD_PERSON_AND_SITE_PROFILE","TBD_BY_CAPABILITY","TBD","TBD_SITE_AND_IMPLEMENTATION","TBD_BY_SERVICE_LEVEL","UNASSIGNED","UNASSIGNED","NOT_ASSIGNED","TBD","PROVISIONAL_AUTO_REVIEW_REQUIRED","DENY","0.5-draft"
"PLAN-TD-WATER-P0-RESERVE","TD-WATER-P0-RESERVE","P0_RED","SECONDS_TO_72_HOURS","SL1","IMMEDIATE_OR_SAFETY_BOUNDARY","P0_RED","P0_RED","P0_RED","S1_LOW_RISK_HOUSEHOLD","N1|N2|N3_TO_N7","LITRES_PER_PERSON_DAY_PLUS_PEAK_AND_STORAGE_DAYS","TBD_PERSON_AND_SITE_PROFILE","TBD_BY_CAPABILITY","TBD","TBD_SITE_AND_IMPLEMENTATION","TWO_PATHS_OR_EXPLICIT_RESIDUAL_RISK","UNASSIGNED","UNASSIGNED","NOT_ASSIGNED","TBD","PROVISIONAL_AUTO_REVIEW_REQUIRED","DENY","0.5-draft"
"PLAN-TD-WATER-DEMAND","TD-WATER-DEMAND","P0_RED","SECONDS_TO_72_HOURS","SL1","IMMEDIATE_OR_SAFETY_BOUNDARY","P0_RED","P0_RED","P0_RED","S1_LOW_RISK_HOUSEHOLD","N1|N2|N3_TO_N7","LITRES_PER_PERSON_DAY_PLUS_PEAK_AND_STORAGE_DAYS","TBD_PERSON_AND_SITE_PROFILE","TBD_BY_CAPABILITY","TBD","TBD_SITE_AND_IMPLEMENTATION","TWO_PATHS_OR_EXPLICIT_RESIDUAL_RISK","UNASSIGNED","UNASSIGNED","NOT_ASSIGNED","TBD","PROVISIONAL_AUTO_REVIEW_REQUIRED","DENY","0.5-draft"
"PLAN-TD-WATER-RATION","TD-WATER-RATION","P0_RED","SECONDS_TO_72_HOURS","SL1","IMMEDIATE_OR_SAFETY_BOUNDARY","P0_RED","P0_RED","P0_RED","S1_LOW_RISK_HOUSEHOLD","N1|N2|N3_TO_N7","LITRES_PER_PERSON_DAY_PLUS_PEAK_AND_STORAGE_DAYS","TBD_PERSON_AND_SITE_PROFILE","TBD_BY_CAPABILITY","TBD","TBD_SITE_AND_IMPLEMENTATION","TWO_PATHS_OR_EXPLICIT_RESIDUAL_RISK","UNASSIGNED","UNASSIGNED","NOT_ASSIGNED","TBD","PROVISIONAL_AUTO_REVIEW_REQUIRED","DENY","0.5-draft"
"PLAN-TD-WATER-VULNERABLE","TD-WATER-VULNERABLE","P0_RED","SECONDS_TO_72_HOURS","SL1","IMMEDIATE_OR_SAFETY_BOUNDARY","P0_RED","P0_RED","P0_RED","S2_TRAINED_SUPERVISED","N1|N2|N3_TO_N7","LITRES_PER_PERSON_DAY_PLUS_PEAK_AND_STORAGE_DAYS","TBD_PERSON_AND_SITE_PROFILE","TBD_BY_CAPABILITY","TBD","TBD_SITE_AND_IMPLEMENTATION","TWO_PATHS_OR_EXPLICIT_RESIDUAL_RISK","UNASSIGNED","UNASSIGNED","NOT_ASSIGNED","TBD","PROVISIONAL_AUTO_REVIEW_REQUIRED","DENY","0.5-draft"
"PLAN-TD-WATER-COLLECTION","TD-WATER-COLLECTION","P2_YELLOW","15_TO_90_DAYS","SL3","DEFERRED_WITHIN_STATED_HORIZON","P2_YELLOW","P2_YELLOW","P2_YELLOW","S2_TRAINED_SUPERVISED","N1|N2|N3_TO_N7","LITRES_PER_PERSON_DAY_PLUS_PEAK_AND_STORAGE_DAYS","TBD_PERSON_AND_SITE_PROFILE","TBD_BY_CAPABILITY","TBD","TBD_SITE_AND_IMPLEMENTATION","TBD_BY_SERVICE_LEVEL","UNASSIGNED","UNASSIGNED","NOT_ASSIGNED","TBD","PROVISIONAL_AUTO_REVIEW_REQUIRED","DENY","0.5-draft"
"PLAN-TD-WATER-CARRY","TD-WATER-CARRY","P0_RED","SECONDS_TO_72_HOURS","SL1","IMMEDIATE_OR_SAFETY_BOUNDARY","P0_RED","P0_RED","P0_RED","S1_LOW_RISK_HOUSEHOLD","N1|N2|N3_TO_N7","LITRES_PER_PERSON_DAY_PLUS_PEAK_AND_STORAGE_DAYS","TBD_PERSON_AND_SITE_PROFILE","TBD_BY_CAPABILITY","TBD","TBD_SITE_AND_IMPLEMENTATION","TWO_PATHS_OR_EXPLICIT_RESIDUAL_RISK","UNASSIGNED","UNASSIGNED","NOT_ASSIGNED","TBD","PROVISIONAL_AUTO_REVIEW_REQUIRED","DENY","0.5-draft"
"PLAN-TD-WATER-CROSS-CONTAM","TD-WATER-CROSS-CONTAM","P0_RED","SECONDS_TO_72_HOURS","SL1","IMMEDIATE_OR_SAFETY_BOUNDARY","P0_RED","P0_RED","P0_RED","S2_TRAINED_SUPERVISED","N1|N2|N3_TO_N7","LITRES_PER_PERSON_DAY_PLUS_PEAK_AND_STORAGE_DAYS","TBD_PERSON_AND_SITE_PROFILE","TBD_BY_CAPABILITY","TBD","TBD_SITE_AND_IMPLEMENTATION","TWO_PATHS_OR_EXPLICIT_RESIDUAL_RISK","UNASSIGNED","UNASSIGNED","NOT_ASSIGNED","TBD","PROVISIONAL_AUTO_REVIEW_REQUIRED","DENY","0.5-draft"
"PLAN-TD-WATER-LABEL","TD-WATER-LABEL","P0_RED","SECONDS_TO_72_HOURS","SL1","IMMEDIATE_OR_SAFETY_BOUNDARY","P0_RED","P0_RED","P0_RED","S1_LOW_RISK_HOUSEHOLD","N1|N2|N3_TO_N7","LITRES_PER_PERSON_DAY_PLUS_PEAK_AND_STORAGE_DAYS","TBD_PERSON_AND_SITE_PROFILE","TBD_BY_CAPABILITY","TBD","TBD_SITE_AND_IMPLEMENTATION","TWO_PATHS_OR_EXPLICIT_RESIDUAL_RISK","UNASSIGNED","UNASSIGNED","NOT_ASSIGNED","TBD","PROVISIONAL_AUTO_REVIEW_REQUIRED","DENY","0.5-draft"
"PLAN-TD-WATER-EMERGENCY-PRODUCT","TD-WATER-EMERGENCY-PRODUCT","P0_RED","SECONDS_TO_72_HOURS","SL1","IMMEDIATE_OR_SAFETY_BOUNDARY","P0_RED","P0_RED","P0_RED","S2_TRAINED_SUPERVISED","N1|N2|N3_TO_N7","LITRES_PER_PERSON_DAY_PLUS_PEAK_AND_STORAGE_DAYS","TBD_PERSON_AND_SITE_PROFILE","TBD_BY_CAPABILITY","TBD","TBD_SITE_AND_IMPLEMENTATION","TWO_PATHS_OR_EXPLICIT_RESIDUAL_RISK","UNASSIGNED","UNASSIGNED","NOT_ASSIGNED","TBD","PROVISIONAL_AUTO_REVIEW_REQUIRED","DENY","0.5-draft"
"PLAN-TD-WATER-CONTAINER-CLEAN","TD-WATER-CONTAINER-CLEAN","P0_RED","SECONDS_TO_72_HOURS","SL1","IMMEDIATE_OR_SAFETY_BOUNDARY","P0_RED","P0_RED","P0_RED","S2_TRAINED_SUPERVISED","N1|N2|N3_TO_N7","LITRES_PER_PERSON_DAY_PLUS_PEAK_AND_STORAGE_DAYS","TBD_PERSON_AND_SITE_PROFILE","TBD_BY_CAPABILITY","TBD","TBD_SITE_AND_IMPLEMENTATION","TWO_PATHS_OR_EXPLICIT_RESIDUAL_RISK","UNASSIGNED","UNASSIGNED","NOT_ASSIGNED","TBD","PROVISIONAL_AUTO_REVIEW_REQUIRED","DENY","0.5-draft"
"PLAN-TD-WATER-PORTFOLIO","TD-WATER-PORTFOLIO","P1_ORANGE","3_TO_14_DAYS","SL2","DEFERRED_WITHIN_STATED_HORIZON","P1_ORANGE","P1_ORANGE","P1_ORANGE","S1_LOW_RISK_HOUSEHOLD","N1|N2|N3_TO_N7","LITRES_PER_PERSON_DAY_PLUS_PEAK_AND_STORAGE_DAYS","TBD_PERSON_AND_SITE_PROFILE","TBD_BY_CAPABILITY","TBD","TBD_SITE_AND_IMPLEMENTATION","TWO_PATHS_OR_EXPLICIT_RESIDUAL_RISK","UNASSIGNED","UNASSIGNED","NOT_ASSIGNED","TBD","PROVISIONAL_AUTO_REVIEW_REQUIRED","DENY","0.5-draft"
"PLAN-TD-WATER-RAIN","TD-WATER-RAIN","P1_ORANGE","3_TO_14_DAYS","SL2","DEFERRED_WITHIN_STATED_HORIZON","P1_ORANGE","P1_ORANGE","P1_ORANGE","S2_TRAINED_SUPERVISED","N1|N2|N3_TO_N7","LITRES_PER_PERSON_DAY_PLUS_PEAK_AND_STORAGE_DAYS","TBD_PERSON_AND_SITE_PROFILE","TBD_BY_CAPABILITY","TBD","TBD_SITE_AND_IMPLEMENTATION","TWO_PATHS_OR_EXPLICIT_RESIDUAL_RISK","UNASSIGNED","UNASSIGNED","NOT_ASSIGNED","TBD","PROVISIONAL_AUTO_REVIEW_REQUIRED","DENY","0.5-draft"
"PLAN-TD-WATER-DELIVERED","TD-WATER-DELIVERED","P1_ORANGE","3_TO_14_DAYS","SL2","DEFERRED_WITHIN_STATED_HORIZON","P1_ORANGE","P1_ORANGE","P1_ORANGE","S1_LOW_RISK_HOUSEHOLD","N1|N2|N3_TO_N7","LITRES_PER_PERSON_DAY_PLUS_PEAK_AND_STORAGE_DAYS","TBD_PERSON_AND_SITE_PROFILE","TBD_BY_CAPABILITY","TBD","TBD_SITE_AND_IMPLEMENTATION","TWO_PATHS_OR_EXPLICIT_RESIDUAL_RISK","UNASSIGNED","UNASSIGNED","NOT_ASSIGNED","TBD","PROVISIONAL_AUTO_REVIEW_REQUIRED","DENY","0.5-draft"
"PLAN-TD-WATER-WELL","TD-WATER-WELL","P2_YELLOW","15_TO_90_DAYS","SL3","DEFERRED_WITHIN_STATED_HORIZON","P2_YELLOW","P2_YELLOW","P2_YELLOW","S3_LICENSED_PROFESSIONAL","N1|N2|N3_TO_N7","LITRES_PER_PERSON_DAY_PLUS_PEAK_AND_STORAGE_DAYS","TBD_PERSON_AND_SITE_PROFILE","TBD_BY_CAPABILITY","TBD","TBD_SITE_AND_IMPLEMENTATION","TBD_BY_SERVICE_LEVEL","UNASSIGNED","UNASSIGNED","NOT_ASSIGNED","TBD","PROVISIONAL_AUTO_REVIEW_REQUIRED","DENY","0.5-draft"
"PLAN-TD-WATER-SURFACE","TD-WATER-SURFACE","P2_YELLOW","15_TO_90_DAYS","SL3","DEFERRED_WITHIN_STATED_HORIZON","P2_YELLOW","P2_YELLOW","P2_YELLOW","S3_LICENSED_PROFESSIONAL","N1|N2|N3_TO_N7","LITRES_PER_PERSON_DAY_PLUS_PEAK_AND_STORAGE_DAYS","TBD_PERSON_AND_SITE_PROFILE","TBD_BY_CAPABILITY","TBD","TBD_SITE_AND_IMPLEMENTATION","TBD_BY_SERVICE_LEVEL","UNASSIGNED","UNASSIGNED","NOT_ASSIGNED","TBD","PROVISIONAL_AUTO_REVIEW_REQUIRED","DENY","0.5-draft"
"PLAN-TD-WATER-GRAVITY","TD-WATER-GRAVITY","P1_ORANGE","3_TO_14_DAYS","SL2","DEFERRED_WITHIN_STATED_HORIZON","P1_ORANGE","P1_ORANGE","P1_ORANGE","S2_TRAINED_SUPERVISED","N1|N2|N3_TO_N7","LITRES_PER_PERSON_DAY_PLUS_PEAK_AND_STORAGE_DAYS","TBD_PERSON_AND_SITE_PROFILE","TBD_BY_CAPABILITY","TBD","TBD_SITE_AND_IMPLEMENTATION","TWO_PATHS_OR_EXPLICIT_RESIDUAL_RISK","UNASSIGNED","UNASSIGNED","NOT_ASSIGNED","TBD","PROVISIONAL_AUTO_REVIEW_REQUIRED","DENY","0.5-draft"
"PLAN-TD-WATER-HAND-PUMP","TD-WATER-HAND-PUMP","P1_ORANGE","3_TO_14_DAYS","SL2","DEFERRED_WITHIN_STATED_HORIZON","P1_ORANGE","P1_ORANGE","P1_ORANGE","S2_TRAINED_SUPERVISED","N1|N2|N3_TO_N7","LITRES_PER_PERSON_DAY_PLUS_PEAK_AND_STORAGE_DAYS","TBD_PERSON_AND_SITE_PROFILE","TBD_BY_CAPABILITY","TBD","TBD_SITE_AND_IMPLEMENTATION","TWO_PATHS_OR_EXPLICIT_RESIDUAL_RISK","UNASSIGNED","UNASSIGNED","NOT_ASSIGNED","TBD","PROVISIONAL_AUTO_REVIEW_REQUIRED","DENY","0.5-draft"
"PLAN-TD-WATER-LOWE-PUMP","TD-WATER-LOWE-PUMP","P1_ORANGE","3_TO_14_DAYS","SL2","DEFERRED_WITHIN_STATED_HORIZON","P1_ORANGE","P1_ORANGE","P1_ORANGE","S2_TRAINED_SUPERVISED","N1|N2|N3_TO_N7","LITRES_PER_PERSON_DAY_PLUS_PEAK_AND_STORAGE_DAYS","TBD_PERSON_AND_SITE_PROFILE","TBD_BY_CAPABILITY","TBD","TBD_SITE_AND_IMPLEMENTATION","TWO_PATHS_OR_EXPLICIT_RESIDUAL_RISK","UNASSIGNED","UNASSIGNED","NOT_ASSIGNED","TBD","PROVISIONAL_AUTO_REVIEW_REQUIRED","DENY","0.5-draft"
"PLAN-TD-WATER-DISTRIBUTION","TD-WATER-DISTRIBUTION","P1_ORANGE","3_TO_14_DAYS","SL2","DEFERRED_WITHIN_STATED_HORIZON","P1_ORANGE","P1_ORANGE","P1_ORANGE","S2_TRAINED_SUPERVISED","N1|N2|N3_TO_N7","LITRES_PER_PERSON_DAY_PLUS_PEAK_AND_STORAGE_DAYS","TBD_PERSON_AND_SITE_PROFILE","TBD_BY_CAPABILITY","TBD","TBD_SITE_AND_IMPLEMENTATION","TWO_PATHS_OR_EXPLICIT_RESIDUAL_RISK","UNASSIGNED","UNASSIGNED","NOT_ASSIGNED","TBD","PROVISIONAL_AUTO_REVIEW_REQUIRED","DENY","0.5-draft"
"PLAN-TD-WATER-BACKFLOW","TD-WATER-BACKFLOW","P2_YELLOW","15_TO_90_DAYS","SL3","DEFERRED_WITHIN_STATED_HORIZON","P2_YELLOW","P2_YELLOW","P2_YELLOW","S3_LICENSED_PROFESSIONAL","N1|N2|N3_TO_N7","LITRES_PER_PERSON_DAY_PLUS_PEAK_AND_STORAGE_DAYS","TBD_PERSON_AND_SITE_PROFILE","TBD_BY_CAPABILITY","TBD","TBD_SITE_AND_IMPLEMENTATION","TBD_BY_SERVICE_LEVEL","UNASSIGNED","UNASSIGNED","NOT_ASSIGNED","TBD","PROVISIONAL_AUTO_REVIEW_REQUIRED","DENY","0.5-draft"
"PLAN-TD-WATER-LEAK","TD-WATER-LEAK","P1_ORANGE","3_TO_14_DAYS","SL2","DEFERRED_WITHIN_STATED_HORIZON","P1_ORANGE","P1_ORANGE","P1_ORANGE","S2_TRAINED_SUPERVISED","N1|N2|N3_TO_N7","LITRES_PER_PERSON_DAY_PLUS_PEAK_AND_STORAGE_DAYS","TBD_PERSON_AND_SITE_PROFILE","TBD_BY_CAPABILITY","TBD","TBD_SITE_AND_IMPLEMENTATION","TWO_PATHS_OR_EXPLICIT_RESIDUAL_RISK","UNASSIGNED","UNASSIGNED","NOT_ASSIGNED","TBD","PROVISIONAL_AUTO_REVIEW_REQUIRED","DENY","0.5-draft"
"PLAN-TD-WATER-SPARES","TD-WATER-SPARES","P1_ORANGE","3_TO_14_DAYS","SL2","DEFERRED_WITHIN_STATED_HORIZON","P1_ORANGE","P1_ORANGE","P1_ORANGE","S1_LOW_RISK_HOUSEHOLD","N1|N2|N3_TO_N7","LITRES_PER_PERSON_DAY_PLUS_PEAK_AND_STORAGE_DAYS","TBD_PERSON_AND_SITE_PROFILE","TBD_BY_CAPABILITY","TBD","TBD_SITE_AND_IMPLEMENTATION","TWO_PATHS_OR_EXPLICIT_RESIDUAL_RISK","UNASSIGNED","UNASSIGNED","NOT_ASSIGNED","TBD","PROVISIONAL_AUTO_REVIEW_REQUIRED","DENY","0.5-draft"
"PLAN-TD-WATER-LAB","TD-WATER-LAB","P2_YELLOW","15_TO_90_DAYS","SL3","DEFERRED_WITHIN_STATED_HORIZON","P2_YELLOW","P2_YELLOW","P2_YELLOW","S3_LICENSED_PROFESSIONAL","N1|N2|N3_TO_N7","LITRES_PER_PERSON_DAY_PLUS_PEAK_AND_STORAGE_DAYS","TBD_PERSON_AND_SITE_PROFILE","TBD_BY_CAPABILITY","TBD","TBD_SITE_AND_IMPLEMENTATION","TBD_BY_SERVICE_LEVEL","UNASSIGNED","UNASSIGNED","NOT_ASSIGNED","TBD","PROVISIONAL_AUTO_REVIEW_REQUIRED","DENY","0.5-draft"
"PLAN-TD-WATER-REDUNDANCY","TD-WATER-REDUNDANCY","P1_ORANGE","3_TO_14_DAYS","SL2","DEFERRED_WITHIN_STATED_HORIZON","P1_ORANGE","P1_ORANGE","P1_ORANGE","S2_TRAINED_SUPERVISED","N1|N2|N3_TO_N7","LITRES_PER_PERSON_DAY_PLUS_PEAK_AND_STORAGE_DAYS","TBD_PERSON_AND_SITE_PROFILE","TBD_BY_CAPABILITY","TBD","TBD_SITE_AND_IMPLEMENTATION","TWO_PATHS_OR_EXPLICIT_RESIDUAL_RISK","UNASSIGNED","UNASSIGNED","NOT_ASSIGNED","TBD","PROVISIONAL_AUTO_REVIEW_REQUIRED","DENY","0.5-draft"
"PLAN-TD-SAN-TOILET","TD-SAN-TOILET","P0_RED","SECONDS_TO_72_HOURS","SL1","IMMEDIATE_OR_SAFETY_BOUNDARY","P0_RED","P0_RED","P0_RED","S2_TRAINED_SUPERVISED","N1|N2|N3_TO_N7","LITRES_PER_PERSON_DAY_PLUS_PEAK_AND_STORAGE_DAYS","TBD_PERSON_AND_SITE_PROFILE","TBD_BY_CAPABILITY","TBD","TBD_SITE_AND_IMPLEMENTATION","TWO_PATHS_OR_EXPLICIT_RESIDUAL_RISK","UNASSIGNED","UNASSIGNED","NOT_ASSIGNED","TBD","PROVISIONAL_AUTO_REVIEW_REQUIRED","DENY","0.5-draft"
"PLAN-TD-SAN-HANDWASH","TD-SAN-HANDWASH","P0_RED","SECONDS_TO_72_HOURS","SL1","IMMEDIATE_OR_SAFETY_BOUNDARY","P0_RED","P0_RED","P0_RED","S1_LOW_RISK_HOUSEHOLD","N1|N2|N3_TO_N7","LITRES_PER_PERSON_DAY_PLUS_PEAK_AND_STORAGE_DAYS","TBD_PERSON_AND_SITE_PROFILE","TBD_BY_CAPABILITY","TBD","TBD_SITE_AND_IMPLEMENTATION","TWO_PATHS_OR_EXPLICIT_RESIDUAL_RISK","UNASSIGNED","UNASSIGNED","NOT_ASSIGNED","TBD","PROVISIONAL_AUTO_REVIEW_REQUIRED","DENY","0.5-draft"
"PLAN-TD-SAN-ZONING","TD-SAN-ZONING","P0_RED","SECONDS_TO_72_HOURS","SL1","IMMEDIATE_OR_SAFETY_BOUNDARY","P0_RED","P0_RED","P0_RED","S2_TRAINED_SUPERVISED","N1|N2|N3_TO_N7","LITRES_PER_PERSON_DAY_PLUS_PEAK_AND_STORAGE_DAYS","TBD_PERSON_AND_SITE_PROFILE","TBD_BY_CAPABILITY","TBD","TBD_SITE_AND_IMPLEMENTATION","TWO_PATHS_OR_EXPLICIT_RESIDUAL_RISK","UNASSIGNED","UNASSIGNED","NOT_ASSIGNED","TBD","PROVISIONAL_AUTO_REVIEW_REQUIRED","DENY","0.5-draft"
"PLAN-TD-SAN-SOAP","TD-SAN-SOAP","P0_RED","SECONDS_TO_72_HOURS","SL1","IMMEDIATE_OR_SAFETY_BOUNDARY","P0_RED","P0_RED","P0_RED","S1_LOW_RISK_HOUSEHOLD","N1|N2|N3_TO_N7","LITRES_PER_PERSON_DAY_PLUS_PEAK_AND_STORAGE_DAYS","TBD_PERSON_AND_SITE_PROFILE","TBD_BY_CAPABILITY","TBD","TBD_SITE_AND_IMPLEMENTATION","TWO_PATHS_OR_EXPLICIT_RESIDUAL_RISK","UNASSIGNED","UNASSIGNED","NOT_ASSIGNED","TBD","PROVISIONAL_AUTO_REVIEW_REQUIRED","DENY","0.5-draft"
"PLAN-TD-SAN-MENSTRUAL","TD-SAN-MENSTRUAL","P0_RED","SECONDS_TO_72_HOURS","SL1","IMMEDIATE_OR_SAFETY_BOUNDARY","P0_RED","P0_RED","P0_RED","S1_LOW_RISK_HOUSEHOLD","N1|N2|N3_TO_N7","LITRES_PER_PERSON_DAY_PLUS_PEAK_AND_STORAGE_DAYS","TBD_PERSON_AND_SITE_PROFILE","TBD_BY_CAPABILITY","TBD","TBD_SITE_AND_IMPLEMENTATION","TWO_PATHS_OR_EXPLICIT_RESIDUAL_RISK","UNASSIGNED","UNASSIGNED","NOT_ASSIGNED","TBD","PROVISIONAL_AUTO_REVIEW_REQUIRED","DENY","0.5-draft"
"PLAN-TD-SAN-DIAPERS","TD-SAN-DIAPERS","P0_RED","SECONDS_TO_72_HOURS","SL1","IMMEDIATE_OR_SAFETY_BOUNDARY","P0_RED","P0_RED","P0_RED","S1_LOW_RISK_HOUSEHOLD","N1|N2|N3_TO_N7","LITRES_PER_PERSON_DAY_PLUS_PEAK_AND_STORAGE_DAYS","TBD_PERSON_AND_SITE_PROFILE","TBD_BY_CAPABILITY","TBD","TBD_SITE_AND_IMPLEMENTATION","TWO_PATHS_OR_EXPLICIT_RESIDUAL_RISK","UNASSIGNED","UNASSIGNED","NOT_ASSIGNED","TBD","PROVISIONAL_AUTO_REVIEW_REQUIRED","DENY","0.5-draft"
"PLAN-TD-SAN-INCONTINENCE","TD-SAN-INCONTINENCE","P0_RED","SECONDS_TO_72_HOURS","SL1","IMMEDIATE_OR_SAFETY_BOUNDARY","P0_RED","P0_RED","P0_RED","S2_TRAINED_SUPERVISED","N1|N2|N3_TO_N7","LITRES_PER_PERSON_DAY_PLUS_PEAK_AND_STORAGE_DAYS","TBD_PERSON_AND_SITE_PROFILE","TBD_BY_CAPABILITY","TBD","TBD_SITE_AND_IMPLEMENTATION","TWO_PATHS_OR_EXPLICIT_RESIDUAL_RISK","UNASSIGNED","UNASSIGNED","NOT_ASSIGNED","TBD","PROVISIONAL_AUTO_REVIEW_REQUIRED","DENY","0.5-draft"
"PLAN-TD-SAN-BATHING","TD-SAN-BATHING","P1_ORANGE","3_TO_14_DAYS","SL2","DEFERRED_WITHIN_STATED_HORIZON","P1_ORANGE","P1_ORANGE","P1_ORANGE","S1_LOW_RISK_HOUSEHOLD","N1|N2|N3_TO_N7","LITRES_PER_PERSON_DAY_PLUS_PEAK_AND_STORAGE_DAYS","TBD_PERSON_AND_SITE_PROFILE","TBD_BY_CAPABILITY","TBD","TBD_SITE_AND_IMPLEMENTATION","TWO_PATHS_OR_EXPLICIT_RESIDUAL_RISK","UNASSIGNED","UNASSIGNED","NOT_ASSIGNED","TBD","PROVISIONAL_AUTO_REVIEW_REQUIRED","DENY","0.5-draft"
"PLAN-TD-SAN-LAUNDRY","TD-SAN-LAUNDRY","P1_ORANGE","3_TO_14_DAYS","SL2","DEFERRED_WITHIN_STATED_HORIZON","P1_ORANGE","P1_ORANGE","P1_ORANGE","S2_TRAINED_SUPERVISED","N1|N2|N3_TO_N7","LITRES_PER_PERSON_DAY_PLUS_PEAK_AND_STORAGE_DAYS","TBD_PERSON_AND_SITE_PROFILE","TBD_BY_CAPABILITY","TBD","TBD_SITE_AND_IMPLEMENTATION","TWO_PATHS_OR_EXPLICIT_RESIDUAL_RISK","UNASSIGNED","UNASSIGNED","NOT_ASSIGNED","TBD","PROVISIONAL_AUTO_REVIEW_REQUIRED","DENY","0.5-draft"
"PLAN-TD-SAN-BLACKWATER","TD-SAN-BLACKWATER","P0_RED","SECONDS_TO_72_HOURS","SL1","IMMEDIATE_OR_SAFETY_BOUNDARY","P0_RED","P0_RED","P0_RED","S4_REFERENCE_ONLY_PROHIBITED_HOUSEHOLD","N1|N2|N3_TO_N7","LITRES_PER_PERSON_DAY_PLUS_PEAK_AND_STORAGE_DAYS","TBD_PERSON_AND_SITE_PROFILE","TBD_BY_CAPABILITY","TBD","TBD_SITE_AND_IMPLEMENTATION","TWO_PATHS_OR_EXPLICIT_RESIDUAL_RISK","UNASSIGNED","UNASSIGNED","NOT_ASSIGNED","TBD","PROVISIONAL_AUTO_REVIEW_REQUIRED","DENY","0.5-draft"
"PLAN-TD-SAN-GREYWATER","TD-SAN-GREYWATER","P1_ORANGE","3_TO_14_DAYS","SL2","DEFERRED_WITHIN_STATED_HORIZON","P1_ORANGE","P1_ORANGE","P1_ORANGE","S3_LICENSED_PROFESSIONAL","N1|N2|N3_TO_N7","LITRES_PER_PERSON_DAY_PLUS_PEAK_AND_STORAGE_DAYS","TBD_PERSON_AND_SITE_PROFILE","TBD_BY_CAPABILITY","TBD","TBD_SITE_AND_IMPLEMENTATION","TWO_PATHS_OR_EXPLICIT_RESIDUAL_RISK","UNASSIGNED","UNASSIGNED","NOT_ASSIGNED","TBD","PROVISIONAL_AUTO_REVIEW_REQUIRED","DENY","0.5-draft"
"PLAN-TD-SAN-HOUSEHOLD-WASTE","TD-SAN-HOUSEHOLD-WASTE","P1_ORANGE","3_TO_14_DAYS","SL2","DEFERRED_WITHIN_STATED_HORIZON","P1_ORANGE","P1_ORANGE","P1_ORANGE","S1_LOW_RISK_HOUSEHOLD","N1|N2|N3_TO_N7","LITRES_PER_PERSON_DAY_PLUS_PEAK_AND_STORAGE_DAYS","TBD_PERSON_AND_SITE_PROFILE","TBD_BY_CAPABILITY","TBD","TBD_SITE_AND_IMPLEMENTATION","TWO_PATHS_OR_EXPLICIT_RESIDUAL_RISK","UNASSIGNED","UNASSIGNED","NOT_ASSIGNED","TBD","PROVISIONAL_AUTO_REVIEW_REQUIRED","DENY","0.5-draft"
"PLAN-TD-SAN-FOOD-WASTE","TD-SAN-FOOD-WASTE","P1_ORANGE","3_TO_14_DAYS","SL2","DEFERRED_WITHIN_STATED_HORIZON","P1_ORANGE","P1_ORANGE","P1_ORANGE","S2_TRAINED_SUPERVISED","N1|N2|N3_TO_N7","LITRES_PER_PERSON_DAY_PLUS_PEAK_AND_STORAGE_DAYS","TBD_PERSON_AND_SITE_PROFILE","TBD_BY_CAPABILITY","TBD","TBD_SITE_AND_IMPLEMENTATION","TWO_PATHS_OR_EXPLICIT_RESIDUAL_RISK","UNASSIGNED","UNASSIGNED","NOT_ASSIGNED","TBD","PROVISIONAL_AUTO_REVIEW_REQUIRED","DENY","0.5-draft"
"PLAN-TD-SAN-HAZARDOUS-WASTE","TD-SAN-HAZARDOUS-WASTE","P0_RED","SECONDS_TO_72_HOURS","SL1","IMMEDIATE_OR_SAFETY_BOUNDARY","P0_RED","P0_RED","P0_RED","S4_REFERENCE_ONLY_PROHIBITED_HOUSEHOLD","N1|N2|N3_TO_N7","LITRES_PER_PERSON_DAY_PLUS_PEAK_AND_STORAGE_DAYS","TBD_PERSON_AND_SITE_PROFILE","TBD_BY_CAPABILITY","TBD","TBD_SITE_AND_IMPLEMENTATION","TWO_PATHS_OR_EXPLICIT_RESIDUAL_RISK","UNASSIGNED","UNASSIGNED","NOT_ASSIGNED","TBD","PROVISIONAL_AUTO_REVIEW_REQUIRED","DENY","0.5-draft"
"PLAN-TD-SAN-BATTERIES","TD-SAN-BATTERIES","P1_ORANGE","3_TO_14_DAYS","SL2","DEFERRED_WITHIN_STATED_HORIZON","P1_ORANGE","P1_ORANGE","P1_ORANGE","S3_LICENSED_PROFESSIONAL","N1|N2|N3_TO_N7","LITRES_PER_PERSON_DAY_PLUS_PEAK_AND_STORAGE_DAYS","TBD_PERSON_AND_SITE_PROFILE","TBD_BY_CAPABILITY","TBD","TBD_SITE_AND_IMPLEMENTATION","TWO_PATHS_OR_EXPLICIT_RESIDUAL_RISK","UNASSIGNED","UNASSIGNED","NOT_ASSIGNED","TBD","PROVISIONAL_AUTO_REVIEW_REQUIRED","DENY","0.5-draft"
"PLAN-TD-SAN-OILS","TD-SAN-OILS","P1_ORANGE","3_TO_14_DAYS","SL2","DEFERRED_WITHIN_STATED_HORIZON","P1_ORANGE","P1_ORANGE","P1_ORANGE","S3_LICENSED_PROFESSIONAL","N1|N2|N3_TO_N7","LITRES_PER_PERSON_DAY_PLUS_PEAK_AND_STORAGE_DAYS","TBD_PERSON_AND_SITE_PROFILE","TBD_BY_CAPABILITY","TBD","TBD_SITE_AND_IMPLEMENTATION","TWO_PATHS_OR_EXPLICIT_RESIDUAL_RISK","UNASSIGNED","UNASSIGNED","NOT_ASSIGNED","TBD","PROVISIONAL_AUTO_REVIEW_REQUIRED","DENY","0.5-draft"
"PLAN-TD-SAN-SHARPS","TD-SAN-SHARPS","P1_ORANGE","3_TO_14_DAYS","SL2","DEFERRED_WITHIN_STATED_HORIZON","P1_ORANGE","P1_ORANGE","P1_ORANGE","S3_LICENSED_PROFESSIONAL","N1|N2|N3_TO_N7","LITRES_PER_PERSON_DAY_PLUS_PEAK_AND_STORAGE_DAYS","TBD_PERSON_AND_SITE_PROFILE","TBD_BY_CAPABILITY","TBD","TBD_SITE_AND_IMPLEMENTATION","TWO_PATHS_OR_EXPLICIT_RESIDUAL_RISK","UNASSIGNED","UNASSIGNED","NOT_ASSIGNED","TBD","PROVISIONAL_AUTO_REVIEW_REQUIRED","DENY","0.5-draft"
"PLAN-TD-SAN-MEDICAL","TD-SAN-MEDICAL","P1_ORANGE","3_TO_14_DAYS","SL2","DEFERRED_WITHIN_STATED_HORIZON","P1_ORANGE","P1_ORANGE","P1_ORANGE","S3_LICENSED_PROFESSIONAL","N1|N2|N3_TO_N7","LITRES_PER_PERSON_DAY_PLUS_PEAK_AND_STORAGE_DAYS","TBD_PERSON_AND_SITE_PROFILE","TBD_BY_CAPABILITY","TBD","TBD_SITE_AND_IMPLEMENTATION","TWO_PATHS_OR_EXPLICIT_RESIDUAL_RISK","UNASSIGNED","UNASSIGNED","NOT_ASSIGNED","TBD","PROVISIONAL_AUTO_REVIEW_REQUIRED","DENY","0.5-draft"
"PLAN-TD-SAN-ANIMAL","TD-SAN-ANIMAL","P1_ORANGE","3_TO_14_DAYS","SL2","DEFERRED_WITHIN_STATED_HORIZON","P1_ORANGE","P1_ORANGE","P1_ORANGE","S3_LICENSED_PROFESSIONAL","N1|N2|N3_TO_N7","LITRES_PER_PERSON_DAY_PLUS_PEAK_AND_STORAGE_DAYS","TBD_PERSON_AND_SITE_PROFILE","TBD_BY_CAPABILITY","TBD","TBD_SITE_AND_IMPLEMENTATION","TWO_PATHS_OR_EXPLICIT_RESIDUAL_RISK","UNASSIGNED","UNASSIGNED","NOT_ASSIGNED","TBD","PROVISIONAL_AUTO_REVIEW_REQUIRED","DENY","0.5-draft"
"PLAN-TD-SAN-CONSTRUCTION","TD-SAN-CONSTRUCTION","P1_ORANGE","3_TO_14_DAYS","SL2","DEFERRED_WITHIN_STATED_HORIZON","P1_ORANGE","P1_ORANGE","P1_ORANGE","S3_LICENSED_PROFESSIONAL","N1|N2|N3_TO_N7","LITRES_PER_PERSON_DAY_PLUS_PEAK_AND_STORAGE_DAYS","TBD_PERSON_AND_SITE_PROFILE","TBD_BY_CAPABILITY","TBD","TBD_SITE_AND_IMPLEMENTATION","TWO_PATHS_OR_EXPLICIT_RESIDUAL_RISK","UNASSIGNED","UNASSIGNED","NOT_ASSIGNED","TBD","PROVISIONAL_AUTO_REVIEW_REQUIRED","DENY","0.5-draft"
"PLAN-TD-SAN-DEAD-ANIMAL","TD-SAN-DEAD-ANIMAL","P0_RED","SECONDS_TO_72_HOURS","SL1","IMMEDIATE_OR_SAFETY_BOUNDARY","P0_RED","P0_RED","P0_RED","S4_REFERENCE_ONLY_PROHIBITED_HOUSEHOLD","N1|N2|N3_TO_N7","LITRES_PER_PERSON_DAY_PLUS_PEAK_AND_STORAGE_DAYS","TBD_PERSON_AND_SITE_PROFILE","TBD_BY_CAPABILITY","TBD","TBD_SITE_AND_IMPLEMENTATION","TWO_PATHS_OR_EXPLICIT_RESIDUAL_RISK","UNASSIGNED","UNASSIGNED","NOT_ASSIGNED","TBD","PROVISIONAL_AUTO_REVIEW_REQUIRED","DENY","0.5-draft"
"PLAN-TD-SAN-HUMAN-DEATH","TD-SAN-HUMAN-DEATH","P0_RED","SECONDS_TO_72_HOURS","SL1","IMMEDIATE_OR_SAFETY_BOUNDARY","P0_RED","P0_RED","P0_RED","S4_REFERENCE_ONLY_PROHIBITED_HOUSEHOLD","N1|N2|N3_TO_N7","LITRES_PER_PERSON_DAY_PLUS_PEAK_AND_STORAGE_DAYS","TBD_PERSON_AND_SITE_PROFILE","TBD_BY_CAPABILITY","TBD","TBD_SITE_AND_IMPLEMENTATION","TWO_PATHS_OR_EXPLICIT_RESIDUAL_RISK","UNASSIGNED","UNASSIGNED","NOT_ASSIGNED","TBD","PROVISIONAL_AUTO_REVIEW_REQUIRED","DENY","0.5-draft"
"PLAN-TD-SAN-PESTS","TD-SAN-PESTS","P1_ORANGE","3_TO_14_DAYS","SL2","DEFERRED_WITHIN_STATED_HORIZON","P1_ORANGE","P1_ORANGE","P1_ORANGE","S2_TRAINED_SUPERVISED","N1|N2|N3_TO_N7","LITRES_PER_PERSON_DAY_PLUS_PEAK_AND_STORAGE_DAYS","TBD_PERSON_AND_SITE_PROFILE","TBD_BY_CAPABILITY","TBD","TBD_SITE_AND_IMPLEMENTATION","TWO_PATHS_OR_EXPLICIT_RESIDUAL_RISK","UNASSIGNED","UNASSIGNED","NOT_ASSIGNED","TBD","PROVISIONAL_AUTO_REVIEW_REQUIRED","DENY","0.5-draft"
"PLAN-TD-FOOD-P0-RESERVE","TD-FOOD-P0-RESERVE","P0_RED","SECONDS_TO_72_HOURS","SL1","IMMEDIATE_OR_SAFETY_BOUNDARY","P0_RED","P0_RED","P0_RED","S1_LOW_RISK_HOUSEHOLD","N1|N2|N3_TO_N7","KCAL_NUTRIENTS_PER_PERSON_DAY_YIELD_AREA_AND_LOSS","TBD_PERSON_AND_SITE_PROFILE","TBD_BY_CAPABILITY","TBD","TBD_SITE_AND_IMPLEMENTATION","TWO_PATHS_OR_EXPLICIT_RESIDUAL_RISK","UNASSIGNED","UNASSIGNED","NOT_ASSIGNED","TBD","PROVISIONAL_AUTO_REVIEW_REQUIRED","DENY","0.5-draft"
"PLAN-TD-FOOD-P1-PANTRY","TD-FOOD-P1-PANTRY","P1_ORANGE","3_TO_14_DAYS","SL2","DEFERRED_WITHIN_STATED_HORIZON","P1_ORANGE","P1_ORANGE","P1_ORANGE","S1_LOW_RISK_HOUSEHOLD","N1|N2|N3_TO_N7","KCAL_NUTRIENTS_PER_PERSON_DAY_YIELD_AREA_AND_LOSS","TBD_PERSON_AND_SITE_PROFILE","TBD_BY_CAPABILITY","TBD","TBD_SITE_AND_IMPLEMENTATION","TWO_PATHS_OR_EXPLICIT_RESIDUAL_RISK","UNASSIGNED","UNASSIGNED","NOT_ASSIGNED","TBD","PROVISIONAL_AUTO_REVIEW_REQUIRED","DENY","0.5-draft"
"PLAN-TD-FOOD-NO-COOK","TD-FOOD-NO-COOK","P0_RED","SECONDS_TO_72_HOURS","SL1","IMMEDIATE_OR_SAFETY_BOUNDARY","P0_RED","P0_RED","P0_RED","S1_LOW_RISK_HOUSEHOLD","N1|N2|N3_TO_N7","KCAL_NUTRIENTS_PER_PERSON_DAY_YIELD_AREA_AND_LOSS","TBD_PERSON_AND_SITE_PROFILE","TBD_BY_CAPABILITY","TBD","TBD_SITE_AND_IMPLEMENTATION","TWO_PATHS_OR_EXPLICIT_RESIDUAL_RISK","UNASSIGNED","UNASSIGNED","NOT_ASSIGNED","TBD","PROVISIONAL_AUTO_REVIEW_REQUIRED","DENY","0.5-draft"
"PLAN-TD-FOOD-MENU","TD-FOOD-MENU","P0_RED","SECONDS_TO_72_HOURS","SL1","IMMEDIATE_OR_SAFETY_BOUNDARY","P0_RED","P0_RED","P0_RED","S1_LOW_RISK_HOUSEHOLD","N1|N2|N3_TO_N7","KCAL_NUTRIENTS_PER_PERSON_DAY_YIELD_AREA_AND_LOSS","TBD_PERSON_AND_SITE_PROFILE","TBD_BY_CAPABILITY","TBD","TBD_SITE_AND_IMPLEMENTATION","TWO_PATHS_OR_EXPLICIT_RESIDUAL_RISK","UNASSIGNED","UNASSIGNED","NOT_ASSIGNED","TBD","PROVISIONAL_AUTO_REVIEW_REQUIRED","DENY","0.5-draft"
"PLAN-TD-FOOD-ALLERGENS","TD-FOOD-ALLERGENS","P0_RED","SECONDS_TO_72_HOURS","SL1","IMMEDIATE_OR_SAFETY_BOUNDARY","P0_RED","P0_RED","P0_RED","S2_TRAINED_SUPERVISED","N1|N2|N3_TO_N7","KCAL_NUTRIENTS_PER_PERSON_DAY_YIELD_AREA_AND_LOSS","TBD_PERSON_AND_SITE_PROFILE","TBD_BY_CAPABILITY","TBD","TBD_SITE_AND_IMPLEMENTATION","TWO_PATHS_OR_EXPLICIT_RESIDUAL_RISK","UNASSIGNED","UNASSIGNED","NOT_ASSIGNED","TBD","PROVISIONAL_AUTO_REVIEW_REQUIRED","DENY","0.5-draft"
"PLAN-TD-FOOD-SPECIAL-DIET","TD-FOOD-SPECIAL-DIET","P0_RED","SECONDS_TO_72_HOURS","SL1","IMMEDIATE_OR_SAFETY_BOUNDARY","P0_RED","P0_RED","P0_RED","S2_TRAINED_SUPERVISED","N1|N2|N3_TO_N7","KCAL_NUTRIENTS_PER_PERSON_DAY_YIELD_AREA_AND_LOSS","TBD_PERSON_AND_SITE_PROFILE","TBD_BY_CAPABILITY","TBD","TBD_SITE_AND_IMPLEMENTATION","TWO_PATHS_OR_EXPLICIT_RESIDUAL_RISK","UNASSIGNED","UNASSIGNED","NOT_ASSIGNED","TBD","PROVISIONAL_AUTO_REVIEW_REQUIRED","DENY","0.5-draft"
"PLAN-TD-FOOD-INFANT","TD-FOOD-INFANT","P0_RED","SECONDS_TO_72_HOURS","SL1","IMMEDIATE_OR_SAFETY_BOUNDARY","P0_RED","P0_RED","P0_RED","S3_LICENSED_PROFESSIONAL","N1|N2|N3_TO_N7","KCAL_NUTRIENTS_PER_PERSON_DAY_YIELD_AREA_AND_LOSS","TBD_PERSON_AND_SITE_PROFILE","TBD_BY_CAPABILITY","TBD","TBD_SITE_AND_IMPLEMENTATION","TWO_PATHS_OR_EXPLICIT_RESIDUAL_RISK","UNASSIGNED","UNASSIGNED","NOT_ASSIGNED","TBD","PROVISIONAL_AUTO_REVIEW_REQUIRED","DENY","0.5-draft"
"PLAN-TD-FOOD-COOK-WATER","TD-FOOD-COOK-WATER","P0_RED","SECONDS_TO_72_HOURS","SL1","IMMEDIATE_OR_SAFETY_BOUNDARY","P0_RED","P0_RED","P0_RED","S1_LOW_RISK_HOUSEHOLD","N1|N2|N3_TO_N7","KCAL_NUTRIENTS_PER_PERSON_DAY_YIELD_AREA_AND_LOSS","TBD_PERSON_AND_SITE_PROFILE","TBD_BY_CAPABILITY","TBD","TBD_SITE_AND_IMPLEMENTATION","TWO_PATHS_OR_EXPLICIT_RESIDUAL_RISK","UNASSIGNED","UNASSIGNED","NOT_ASSIGNED","TBD","PROVISIONAL_AUTO_REVIEW_REQUIRED","DENY","0.5-draft"
"PLAN-TD-FOOD-HAND-TOOLS","TD-FOOD-HAND-TOOLS","P0_RED","SECONDS_TO_72_HOURS","SL1","IMMEDIATE_OR_SAFETY_BOUNDARY","P0_RED","P0_RED","P0_RED","S1_LOW_RISK_HOUSEHOLD","N1|N2|N3_TO_N7","KCAL_NUTRIENTS_PER_PERSON_DAY_YIELD_AREA_AND_LOSS","TBD_PERSON_AND_SITE_PROFILE","TBD_BY_CAPABILITY","TBD","TBD_SITE_AND_IMPLEMENTATION","TWO_PATHS_OR_EXPLICIT_RESIDUAL_RISK","UNASSIGNED","UNASSIGNED","NOT_ASSIGNED","TBD","PROVISIONAL_AUTO_REVIEW_REQUIRED","DENY","0.5-draft"
"PLAN-TD-FOOD-COOK-SAFETY","TD-FOOD-COOK-SAFETY","P1_ORANGE","3_TO_14_DAYS","SL2","DEFERRED_WITHIN_STATED_HORIZON","P1_ORANGE","P1_ORANGE","P1_ORANGE","S2_TRAINED_SUPERVISED","N1|N2|N3_TO_N7","KCAL_NUTRIENTS_PER_PERSON_DAY_YIELD_AREA_AND_LOSS","TBD_PERSON_AND_SITE_PROFILE","TBD_BY_CAPABILITY","TBD","TBD_SITE_AND_IMPLEMENTATION","TWO_PATHS_OR_EXPLICIT_RESIDUAL_RISK","UNASSIGNED","UNASSIGNED","NOT_ASSIGNED","TBD","PROVISIONAL_AUTO_REVIEW_REQUIRED","DENY","0.5-draft"
"PLAN-TD-FOOD-COOK-FUEL","TD-FOOD-COOK-FUEL","P1_ORANGE","3_TO_14_DAYS","SL2","DEFERRED_WITHIN_STATED_HORIZON","P1_ORANGE","P1_ORANGE","P1_ORANGE","S2_TRAINED_SUPERVISED","N1|N2|N3_TO_N7","KCAL_NUTRIENTS_PER_PERSON_DAY_YIELD_AREA_AND_LOSS","TBD_PERSON_AND_SITE_PROFILE","TBD_BY_CAPABILITY","TBD","TBD_SITE_AND_IMPLEMENTATION","TWO_PATHS_OR_EXPLICIT_RESIDUAL_RISK","UNASSIGNED","UNASSIGNED","NOT_ASSIGNED","TBD","PROVISIONAL_AUTO_REVIEW_REQUIRED","DENY","0.5-draft"
"PLAN-TD-FOOD-PEST","TD-FOOD-PEST","P1_ORANGE","3_TO_14_DAYS","SL2","DEFERRED_WITHIN_STATED_HORIZON","P1_ORANGE","P1_ORANGE","P1_ORANGE","S2_TRAINED_SUPERVISED","N1|N2|N3_TO_N7","KCAL_NUTRIENTS_PER_PERSON_DAY_YIELD_AREA_AND_LOSS","TBD_PERSON_AND_SITE_PROFILE","TBD_BY_CAPABILITY","TBD","TBD_SITE_AND_IMPLEMENTATION","TWO_PATHS_OR_EXPLICIT_RESIDUAL_RISK","UNASSIGNED","UNASSIGNED","NOT_ASSIGNED","TBD","PROVISIONAL_AUTO_REVIEW_REQUIRED","DENY","0.5-draft"
"PLAN-TD-FOOD-WASTE","TD-FOOD-WASTE","P1_ORANGE","3_TO_14_DAYS","SL2","DEFERRED_WITHIN_STATED_HORIZON","P1_ORANGE","P1_ORANGE","P1_ORANGE","S2_TRAINED_SUPERVISED","N1|N2|N3_TO_N7","KCAL_NUTRIENTS_PER_PERSON_DAY_YIELD_AREA_AND_LOSS","TBD_PERSON_AND_SITE_PROFILE","TBD_BY_CAPABILITY","TBD","TBD_SITE_AND_IMPLEMENTATION","TWO_PATHS_OR_EXPLICIT_RESIDUAL_RISK","UNASSIGNED","UNASSIGNED","NOT_ASSIGNED","TBD","PROVISIONAL_AUTO_REVIEW_REQUIRED","DENY","0.5-draft"
"PLAN-TD-FOOD-ROTATION","TD-FOOD-ROTATION","P1_ORANGE","3_TO_14_DAYS","SL2","DEFERRED_WITHIN_STATED_HORIZON","P1_ORANGE","P1_ORANGE","P1_ORANGE","S1_LOW_RISK_HOUSEHOLD","N1|N2|N3_TO_N7","KCAL_NUTRIENTS_PER_PERSON_DAY_YIELD_AREA_AND_LOSS","TBD_PERSON_AND_SITE_PROFILE","TBD_BY_CAPABILITY","TBD","TBD_SITE_AND_IMPLEMENTATION","TWO_PATHS_OR_EXPLICIT_RESIDUAL_RISK","UNASSIGNED","UNASSIGNED","NOT_ASSIGNED","TBD","PROVISIONAL_AUTO_REVIEW_REQUIRED","DENY","0.5-draft"
"PLAN-TD-FOOD-RATION","TD-FOOD-RATION","P1_ORANGE","3_TO_14_DAYS","SL2","DEFERRED_WITHIN_STATED_HORIZON","P1_ORANGE","P1_ORANGE","P1_ORANGE","S1_LOW_RISK_HOUSEHOLD","N1|N2|N3_TO_N7","KCAL_NUTRIENTS_PER_PERSON_DAY_YIELD_AREA_AND_LOSS","TBD_PERSON_AND_SITE_PROFILE","TBD_BY_CAPABILITY","TBD","TBD_SITE_AND_IMPLEMENTATION","TWO_PATHS_OR_EXPLICIT_RESIDUAL_RISK","UNASSIGNED","UNASSIGNED","NOT_ASSIGNED","TBD","PROVISIONAL_AUTO_REVIEW_REQUIRED","DENY","0.5-draft"
"PLAN-TD-AGRI-LAND-RIGHTS","TD-AGRI-LAND-RIGHTS","P2_YELLOW","15_TO_90_DAYS","SL3","DEFERRED_WITHIN_STATED_HORIZON","P2_YELLOW","P2_YELLOW","P2_YELLOW","S0_OBSERVE_READ","N1|N2|N3_TO_N7","KCAL_NUTRIENTS_PER_PERSON_DAY_YIELD_AREA_AND_LOSS","TBD_PERSON_AND_SITE_PROFILE","TBD_BY_CAPABILITY","TBD","TBD_SITE_AND_IMPLEMENTATION","TBD_BY_SERVICE_LEVEL","UNASSIGNED","UNASSIGNED","NOT_ASSIGNED","TBD","PROVISIONAL_AUTO_REVIEW_REQUIRED","DENY","0.5-draft"
"PLAN-TD-AGRI-TOPO","TD-AGRI-TOPO","P2_YELLOW","15_TO_90_DAYS","SL3","DEFERRED_WITHIN_STATED_HORIZON","P2_YELLOW","P2_YELLOW","P2_YELLOW","S2_TRAINED_SUPERVISED","N1|N2|N3_TO_N7","KCAL_NUTRIENTS_PER_PERSON_DAY_YIELD_AREA_AND_LOSS","TBD_PERSON_AND_SITE_PROFILE","TBD_BY_CAPABILITY","TBD","TBD_SITE_AND_IMPLEMENTATION","TBD_BY_SERVICE_LEVEL","UNASSIGNED","UNASSIGNED","NOT_ASSIGNED","TBD","PROVISIONAL_AUTO_REVIEW_REQUIRED","DENY","0.5-draft"
"PLAN-TD-AGRI-SOIL-MAP","TD-AGRI-SOIL-MAP","P2_YELLOW","15_TO_90_DAYS","SL3","DEFERRED_WITHIN_STATED_HORIZON","P2_YELLOW","P2_YELLOW","P2_YELLOW","S1_LOW_RISK_HOUSEHOLD","N1|N2|N3_TO_N7","KCAL_NUTRIENTS_PER_PERSON_DAY_YIELD_AREA_AND_LOSS","TBD_PERSON_AND_SITE_PROFILE","TBD_BY_CAPABILITY","TBD","TBD_SITE_AND_IMPLEMENTATION","TBD_BY_SERVICE_LEVEL","UNASSIGNED","UNASSIGNED","NOT_ASSIGNED","TBD","PROVISIONAL_AUTO_REVIEW_REQUIRED","DENY","0.5-draft"
"PLAN-TD-AGRI-SOIL-TEST","TD-AGRI-SOIL-TEST","P2_YELLOW","15_TO_90_DAYS","SL3","DEFERRED_WITHIN_STATED_HORIZON","P2_YELLOW","P2_YELLOW","P2_YELLOW","S2_TRAINED_SUPERVISED","N1|N2|N3_TO_N7","KCAL_NUTRIENTS_PER_PERSON_DAY_YIELD_AREA_AND_LOSS","TBD_PERSON_AND_SITE_PROFILE","TBD_BY_CAPABILITY","TBD","TBD_SITE_AND_IMPLEMENTATION","TBD_BY_SERVICE_LEVEL","UNASSIGNED","UNASSIGNED","NOT_ASSIGNED","TBD","PROVISIONAL_AUTO_REVIEW_REQUIRED","DENY","0.5-draft"
"PLAN-TD-AGRI-SOIL-OM","TD-AGRI-SOIL-OM","P2_YELLOW","15_TO_90_DAYS","SL3","DEFERRED_WITHIN_STATED_HORIZON","P2_YELLOW","P2_YELLOW","P2_YELLOW","S1_LOW_RISK_HOUSEHOLD","N1|N2|N3_TO_N7","KCAL_NUTRIENTS_PER_PERSON_DAY_YIELD_AREA_AND_LOSS","TBD_PERSON_AND_SITE_PROFILE","TBD_BY_CAPABILITY","TBD","TBD_SITE_AND_IMPLEMENTATION","TBD_BY_SERVICE_LEVEL","UNASSIGNED","UNASSIGNED","NOT_ASSIGNED","TBD","PROVISIONAL_AUTO_REVIEW_REQUIRED","DENY","0.5-draft"
"PLAN-TD-AGRI-SOIL-PH","TD-AGRI-SOIL-PH","P2_YELLOW","15_TO_90_DAYS","SL3","DEFERRED_WITHIN_STATED_HORIZON","P2_YELLOW","P2_YELLOW","P2_YELLOW","S2_TRAINED_SUPERVISED","N1|N2|N3_TO_N7","KCAL_NUTRIENTS_PER_PERSON_DAY_YIELD_AREA_AND_LOSS","TBD_PERSON_AND_SITE_PROFILE","TBD_BY_CAPABILITY","TBD","TBD_SITE_AND_IMPLEMENTATION","TBD_BY_SERVICE_LEVEL","UNASSIGNED","UNASSIGNED","NOT_ASSIGNED","TBD","PROVISIONAL_AUTO_REVIEW_REQUIRED","DENY","0.5-draft"
"PLAN-TD-AGRI-SOIL-SALINITY","TD-AGRI-SOIL-SALINITY","P2_YELLOW","15_TO_90_DAYS","SL3","DEFERRED_WITHIN_STATED_HORIZON","P2_YELLOW","P2_YELLOW","P2_YELLOW","S2_TRAINED_SUPERVISED","N1|N2|N3_TO_N7","KCAL_NUTRIENTS_PER_PERSON_DAY_YIELD_AREA_AND_LOSS","TBD_PERSON_AND_SITE_PROFILE","TBD_BY_CAPABILITY","TBD","TBD_SITE_AND_IMPLEMENTATION","TBD_BY_SERVICE_LEVEL","UNASSIGNED","UNASSIGNED","NOT_ASSIGNED","TBD","PROVISIONAL_AUTO_REVIEW_REQUIRED","DENY","0.5-draft"
"PLAN-TD-AGRI-IRRIGATION-BUDGET","TD-AGRI-IRRIGATION-BUDGET","P2_YELLOW","15_TO_90_DAYS","SL3","DEFERRED_WITHIN_STATED_HORIZON","P2_YELLOW","P2_YELLOW","P2_YELLOW","S2_TRAINED_SUPERVISED","N1|N2|N3_TO_N7","KCAL_NUTRIENTS_PER_PERSON_DAY_YIELD_AREA_AND_LOSS","TBD_PERSON_AND_SITE_PROFILE","TBD_BY_CAPABILITY","TBD","TBD_SITE_AND_IMPLEMENTATION","TBD_BY_SERVICE_LEVEL","UNASSIGNED","UNASSIGNED","NOT_ASSIGNED","TBD","PROVISIONAL_AUTO_REVIEW_REQUIRED","DENY","0.5-draft"
"PLAN-TD-AGRI-MICROCLIMATE","TD-AGRI-MICROCLIMATE","P2_YELLOW","15_TO_90_DAYS","SL3","DEFERRED_WITHIN_STATED_HORIZON","P2_YELLOW","P2_YELLOW","P2_YELLOW","S1_LOW_RISK_HOUSEHOLD","N1|N2|N3_TO_N7","KCAL_NUTRIENTS_PER_PERSON_DAY_YIELD_AREA_AND_LOSS","TBD_PERSON_AND_SITE_PROFILE","TBD_BY_CAPABILITY","TBD","TBD_SITE_AND_IMPLEMENTATION","TBD_BY_SERVICE_LEVEL","UNASSIGNED","UNASSIGNED","NOT_ASSIGNED","TBD","PROVISIONAL_AUTO_REVIEW_REQUIRED","DENY","0.5-draft"
"PLAN-TD-AGRI-PT-CALENDAR","TD-AGRI-PT-CALENDAR","P2_YELLOW","15_TO_90_DAYS","SL3","DEFERRED_WITHIN_STATED_HORIZON","P2_YELLOW","P2_YELLOW","P2_YELLOW","S1_LOW_RISK_HOUSEHOLD","N1|N2|N3_TO_N7","KCAL_NUTRIENTS_PER_PERSON_DAY_YIELD_AREA_AND_LOSS","TBD_PERSON_AND_SITE_PROFILE","TBD_BY_CAPABILITY","TBD","TBD_SITE_AND_IMPLEMENTATION","TBD_BY_SERVICE_LEVEL","UNASSIGNED","UNASSIGNED","NOT_ASSIGNED","TBD","PROVISIONAL_AUTO_REVIEW_REQUIRED","DENY","0.5-draft"
"PLAN-TD-AGRI-NURSERY","TD-AGRI-NURSERY","P2_YELLOW","15_TO_90_DAYS","SL3","DEFERRED_WITHIN_STATED_HORIZON","P2_YELLOW","P2_YELLOW","P2_YELLOW","S2_TRAINED_SUPERVISED","N1|N2|N3_TO_N7","KCAL_NUTRIENTS_PER_PERSON_DAY_YIELD_AREA_AND_LOSS","TBD_PERSON_AND_SITE_PROFILE","TBD_BY_CAPABILITY","TBD","TBD_SITE_AND_IMPLEMENTATION","TBD_BY_SERVICE_LEVEL","UNASSIGNED","UNASSIGNED","NOT_ASSIGNED","TBD","PROVISIONAL_AUTO_REVIEW_REQUIRED","DENY","0.5-draft"
"PLAN-TD-AGRI-GREENHOUSE","TD-AGRI-GREENHOUSE","P2_YELLOW","15_TO_90_DAYS","SL3","DEFERRED_WITHIN_STATED_HORIZON","P2_YELLOW","P2_YELLOW","P2_YELLOW","S2_TRAINED_SUPERVISED","N1|N2|N3_TO_N7","KCAL_NUTRIENTS_PER_PERSON_DAY_YIELD_AREA_AND_LOSS","TBD_PERSON_AND_SITE_PROFILE","TBD_BY_CAPABILITY","TBD","TBD_SITE_AND_IMPLEMENTATION","TBD_BY_SERVICE_LEVEL","UNASSIGNED","UNASSIGNED","NOT_ASSIGNED","TBD","PROVISIONAL_AUTO_REVIEW_REQUIRED","DENY","0.5-draft"
"PLAN-TD-AGRI-IRRIGATION","TD-AGRI-IRRIGATION","P2_YELLOW","15_TO_90_DAYS","SL3","DEFERRED_WITHIN_STATED_HORIZON","P2_YELLOW","P2_YELLOW","P2_YELLOW","S2_TRAINED_SUPERVISED","N1|N2|N3_TO_N7","KCAL_NUTRIENTS_PER_PERSON_DAY_YIELD_AREA_AND_LOSS","TBD_PERSON_AND_SITE_PROFILE","TBD_BY_CAPABILITY","TBD","TBD_SITE_AND_IMPLEMENTATION","TBD_BY_SERVICE_LEVEL","UNASSIGNED","UNASSIGNED","NOT_ASSIGNED","TBD","PROVISIONAL_AUTO_REVIEW_REQUIRED","DENY","0.5-draft"
"PLAN-TD-AGRI-IRRIGATION-UNIFORM","TD-AGRI-IRRIGATION-UNIFORM","P2_YELLOW","15_TO_90_DAYS","SL3","DEFERRED_WITHIN_STATED_HORIZON","P2_YELLOW","P2_YELLOW","P2_YELLOW","S2_TRAINED_SUPERVISED","N1|N2|N3_TO_N7","KCAL_NUTRIENTS_PER_PERSON_DAY_YIELD_AREA_AND_LOSS","TBD_PERSON_AND_SITE_PROFILE","TBD_BY_CAPABILITY","TBD","TBD_SITE_AND_IMPLEMENTATION","TBD_BY_SERVICE_LEVEL","UNASSIGNED","UNASSIGNED","NOT_ASSIGNED","TBD","PROVISIONAL_AUTO_REVIEW_REQUIRED","DENY","0.5-draft"
"PLAN-TD-AGRI-DRAINAGE","TD-AGRI-DRAINAGE","P2_YELLOW","15_TO_90_DAYS","SL3","DEFERRED_WITHIN_STATED_HORIZON","P2_YELLOW","P2_YELLOW","P2_YELLOW","S2_TRAINED_SUPERVISED","N1|N2|N3_TO_N7","KCAL_NUTRIENTS_PER_PERSON_DAY_YIELD_AREA_AND_LOSS","TBD_PERSON_AND_SITE_PROFILE","TBD_BY_CAPABILITY","TBD","TBD_SITE_AND_IMPLEMENTATION","TBD_BY_SERVICE_LEVEL","UNASSIGNED","UNASSIGNED","NOT_ASSIGNED","TBD","PROVISIONAL_AUTO_REVIEW_REQUIRED","DENY","0.5-draft"
"PLAN-TD-AGRI-STAPLES","TD-AGRI-STAPLES","P2_YELLOW","15_TO_90_DAYS","SL3","DEFERRED_WITHIN_STATED_HORIZON","P2_YELLOW","P2_YELLOW","P2_YELLOW","S2_TRAINED_SUPERVISED","N1|N2|N3_TO_N7","KCAL_NUTRIENTS_PER_PERSON_DAY_YIELD_AREA_AND_LOSS","TBD_PERSON_AND_SITE_PROFILE","TBD_BY_CAPABILITY","TBD","TBD_SITE_AND_IMPLEMENTATION","TBD_BY_SERVICE_LEVEL","UNASSIGNED","UNASSIGNED","NOT_ASSIGNED","TBD","PROVISIONAL_AUTO_REVIEW_REQUIRED","DENY","0.5-draft"
"PLAN-TD-AGRI-LEGUMES","TD-AGRI-LEGUMES","P2_YELLOW","15_TO_90_DAYS","SL3","DEFERRED_WITHIN_STATED_HORIZON","P2_YELLOW","P2_YELLOW","P2_YELLOW","S2_TRAINED_SUPERVISED","N1|N2|N3_TO_N7","KCAL_NUTRIENTS_PER_PERSON_DAY_YIELD_AREA_AND_LOSS","TBD_PERSON_AND_SITE_PROFILE","TBD_BY_CAPABILITY","TBD","TBD_SITE_AND_IMPLEMENTATION","TBD_BY_SERVICE_LEVEL","UNASSIGNED","UNASSIGNED","NOT_ASSIGNED","TBD","PROVISIONAL_AUTO_REVIEW_REQUIRED","DENY","0.5-draft"
"PLAN-TD-AGRI-OILSEEDS","TD-AGRI-OILSEEDS","P2_YELLOW","15_TO_90_DAYS","SL3","DEFERRED_WITHIN_STATED_HORIZON","P2_YELLOW","P2_YELLOW","P2_YELLOW","S2_TRAINED_SUPERVISED","N1|N2|N3_TO_N7","KCAL_NUTRIENTS_PER_PERSON_DAY_YIELD_AREA_AND_LOSS","TBD_PERSON_AND_SITE_PROFILE","TBD_BY_CAPABILITY","TBD","TBD_SITE_AND_IMPLEMENTATION","TBD_BY_SERVICE_LEVEL","UNASSIGNED","UNASSIGNED","NOT_ASSIGNED","TBD","PROVISIONAL_AUTO_REVIEW_REQUIRED","DENY","0.5-draft"
"PLAN-TD-AGRI-VEGETABLES","TD-AGRI-VEGETABLES","P2_YELLOW","15_TO_90_DAYS","SL3","DEFERRED_WITHIN_STATED_HORIZON","P2_YELLOW","P2_YELLOW","P2_YELLOW","S2_TRAINED_SUPERVISED","N1|N2|N3_TO_N7","KCAL_NUTRIENTS_PER_PERSON_DAY_YIELD_AREA_AND_LOSS","TBD_PERSON_AND_SITE_PROFILE","TBD_BY_CAPABILITY","TBD","TBD_SITE_AND_IMPLEMENTATION","TBD_BY_SERVICE_LEVEL","UNASSIGNED","UNASSIGNED","NOT_ASSIGNED","TBD","PROVISIONAL_AUTO_REVIEW_REQUIRED","DENY","0.5-draft"
"PLAN-TD-AGRI-PERENNIALS","TD-AGRI-PERENNIALS","P2_YELLOW","15_TO_90_DAYS","SL3","DEFERRED_WITHIN_STATED_HORIZON","P2_YELLOW","P2_YELLOW","P2_YELLOW","S2_TRAINED_SUPERVISED","N1|N2|N3_TO_N7","KCAL_NUTRIENTS_PER_PERSON_DAY_YIELD_AREA_AND_LOSS","TBD_PERSON_AND_SITE_PROFILE","TBD_BY_CAPABILITY","TBD","TBD_SITE_AND_IMPLEMENTATION","TBD_BY_SERVICE_LEVEL","UNASSIGNED","UNASSIGNED","NOT_ASSIGNED","TBD","PROVISIONAL_AUTO_REVIEW_REQUIRED","DENY","0.5-draft"
"PLAN-TD-AGRI-CLONAL","TD-AGRI-CLONAL","P2_YELLOW","15_TO_90_DAYS","SL3","DEFERRED_WITHIN_STATED_HORIZON","P2_YELLOW","P2_YELLOW","P2_YELLOW","S3_LICENSED_PROFESSIONAL","N1|N2|N3_TO_N7","KCAL_NUTRIENTS_PER_PERSON_DAY_YIELD_AREA_AND_LOSS","TBD_PERSON_AND_SITE_PROFILE","TBD_BY_CAPABILITY","TBD","TBD_SITE_AND_IMPLEMENTATION","TBD_BY_SERVICE_LEVEL","UNASSIGNED","UNASSIGNED","NOT_ASSIGNED","TBD","PROVISIONAL_AUTO_REVIEW_REQUIRED","DENY","0.5-draft"
"PLAN-TD-AGRI-POTATO","TD-AGRI-POTATO","P2_YELLOW","15_TO_90_DAYS","SL3","DEFERRED_WITHIN_STATED_HORIZON","P2_YELLOW","P2_YELLOW","P2_YELLOW","S2_TRAINED_SUPERVISED","N1|N2|N3_TO_N7","KCAL_NUTRIENTS_PER_PERSON_DAY_YIELD_AREA_AND_LOSS","TBD_PERSON_AND_SITE_PROFILE","TBD_BY_CAPABILITY","TBD","TBD_SITE_AND_IMPLEMENTATION","TBD_BY_SERVICE_LEVEL","UNASSIGNED","UNASSIGNED","NOT_ASSIGNED","TBD","PROVISIONAL_AUTO_REVIEW_REQUIRED","DENY","0.5-draft"
"PLAN-TD-AGRI-GARLIC","TD-AGRI-GARLIC","P2_YELLOW","15_TO_90_DAYS","SL3","DEFERRED_WITHIN_STATED_HORIZON","P2_YELLOW","P2_YELLOW","P2_YELLOW","S2_TRAINED_SUPERVISED","N1|N2|N3_TO_N7","KCAL_NUTRIENTS_PER_PERSON_DAY_YIELD_AREA_AND_LOSS","TBD_PERSON_AND_SITE_PROFILE","TBD_BY_CAPABILITY","TBD","TBD_SITE_AND_IMPLEMENTATION","TBD_BY_SERVICE_LEVEL","UNASSIGNED","UNASSIGNED","NOT_ASSIGNED","TBD","PROVISIONAL_AUTO_REVIEW_REQUIRED","DENY","0.5-draft"
"PLAN-TD-AGRI-SWEET-POTATO","TD-AGRI-SWEET-POTATO","P2_YELLOW","15_TO_90_DAYS","SL3","DEFERRED_WITHIN_STATED_HORIZON","P2_YELLOW","P2_YELLOW","P2_YELLOW","S2_TRAINED_SUPERVISED","N1|N2|N3_TO_N7","KCAL_NUTRIENTS_PER_PERSON_DAY_YIELD_AREA_AND_LOSS","TBD_PERSON_AND_SITE_PROFILE","TBD_BY_CAPABILITY","TBD","TBD_SITE_AND_IMPLEMENTATION","TBD_BY_SERVICE_LEVEL","UNASSIGNED","UNASSIGNED","NOT_ASSIGNED","TBD","PROVISIONAL_AUTO_REVIEW_REQUIRED","DENY","0.5-draft"
"PLAN-TD-AGRI-VARIETY-STATUS","TD-AGRI-VARIETY-STATUS","P2_YELLOW","15_TO_90_DAYS","SL3","DEFERRED_WITHIN_STATED_HORIZON","P2_YELLOW","P2_YELLOW","P2_YELLOW","S1_LOW_RISK_HOUSEHOLD","N1|N2|N3_TO_N7","KCAL_NUTRIENTS_PER_PERSON_DAY_YIELD_AREA_AND_LOSS","TBD_PERSON_AND_SITE_PROFILE","TBD_BY_CAPABILITY","TBD","TBD_SITE_AND_IMPLEMENTATION","TBD_BY_SERVICE_LEVEL","UNASSIGNED","UNASSIGNED","NOT_ASSIGNED","TBD","PROVISIONAL_AUTO_REVIEW_REQUIRED","DENY","0.5-draft"
"PLAN-TD-AGRI-TWO-LOTS","TD-AGRI-TWO-LOTS","P2_YELLOW","15_TO_90_DAYS","SL3","DEFERRED_WITHIN_STATED_HORIZON","P2_YELLOW","P2_YELLOW","P2_YELLOW","S1_LOW_RISK_HOUSEHOLD","N1|N2|N3_TO_N7","KCAL_NUTRIENTS_PER_PERSON_DAY_YIELD_AREA_AND_LOSS","TBD_PERSON_AND_SITE_PROFILE","TBD_BY_CAPABILITY","TBD","TBD_SITE_AND_IMPLEMENTATION","TBD_BY_SERVICE_LEVEL","UNASSIGNED","UNASSIGNED","NOT_ASSIGNED","TBD","PROVISIONAL_AUTO_REVIEW_REQUIRED","DENY","0.5-draft"
"PLAN-TD-AGRI-OFFSITE","TD-AGRI-OFFSITE","P2_YELLOW","15_TO_90_DAYS","SL3","DEFERRED_WITHIN_STATED_HORIZON","P2_YELLOW","P2_YELLOW","P2_YELLOW","S1_LOW_RISK_HOUSEHOLD","N1|N2|N3_TO_N7","KCAL_NUTRIENTS_PER_PERSON_DAY_YIELD_AREA_AND_LOSS","TBD_PERSON_AND_SITE_PROFILE","TBD_BY_CAPABILITY","TBD","TBD_SITE_AND_IMPLEMENTATION","TBD_BY_SERVICE_LEVEL","UNASSIGNED","UNASSIGNED","NOT_ASSIGNED","TBD","PROVISIONAL_AUTO_REVIEW_REQUIRED","DENY","0.5-draft"
"PLAN-TD-AGRI-SEED-STORAGE","TD-AGRI-SEED-STORAGE","P2_YELLOW","15_TO_90_DAYS","SL3","DEFERRED_WITHIN_STATED_HORIZON","P2_YELLOW","P2_YELLOW","P2_YELLOW","S2_TRAINED_SUPERVISED","N1|N2|N3_TO_N7","KCAL_NUTRIENTS_PER_PERSON_DAY_YIELD_AREA_AND_LOSS","TBD_PERSON_AND_SITE_PROFILE","TBD_BY_CAPABILITY","TBD","TBD_SITE_AND_IMPLEMENTATION","TBD_BY_SERVICE_LEVEL","UNASSIGNED","UNASSIGNED","NOT_ASSIGNED","TBD","PROVISIONAL_AUTO_REVIEW_REQUIRED","DENY","0.5-draft"
"PLAN-TD-AGRI-RESEED","TD-AGRI-RESEED","P2_YELLOW","15_TO_90_DAYS","SL3","DEFERRED_WITHIN_STATED_HORIZON","P2_YELLOW","P2_YELLOW","P2_YELLOW","S1_LOW_RISK_HOUSEHOLD","N1|N2|N3_TO_N7","KCAL_NUTRIENTS_PER_PERSON_DAY_YIELD_AREA_AND_LOSS","TBD_PERSON_AND_SITE_PROFILE","TBD_BY_CAPABILITY","TBD","TBD_SITE_AND_IMPLEMENTATION","TBD_BY_SERVICE_LEVEL","UNASSIGNED","UNASSIGNED","NOT_ASSIGNED","TBD","PROVISIONAL_AUTO_REVIEW_REQUIRED","DENY","0.5-draft"
"PLAN-TD-AGRI-ISOLATION","TD-AGRI-ISOLATION","P2_YELLOW","15_TO_90_DAYS","SL3","DEFERRED_WITHIN_STATED_HORIZON","P2_YELLOW","P2_YELLOW","P2_YELLOW","S2_TRAINED_SUPERVISED","N1|N2|N3_TO_N7","KCAL_NUTRIENTS_PER_PERSON_DAY_YIELD_AREA_AND_LOSS","TBD_PERSON_AND_SITE_PROFILE","TBD_BY_CAPABILITY","TBD","TBD_SITE_AND_IMPLEMENTATION","TBD_BY_SERVICE_LEVEL","UNASSIGNED","UNASSIGNED","NOT_ASSIGNED","TBD","PROVISIONAL_AUTO_REVIEW_REQUIRED","DENY","0.5-draft"
"PLAN-TD-AGRI-POPULATION","TD-AGRI-POPULATION","P2_YELLOW","15_TO_90_DAYS","SL3","DEFERRED_WITHIN_STATED_HORIZON","P2_YELLOW","P2_YELLOW","P2_YELLOW","S2_TRAINED_SUPERVISED","N1|N2|N3_TO_N7","KCAL_NUTRIENTS_PER_PERSON_DAY_YIELD_AREA_AND_LOSS","TBD_PERSON_AND_SITE_PROFILE","TBD_BY_CAPABILITY","TBD","TBD_SITE_AND_IMPLEMENTATION","TBD_BY_SERVICE_LEVEL","UNASSIGNED","UNASSIGNED","NOT_ASSIGNED","TBD","PROVISIONAL_AUTO_REVIEW_REQUIRED","DENY","0.5-draft"
"PLAN-TD-AGRI-POLLINATION","TD-AGRI-POLLINATION","P2_YELLOW","15_TO_90_DAYS","SL3","DEFERRED_WITHIN_STATED_HORIZON","P2_YELLOW","P2_YELLOW","P2_YELLOW","S2_TRAINED_SUPERVISED","N1|N2|N3_TO_N7","KCAL_NUTRIENTS_PER_PERSON_DAY_YIELD_AREA_AND_LOSS","TBD_PERSON_AND_SITE_PROFILE","TBD_BY_CAPABILITY","TBD","TBD_SITE_AND_IMPLEMENTATION","TBD_BY_SERVICE_LEVEL","UNASSIGNED","UNASSIGNED","NOT_ASSIGNED","TBD","PROVISIONAL_AUTO_REVIEW_REQUIRED","DENY","0.5-draft"
"PLAN-TD-AGRI-PURITY","TD-AGRI-PURITY","P2_YELLOW","15_TO_90_DAYS","SL3","DEFERRED_WITHIN_STATED_HORIZON","P2_YELLOW","P2_YELLOW","P2_YELLOW","S2_TRAINED_SUPERVISED","N1|N2|N3_TO_N7","KCAL_NUTRIENTS_PER_PERSON_DAY_YIELD_AREA_AND_LOSS","TBD_PERSON_AND_SITE_PROFILE","TBD_BY_CAPABILITY","TBD","TBD_SITE_AND_IMPLEMENTATION","TBD_BY_SERVICE_LEVEL","UNASSIGNED","UNASSIGNED","NOT_ASSIGNED","TBD","PROVISIONAL_AUTO_REVIEW_REQUIRED","DENY","0.5-draft"
"PLAN-TD-AGRI-QUARANTINE","TD-AGRI-QUARANTINE","P2_YELLOW","15_TO_90_DAYS","SL3","DEFERRED_WITHIN_STATED_HORIZON","P2_YELLOW","P2_YELLOW","P2_YELLOW","S3_LICENSED_PROFESSIONAL","N1|N2|N3_TO_N7","KCAL_NUTRIENTS_PER_PERSON_DAY_YIELD_AREA_AND_LOSS","TBD_PERSON_AND_SITE_PROFILE","TBD_BY_CAPABILITY","TBD","TBD_SITE_AND_IMPLEMENTATION","TBD_BY_SERVICE_LEVEL","UNASSIGNED","UNASSIGNED","NOT_ASSIGNED","TBD","PROVISIONAL_AUTO_REVIEW_REQUIRED","DENY","0.5-draft"
"PLAN-TD-AGRI-IPM","TD-AGRI-IPM","P2_YELLOW","15_TO_90_DAYS","SL3","DEFERRED_WITHIN_STATED_HORIZON","P2_YELLOW","P2_YELLOW","P2_YELLOW","S2_TRAINED_SUPERVISED","N1|N2|N3_TO_N7","KCAL_NUTRIENTS_PER_PERSON_DAY_YIELD_AREA_AND_LOSS","TBD_PERSON_AND_SITE_PROFILE","TBD_BY_CAPABILITY","TBD","TBD_SITE_AND_IMPLEMENTATION","TBD_BY_SERVICE_LEVEL","UNASSIGNED","UNASSIGNED","NOT_ASSIGNED","TBD","PROVISIONAL_AUTO_REVIEW_REQUIRED","DENY","0.5-draft"
"PLAN-TD-AGRI-THRESH","TD-AGRI-THRESH","P2_YELLOW","15_TO_90_DAYS","SL3","DEFERRED_WITHIN_STATED_HORIZON","P2_YELLOW","P2_YELLOW","P2_YELLOW","S2_TRAINED_SUPERVISED","N1|N2|N3_TO_N7","KCAL_NUTRIENTS_PER_PERSON_DAY_YIELD_AREA_AND_LOSS","TBD_PERSON_AND_SITE_PROFILE","TBD_BY_CAPABILITY","TBD","TBD_SITE_AND_IMPLEMENTATION","TBD_BY_SERVICE_LEVEL","UNASSIGNED","UNASSIGNED","NOT_ASSIGNED","TBD","PROVISIONAL_AUTO_REVIEW_REQUIRED","DENY","0.5-draft"
"PLAN-TD-AGRI-CLEAN","TD-AGRI-CLEAN","P2_YELLOW","15_TO_90_DAYS","SL3","DEFERRED_WITHIN_STATED_HORIZON","P2_YELLOW","P2_YELLOW","P2_YELLOW","S2_TRAINED_SUPERVISED","N1|N2|N3_TO_N7","KCAL_NUTRIENTS_PER_PERSON_DAY_YIELD_AREA_AND_LOSS","TBD_PERSON_AND_SITE_PROFILE","TBD_BY_CAPABILITY","TBD","TBD_SITE_AND_IMPLEMENTATION","TBD_BY_SERVICE_LEVEL","UNASSIGNED","UNASSIGNED","NOT_ASSIGNED","TBD","PROVISIONAL_AUTO_REVIEW_REQUIRED","DENY","0.5-draft"
"PLAN-TD-AGRI-DRY","TD-AGRI-DRY","P2_YELLOW","15_TO_90_DAYS","SL3","DEFERRED_WITHIN_STATED_HORIZON","P2_YELLOW","P2_YELLOW","P2_YELLOW","S2_TRAINED_SUPERVISED","N1|N2|N3_TO_N7","KCAL_NUTRIENTS_PER_PERSON_DAY_YIELD_AREA_AND_LOSS","TBD_PERSON_AND_SITE_PROFILE","TBD_BY_CAPABILITY","TBD","TBD_SITE_AND_IMPLEMENTATION","TBD_BY_SERVICE_LEVEL","UNASSIGNED","UNASSIGNED","NOT_ASSIGNED","TBD","PROVISIONAL_AUTO_REVIEW_REQUIRED","DENY","0.5-draft"
"PLAN-TD-AGRI-LOSS","TD-AGRI-LOSS","P2_YELLOW","15_TO_90_DAYS","SL3","DEFERRED_WITHIN_STATED_HORIZON","P2_YELLOW","P2_YELLOW","P2_YELLOW","S1_LOW_RISK_HOUSEHOLD","N1|N2|N3_TO_N7","KCAL_NUTRIENTS_PER_PERSON_DAY_YIELD_AREA_AND_LOSS","TBD_PERSON_AND_SITE_PROFILE","TBD_BY_CAPABILITY","TBD","TBD_SITE_AND_IMPLEMENTATION","TBD_BY_SERVICE_LEVEL","UNASSIGNED","UNASSIGNED","NOT_ASSIGNED","TBD","PROVISIONAL_AUTO_REVIEW_REQUIRED","DENY","0.5-draft"
"PLAN-TD-AGRI-CROP-FAIL","TD-AGRI-CROP-FAIL","P2_YELLOW","15_TO_90_DAYS","SL3","DEFERRED_WITHIN_STATED_HORIZON","P2_YELLOW","P2_YELLOW","P2_YELLOW","S2_TRAINED_SUPERVISED","N1|N2|N3_TO_N7","KCAL_NUTRIENTS_PER_PERSON_DAY_YIELD_AREA_AND_LOSS","TBD_PERSON_AND_SITE_PROFILE","TBD_BY_CAPABILITY","TBD","TBD_SITE_AND_IMPLEMENTATION","TBD_BY_SERVICE_LEVEL","UNASSIGNED","UNASSIGNED","NOT_ASSIGNED","TBD","PROVISIONAL_AUTO_REVIEW_REQUIRED","DENY","0.5-draft"
"PLAN-TD-FERT-CROP-REMOVAL","TD-FERT-CROP-REMOVAL","P2_YELLOW","15_TO_90_DAYS","SL3","DEFERRED_WITHIN_STATED_HORIZON","P2_YELLOW","P2_YELLOW","P2_YELLOW","S2_TRAINED_SUPERVISED","N1|N2|N3_TO_N7","KCAL_NUTRIENTS_PER_PERSON_DAY_YIELD_AREA_AND_LOSS","TBD_PERSON_AND_SITE_PROFILE","TBD_BY_CAPABILITY","TBD","TBD_SITE_AND_IMPLEMENTATION","TBD_BY_SERVICE_LEVEL","UNASSIGNED","UNASSIGNED","NOT_ASSIGNED","TBD","PROVISIONAL_AUTO_REVIEW_REQUIRED","DENY","0.5-draft"
"PLAN-TD-FERT-LEGUMES","TD-FERT-LEGUMES","P2_YELLOW","15_TO_90_DAYS","SL3","DEFERRED_WITHIN_STATED_HORIZON","P2_YELLOW","P2_YELLOW","P2_YELLOW","S2_TRAINED_SUPERVISED","N1|N2|N3_TO_N7","KCAL_NUTRIENTS_PER_PERSON_DAY_YIELD_AREA_AND_LOSS","TBD_PERSON_AND_SITE_PROFILE","TBD_BY_CAPABILITY","TBD","TBD_SITE_AND_IMPLEMENTATION","TBD_BY_SERVICE_LEVEL","UNASSIGNED","UNASSIGNED","NOT_ASSIGNED","TBD","PROVISIONAL_AUTO_REVIEW_REQUIRED","DENY","0.5-draft"
"PLAN-TD-FERT-RESIDUES","TD-FERT-RESIDUES","P2_YELLOW","15_TO_90_DAYS","SL3","DEFERRED_WITHIN_STATED_HORIZON","P2_YELLOW","P2_YELLOW","P2_YELLOW","S2_TRAINED_SUPERVISED","N1|N2|N3_TO_N7","KCAL_NUTRIENTS_PER_PERSON_DAY_YIELD_AREA_AND_LOSS","TBD_PERSON_AND_SITE_PROFILE","TBD_BY_CAPABILITY","TBD","TBD_SITE_AND_IMPLEMENTATION","TBD_BY_SERVICE_LEVEL","UNASSIGNED","UNASSIGNED","NOT_ASSIGNED","TBD","PROVISIONAL_AUTO_REVIEW_REQUIRED","DENY","0.5-draft"
"PLAN-TD-FERT-LABELED","TD-FERT-LABELED","P2_YELLOW","15_TO_90_DAYS","SL3","DEFERRED_WITHIN_STATED_HORIZON","P2_YELLOW","P2_YELLOW","P2_YELLOW","S2_TRAINED_SUPERVISED","N1|N2|N3_TO_N7","KCAL_NUTRIENTS_PER_PERSON_DAY_YIELD_AREA_AND_LOSS","TBD_PERSON_AND_SITE_PROFILE","TBD_BY_CAPABILITY","TBD","TBD_SITE_AND_IMPLEMENTATION","TBD_BY_SERVICE_LEVEL","UNASSIGNED","UNASSIGNED","NOT_ASSIGNED","TBD","PROVISIONAL_AUTO_REVIEW_REQUIRED","DENY","0.5-draft"
"PLAN-TD-FERT-MICRONUTRIENTS","TD-FERT-MICRONUTRIENTS","P2_YELLOW","15_TO_90_DAYS","SL3","DEFERRED_WITHIN_STATED_HORIZON","P2_YELLOW","P2_YELLOW","P2_YELLOW","S3_LICENSED_PROFESSIONAL","N1|N2|N3_TO_N7","KCAL_NUTRIENTS_PER_PERSON_DAY_YIELD_AREA_AND_LOSS","TBD_PERSON_AND_SITE_PROFILE","TBD_BY_CAPABILITY","TBD","TBD_SITE_AND_IMPLEMENTATION","TBD_BY_SERVICE_LEVEL","UNASSIGNED","UNASSIGNED","NOT_ASSIGNED","TBD","PROVISIONAL_AUTO_REVIEW_REQUIRED","DENY","0.5-draft"
"PLAN-TD-FERT-RUNOFF","TD-FERT-RUNOFF","P2_YELLOW","15_TO_90_DAYS","SL3","DEFERRED_WITHIN_STATED_HORIZON","P2_YELLOW","P2_YELLOW","P2_YELLOW","S2_TRAINED_SUPERVISED","N1|N2|N3_TO_N7","KCAL_NUTRIENTS_PER_PERSON_DAY_YIELD_AREA_AND_LOSS","TBD_PERSON_AND_SITE_PROFILE","TBD_BY_CAPABILITY","TBD","TBD_SITE_AND_IMPLEMENTATION","TBD_BY_SERVICE_LEVEL","UNASSIGNED","UNASSIGNED","NOT_ASSIGNED","TBD","PROVISIONAL_AUTO_REVIEW_REQUIRED","DENY","0.5-draft"
"PLAN-TD-FERT-TRACEABILITY","TD-FERT-TRACEABILITY","P2_YELLOW","15_TO_90_DAYS","SL3","DEFERRED_WITHIN_STATED_HORIZON","P2_YELLOW","P2_YELLOW","P2_YELLOW","S1_LOW_RISK_HOUSEHOLD","N1|N2|N3_TO_N7","KCAL_NUTRIENTS_PER_PERSON_DAY_YIELD_AREA_AND_LOSS","TBD_PERSON_AND_SITE_PROFILE","TBD_BY_CAPABILITY","TBD","TBD_SITE_AND_IMPLEMENTATION","TBD_BY_SERVICE_LEVEL","UNASSIGNED","UNASSIGNED","NOT_ASSIGNED","TBD","PROVISIONAL_AUTO_REVIEW_REQUIRED","DENY","0.5-draft"
"PLAN-TD-ANIMALS-WELFARE","TD-ANIMALS-WELFARE","P3_GREEN","3_MONTHS_TO_15_YEARS","SL4","DEFERRED_WITHIN_STATED_HORIZON","P3_GREEN","P3_GREEN","P3_GREEN","S2_TRAINED_SUPERVISED","N1|N2|N3_TO_N7","HEAD_COUNT_FEED_WATER_AREA_AND_HANDLER_HOURS","TBD_PERSON_AND_SITE_PROFILE","TBD_BY_CAPABILITY","TBD","TBD_SITE_AND_IMPLEMENTATION","TBD_BY_SERVICE_LEVEL","UNASSIGNED","UNASSIGNED","NOT_ASSIGNED","TBD","PROVISIONAL_AUTO_REVIEW_REQUIRED","DENY","0.5-draft"
"PLAN-TD-ANIMALS-WATER","TD-ANIMALS-WATER","P3_GREEN","3_MONTHS_TO_15_YEARS","SL4","DEFERRED_WITHIN_STATED_HORIZON","P3_GREEN","P3_GREEN","P3_GREEN","S2_TRAINED_SUPERVISED","N1|N2|N3_TO_N7","HEAD_COUNT_FEED_WATER_AREA_AND_HANDLER_HOURS","TBD_PERSON_AND_SITE_PROFILE","TBD_BY_CAPABILITY","TBD","TBD_SITE_AND_IMPLEMENTATION","TBD_BY_SERVICE_LEVEL","UNASSIGNED","UNASSIGNED","NOT_ASSIGNED","TBD","PROVISIONAL_AUTO_REVIEW_REQUIRED","DENY","0.5-draft"
"PLAN-TD-ANIMALS-FEED","TD-ANIMALS-FEED","P3_GREEN","3_MONTHS_TO_15_YEARS","SL4","DEFERRED_WITHIN_STATED_HORIZON","P3_GREEN","P3_GREEN","P3_GREEN","S2_TRAINED_SUPERVISED","N1|N2|N3_TO_N7","HEAD_COUNT_FEED_WATER_AREA_AND_HANDLER_HOURS","TBD_PERSON_AND_SITE_PROFILE","TBD_BY_CAPABILITY","TBD","TBD_SITE_AND_IMPLEMENTATION","TBD_BY_SERVICE_LEVEL","UNASSIGNED","UNASSIGNED","NOT_ASSIGNED","TBD","PROVISIONAL_AUTO_REVIEW_REQUIRED","DENY","0.5-draft"
"PLAN-TD-ANIMALS-PASTURE","TD-ANIMALS-PASTURE","P3_GREEN","3_MONTHS_TO_15_YEARS","SL4","DEFERRED_WITHIN_STATED_HORIZON","P3_GREEN","P3_GREEN","P3_GREEN","S2_TRAINED_SUPERVISED","N1|N2|N3_TO_N7","HEAD_COUNT_FEED_WATER_AREA_AND_HANDLER_HOURS","TBD_PERSON_AND_SITE_PROFILE","TBD_BY_CAPABILITY","TBD","TBD_SITE_AND_IMPLEMENTATION","TBD_BY_SERVICE_LEVEL","UNASSIGNED","UNASSIGNED","NOT_ASSIGNED","TBD","PROVISIONAL_AUTO_REVIEW_REQUIRED","DENY","0.5-draft"
"PLAN-TD-ANIMALS-SHELTER","TD-ANIMALS-SHELTER","P3_GREEN","3_MONTHS_TO_15_YEARS","SL4","DEFERRED_WITHIN_STATED_HORIZON","P3_GREEN","P3_GREEN","P3_GREEN","S2_TRAINED_SUPERVISED","N1|N2|N3_TO_N7","HEAD_COUNT_FEED_WATER_AREA_AND_HANDLER_HOURS","TBD_PERSON_AND_SITE_PROFILE","TBD_BY_CAPABILITY","TBD","TBD_SITE_AND_IMPLEMENTATION","TBD_BY_SERVICE_LEVEL","UNASSIGNED","UNASSIGNED","NOT_ASSIGNED","TBD","PROVISIONAL_AUTO_REVIEW_REQUIRED","DENY","0.5-draft"
"PLAN-TD-ANIMALS-BIOSECURITY","TD-ANIMALS-BIOSECURITY","P3_GREEN","3_MONTHS_TO_15_YEARS","SL4","DEFERRED_WITHIN_STATED_HORIZON","P3_GREEN","P3_GREEN","P3_GREEN","S3_LICENSED_PROFESSIONAL","N1|N2|N3_TO_N7","HEAD_COUNT_FEED_WATER_AREA_AND_HANDLER_HOURS","TBD_PERSON_AND_SITE_PROFILE","TBD_BY_CAPABILITY","TBD","TBD_SITE_AND_IMPLEMENTATION","TBD_BY_SERVICE_LEVEL","UNASSIGNED","UNASSIGNED","NOT_ASSIGNED","TBD","PROVISIONAL_AUTO_REVIEW_REQUIRED","DENY","0.5-draft"
"PLAN-TD-ANIMALS-BREEDING","TD-ANIMALS-BREEDING","P3_GREEN","3_MONTHS_TO_15_YEARS","SL4","DEFERRED_WITHIN_STATED_HORIZON","P3_GREEN","P3_GREEN","P3_GREEN","S3_LICENSED_PROFESSIONAL","N1|N2|N3_TO_N7","HEAD_COUNT_FEED_WATER_AREA_AND_HANDLER_HOURS","TBD_PERSON_AND_SITE_PROFILE","TBD_BY_CAPABILITY","TBD","TBD_SITE_AND_IMPLEMENTATION","TBD_BY_SERVICE_LEVEL","UNASSIGNED","UNASSIGNED","NOT_ASSIGNED","TBD","PROVISIONAL_AUTO_REVIEW_REQUIRED","DENY","0.5-draft"
"PLAN-TD-ANIMALS-VET","TD-ANIMALS-VET","P3_GREEN","3_MONTHS_TO_15_YEARS","SL4","DEFERRED_WITHIN_STATED_HORIZON","P3_GREEN","P3_GREEN","P3_GREEN","S3_LICENSED_PROFESSIONAL","N1|N2|N3_TO_N7","HEAD_COUNT_FEED_WATER_AREA_AND_HANDLER_HOURS","TBD_PERSON_AND_SITE_PROFILE","TBD_BY_CAPABILITY","TBD","TBD_SITE_AND_IMPLEMENTATION","TBD_BY_SERVICE_LEVEL","UNASSIGNED","UNASSIGNED","NOT_ASSIGNED","TBD","PROVISIONAL_AUTO_REVIEW_REQUIRED","DENY","0.5-draft"
"PLAN-TD-ANIMALS-WASTE","TD-ANIMALS-WASTE","P3_GREEN","3_MONTHS_TO_15_YEARS","SL4","DEFERRED_WITHIN_STATED_HORIZON","P3_GREEN","P3_GREEN","P3_GREEN","S3_LICENSED_PROFESSIONAL","N1|N2|N3_TO_N7","HEAD_COUNT_FEED_WATER_AREA_AND_HANDLER_HOURS","TBD_PERSON_AND_SITE_PROFILE","TBD_BY_CAPABILITY","TBD","TBD_SITE_AND_IMPLEMENTATION","TBD_BY_SERVICE_LEVEL","UNASSIGNED","UNASSIGNED","NOT_ASSIGNED","TBD","PROVISIONAL_AUTO_REVIEW_REQUIRED","DENY","0.5-draft"
"PLAN-TD-ANIMALS-EGGS","TD-ANIMALS-EGGS","P3_GREEN","3_MONTHS_TO_15_YEARS","SL4","DEFERRED_WITHIN_STATED_HORIZON","P3_GREEN","P3_GREEN","P3_GREEN","S2_TRAINED_SUPERVISED","N1|N2|N3_TO_N7","HEAD_COUNT_FEED_WATER_AREA_AND_HANDLER_HOURS","TBD_PERSON_AND_SITE_PROFILE","TBD_BY_CAPABILITY","TBD","TBD_SITE_AND_IMPLEMENTATION","TBD_BY_SERVICE_LEVEL","UNASSIGNED","UNASSIGNED","NOT_ASSIGNED","TBD","PROVISIONAL_AUTO_REVIEW_REQUIRED","DENY","0.5-draft"
"PLAN-TD-ANIMALS-MILK","TD-ANIMALS-MILK","P3_GREEN","3_MONTHS_TO_15_YEARS","SL4","DEFERRED_WITHIN_STATED_HORIZON","P3_GREEN","P3_GREEN","P3_GREEN","S3_LICENSED_PROFESSIONAL","N1|N2|N3_TO_N7","HEAD_COUNT_FEED_WATER_AREA_AND_HANDLER_HOURS","TBD_PERSON_AND_SITE_PROFILE","TBD_BY_CAPABILITY","TBD","TBD_SITE_AND_IMPLEMENTATION","TBD_BY_SERVICE_LEVEL","UNASSIGNED","UNASSIGNED","NOT_ASSIGNED","TBD","PROVISIONAL_AUTO_REVIEW_REQUIRED","DENY","0.5-draft"
"PLAN-TD-ANIMALS-SLAUGHTER","TD-ANIMALS-SLAUGHTER","P0_RED","SECONDS_TO_72_HOURS","SL1","IMMEDIATE_OR_SAFETY_BOUNDARY","P0_RED","P0_RED","P0_RED","S4_REFERENCE_ONLY_PROHIBITED_HOUSEHOLD","N1|N2|N3_TO_N7","HEAD_COUNT_FEED_WATER_AREA_AND_HANDLER_HOURS","TBD_PERSON_AND_SITE_PROFILE","TBD_BY_CAPABILITY","TBD","TBD_SITE_AND_IMPLEMENTATION","TWO_PATHS_OR_EXPLICIT_RESIDUAL_RISK","UNASSIGNED","UNASSIGNED","NOT_ASSIGNED","TBD","PROVISIONAL_AUTO_REVIEW_REQUIRED","DENY","0.5-draft"
"PLAN-TD-ANIMALS-BEES","TD-ANIMALS-BEES","P3_GREEN","3_MONTHS_TO_15_YEARS","SL4","DEFERRED_WITHIN_STATED_HORIZON","P3_GREEN","P3_GREEN","P3_GREEN","S3_LICENSED_PROFESSIONAL","N1|N2|N3_TO_N7","HEAD_COUNT_FEED_WATER_AREA_AND_HANDLER_HOURS","TBD_PERSON_AND_SITE_PROFILE","TBD_BY_CAPABILITY","TBD","TBD_SITE_AND_IMPLEMENTATION","TBD_BY_SERVICE_LEVEL","UNASSIGNED","UNASSIGNED","NOT_ASSIGNED","TBD","PROVISIONAL_AUTO_REVIEW_REQUIRED","DENY","0.5-draft"
"PLAN-TD-ANIMALS-AQUACULTURE","TD-ANIMALS-AQUACULTURE","P3_GREEN","3_MONTHS_TO_15_YEARS","SL4","DEFERRED_WITHIN_STATED_HORIZON","P3_GREEN","P3_GREEN","P3_GREEN","S3_LICENSED_PROFESSIONAL","N1|N2|N3_TO_N7","HEAD_COUNT_FEED_WATER_AREA_AND_HANDLER_HOURS","TBD_PERSON_AND_SITE_PROFILE","TBD_BY_CAPABILITY","TBD","TBD_SITE_AND_IMPLEMENTATION","TBD_BY_SERVICE_LEVEL","UNASSIGNED","UNASSIGNED","NOT_ASSIGNED","TBD","PROVISIONAL_AUTO_REVIEW_REQUIRED","DENY","0.5-draft"
"PLAN-TD-ANIMALS-HANDLER","TD-ANIMALS-HANDLER","P3_GREEN","3_MONTHS_TO_15_YEARS","SL4","DEFERRED_WITHIN_STATED_HORIZON","P3_GREEN","P3_GREEN","P3_GREEN","S2_TRAINED_SUPERVISED","N1|N2|N3_TO_N7","HEAD_COUNT_FEED_WATER_AREA_AND_HANDLER_HOURS","TBD_PERSON_AND_SITE_PROFILE","TBD_BY_CAPABILITY","TBD","TBD_SITE_AND_IMPLEMENTATION","TBD_BY_SERVICE_LEVEL","UNASSIGNED","UNASSIGNED","NOT_ASSIGNED","TBD","PROVISIONAL_AUTO_REVIEW_REQUIRED","DENY","0.5-draft"
"PLAN-TD-ANIMALS","TD-ANIMALS","P3_GREEN","3_MONTHS_TO_15_YEARS","SL4","DEFERRED_WITHIN_STATED_HORIZON","P3_GREEN","P3_GREEN","P3_GREEN","S2_TRAINED_SUPERVISED","N1|N2|N3_TO_N7","HEAD_COUNT_FEED_WATER_AREA_AND_HANDLER_HOURS","TBD_PERSON_AND_SITE_PROFILE","TBD_BY_CAPABILITY","TBD","TBD_SITE_AND_IMPLEMENTATION","TBD_BY_SERVICE_LEVEL","UNASSIGNED","UNASSIGNED","NOT_ASSIGNED","TBD","PROVISIONAL_AUTO_REVIEW_REQUIRED","DENY","0.5-draft"
"PLAN-TD-SHELTER-SHELTER-IN-PLACE","TD-SHELTER-SHELTER-IN-PLACE","P1_ORANGE","3_TO_14_DAYS","SL2","DEFERRED_WITHIN_STATED_HORIZON","P1_ORANGE","P1_ORANGE","P1_ORANGE","S2_TRAINED_SUPERVISED","N1|N2|N3_TO_N7","OCCUPANTS_M2_TEMPERATURE_AIR_AND_EGRESS_TIME","TBD_PERSON_AND_SITE_PROFILE","TBD_BY_CAPABILITY","TBD","TBD_SITE_AND_IMPLEMENTATION","TWO_PATHS_OR_EXPLICIT_RESIDUAL_RISK","UNASSIGNED","UNASSIGNED","NOT_ASSIGNED","TBD","PROVISIONAL_AUTO_REVIEW_REQUIRED","DENY","0.5-draft"
"PLAN-TD-SHELTER-SAFE-ZONE","TD-SHELTER-SAFE-ZONE","P0_RED","SECONDS_TO_72_HOURS","SL1","IMMEDIATE_OR_SAFETY_BOUNDARY","P0_RED","P0_RED","P0_RED","S2_TRAINED_SUPERVISED","N1|N2|N3_TO_N7","OCCUPANTS_M2_TEMPERATURE_AIR_AND_EGRESS_TIME","TBD_PERSON_AND_SITE_PROFILE","TBD_BY_CAPABILITY","TBD","TBD_SITE_AND_IMPLEMENTATION","TWO_PATHS_OR_EXPLICIT_RESIDUAL_RISK","UNASSIGNED","UNASSIGNED","NOT_ASSIGNED","TBD","PROVISIONAL_AUTO_REVIEW_REQUIRED","DENY","0.5-draft"
"PLAN-TD-SHELTER-ACCESSIBLE-EXIT","TD-SHELTER-ACCESSIBLE-EXIT","P0_RED","SECONDS_TO_72_HOURS","SL1","IMMEDIATE_OR_SAFETY_BOUNDARY","P0_RED","P0_RED","P0_RED","S2_TRAINED_SUPERVISED","N1|N2|N3_TO_N7","OCCUPANTS_M2_TEMPERATURE_AIR_AND_EGRESS_TIME","TBD_PERSON_AND_SITE_PROFILE","TBD_BY_CAPABILITY","TBD","TBD_SITE_AND_IMPLEMENTATION","TWO_PATHS_OR_EXPLICIT_RESIDUAL_RISK","UNASSIGNED","UNASSIGNED","NOT_ASSIGNED","TBD","PROVISIONAL_AUTO_REVIEW_REQUIRED","DENY","0.5-draft"
"PLAN-TD-SHELTER-SHUTOFF-WATER","TD-SHELTER-SHUTOFF-WATER","P0_RED","SECONDS_TO_72_HOURS","SL1","IMMEDIATE_OR_SAFETY_BOUNDARY","P0_RED","P0_RED","P0_RED","S2_TRAINED_SUPERVISED","N1|N2|N3_TO_N7","OCCUPANTS_M2_TEMPERATURE_AIR_AND_EGRESS_TIME","TBD_PERSON_AND_SITE_PROFILE","TBD_BY_CAPABILITY","TBD","TBD_SITE_AND_IMPLEMENTATION","TWO_PATHS_OR_EXPLICIT_RESIDUAL_RISK","UNASSIGNED","UNASSIGNED","NOT_ASSIGNED","TBD","PROVISIONAL_AUTO_REVIEW_REQUIRED","DENY","0.5-draft"
"PLAN-TD-SHELTER-SHUTOFF-GAS","TD-SHELTER-SHUTOFF-GAS","P0_RED","SECONDS_TO_72_HOURS","SL1","IMMEDIATE_OR_SAFETY_BOUNDARY","P0_RED","P0_RED","P0_RED","S3_LICENSED_PROFESSIONAL","N1|N2|N3_TO_N7","OCCUPANTS_M2_TEMPERATURE_AIR_AND_EGRESS_TIME","TBD_PERSON_AND_SITE_PROFILE","TBD_BY_CAPABILITY","TBD","TBD_SITE_AND_IMPLEMENTATION","TWO_PATHS_OR_EXPLICIT_RESIDUAL_RISK","UNASSIGNED","UNASSIGNED","NOT_ASSIGNED","TBD","PROVISIONAL_AUTO_REVIEW_REQUIRED","DENY","0.5-draft"
"PLAN-TD-SHELTER-SHUTOFF-ELECTRIC","TD-SHELTER-SHUTOFF-ELECTRIC","P0_RED","SECONDS_TO_72_HOURS","SL1","IMMEDIATE_OR_SAFETY_BOUNDARY","P0_RED","P0_RED","P0_RED","S2_TRAINED_SUPERVISED","N1|N2|N3_TO_N7","OCCUPANTS_M2_TEMPERATURE_AIR_AND_EGRESS_TIME","TBD_PERSON_AND_SITE_PROFILE","TBD_BY_CAPABILITY","TBD","TBD_SITE_AND_IMPLEMENTATION","TWO_PATHS_OR_EXPLICIT_RESIDUAL_RISK","UNASSIGNED","UNASSIGNED","NOT_ASSIGNED","TBD","PROVISIONAL_AUTO_REVIEW_REQUIRED","DENY","0.5-draft"
"PLAN-TD-SHELTER-ALARMS","TD-SHELTER-ALARMS","P0_RED","SECONDS_TO_72_HOURS","SL0","IMMEDIATE_OR_SAFETY_BOUNDARY","P0_RED","P0_RED","P0_RED","S1_LOW_RISK_HOUSEHOLD","N1|N2|N3_TO_N7","OCCUPANTS_M2_TEMPERATURE_AIR_AND_EGRESS_TIME","TBD_PERSON_AND_SITE_PROFILE","TBD_BY_CAPABILITY","TBD","TBD_SITE_AND_IMPLEMENTATION","TWO_PATHS_OR_EXPLICIT_RESIDUAL_RISK","UNASSIGNED","UNASSIGNED","NOT_ASSIGNED","TBD","PROVISIONAL_AUTO_REVIEW_REQUIRED","DENY","0.5-draft"
"PLAN-TD-SHELTER-EXTINGUISHER","TD-SHELTER-EXTINGUISHER","P1_ORANGE","3_TO_14_DAYS","SL2","DEFERRED_WITHIN_STATED_HORIZON","P1_ORANGE","P1_ORANGE","P1_ORANGE","S2_TRAINED_SUPERVISED","N1|N2|N3_TO_N7","OCCUPANTS_M2_TEMPERATURE_AIR_AND_EGRESS_TIME","TBD_PERSON_AND_SITE_PROFILE","TBD_BY_CAPABILITY","TBD","TBD_SITE_AND_IMPLEMENTATION","TWO_PATHS_OR_EXPLICIT_RESIDUAL_RISK","UNASSIGNED","UNASSIGNED","NOT_ASSIGNED","TBD","PROVISIONAL_AUTO_REVIEW_REQUIRED","DENY","0.5-draft"
"PLAN-TD-SHELTER-FIRE-BLANKET","TD-SHELTER-FIRE-BLANKET","P0_RED","SECONDS_TO_72_HOURS","SL1","IMMEDIATE_OR_SAFETY_BOUNDARY","P0_RED","P0_RED","P0_RED","S2_TRAINED_SUPERVISED","N1|N2|N3_TO_N7","OCCUPANTS_M2_TEMPERATURE_AIR_AND_EGRESS_TIME","TBD_PERSON_AND_SITE_PROFILE","TBD_BY_CAPABILITY","TBD","TBD_SITE_AND_IMPLEMENTATION","TWO_PATHS_OR_EXPLICIT_RESIDUAL_RISK","UNASSIGNED","UNASSIGNED","NOT_ASSIGNED","TBD","PROVISIONAL_AUTO_REVIEW_REQUIRED","DENY","0.5-draft"
"PLAN-TD-SHELTER-DARK-EXIT","TD-SHELTER-DARK-EXIT","P0_RED","SECONDS_TO_72_HOURS","SL1","IMMEDIATE_OR_SAFETY_BOUNDARY","P0_RED","P0_RED","P0_RED","S2_TRAINED_SUPERVISED","N1|N2|N3_TO_N7","OCCUPANTS_M2_TEMPERATURE_AIR_AND_EGRESS_TIME","TBD_PERSON_AND_SITE_PROFILE","TBD_BY_CAPABILITY","TBD","TBD_SITE_AND_IMPLEMENTATION","TWO_PATHS_OR_EXPLICIT_RESIDUAL_RISK","UNASSIGNED","UNASSIGNED","NOT_ASSIGNED","TBD","PROVISIONAL_AUTO_REVIEW_REQUIRED","DENY","0.5-draft"
"PLAN-TD-SHELTER-COLLAPSE","TD-SHELTER-COLLAPSE","P0_RED","SECONDS_TO_72_HOURS","SL1","IMMEDIATE_OR_SAFETY_BOUNDARY","P0_RED","P0_RED","P0_RED","S4_REFERENCE_ONLY_PROHIBITED_HOUSEHOLD","N1|N2|N3_TO_N7","OCCUPANTS_M2_TEMPERATURE_AIR_AND_EGRESS_TIME","TBD_PERSON_AND_SITE_PROFILE","TBD_BY_CAPABILITY","TBD","TBD_SITE_AND_IMPLEMENTATION","TWO_PATHS_OR_EXPLICIT_RESIDUAL_RISK","UNASSIGNED","UNASSIGNED","NOT_ASSIGNED","TBD","PROVISIONAL_AUTO_REVIEW_REQUIRED","DENY","0.5-draft"
"PLAN-TD-SHELTER-HEAT-ZONE","TD-SHELTER-HEAT-ZONE","P0_RED","SECONDS_TO_72_HOURS","SL1","IMMEDIATE_OR_SAFETY_BOUNDARY","P0_RED","P0_RED","P0_RED","S1_LOW_RISK_HOUSEHOLD","N1|N2|N3_TO_N7","OCCUPANTS_M2_TEMPERATURE_AIR_AND_EGRESS_TIME","TBD_PERSON_AND_SITE_PROFILE","TBD_BY_CAPABILITY","TBD","TBD_SITE_AND_IMPLEMENTATION","TWO_PATHS_OR_EXPLICIT_RESIDUAL_RISK","UNASSIGNED","UNASSIGNED","NOT_ASSIGNED","TBD","PROVISIONAL_AUTO_REVIEW_REQUIRED","DENY","0.5-draft"
"PLAN-TD-SHELTER-COLD-ZONE","TD-SHELTER-COLD-ZONE","P0_RED","SECONDS_TO_72_HOURS","SL1","IMMEDIATE_OR_SAFETY_BOUNDARY","P0_RED","P0_RED","P0_RED","S2_TRAINED_SUPERVISED","N1|N2|N3_TO_N7","OCCUPANTS_M2_TEMPERATURE_AIR_AND_EGRESS_TIME","TBD_PERSON_AND_SITE_PROFILE","TBD_BY_CAPABILITY","TBD","TBD_SITE_AND_IMPLEMENTATION","TWO_PATHS_OR_EXPLICIT_RESIDUAL_RISK","UNASSIGNED","UNASSIGNED","NOT_ASSIGNED","TBD","PROVISIONAL_AUTO_REVIEW_REQUIRED","DENY","0.5-draft"
"PLAN-TD-SHELTER-COMBUSTION-AIR","TD-SHELTER-COMBUSTION-AIR","P1_ORANGE","3_TO_14_DAYS","SL2","DEFERRED_WITHIN_STATED_HORIZON","P1_ORANGE","P1_ORANGE","P1_ORANGE","S3_LICENSED_PROFESSIONAL","N1|N2|N3_TO_N7","OCCUPANTS_M2_TEMPERATURE_AIR_AND_EGRESS_TIME","TBD_PERSON_AND_SITE_PROFILE","TBD_BY_CAPABILITY","TBD","TBD_SITE_AND_IMPLEMENTATION","TWO_PATHS_OR_EXPLICIT_RESIDUAL_RISK","UNASSIGNED","UNASSIGNED","NOT_ASSIGNED","TBD","PROVISIONAL_AUTO_REVIEW_REQUIRED","DENY","0.5-draft"
"PLAN-TD-SHELTER-LIGHT","TD-SHELTER-LIGHT","P0_RED","SECONDS_TO_72_HOURS","SL1","IMMEDIATE_OR_SAFETY_BOUNDARY","P0_RED","P0_RED","P0_RED","S1_LOW_RISK_HOUSEHOLD","N1|N2|N3_TO_N7","OCCUPANTS_M2_TEMPERATURE_AIR_AND_EGRESS_TIME","TBD_PERSON_AND_SITE_PROFILE","TBD_BY_CAPABILITY","TBD","TBD_SITE_AND_IMPLEMENTATION","TWO_PATHS_OR_EXPLICIT_RESIDUAL_RISK","UNASSIGNED","UNASSIGNED","NOT_ASSIGNED","TBD","PROVISIONAL_AUTO_REVIEW_REQUIRED","DENY","0.5-draft"
"PLAN-TD-SHELTER-DEPENDENTS","TD-SHELTER-DEPENDENTS","P0_RED","SECONDS_TO_72_HOURS","SL1","IMMEDIATE_OR_SAFETY_BOUNDARY","P0_RED","P0_RED","P0_RED","S2_TRAINED_SUPERVISED","N1|N2|N3_TO_N7","OCCUPANTS_M2_TEMPERATURE_AIR_AND_EGRESS_TIME","TBD_PERSON_AND_SITE_PROFILE","TBD_BY_CAPABILITY","TBD","TBD_SITE_AND_IMPLEMENTATION","TWO_PATHS_OR_EXPLICIT_RESIDUAL_RISK","UNASSIGNED","UNASSIGNED","NOT_ASSIGNED","TBD","PROVISIONAL_AUTO_REVIEW_REQUIRED","DENY","0.5-draft"
"PLAN-TD-SHELTER-KITCHEN","TD-SHELTER-KITCHEN","P1_ORANGE","3_TO_14_DAYS","SL2","DEFERRED_WITHIN_STATED_HORIZON","P1_ORANGE","P1_ORANGE","P1_ORANGE","S2_TRAINED_SUPERVISED","N1|N2|N3_TO_N7","OCCUPANTS_M2_TEMPERATURE_AIR_AND_EGRESS_TIME","TBD_PERSON_AND_SITE_PROFILE","TBD_BY_CAPABILITY","TBD","TBD_SITE_AND_IMPLEMENTATION","TWO_PATHS_OR_EXPLICIT_RESIDUAL_RISK","UNASSIGNED","UNASSIGNED","NOT_ASSIGNED","TBD","PROVISIONAL_AUTO_REVIEW_REQUIRED","DENY","0.5-draft"
"PLAN-TD-SHELTER-PESTS","TD-SHELTER-PESTS","P1_ORANGE","3_TO_14_DAYS","SL2","DEFERRED_WITHIN_STATED_HORIZON","P1_ORANGE","P1_ORANGE","P1_ORANGE","S2_TRAINED_SUPERVISED","N1|N2|N3_TO_N7","OCCUPANTS_M2_TEMPERATURE_AIR_AND_EGRESS_TIME","TBD_PERSON_AND_SITE_PROFILE","TBD_BY_CAPABILITY","TBD","TBD_SITE_AND_IMPLEMENTATION","TWO_PATHS_OR_EXPLICIT_RESIDUAL_RISK","UNASSIGNED","UNASSIGNED","NOT_ASSIGNED","TBD","PROVISIONAL_AUTO_REVIEW_REQUIRED","DENY","0.5-draft"
"PLAN-TD-CONSTRUCTION-SITE","TD-CONSTRUCTION-SITE","P3_GREEN","3_MONTHS_TO_15_YEARS","SL5","DEFERRED_WITHIN_STATED_HORIZON","P3_GREEN","P3_GREEN","P3_GREEN","S3_LICENSED_PROFESSIONAL","N1|N2|N3_TO_N7","AREA_LOAD_WEATHER_WINDOW_LABOR_AND_INSPECTION","TBD_PERSON_AND_SITE_PROFILE","TBD_BY_CAPABILITY","TBD","TBD_SITE_AND_IMPLEMENTATION","TBD_BY_SERVICE_LEVEL","UNASSIGNED","UNASSIGNED","NOT_ASSIGNED","TBD","PROVISIONAL_AUTO_REVIEW_REQUIRED","DENY","0.5-draft"
"PLAN-TD-CONSTRUCTION-EARTHWORKS","TD-CONSTRUCTION-EARTHWORKS","P0_RED","SECONDS_TO_72_HOURS","SL1","IMMEDIATE_OR_SAFETY_BOUNDARY","P0_RED","P0_RED","P0_RED","S4_REFERENCE_ONLY_PROHIBITED_HOUSEHOLD","N1|N2|N3_TO_N7","AREA_LOAD_WEATHER_WINDOW_LABOR_AND_INSPECTION","TBD_PERSON_AND_SITE_PROFILE","TBD_BY_CAPABILITY","TBD","TBD_SITE_AND_IMPLEMENTATION","TWO_PATHS_OR_EXPLICIT_RESIDUAL_RISK","UNASSIGNED","UNASSIGNED","NOT_ASSIGNED","TBD","PROVISIONAL_AUTO_REVIEW_REQUIRED","DENY","0.5-draft"
"PLAN-TD-CONSTRUCTION-FOUNDATION","TD-CONSTRUCTION-FOUNDATION","P0_RED","SECONDS_TO_72_HOURS","SL1","IMMEDIATE_OR_SAFETY_BOUNDARY","P0_RED","P0_RED","P0_RED","S4_REFERENCE_ONLY_PROHIBITED_HOUSEHOLD","N1|N2|N3_TO_N7","AREA_LOAD_WEATHER_WINDOW_LABOR_AND_INSPECTION","TBD_PERSON_AND_SITE_PROFILE","TBD_BY_CAPABILITY","TBD","TBD_SITE_AND_IMPLEMENTATION","TWO_PATHS_OR_EXPLICIT_RESIDUAL_RISK","UNASSIGNED","UNASSIGNED","NOT_ASSIGNED","TBD","PROVISIONAL_AUTO_REVIEW_REQUIRED","DENY","0.5-draft"
"PLAN-TD-CONSTRUCTION-FRAME","TD-CONSTRUCTION-FRAME","P0_RED","SECONDS_TO_72_HOURS","SL1","IMMEDIATE_OR_SAFETY_BOUNDARY","P0_RED","P0_RED","P0_RED","S4_REFERENCE_ONLY_PROHIBITED_HOUSEHOLD","N1|N2|N3_TO_N7","AREA_LOAD_WEATHER_WINDOW_LABOR_AND_INSPECTION","TBD_PERSON_AND_SITE_PROFILE","TBD_BY_CAPABILITY","TBD","TBD_SITE_AND_IMPLEMENTATION","TWO_PATHS_OR_EXPLICIT_RESIDUAL_RISK","UNASSIGNED","UNASSIGNED","NOT_ASSIGNED","TBD","PROVISIONAL_AUTO_REVIEW_REQUIRED","DENY","0.5-draft"
"PLAN-TD-CONSTRUCTION-WALLS","TD-CONSTRUCTION-WALLS","P3_GREEN","3_MONTHS_TO_15_YEARS","SL5","DEFERRED_WITHIN_STATED_HORIZON","P3_GREEN","P3_GREEN","P3_GREEN","S3_LICENSED_PROFESSIONAL","N1|N2|N3_TO_N7","AREA_LOAD_WEATHER_WINDOW_LABOR_AND_INSPECTION","TBD_PERSON_AND_SITE_PROFILE","TBD_BY_CAPABILITY","TBD","TBD_SITE_AND_IMPLEMENTATION","TBD_BY_SERVICE_LEVEL","UNASSIGNED","UNASSIGNED","NOT_ASSIGNED","TBD","PROVISIONAL_AUTO_REVIEW_REQUIRED","DENY","0.5-draft"
"PLAN-TD-CONSTRUCTION-FLOORS","TD-CONSTRUCTION-FLOORS","P3_GREEN","3_MONTHS_TO_15_YEARS","SL5","DEFERRED_WITHIN_STATED_HORIZON","P3_GREEN","P3_GREEN","P3_GREEN","S3_LICENSED_PROFESSIONAL","N1|N2|N3_TO_N7","AREA_LOAD_WEATHER_WINDOW_LABOR_AND_INSPECTION","TBD_PERSON_AND_SITE_PROFILE","TBD_BY_CAPABILITY","TBD","TBD_SITE_AND_IMPLEMENTATION","TBD_BY_SERVICE_LEVEL","UNASSIGNED","UNASSIGNED","NOT_ASSIGNED","TBD","PROVISIONAL_AUTO_REVIEW_REQUIRED","DENY","0.5-draft"
"PLAN-TD-CONSTRUCTION-ROOF","TD-CONSTRUCTION-ROOF","P0_RED","SECONDS_TO_72_HOURS","SL1","IMMEDIATE_OR_SAFETY_BOUNDARY","P0_RED","P0_RED","P0_RED","S4_REFERENCE_ONLY_PROHIBITED_HOUSEHOLD","N1|N2|N3_TO_N7","AREA_LOAD_WEATHER_WINDOW_LABOR_AND_INSPECTION","TBD_PERSON_AND_SITE_PROFILE","TBD_BY_CAPABILITY","TBD","TBD_SITE_AND_IMPLEMENTATION","TWO_PATHS_OR_EXPLICIT_RESIDUAL_RISK","UNASSIGNED","UNASSIGNED","NOT_ASSIGNED","TBD","PROVISIONAL_AUTO_REVIEW_REQUIRED","DENY","0.5-draft"
"PLAN-TD-CONSTRUCTION-WEATHER","TD-CONSTRUCTION-WEATHER","P3_GREEN","3_MONTHS_TO_15_YEARS","SL5","DEFERRED_WITHIN_STATED_HORIZON","P3_GREEN","P3_GREEN","P3_GREEN","S3_LICENSED_PROFESSIONAL","N1|N2|N3_TO_N7","AREA_LOAD_WEATHER_WINDOW_LABOR_AND_INSPECTION","TBD_PERSON_AND_SITE_PROFILE","TBD_BY_CAPABILITY","TBD","TBD_SITE_AND_IMPLEMENTATION","TBD_BY_SERVICE_LEVEL","UNASSIGNED","UNASSIGNED","NOT_ASSIGNED","TBD","PROVISIONAL_AUTO_REVIEW_REQUIRED","DENY","0.5-draft"
"PLAN-TD-CONSTRUCTION-WINDOWS","TD-CONSTRUCTION-WINDOWS","P3_GREEN","3_MONTHS_TO_15_YEARS","SL5","DEFERRED_WITHIN_STATED_HORIZON","P3_GREEN","P3_GREEN","P3_GREEN","S3_LICENSED_PROFESSIONAL","N1|N2|N3_TO_N7","AREA_LOAD_WEATHER_WINDOW_LABOR_AND_INSPECTION","TBD_PERSON_AND_SITE_PROFILE","TBD_BY_CAPABILITY","TBD","TBD_SITE_AND_IMPLEMENTATION","TBD_BY_SERVICE_LEVEL","UNASSIGNED","UNASSIGNED","NOT_ASSIGNED","TBD","PROVISIONAL_AUTO_REVIEW_REQUIRED","DENY","0.5-draft"
"PLAN-TD-CONSTRUCTION-DOORS","TD-CONSTRUCTION-DOORS","P3_GREEN","3_MONTHS_TO_15_YEARS","SL5","DEFERRED_WITHIN_STATED_HORIZON","P3_GREEN","P3_GREEN","P3_GREEN","S3_LICENSED_PROFESSIONAL","N1|N2|N3_TO_N7","AREA_LOAD_WEATHER_WINDOW_LABOR_AND_INSPECTION","TBD_PERSON_AND_SITE_PROFILE","TBD_BY_CAPABILITY","TBD","TBD_SITE_AND_IMPLEMENTATION","TBD_BY_SERVICE_LEVEL","UNASSIGNED","UNASSIGNED","NOT_ASSIGNED","TBD","PROVISIONAL_AUTO_REVIEW_REQUIRED","DENY","0.5-draft"
"PLAN-TD-CONSTRUCTION-INSULATION","TD-CONSTRUCTION-INSULATION","P3_GREEN","3_MONTHS_TO_15_YEARS","SL5","DEFERRED_WITHIN_STATED_HORIZON","P3_GREEN","P3_GREEN","P3_GREEN","S3_LICENSED_PROFESSIONAL","N1|N2|N3_TO_N7","AREA_LOAD_WEATHER_WINDOW_LABOR_AND_INSPECTION","TBD_PERSON_AND_SITE_PROFILE","TBD_BY_CAPABILITY","TBD","TBD_SITE_AND_IMPLEMENTATION","TBD_BY_SERVICE_LEVEL","UNASSIGNED","UNASSIGNED","NOT_ASSIGNED","TBD","PROVISIONAL_AUTO_REVIEW_REQUIRED","DENY","0.5-draft"
"PLAN-TD-CONSTRUCTION-MOISTURE","TD-CONSTRUCTION-MOISTURE","P3_GREEN","3_MONTHS_TO_15_YEARS","SL5","DEFERRED_WITHIN_STATED_HORIZON","P3_GREEN","P3_GREEN","P3_GREEN","S3_LICENSED_PROFESSIONAL","N1|N2|N3_TO_N7","AREA_LOAD_WEATHER_WINDOW_LABOR_AND_INSPECTION","TBD_PERSON_AND_SITE_PROFILE","TBD_BY_CAPABILITY","TBD","TBD_SITE_AND_IMPLEMENTATION","TBD_BY_SERVICE_LEVEL","UNASSIGNED","UNASSIGNED","NOT_ASSIGNED","TBD","PROVISIONAL_AUTO_REVIEW_REQUIRED","DENY","0.5-draft"
"PLAN-TD-CONSTRUCTION-PLUMBING","TD-CONSTRUCTION-PLUMBING","P3_GREEN","3_MONTHS_TO_15_YEARS","SL5","DEFERRED_WITHIN_STATED_HORIZON","P3_GREEN","P3_GREEN","P3_GREEN","S3_LICENSED_PROFESSIONAL","N1|N2|N3_TO_N7","AREA_LOAD_WEATHER_WINDOW_LABOR_AND_INSPECTION","TBD_PERSON_AND_SITE_PROFILE","TBD_BY_CAPABILITY","TBD","TBD_SITE_AND_IMPLEMENTATION","TBD_BY_SERVICE_LEVEL","UNASSIGNED","UNASSIGNED","NOT_ASSIGNED","TBD","PROVISIONAL_AUTO_REVIEW_REQUIRED","DENY","0.5-draft"
"PLAN-TD-CONSTRUCTION-SANITATION","TD-CONSTRUCTION-SANITATION","P0_RED","SECONDS_TO_72_HOURS","SL1","IMMEDIATE_OR_SAFETY_BOUNDARY","P0_RED","P0_RED","P0_RED","S4_REFERENCE_ONLY_PROHIBITED_HOUSEHOLD","N1|N2|N3_TO_N7","AREA_LOAD_WEATHER_WINDOW_LABOR_AND_INSPECTION","TBD_PERSON_AND_SITE_PROFILE","TBD_BY_CAPABILITY","TBD","TBD_SITE_AND_IMPLEMENTATION","TWO_PATHS_OR_EXPLICIT_RESIDUAL_RISK","UNASSIGNED","UNASSIGNED","NOT_ASSIGNED","TBD","PROVISIONAL_AUTO_REVIEW_REQUIRED","DENY","0.5-draft"
"PLAN-TD-CONSTRUCTION-ELECTRICAL","TD-CONSTRUCTION-ELECTRICAL","P0_RED","SECONDS_TO_72_HOURS","SL1","IMMEDIATE_OR_SAFETY_BOUNDARY","P0_RED","P0_RED","P0_RED","S4_REFERENCE_ONLY_PROHIBITED_HOUSEHOLD","N1|N2|N3_TO_N7","AREA_LOAD_WEATHER_WINDOW_LABOR_AND_INSPECTION","TBD_PERSON_AND_SITE_PROFILE","TBD_BY_CAPABILITY","TBD","TBD_SITE_AND_IMPLEMENTATION","TWO_PATHS_OR_EXPLICIT_RESIDUAL_RISK","UNASSIGNED","UNASSIGNED","NOT_ASSIGNED","TBD","PROVISIONAL_AUTO_REVIEW_REQUIRED","DENY","0.5-draft"
"PLAN-TD-CONSTRUCTION-VENTILATION","TD-CONSTRUCTION-VENTILATION","P3_GREEN","3_MONTHS_TO_15_YEARS","SL5","DEFERRED_WITHIN_STATED_HORIZON","P3_GREEN","P3_GREEN","P3_GREEN","S3_LICENSED_PROFESSIONAL","N1|N2|N3_TO_N7","AREA_LOAD_WEATHER_WINDOW_LABOR_AND_INSPECTION","TBD_PERSON_AND_SITE_PROFILE","TBD_BY_CAPABILITY","TBD","TBD_SITE_AND_IMPLEMENTATION","TBD_BY_SERVICE_LEVEL","UNASSIGNED","UNASSIGNED","NOT_ASSIGNED","TBD","PROVISIONAL_AUTO_REVIEW_REQUIRED","DENY","0.5-draft"
"PLAN-TD-CONSTRUCTION-HVAC","TD-CONSTRUCTION-HVAC","P3_GREEN","3_MONTHS_TO_15_YEARS","SL5","DEFERRED_WITHIN_STATED_HORIZON","P3_GREEN","P3_GREEN","P3_GREEN","S3_LICENSED_PROFESSIONAL","N1|N2|N3_TO_N7","AREA_LOAD_WEATHER_WINDOW_LABOR_AND_INSPECTION","TBD_PERSON_AND_SITE_PROFILE","TBD_BY_CAPABILITY","TBD","TBD_SITE_AND_IMPLEMENTATION","TBD_BY_SERVICE_LEVEL","UNASSIGNED","UNASSIGNED","NOT_ASSIGNED","TBD","PROVISIONAL_AUTO_REVIEW_REQUIRED","DENY","0.5-draft"
"PLAN-TD-CONSTRUCTION-FIRE","TD-CONSTRUCTION-FIRE","P0_RED","SECONDS_TO_72_HOURS","SL1","IMMEDIATE_OR_SAFETY_BOUNDARY","P0_RED","P0_RED","P0_RED","S4_REFERENCE_ONLY_PROHIBITED_HOUSEHOLD","N1|N2|N3_TO_N7","AREA_LOAD_WEATHER_WINDOW_LABOR_AND_INSPECTION","TBD_PERSON_AND_SITE_PROFILE","TBD_BY_CAPABILITY","TBD","TBD_SITE_AND_IMPLEMENTATION","TWO_PATHS_OR_EXPLICIT_RESIDUAL_RISK","UNASSIGNED","UNASSIGNED","NOT_ASSIGNED","TBD","PROVISIONAL_AUTO_REVIEW_REQUIRED","DENY","0.5-draft"
"PLAN-TD-CONSTRUCTION-SEISMIC","TD-CONSTRUCTION-SEISMIC","P0_RED","SECONDS_TO_72_HOURS","SL1","IMMEDIATE_OR_SAFETY_BOUNDARY","P0_RED","P0_RED","P0_RED","S4_REFERENCE_ONLY_PROHIBITED_HOUSEHOLD","N1|N2|N3_TO_N7","AREA_LOAD_WEATHER_WINDOW_LABOR_AND_INSPECTION","TBD_PERSON_AND_SITE_PROFILE","TBD_BY_CAPABILITY","TBD","TBD_SITE_AND_IMPLEMENTATION","TWO_PATHS_OR_EXPLICIT_RESIDUAL_RISK","UNASSIGNED","UNASSIGNED","NOT_ASSIGNED","TBD","PROVISIONAL_AUTO_REVIEW_REQUIRED","DENY","0.5-draft"
"PLAN-TD-CONSTRUCTION-WIND","TD-CONSTRUCTION-WIND","P0_RED","SECONDS_TO_72_HOURS","SL1","IMMEDIATE_OR_SAFETY_BOUNDARY","P0_RED","P0_RED","P0_RED","S4_REFERENCE_ONLY_PROHIBITED_HOUSEHOLD","N1|N2|N3_TO_N7","AREA_LOAD_WEATHER_WINDOW_LABOR_AND_INSPECTION","TBD_PERSON_AND_SITE_PROFILE","TBD_BY_CAPABILITY","TBD","TBD_SITE_AND_IMPLEMENTATION","TWO_PATHS_OR_EXPLICIT_RESIDUAL_RISK","UNASSIGNED","UNASSIGNED","NOT_ASSIGNED","TBD","PROVISIONAL_AUTO_REVIEW_REQUIRED","DENY","0.5-draft"
"PLAN-TD-CONSTRUCTION-FLOOD","TD-CONSTRUCTION-FLOOD","P3_GREEN","3_MONTHS_TO_15_YEARS","SL5","DEFERRED_WITHIN_STATED_HORIZON","P3_GREEN","P3_GREEN","P3_GREEN","S3_LICENSED_PROFESSIONAL","N1|N2|N3_TO_N7","AREA_LOAD_WEATHER_WINDOW_LABOR_AND_INSPECTION","TBD_PERSON_AND_SITE_PROFILE","TBD_BY_CAPABILITY","TBD","TBD_SITE_AND_IMPLEMENTATION","TBD_BY_SERVICE_LEVEL","UNASSIGNED","UNASSIGNED","NOT_ASSIGNED","TBD","PROVISIONAL_AUTO_REVIEW_REQUIRED","DENY","0.5-draft"
"PLAN-TD-CONSTRUCTION-WILDFIRE","TD-CONSTRUCTION-WILDFIRE","P3_GREEN","3_MONTHS_TO_15_YEARS","SL5","DEFERRED_WITHIN_STATED_HORIZON","P3_GREEN","P3_GREEN","P3_GREEN","S3_LICENSED_PROFESSIONAL","N1|N2|N3_TO_N7","AREA_LOAD_WEATHER_WINDOW_LABOR_AND_INSPECTION","TBD_PERSON_AND_SITE_PROFILE","TBD_BY_CAPABILITY","TBD","TBD_SITE_AND_IMPLEMENTATION","TBD_BY_SERVICE_LEVEL","UNASSIGNED","UNASSIGNED","NOT_ASSIGNED","TBD","PROVISIONAL_AUTO_REVIEW_REQUIRED","DENY","0.5-draft"
"PLAN-TD-CONSTRUCTION-ACCESS","TD-CONSTRUCTION-ACCESS","P3_GREEN","3_MONTHS_TO_15_YEARS","SL5","DEFERRED_WITHIN_STATED_HORIZON","P3_GREEN","P3_GREEN","P3_GREEN","S3_LICENSED_PROFESSIONAL","N1|N2|N3_TO_N7","AREA_LOAD_WEATHER_WINDOW_LABOR_AND_INSPECTION","TBD_PERSON_AND_SITE_PROFILE","TBD_BY_CAPABILITY","TBD","TBD_SITE_AND_IMPLEMENTATION","TBD_BY_SERVICE_LEVEL","UNASSIGNED","UNASSIGNED","NOT_ASSIGNED","TBD","PROVISIONAL_AUTO_REVIEW_REQUIRED","DENY","0.5-draft"
"PLAN-TD-CONSTRUCTION-TEMP","TD-CONSTRUCTION-TEMP","P3_GREEN","3_MONTHS_TO_15_YEARS","SL5","DEFERRED_WITHIN_STATED_HORIZON","P3_GREEN","P3_GREEN","P3_GREEN","S3_LICENSED_PROFESSIONAL","N1|N2|N3_TO_N7","AREA_LOAD_WEATHER_WINDOW_LABOR_AND_INSPECTION","TBD_PERSON_AND_SITE_PROFILE","TBD_BY_CAPABILITY","TBD","TBD_SITE_AND_IMPLEMENTATION","TBD_BY_SERVICE_LEVEL","UNASSIGNED","UNASSIGNED","NOT_ASSIGNED","TBD","PROVISIONAL_AUTO_REVIEW_REQUIRED","DENY","0.5-draft"
"PLAN-TD-CONSTRUCTION-PERMITS","TD-CONSTRUCTION-PERMITS","P3_GREEN","3_MONTHS_TO_15_YEARS","SL5","DEFERRED_WITHIN_STATED_HORIZON","P3_GREEN","P3_GREEN","P3_GREEN","S0_OBSERVE_READ","N1|N2|N3_TO_N7","AREA_LOAD_WEATHER_WINDOW_LABOR_AND_INSPECTION","TBD_PERSON_AND_SITE_PROFILE","TBD_BY_CAPABILITY","TBD","TBD_SITE_AND_IMPLEMENTATION","TBD_BY_SERVICE_LEVEL","UNASSIGNED","UNASSIGNED","NOT_ASSIGNED","TBD","PROVISIONAL_AUTO_REVIEW_REQUIRED","DENY","0.5-draft"
"PLAN-TD-CONSTRUCTION-INSPECTION","TD-CONSTRUCTION-INSPECTION","P3_GREEN","3_MONTHS_TO_15_YEARS","SL5","DEFERRED_WITHIN_STATED_HORIZON","P3_GREEN","P3_GREEN","P3_GREEN","S3_LICENSED_PROFESSIONAL","N1|N2|N3_TO_N7","AREA_LOAD_WEATHER_WINDOW_LABOR_AND_INSPECTION","TBD_PERSON_AND_SITE_PROFILE","TBD_BY_CAPABILITY","TBD","TBD_SITE_AND_IMPLEMENTATION","TBD_BY_SERVICE_LEVEL","UNASSIGNED","UNASSIGNED","NOT_ASSIGNED","TBD","PROVISIONAL_AUTO_REVIEW_REQUIRED","DENY","0.5-draft"
"PLAN-TD-CONSTRUCTION-AS-BUILT","TD-CONSTRUCTION-AS-BUILT","P3_GREEN","3_MONTHS_TO_15_YEARS","SL5","DEFERRED_WITHIN_STATED_HORIZON","P3_GREEN","P3_GREEN","P3_GREEN","S2_TRAINED_SUPERVISED","N1|N2|N3_TO_N7","AREA_LOAD_WEATHER_WINDOW_LABOR_AND_INSPECTION","TBD_PERSON_AND_SITE_PROFILE","TBD_BY_CAPABILITY","TBD","TBD_SITE_AND_IMPLEMENTATION","TBD_BY_SERVICE_LEVEL","UNASSIGNED","UNASSIGNED","NOT_ASSIGNED","TBD","PROVISIONAL_AUTO_REVIEW_REQUIRED","DENY","0.5-draft"
"PLAN-TD-CONSTRUCTION","TD-CONSTRUCTION","P3_GREEN","3_MONTHS_TO_15_YEARS","SL5","DEFERRED_WITHIN_STATED_HORIZON","P3_GREEN","P3_GREEN","P3_GREEN","S3_LICENSED_PROFESSIONAL","N1|N2|N3_TO_N7","AREA_LOAD_WEATHER_WINDOW_LABOR_AND_INSPECTION","TBD_PERSON_AND_SITE_PROFILE","TBD_BY_CAPABILITY","TBD","TBD_SITE_AND_IMPLEMENTATION","TBD_BY_SERVICE_LEVEL","UNASSIGNED","UNASSIGNED","NOT_ASSIGNED","TBD","PROVISIONAL_AUTO_REVIEW_REQUIRED","DENY","0.5-draft"
"PLAN-TD-ENERGY-LIGHT","TD-ENERGY-LIGHT","P0_RED","SECONDS_TO_72_HOURS","SL1","IMMEDIATE_OR_SAFETY_BOUNDARY","P0_RED","P0_RED","P0_RED","S1_LOW_RISK_HOUSEHOLD","N1|N2|N3_TO_N7","WH_PER_DAY_PEAK_W_AUTONOMY_AND_RECHARGE_TIME","TBD_PERSON_AND_SITE_PROFILE","TBD_BY_CAPABILITY","TBD","TBD_SITE_AND_IMPLEMENTATION","TWO_PATHS_OR_EXPLICIT_RESIDUAL_RISK","UNASSIGNED","UNASSIGNED","NOT_ASSIGNED","TBD","PROVISIONAL_AUTO_REVIEW_REQUIRED","DENY","0.5-draft"
"PLAN-TD-ENERGY-COMMS","TD-ENERGY-COMMS","P0_RED","SECONDS_TO_72_HOURS","SL1","IMMEDIATE_OR_SAFETY_BOUNDARY","P0_RED","P0_RED","P0_RED","S1_LOW_RISK_HOUSEHOLD","N1|N2|N3_TO_N7","WH_PER_DAY_PEAK_W_AUTONOMY_AND_RECHARGE_TIME","TBD_PERSON_AND_SITE_PROFILE","TBD_BY_CAPABILITY","TBD","TBD_SITE_AND_IMPLEMENTATION","TWO_PATHS_OR_EXPLICIT_RESIDUAL_RISK","UNASSIGNED","UNASSIGNED","NOT_ASSIGNED","TBD","PROVISIONAL_AUTO_REVIEW_REQUIRED","DENY","0.5-draft"
"PLAN-TD-ENERGY-MEDICAL","TD-ENERGY-MEDICAL","P0_RED","SECONDS_TO_72_HOURS","SL1","IMMEDIATE_OR_SAFETY_BOUNDARY","P0_RED","P0_RED","P0_RED","S2_TRAINED_SUPERVISED","N1|N2|N3_TO_N7","WH_PER_DAY_PEAK_W_AUTONOMY_AND_RECHARGE_TIME","TBD_PERSON_AND_SITE_PROFILE","TBD_BY_CAPABILITY","TBD","TBD_SITE_AND_IMPLEMENTATION","TWO_PATHS_OR_EXPLICIT_RESIDUAL_RISK","UNASSIGNED","UNASSIGNED","NOT_ASSIGNED","TBD","PROVISIONAL_AUTO_REVIEW_REQUIRED","DENY","0.5-draft"
"PLAN-TD-ENERGY-COLD-CHAIN","TD-ENERGY-COLD-CHAIN","P0_RED","SECONDS_TO_72_HOURS","SL1","IMMEDIATE_OR_SAFETY_BOUNDARY","P0_RED","P0_RED","P0_RED","S2_TRAINED_SUPERVISED","N1|N2|N3_TO_N7","WH_PER_DAY_PEAK_W_AUTONOMY_AND_RECHARGE_TIME","TBD_PERSON_AND_SITE_PROFILE","TBD_BY_CAPABILITY","TBD","TBD_SITE_AND_IMPLEMENTATION","TWO_PATHS_OR_EXPLICIT_RESIDUAL_RISK","UNASSIGNED","UNASSIGNED","NOT_ASSIGNED","TBD","PROVISIONAL_AUTO_REVIEW_REQUIRED","DENY","0.5-draft"
"PLAN-TD-ENERGY-LOAD-SHED","TD-ENERGY-LOAD-SHED","P1_ORANGE","3_TO_14_DAYS","SL2","DEFERRED_WITHIN_STATED_HORIZON","P1_ORANGE","P1_ORANGE","P1_ORANGE","S2_TRAINED_SUPERVISED","N1|N2|N3_TO_N7","WH_PER_DAY_PEAK_W_AUTONOMY_AND_RECHARGE_TIME","TBD_PERSON_AND_SITE_PROFILE","TBD_BY_CAPABILITY","TBD","TBD_SITE_AND_IMPLEMENTATION","TWO_PATHS_OR_EXPLICIT_RESIDUAL_RISK","UNASSIGNED","UNASSIGNED","NOT_ASSIGNED","TBD","PROVISIONAL_AUTO_REVIEW_REQUIRED","DENY","0.5-draft"
"PLAN-TD-ENERGY-FLASHLIGHT","TD-ENERGY-FLASHLIGHT","P0_RED","SECONDS_TO_72_HOURS","SL1","IMMEDIATE_OR_SAFETY_BOUNDARY","P0_RED","P0_RED","P0_RED","S1_LOW_RISK_HOUSEHOLD","N1|N2|N3_TO_N7","WH_PER_DAY_PEAK_W_AUTONOMY_AND_RECHARGE_TIME","TBD_PERSON_AND_SITE_PROFILE","TBD_BY_CAPABILITY","TBD","TBD_SITE_AND_IMPLEMENTATION","TWO_PATHS_OR_EXPLICIT_RESIDUAL_RISK","UNASSIGNED","UNASSIGNED","NOT_ASSIGNED","TBD","PROVISIONAL_AUTO_REVIEW_REQUIRED","DENY","0.5-draft"
"PLAN-TD-ENERGY-BATTERY-STANDARD","TD-ENERGY-BATTERY-STANDARD","P1_ORANGE","3_TO_14_DAYS","SL2","DEFERRED_WITHIN_STATED_HORIZON","P1_ORANGE","P1_ORANGE","P1_ORANGE","S2_TRAINED_SUPERVISED","N1|N2|N3_TO_N7","WH_PER_DAY_PEAK_W_AUTONOMY_AND_RECHARGE_TIME","TBD_PERSON_AND_SITE_PROFILE","TBD_BY_CAPABILITY","TBD","TBD_SITE_AND_IMPLEMENTATION","TWO_PATHS_OR_EXPLICIT_RESIDUAL_RISK","UNASSIGNED","UNASSIGNED","NOT_ASSIGNED","TBD","PROVISIONAL_AUTO_REVIEW_REQUIRED","DENY","0.5-draft"
"PLAN-TD-ENERGY-POWERBANK","TD-ENERGY-POWERBANK","P1_ORANGE","3_TO_14_DAYS","SL2","DEFERRED_WITHIN_STATED_HORIZON","P1_ORANGE","P1_ORANGE","P1_ORANGE","S2_TRAINED_SUPERVISED","N1|N2|N3_TO_N7","WH_PER_DAY_PEAK_W_AUTONOMY_AND_RECHARGE_TIME","TBD_PERSON_AND_SITE_PROFILE","TBD_BY_CAPABILITY","TBD","TBD_SITE_AND_IMPLEMENTATION","TWO_PATHS_OR_EXPLICIT_RESIDUAL_RISK","UNASSIGNED","UNASSIGNED","NOT_ASSIGNED","TBD","PROVISIONAL_AUTO_REVIEW_REQUIRED","DENY","0.5-draft"
"PLAN-TD-ENERGY-SOURCE","TD-ENERGY-SOURCE","P1_ORANGE","3_TO_14_DAYS","SL2","DEFERRED_WITHIN_STATED_HORIZON","P1_ORANGE","P1_ORANGE","P1_ORANGE","S2_TRAINED_SUPERVISED","N1|N2|N3_TO_N7","WH_PER_DAY_PEAK_W_AUTONOMY_AND_RECHARGE_TIME","TBD_PERSON_AND_SITE_PROFILE","TBD_BY_CAPABILITY","TBD","TBD_SITE_AND_IMPLEMENTATION","TWO_PATHS_OR_EXPLICIT_RESIDUAL_RISK","UNASSIGNED","UNASSIGNED","NOT_ASSIGNED","TBD","PROVISIONAL_AUTO_REVIEW_REQUIRED","DENY","0.5-draft"
"PLAN-TD-ENERGY-CHARGE","TD-ENERGY-CHARGE","P1_ORANGE","3_TO_14_DAYS","SL2","DEFERRED_WITHIN_STATED_HORIZON","P1_ORANGE","P1_ORANGE","P1_ORANGE","S2_TRAINED_SUPERVISED","N1|N2|N3_TO_N7","WH_PER_DAY_PEAK_W_AUTONOMY_AND_RECHARGE_TIME","TBD_PERSON_AND_SITE_PROFILE","TBD_BY_CAPABILITY","TBD","TBD_SITE_AND_IMPLEMENTATION","TWO_PATHS_OR_EXPLICIT_RESIDUAL_RISK","UNASSIGNED","UNASSIGNED","NOT_ASSIGNED","TBD","PROVISIONAL_AUTO_REVIEW_REQUIRED","DENY","0.5-draft"
"PLAN-TD-ENERGY-FAILURE","TD-ENERGY-FAILURE","P1_ORANGE","3_TO_14_DAYS","SL2","DEFERRED_WITHIN_STATED_HORIZON","P1_ORANGE","P1_ORANGE","P1_ORANGE","S2_TRAINED_SUPERVISED","N1|N2|N3_TO_N7","WH_PER_DAY_PEAK_W_AUTONOMY_AND_RECHARGE_TIME","TBD_PERSON_AND_SITE_PROFILE","TBD_BY_CAPABILITY","TBD","TBD_SITE_AND_IMPLEMENTATION","TWO_PATHS_OR_EXPLICIT_RESIDUAL_RISK","UNASSIGNED","UNASSIGNED","NOT_ASSIGNED","TBD","PROVISIONAL_AUTO_REVIEW_REQUIRED","DENY","0.5-draft"
"PLAN-TD-ENERGY-SPARES","TD-ENERGY-SPARES","P1_ORANGE","3_TO_14_DAYS","SL2","DEFERRED_WITHIN_STATED_HORIZON","P1_ORANGE","P1_ORANGE","P1_ORANGE","S2_TRAINED_SUPERVISED","N1|N2|N3_TO_N7","WH_PER_DAY_PEAK_W_AUTONOMY_AND_RECHARGE_TIME","TBD_PERSON_AND_SITE_PROFILE","TBD_BY_CAPABILITY","TBD","TBD_SITE_AND_IMPLEMENTATION","TWO_PATHS_OR_EXPLICIT_RESIDUAL_RISK","UNASSIGNED","UNASSIGNED","NOT_ASSIGNED","TBD","PROVISIONAL_AUTO_REVIEW_REQUIRED","DENY","0.5-draft"
"PLAN-TD-FUEL-USE-COOK","TD-FUEL-USE-COOK","P2_YELLOW","15_TO_90_DAYS","SL3","DEFERRED_WITHIN_STATED_HORIZON","P2_YELLOW","P2_YELLOW","P2_YELLOW","S2_TRAINED_SUPERVISED","N1|N2|N3_TO_N7","LITRES_OR_KG_PER_SERVICE_DAY_AND_SAFE_STORAGE","TBD_PERSON_AND_SITE_PROFILE","TBD_BY_CAPABILITY","TBD","TBD_SITE_AND_IMPLEMENTATION","TBD_BY_SERVICE_LEVEL","UNASSIGNED","UNASSIGNED","NOT_ASSIGNED","TBD","PROVISIONAL_AUTO_REVIEW_REQUIRED","DENY","0.5-draft"
"PLAN-TD-FUEL-USE-HEAT","TD-FUEL-USE-HEAT","P3_GREEN","3_MONTHS_TO_15_YEARS","SL5","DEFERRED_WITHIN_STATED_HORIZON","P3_GREEN","P3_GREEN","P3_GREEN","S3_LICENSED_PROFESSIONAL","N1|N2|N3_TO_N7","LITRES_OR_KG_PER_SERVICE_DAY_AND_SAFE_STORAGE","TBD_PERSON_AND_SITE_PROFILE","TBD_BY_CAPABILITY","TBD","TBD_SITE_AND_IMPLEMENTATION","TBD_BY_SERVICE_LEVEL","UNASSIGNED","UNASSIGNED","NOT_ASSIGNED","TBD","PROVISIONAL_AUTO_REVIEW_REQUIRED","DENY","0.5-draft"
"PLAN-TD-FUEL-USE-POWER","TD-FUEL-USE-POWER","P3_GREEN","3_MONTHS_TO_15_YEARS","SL5","DEFERRED_WITHIN_STATED_HORIZON","P3_GREEN","P3_GREEN","P3_GREEN","S3_LICENSED_PROFESSIONAL","N1|N2|N3_TO_N7","LITRES_OR_KG_PER_SERVICE_DAY_AND_SAFE_STORAGE","TBD_PERSON_AND_SITE_PROFILE","TBD_BY_CAPABILITY","TBD","TBD_SITE_AND_IMPLEMENTATION","TBD_BY_SERVICE_LEVEL","UNASSIGNED","UNASSIGNED","NOT_ASSIGNED","TBD","PROVISIONAL_AUTO_REVIEW_REQUIRED","DENY","0.5-draft"
"PLAN-TD-FUEL-USE-TRANSPORT","TD-FUEL-USE-TRANSPORT","P3_GREEN","3_MONTHS_TO_15_YEARS","SL5","DEFERRED_WITHIN_STATED_HORIZON","P3_GREEN","P3_GREEN","P3_GREEN","S3_LICENSED_PROFESSIONAL","N1|N2|N3_TO_N7","LITRES_OR_KG_PER_SERVICE_DAY_AND_SAFE_STORAGE","TBD_PERSON_AND_SITE_PROFILE","TBD_BY_CAPABILITY","TBD","TBD_SITE_AND_IMPLEMENTATION","TBD_BY_SERVICE_LEVEL","UNASSIGNED","UNASSIGNED","NOT_ASSIGNED","TBD","PROVISIONAL_AUTO_REVIEW_REQUIRED","DENY","0.5-draft"
"PLAN-TD-FUEL-PRODUCT-ID","TD-FUEL-PRODUCT-ID","P2_YELLOW","15_TO_90_DAYS","SL3","DEFERRED_WITHIN_STATED_HORIZON","P2_YELLOW","P2_YELLOW","P2_YELLOW","S2_TRAINED_SUPERVISED","N1|N2|N3_TO_N7","LITRES_OR_KG_PER_SERVICE_DAY_AND_SAFE_STORAGE","TBD_PERSON_AND_SITE_PROFILE","TBD_BY_CAPABILITY","TBD","TBD_SITE_AND_IMPLEMENTATION","TBD_BY_SERVICE_LEVEL","UNASSIGNED","UNASSIGNED","NOT_ASSIGNED","TBD","PROVISIONAL_AUTO_REVIEW_REQUIRED","DENY","0.5-draft"
"PLAN-TD-FUEL-BATCH-ACCEPT","TD-FUEL-BATCH-ACCEPT","P2_YELLOW","15_TO_90_DAYS","SL3","DEFERRED_WITHIN_STATED_HORIZON","P2_YELLOW","P2_YELLOW","P2_YELLOW","S2_TRAINED_SUPERVISED","N1|N2|N3_TO_N7","LITRES_OR_KG_PER_SERVICE_DAY_AND_SAFE_STORAGE","TBD_PERSON_AND_SITE_PROFILE","TBD_BY_CAPABILITY","TBD","TBD_SITE_AND_IMPLEMENTATION","TBD_BY_SERVICE_LEVEL","UNASSIGNED","UNASSIGNED","NOT_ASSIGNED","TBD","PROVISIONAL_AUTO_REVIEW_REQUIRED","DENY","0.5-draft"
"PLAN-TD-FUEL-ROTATION","TD-FUEL-ROTATION","P2_YELLOW","15_TO_90_DAYS","SL3","DEFERRED_WITHIN_STATED_HORIZON","P2_YELLOW","P2_YELLOW","P2_YELLOW","S2_TRAINED_SUPERVISED","N1|N2|N3_TO_N7","LITRES_OR_KG_PER_SERVICE_DAY_AND_SAFE_STORAGE","TBD_PERSON_AND_SITE_PROFILE","TBD_BY_CAPABILITY","TBD","TBD_SITE_AND_IMPLEMENTATION","TBD_BY_SERVICE_LEVEL","UNASSIGNED","UNASSIGNED","NOT_ASSIGNED","TBD","PROVISIONAL_AUTO_REVIEW_REQUIRED","DENY","0.5-draft"
"PLAN-TD-FUEL-SPILL","TD-FUEL-SPILL","P3_GREEN","3_MONTHS_TO_15_YEARS","SL5","DEFERRED_WITHIN_STATED_HORIZON","P3_GREEN","P3_GREEN","P3_GREEN","S3_LICENSED_PROFESSIONAL","N1|N2|N3_TO_N7","LITRES_OR_KG_PER_SERVICE_DAY_AND_SAFE_STORAGE","TBD_PERSON_AND_SITE_PROFILE","TBD_BY_CAPABILITY","TBD","TBD_SITE_AND_IMPLEMENTATION","TBD_BY_SERVICE_LEVEL","UNASSIGNED","UNASSIGNED","NOT_ASSIGNED","TBD","PROVISIONAL_AUTO_REVIEW_REQUIRED","DENY","0.5-draft"
"PLAN-TD-FUEL-EXHAUST","TD-FUEL-EXHAUST","P3_GREEN","3_MONTHS_TO_15_YEARS","SL5","DEFERRED_WITHIN_STATED_HORIZON","P3_GREEN","P3_GREEN","P3_GREEN","S3_LICENSED_PROFESSIONAL","N1|N2|N3_TO_N7","LITRES_OR_KG_PER_SERVICE_DAY_AND_SAFE_STORAGE","TBD_PERSON_AND_SITE_PROFILE","TBD_BY_CAPABILITY","TBD","TBD_SITE_AND_IMPLEMENTATION","TBD_BY_SERVICE_LEVEL","UNASSIGNED","UNASSIGNED","NOT_ASSIGNED","TBD","PROVISIONAL_AUTO_REVIEW_REQUIRED","DENY","0.5-draft"
"PLAN-TD-FUEL-ASH","TD-FUEL-ASH","P3_GREEN","3_MONTHS_TO_15_YEARS","SL5","DEFERRED_WITHIN_STATED_HORIZON","P3_GREEN","P3_GREEN","P3_GREEN","S3_LICENSED_PROFESSIONAL","N1|N2|N3_TO_N7","LITRES_OR_KG_PER_SERVICE_DAY_AND_SAFE_STORAGE","TBD_PERSON_AND_SITE_PROFILE","TBD_BY_CAPABILITY","TBD","TBD_SITE_AND_IMPLEMENTATION","TBD_BY_SERVICE_LEVEL","UNASSIGNED","UNASSIGNED","NOT_ASSIGNED","TBD","PROVISIONAL_AUTO_REVIEW_REQUIRED","DENY","0.5-draft"
"PLAN-TD-FUEL-CONSUMPTION","TD-FUEL-CONSUMPTION","P2_YELLOW","15_TO_90_DAYS","SL3","DEFERRED_WITHIN_STATED_HORIZON","P2_YELLOW","P2_YELLOW","P2_YELLOW","S2_TRAINED_SUPERVISED","N1|N2|N3_TO_N7","LITRES_OR_KG_PER_SERVICE_DAY_AND_SAFE_STORAGE","TBD_PERSON_AND_SITE_PROFILE","TBD_BY_CAPABILITY","TBD","TBD_SITE_AND_IMPLEMENTATION","TBD_BY_SERVICE_LEVEL","UNASSIGNED","UNASSIGNED","NOT_ASSIGNED","TBD","PROVISIONAL_AUTO_REVIEW_REQUIRED","DENY","0.5-draft"
"PLAN-TD-FUEL-ALTERNATIVE","TD-FUEL-ALTERNATIVE","P2_YELLOW","15_TO_90_DAYS","SL3","DEFERRED_WITHIN_STATED_HORIZON","P2_YELLOW","P2_YELLOW","P2_YELLOW","S1_LOW_RISK_HOUSEHOLD","N1|N2|N3_TO_N7","LITRES_OR_KG_PER_SERVICE_DAY_AND_SAFE_STORAGE","TBD_PERSON_AND_SITE_PROFILE","TBD_BY_CAPABILITY","TBD","TBD_SITE_AND_IMPLEMENTATION","TBD_BY_SERVICE_LEVEL","UNASSIGNED","UNASSIGNED","NOT_ASSIGNED","TBD","PROVISIONAL_AUTO_REVIEW_REQUIRED","DENY","0.5-draft"
"PLAN-TD-FUEL-WOODLOT","TD-FUEL-WOODLOT","P3_GREEN","3_MONTHS_TO_15_YEARS","SL5","DEFERRED_WITHIN_STATED_HORIZON","P3_GREEN","P3_GREEN","P3_GREEN","S3_LICENSED_PROFESSIONAL","N1|N2|N3_TO_N7","LITRES_OR_KG_PER_SERVICE_DAY_AND_SAFE_STORAGE","TBD_PERSON_AND_SITE_PROFILE","TBD_BY_CAPABILITY","TBD","TBD_SITE_AND_IMPLEMENTATION","TBD_BY_SERVICE_LEVEL","UNASSIGNED","UNASSIGNED","NOT_ASSIGNED","TBD","PROVISIONAL_AUTO_REVIEW_REQUIRED","DENY","0.5-draft"
"PLAN-TD-FUEL-WOOD-DRY","TD-FUEL-WOOD-DRY","P2_YELLOW","15_TO_90_DAYS","SL3","DEFERRED_WITHIN_STATED_HORIZON","P2_YELLOW","P2_YELLOW","P2_YELLOW","S2_TRAINED_SUPERVISED","N1|N2|N3_TO_N7","LITRES_OR_KG_PER_SERVICE_DAY_AND_SAFE_STORAGE","TBD_PERSON_AND_SITE_PROFILE","TBD_BY_CAPABILITY","TBD","TBD_SITE_AND_IMPLEMENTATION","TBD_BY_SERVICE_LEVEL","UNASSIGNED","UNASSIGNED","NOT_ASSIGNED","TBD","PROVISIONAL_AUTO_REVIEW_REQUIRED","DENY","0.5-draft"
"PLAN-TD-COMMS-CONTACTS-PAPER","TD-COMMS-CONTACTS-PAPER","P0_RED","SECONDS_TO_72_HOURS","SL1","IMMEDIATE_OR_SAFETY_BOUNDARY","P0_RED","P0_RED","P0_RED","S1_LOW_RISK_HOUSEHOLD","N1|N2|N3_TO_N7","PEOPLE_CHANNELS_COVERAGE_CHECKIN_AND_ROUTE_TIME","TBD_PERSON_AND_SITE_PROFILE","TBD_BY_CAPABILITY","TBD","TBD_SITE_AND_IMPLEMENTATION","TWO_PATHS_OR_EXPLICIT_RESIDUAL_RISK","UNASSIGNED","UNASSIGNED","NOT_ASSIGNED","TBD","PROVISIONAL_AUTO_REVIEW_REQUIRED","DENY","0.5-draft"
"PLAN-TD-COMMS-WARNINGS","TD-COMMS-WARNINGS","P0_RED","SECONDS_TO_72_HOURS","SL0","IMMEDIATE_OR_SAFETY_BOUNDARY","P0_RED","P0_RED","P0_RED","S1_LOW_RISK_HOUSEHOLD","N1|N2|N3_TO_N7","PEOPLE_CHANNELS_COVERAGE_CHECKIN_AND_ROUTE_TIME","TBD_PERSON_AND_SITE_PROFILE","TBD_BY_CAPABILITY","TBD","TBD_SITE_AND_IMPLEMENTATION","TWO_PATHS_OR_EXPLICIT_RESIDUAL_RISK","UNASSIGNED","UNASSIGNED","NOT_ASSIGNED","TBD","PROVISIONAL_AUTO_REVIEW_REQUIRED","DENY","0.5-draft"
"PLAN-TD-COMMS-CHECKIN","TD-COMMS-CHECKIN","P0_RED","SECONDS_TO_72_HOURS","SL1","IMMEDIATE_OR_SAFETY_BOUNDARY","P0_RED","P0_RED","P0_RED","S1_LOW_RISK_HOUSEHOLD","N1|N2|N3_TO_N7","PEOPLE_CHANNELS_COVERAGE_CHECKIN_AND_ROUTE_TIME","TBD_PERSON_AND_SITE_PROFILE","TBD_BY_CAPABILITY","TBD","TBD_SITE_AND_IMPLEMENTATION","TWO_PATHS_OR_EXPLICIT_RESIDUAL_RISK","UNASSIGNED","UNASSIGNED","NOT_ASSIGNED","TBD","PROVISIONAL_AUTO_REVIEW_REQUIRED","DENY","0.5-draft"
"PLAN-TD-COMMS-MISSED","TD-COMMS-MISSED","P0_RED","SECONDS_TO_72_HOURS","SL1","IMMEDIATE_OR_SAFETY_BOUNDARY","P0_RED","P0_RED","P0_RED","S2_TRAINED_SUPERVISED","N1|N2|N3_TO_N7","PEOPLE_CHANNELS_COVERAGE_CHECKIN_AND_ROUTE_TIME","TBD_PERSON_AND_SITE_PROFILE","TBD_BY_CAPABILITY","TBD","TBD_SITE_AND_IMPLEMENTATION","TWO_PATHS_OR_EXPLICIT_RESIDUAL_RISK","UNASSIGNED","UNASSIGNED","NOT_ASSIGNED","TBD","PROVISIONAL_AUTO_REVIEW_REQUIRED","DENY","0.5-draft"
"PLAN-TD-COMMS-ACCOUNTABILITY","TD-COMMS-ACCOUNTABILITY","P0_RED","SECONDS_TO_72_HOURS","SL1","IMMEDIATE_OR_SAFETY_BOUNDARY","P0_RED","P0_RED","P0_RED","S2_TRAINED_SUPERVISED","N1|N2|N3_TO_N7","PEOPLE_CHANNELS_COVERAGE_CHECKIN_AND_ROUTE_TIME","TBD_PERSON_AND_SITE_PROFILE","TBD_BY_CAPABILITY","TBD","TBD_SITE_AND_IMPLEMENTATION","TWO_PATHS_OR_EXPLICIT_RESIDUAL_RISK","UNASSIGNED","UNASSIGNED","NOT_ASSIGNED","TBD","PROVISIONAL_AUTO_REVIEW_REQUIRED","DENY","0.5-draft"
"PLAN-TD-COMMS-REUNION","TD-COMMS-REUNION","P0_RED","SECONDS_TO_72_HOURS","SL1","IMMEDIATE_OR_SAFETY_BOUNDARY","P0_RED","P0_RED","P0_RED","S2_TRAINED_SUPERVISED","N1|N2|N3_TO_N7","PEOPLE_CHANNELS_COVERAGE_CHECKIN_AND_ROUTE_TIME","TBD_PERSON_AND_SITE_PROFILE","TBD_BY_CAPABILITY","TBD","TBD_SITE_AND_IMPLEMENTATION","TWO_PATHS_OR_EXPLICIT_RESIDUAL_RISK","UNASSIGNED","UNASSIGNED","NOT_ASSIGNED","TBD","PROVISIONAL_AUTO_REVIEW_REQUIRED","DENY","0.5-draft"
"PLAN-TD-COMMS-LOCAL-SIGNAL","TD-COMMS-LOCAL-SIGNAL","P1_ORANGE","3_TO_14_DAYS","SL2","DEFERRED_WITHIN_STATED_HORIZON","P1_ORANGE","P1_ORANGE","P1_ORANGE","S1_LOW_RISK_HOUSEHOLD","N1|N2|N3_TO_N7","PEOPLE_CHANNELS_COVERAGE_CHECKIN_AND_ROUTE_TIME","TBD_PERSON_AND_SITE_PROFILE","TBD_BY_CAPABILITY","TBD","TBD_SITE_AND_IMPLEMENTATION","TWO_PATHS_OR_EXPLICIT_RESIDUAL_RISK","UNASSIGNED","UNASSIGNED","NOT_ASSIGNED","TBD","PROVISIONAL_AUTO_REVIEW_REQUIRED","DENY","0.5-draft"
"PLAN-TD-COMMS-MESSAGE","TD-COMMS-MESSAGE","P0_RED","SECONDS_TO_72_HOURS","SL1","IMMEDIATE_OR_SAFETY_BOUNDARY","P0_RED","P0_RED","P0_RED","S1_LOW_RISK_HOUSEHOLD","N1|N2|N3_TO_N7","PEOPLE_CHANNELS_COVERAGE_CHECKIN_AND_ROUTE_TIME","TBD_PERSON_AND_SITE_PROFILE","TBD_BY_CAPABILITY","TBD","TBD_SITE_AND_IMPLEMENTATION","TWO_PATHS_OR_EXPLICIT_RESIDUAL_RISK","UNASSIGNED","UNASSIGNED","NOT_ASSIGNED","TBD","PROVISIONAL_AUTO_REVIEW_REQUIRED","DENY","0.5-draft"
"PLAN-TD-COMMS-LOG","TD-COMMS-LOG","P1_ORANGE","3_TO_14_DAYS","SL2","DEFERRED_WITHIN_STATED_HORIZON","P1_ORANGE","P1_ORANGE","P1_ORANGE","S1_LOW_RISK_HOUSEHOLD","N1|N2|N3_TO_N7","PEOPLE_CHANNELS_COVERAGE_CHECKIN_AND_ROUTE_TIME","TBD_PERSON_AND_SITE_PROFILE","TBD_BY_CAPABILITY","TBD","TBD_SITE_AND_IMPLEMENTATION","TWO_PATHS_OR_EXPLICIT_RESIDUAL_RISK","UNASSIGNED","UNASSIGNED","NOT_ASSIGNED","TBD","PROVISIONAL_AUTO_REVIEW_REQUIRED","DENY","0.5-draft"
"PLAN-TD-COMMS-BUILDING-MAP","TD-COMMS-BUILDING-MAP","P0_RED","SECONDS_TO_72_HOURS","SL1","IMMEDIATE_OR_SAFETY_BOUNDARY","P0_RED","P0_RED","P0_RED","S2_TRAINED_SUPERVISED","N1|N2|N3_TO_N7","PEOPLE_CHANNELS_COVERAGE_CHECKIN_AND_ROUTE_TIME","TBD_PERSON_AND_SITE_PROFILE","TBD_BY_CAPABILITY","TBD","TBD_SITE_AND_IMPLEMENTATION","TWO_PATHS_OR_EXPLICIT_RESIDUAL_RISK","UNASSIGNED","UNASSIGNED","NOT_ASSIGNED","TBD","PROVISIONAL_AUTO_REVIEW_REQUIRED","DENY","0.5-draft"
"PLAN-TD-COMMS-LOCAL-MAP","TD-COMMS-LOCAL-MAP","P1_ORANGE","3_TO_14_DAYS","SL2","DEFERRED_WITHIN_STATED_HORIZON","P1_ORANGE","P1_ORANGE","P1_ORANGE","S1_LOW_RISK_HOUSEHOLD","N1|N2|N3_TO_N7","PEOPLE_CHANNELS_COVERAGE_CHECKIN_AND_ROUTE_TIME","TBD_PERSON_AND_SITE_PROFILE","TBD_BY_CAPABILITY","TBD","TBD_SITE_AND_IMPLEMENTATION","TWO_PATHS_OR_EXPLICIT_RESIDUAL_RISK","UNASSIGNED","UNASSIGNED","NOT_ASSIGNED","TBD","PROVISIONAL_AUTO_REVIEW_REQUIRED","DENY","0.5-draft"
"PLAN-TD-COMMS-SERVICE-POINTS","TD-COMMS-SERVICE-POINTS","P0_RED","SECONDS_TO_72_HOURS","SL1","IMMEDIATE_OR_SAFETY_BOUNDARY","P0_RED","P0_RED","P0_RED","S1_LOW_RISK_HOUSEHOLD","N1|N2|N3_TO_N7","PEOPLE_CHANNELS_COVERAGE_CHECKIN_AND_ROUTE_TIME","TBD_PERSON_AND_SITE_PROFILE","TBD_BY_CAPABILITY","TBD","TBD_SITE_AND_IMPLEMENTATION","TWO_PATHS_OR_EXPLICIT_RESIDUAL_RISK","UNASSIGNED","UNASSIGNED","NOT_ASSIGNED","TBD","PROVISIONAL_AUTO_REVIEW_REQUIRED","DENY","0.5-draft"
"PLAN-TD-COMMS-HAZARD-MAP","TD-COMMS-HAZARD-MAP","P1_ORANGE","3_TO_14_DAYS","SL2","DEFERRED_WITHIN_STATED_HORIZON","P1_ORANGE","P1_ORANGE","P1_ORANGE","S2_TRAINED_SUPERVISED","N1|N2|N3_TO_N7","PEOPLE_CHANNELS_COVERAGE_CHECKIN_AND_ROUTE_TIME","TBD_PERSON_AND_SITE_PROFILE","TBD_BY_CAPABILITY","TBD","TBD_SITE_AND_IMPLEMENTATION","TWO_PATHS_OR_EXPLICIT_RESIDUAL_RISK","UNASSIGNED","UNASSIGNED","NOT_ASSIGNED","TBD","PROVISIONAL_AUTO_REVIEW_REQUIRED","DENY","0.5-draft"
"PLAN-TD-COMMS-R1-R3","TD-COMMS-R1-R3","P1_ORANGE","3_TO_14_DAYS","SL2","DEFERRED_WITHIN_STATED_HORIZON","P1_ORANGE","P1_ORANGE","P1_ORANGE","S2_TRAINED_SUPERVISED","N1|N2|N3_TO_N7","PEOPLE_CHANNELS_COVERAGE_CHECKIN_AND_ROUTE_TIME","TBD_PERSON_AND_SITE_PROFILE","TBD_BY_CAPABILITY","TBD","TBD_SITE_AND_IMPLEMENTATION","TWO_PATHS_OR_EXPLICIT_RESIDUAL_RISK","UNASSIGNED","UNASSIGNED","NOT_ASSIGNED","TBD","PROVISIONAL_AUTO_REVIEW_REQUIRED","DENY","0.5-draft"
"PLAN-TD-COMMS-SLOWEST","TD-COMMS-SLOWEST","P1_ORANGE","3_TO_14_DAYS","SL2","DEFERRED_WITHIN_STATED_HORIZON","P1_ORANGE","P1_ORANGE","P1_ORANGE","S2_TRAINED_SUPERVISED","N1|N2|N3_TO_N7","PEOPLE_CHANNELS_COVERAGE_CHECKIN_AND_ROUTE_TIME","TBD_PERSON_AND_SITE_PROFILE","TBD_BY_CAPABILITY","TBD","TBD_SITE_AND_IMPLEMENTATION","TWO_PATHS_OR_EXPLICIT_RESIDUAL_RISK","UNASSIGNED","UNASSIGNED","NOT_ASSIGNED","TBD","PROVISIONAL_AUTO_REVIEW_REQUIRED","DENY","0.5-draft"
"PLAN-TD-COMMS-PRIVACY","TD-COMMS-PRIVACY","P1_ORANGE","3_TO_14_DAYS","SL2","DEFERRED_WITHIN_STATED_HORIZON","P1_ORANGE","P1_ORANGE","P1_ORANGE","S1_LOW_RISK_HOUSEHOLD","N1|N2|N3_TO_N7","PEOPLE_CHANNELS_COVERAGE_CHECKIN_AND_ROUTE_TIME","TBD_PERSON_AND_SITE_PROFILE","TBD_BY_CAPABILITY","TBD","TBD_SITE_AND_IMPLEMENTATION","TWO_PATHS_OR_EXPLICIT_RESIDUAL_RISK","UNASSIGNED","UNASSIGNED","NOT_ASSIGNED","TBD","PROVISIONAL_AUTO_REVIEW_REQUIRED","DENY","0.5-draft"
"PLAN-TD-TRANSPORT-WALK","TD-TRANSPORT-WALK","P1_ORANGE","3_TO_14_DAYS","SL2","DEFERRED_WITHIN_STATED_HORIZON","P1_ORANGE","P1_ORANGE","P1_ORANGE","S1_LOW_RISK_HOUSEHOLD","N1|N2|N3_TO_N7","PEOPLE_KG_KM_RANGE_AND_TURNAROUND_TIME","TBD_PERSON_AND_SITE_PROFILE","TBD_BY_CAPABILITY","TBD","TBD_SITE_AND_IMPLEMENTATION","TWO_PATHS_OR_EXPLICIT_RESIDUAL_RISK","UNASSIGNED","UNASSIGNED","NOT_ASSIGNED","TBD","PROVISIONAL_AUTO_REVIEW_REQUIRED","DENY","0.5-draft"
"PLAN-TD-TRANSPORT-CARRY","TD-TRANSPORT-CARRY","P1_ORANGE","3_TO_14_DAYS","SL2","DEFERRED_WITHIN_STATED_HORIZON","P1_ORANGE","P1_ORANGE","P1_ORANGE","S2_TRAINED_SUPERVISED","N1|N2|N3_TO_N7","PEOPLE_KG_KM_RANGE_AND_TURNAROUND_TIME","TBD_PERSON_AND_SITE_PROFILE","TBD_BY_CAPABILITY","TBD","TBD_SITE_AND_IMPLEMENTATION","TWO_PATHS_OR_EXPLICIT_RESIDUAL_RISK","UNASSIGNED","UNASSIGNED","NOT_ASSIGNED","TBD","PROVISIONAL_AUTO_REVIEW_REQUIRED","DENY","0.5-draft"
"PLAN-TD-TRANSPORT-CART","TD-TRANSPORT-CART","P1_ORANGE","3_TO_14_DAYS","SL2","DEFERRED_WITHIN_STATED_HORIZON","P1_ORANGE","P1_ORANGE","P1_ORANGE","S2_TRAINED_SUPERVISED","N1|N2|N3_TO_N7","PEOPLE_KG_KM_RANGE_AND_TURNAROUND_TIME","TBD_PERSON_AND_SITE_PROFILE","TBD_BY_CAPABILITY","TBD","TBD_SITE_AND_IMPLEMENTATION","TWO_PATHS_OR_EXPLICIT_RESIDUAL_RISK","UNASSIGNED","UNASSIGNED","NOT_ASSIGNED","TBD","PROVISIONAL_AUTO_REVIEW_REQUIRED","DENY","0.5-draft"
"PLAN-TD-TRANSPORT-BICYCLE","TD-TRANSPORT-BICYCLE","P1_ORANGE","3_TO_14_DAYS","SL2","DEFERRED_WITHIN_STATED_HORIZON","P1_ORANGE","P1_ORANGE","P1_ORANGE","S2_TRAINED_SUPERVISED","N1|N2|N3_TO_N7","PEOPLE_KG_KM_RANGE_AND_TURNAROUND_TIME","TBD_PERSON_AND_SITE_PROFILE","TBD_BY_CAPABILITY","TBD","TBD_SITE_AND_IMPLEMENTATION","TWO_PATHS_OR_EXPLICIT_RESIDUAL_RISK","UNASSIGNED","UNASSIGNED","NOT_ASSIGNED","TBD","PROVISIONAL_AUTO_REVIEW_REQUIRED","DENY","0.5-draft"
"PLAN-TD-TRANSPORT-VEHICLE","TD-TRANSPORT-VEHICLE","P1_ORANGE","3_TO_14_DAYS","SL2","DEFERRED_WITHIN_STATED_HORIZON","P1_ORANGE","P1_ORANGE","P1_ORANGE","S3_LICENSED_PROFESSIONAL","N1|N2|N3_TO_N7","PEOPLE_KG_KM_RANGE_AND_TURNAROUND_TIME","TBD_PERSON_AND_SITE_PROFILE","TBD_BY_CAPABILITY","TBD","TBD_SITE_AND_IMPLEMENTATION","TWO_PATHS_OR_EXPLICIT_RESIDUAL_RISK","UNASSIGNED","UNASSIGNED","NOT_ASSIGNED","TBD","PROVISIONAL_AUTO_REVIEW_REQUIRED","DENY","0.5-draft"
"PLAN-TD-TRANSPORT-DRIVER","TD-TRANSPORT-DRIVER","P1_ORANGE","3_TO_14_DAYS","SL2","DEFERRED_WITHIN_STATED_HORIZON","P1_ORANGE","P1_ORANGE","P1_ORANGE","S3_LICENSED_PROFESSIONAL","N1|N2|N3_TO_N7","PEOPLE_KG_KM_RANGE_AND_TURNAROUND_TIME","TBD_PERSON_AND_SITE_PROFILE","TBD_BY_CAPABILITY","TBD","TBD_SITE_AND_IMPLEMENTATION","TWO_PATHS_OR_EXPLICIT_RESIDUAL_RISK","UNASSIGNED","UNASSIGNED","NOT_ASSIGNED","TBD","PROVISIONAL_AUTO_REVIEW_REQUIRED","DENY","0.5-draft"
"PLAN-TD-TRANSPORT-RESTRAINT","TD-TRANSPORT-RESTRAINT","P1_ORANGE","3_TO_14_DAYS","SL2","DEFERRED_WITHIN_STATED_HORIZON","P1_ORANGE","P1_ORANGE","P1_ORANGE","S2_TRAINED_SUPERVISED","N1|N2|N3_TO_N7","PEOPLE_KG_KM_RANGE_AND_TURNAROUND_TIME","TBD_PERSON_AND_SITE_PROFILE","TBD_BY_CAPABILITY","TBD","TBD_SITE_AND_IMPLEMENTATION","TWO_PATHS_OR_EXPLICIT_RESIDUAL_RISK","UNASSIGNED","UNASSIGNED","NOT_ASSIGNED","TBD","PROVISIONAL_AUTO_REVIEW_REQUIRED","DENY","0.5-draft"
"PLAN-TD-TRANSPORT-RANGE","TD-TRANSPORT-RANGE","P1_ORANGE","3_TO_14_DAYS","SL2","DEFERRED_WITHIN_STATED_HORIZON","P1_ORANGE","P1_ORANGE","P1_ORANGE","S2_TRAINED_SUPERVISED","N1|N2|N3_TO_N7","PEOPLE_KG_KM_RANGE_AND_TURNAROUND_TIME","TBD_PERSON_AND_SITE_PROFILE","TBD_BY_CAPABILITY","TBD","TBD_SITE_AND_IMPLEMENTATION","TWO_PATHS_OR_EXPLICIT_RESIDUAL_RISK","UNASSIGNED","UNASSIGNED","NOT_ASSIGNED","TBD","PROVISIONAL_AUTO_REVIEW_REQUIRED","DENY","0.5-draft"
"PLAN-TD-TRANSPORT-PAYLOAD","TD-TRANSPORT-PAYLOAD","P1_ORANGE","3_TO_14_DAYS","SL2","DEFERRED_WITHIN_STATED_HORIZON","P1_ORANGE","P1_ORANGE","P1_ORANGE","S2_TRAINED_SUPERVISED","N1|N2|N3_TO_N7","PEOPLE_KG_KM_RANGE_AND_TURNAROUND_TIME","TBD_PERSON_AND_SITE_PROFILE","TBD_BY_CAPABILITY","TBD","TBD_SITE_AND_IMPLEMENTATION","TWO_PATHS_OR_EXPLICIT_RESIDUAL_RISK","UNASSIGNED","UNASSIGNED","NOT_ASSIGNED","TBD","PROVISIONAL_AUTO_REVIEW_REQUIRED","DENY","0.5-draft"
"PLAN-TD-TRANSPORT-TIRES","TD-TRANSPORT-TIRES","P1_ORANGE","3_TO_14_DAYS","SL2","DEFERRED_WITHIN_STATED_HORIZON","P1_ORANGE","P1_ORANGE","P1_ORANGE","S2_TRAINED_SUPERVISED","N1|N2|N3_TO_N7","PEOPLE_KG_KM_RANGE_AND_TURNAROUND_TIME","TBD_PERSON_AND_SITE_PROFILE","TBD_BY_CAPABILITY","TBD","TBD_SITE_AND_IMPLEMENTATION","TWO_PATHS_OR_EXPLICIT_RESIDUAL_RISK","UNASSIGNED","UNASSIGNED","NOT_ASSIGNED","TBD","PROVISIONAL_AUTO_REVIEW_REQUIRED","DENY","0.5-draft"
"PLAN-TD-TRANSPORT-BRAKES","TD-TRANSPORT-BRAKES","P1_ORANGE","3_TO_14_DAYS","SL2","DEFERRED_WITHIN_STATED_HORIZON","P1_ORANGE","P1_ORANGE","P1_ORANGE","S3_LICENSED_PROFESSIONAL","N1|N2|N3_TO_N7","PEOPLE_KG_KM_RANGE_AND_TURNAROUND_TIME","TBD_PERSON_AND_SITE_PROFILE","TBD_BY_CAPABILITY","TBD","TBD_SITE_AND_IMPLEMENTATION","TWO_PATHS_OR_EXPLICIT_RESIDUAL_RISK","UNASSIGNED","UNASSIGNED","NOT_ASSIGNED","TBD","PROVISIONAL_AUTO_REVIEW_REQUIRED","DENY","0.5-draft"
"PLAN-TD-TRANSPORT-STEERING","TD-TRANSPORT-STEERING","P1_ORANGE","3_TO_14_DAYS","SL2","DEFERRED_WITHIN_STATED_HORIZON","P1_ORANGE","P1_ORANGE","P1_ORANGE","S3_LICENSED_PROFESSIONAL","N1|N2|N3_TO_N7","PEOPLE_KG_KM_RANGE_AND_TURNAROUND_TIME","TBD_PERSON_AND_SITE_PROFILE","TBD_BY_CAPABILITY","TBD","TBD_SITE_AND_IMPLEMENTATION","TWO_PATHS_OR_EXPLICIT_RESIDUAL_RISK","UNASSIGNED","UNASSIGNED","NOT_ASSIGNED","TBD","PROVISIONAL_AUTO_REVIEW_REQUIRED","DENY","0.5-draft"
"PLAN-TD-TRANSPORT-PUMP","TD-TRANSPORT-PUMP","P1_ORANGE","3_TO_14_DAYS","SL2","DEFERRED_WITHIN_STATED_HORIZON","P1_ORANGE","P1_ORANGE","P1_ORANGE","S2_TRAINED_SUPERVISED","N1|N2|N3_TO_N7","PEOPLE_KG_KM_RANGE_AND_TURNAROUND_TIME","TBD_PERSON_AND_SITE_PROFILE","TBD_BY_CAPABILITY","TBD","TBD_SITE_AND_IMPLEMENTATION","TWO_PATHS_OR_EXPLICIT_RESIDUAL_RISK","UNASSIGNED","UNASSIGNED","NOT_ASSIGNED","TBD","PROVISIONAL_AUTO_REVIEW_REQUIRED","DENY","0.5-draft"
"PLAN-TD-TRANSPORT-JACK","TD-TRANSPORT-JACK","P1_ORANGE","3_TO_14_DAYS","SL2","DEFERRED_WITHIN_STATED_HORIZON","P1_ORANGE","P1_ORANGE","P1_ORANGE","S3_LICENSED_PROFESSIONAL","N1|N2|N3_TO_N7","PEOPLE_KG_KM_RANGE_AND_TURNAROUND_TIME","TBD_PERSON_AND_SITE_PROFILE","TBD_BY_CAPABILITY","TBD","TBD_SITE_AND_IMPLEMENTATION","TWO_PATHS_OR_EXPLICIT_RESIDUAL_RISK","UNASSIGNED","UNASSIGNED","NOT_ASSIGNED","TBD","PROVISIONAL_AUTO_REVIEW_REQUIRED","DENY","0.5-draft"
"PLAN-TD-TRANSPORT-TOW","TD-TRANSPORT-TOW","P1_ORANGE","3_TO_14_DAYS","SL2","DEFERRED_WITHIN_STATED_HORIZON","P1_ORANGE","P1_ORANGE","P1_ORANGE","S3_LICENSED_PROFESSIONAL","N1|N2|N3_TO_N7","PEOPLE_KG_KM_RANGE_AND_TURNAROUND_TIME","TBD_PERSON_AND_SITE_PROFILE","TBD_BY_CAPABILITY","TBD","TBD_SITE_AND_IMPLEMENTATION","TWO_PATHS_OR_EXPLICIT_RESIDUAL_RISK","UNASSIGNED","UNASSIGNED","NOT_ASSIGNED","TBD","PROVISIONAL_AUTO_REVIEW_REQUIRED","DENY","0.5-draft"
"PLAN-TD-TRANSPORT-REPAIR","TD-TRANSPORT-REPAIR","P1_ORANGE","3_TO_14_DAYS","SL2","DEFERRED_WITHIN_STATED_HORIZON","P1_ORANGE","P1_ORANGE","P1_ORANGE","S3_LICENSED_PROFESSIONAL","N1|N2|N3_TO_N7","PEOPLE_KG_KM_RANGE_AND_TURNAROUND_TIME","TBD_PERSON_AND_SITE_PROFILE","TBD_BY_CAPABILITY","TBD","TBD_SITE_AND_IMPLEMENTATION","TWO_PATHS_OR_EXPLICIT_RESIDUAL_RISK","UNASSIGNED","UNASSIGNED","NOT_ASSIGNED","TBD","PROVISIONAL_AUTO_REVIEW_REQUIRED","DENY","0.5-draft"
"PLAN-TD-TRANSPORT-SPARES","TD-TRANSPORT-SPARES","P1_ORANGE","3_TO_14_DAYS","SL2","DEFERRED_WITHIN_STATED_HORIZON","P1_ORANGE","P1_ORANGE","P1_ORANGE","S2_TRAINED_SUPERVISED","N1|N2|N3_TO_N7","PEOPLE_KG_KM_RANGE_AND_TURNAROUND_TIME","TBD_PERSON_AND_SITE_PROFILE","TBD_BY_CAPABILITY","TBD","TBD_SITE_AND_IMPLEMENTATION","TWO_PATHS_OR_EXPLICIT_RESIDUAL_RISK","UNASSIGNED","UNASSIGNED","NOT_ASSIGNED","TBD","PROVISIONAL_AUTO_REVIEW_REQUIRED","DENY","0.5-draft"
"PLAN-TD-TRANSPORT-ROUTE","TD-TRANSPORT-ROUTE","P1_ORANGE","3_TO_14_DAYS","SL2","DEFERRED_WITHIN_STATED_HORIZON","P1_ORANGE","P1_ORANGE","P1_ORANGE","S2_TRAINED_SUPERVISED","N1|N2|N3_TO_N7","PEOPLE_KG_KM_RANGE_AND_TURNAROUND_TIME","TBD_PERSON_AND_SITE_PROFILE","TBD_BY_CAPABILITY","TBD","TBD_SITE_AND_IMPLEMENTATION","TWO_PATHS_OR_EXPLICIT_RESIDUAL_RISK","UNASSIGNED","UNASSIGNED","NOT_ASSIGNED","TBD","PROVISIONAL_AUTO_REVIEW_REQUIRED","DENY","0.5-draft"
"PLAN-TD-TRANSPORT-ABANDON","TD-TRANSPORT-ABANDON","P1_ORANGE","3_TO_14_DAYS","SL2","DEFERRED_WITHIN_STATED_HORIZON","P1_ORANGE","P1_ORANGE","P1_ORANGE","S2_TRAINED_SUPERVISED","N1|N2|N3_TO_N7","PEOPLE_KG_KM_RANGE_AND_TURNAROUND_TIME","TBD_PERSON_AND_SITE_PROFILE","TBD_BY_CAPABILITY","TBD","TBD_SITE_AND_IMPLEMENTATION","TWO_PATHS_OR_EXPLICIT_RESIDUAL_RISK","UNASSIGNED","UNASSIGNED","NOT_ASSIGNED","TBD","PROVISIONAL_AUTO_REVIEW_REQUIRED","DENY","0.5-draft"
"PLAN-TD-TRANSPORT-ANIMAL","TD-TRANSPORT-ANIMAL","P1_ORANGE","3_TO_14_DAYS","SL2","DEFERRED_WITHIN_STATED_HORIZON","P1_ORANGE","P1_ORANGE","P1_ORANGE","S3_LICENSED_PROFESSIONAL","N1|N2|N3_TO_N7","PEOPLE_KG_KM_RANGE_AND_TURNAROUND_TIME","TBD_PERSON_AND_SITE_PROFILE","TBD_BY_CAPABILITY","TBD","TBD_SITE_AND_IMPLEMENTATION","TWO_PATHS_OR_EXPLICIT_RESIDUAL_RISK","UNASSIGNED","UNASSIGNED","NOT_ASSIGNED","TBD","PROVISIONAL_AUTO_REVIEW_REQUIRED","DENY","0.5-draft"
"PLAN-TD-TRANSPORT-BOAT","TD-TRANSPORT-BOAT","P0_RED","SECONDS_TO_72_HOURS","SL1","IMMEDIATE_OR_SAFETY_BOUNDARY","P0_RED","P0_RED","P0_RED","S4_REFERENCE_ONLY_PROHIBITED_HOUSEHOLD","N1|N2|N3_TO_N7","PEOPLE_KG_KM_RANGE_AND_TURNAROUND_TIME","TBD_PERSON_AND_SITE_PROFILE","TBD_BY_CAPABILITY","TBD","TBD_SITE_AND_IMPLEMENTATION","TWO_PATHS_OR_EXPLICIT_RESIDUAL_RISK","UNASSIGNED","UNASSIGNED","NOT_ASSIGNED","TBD","PROVISIONAL_AUTO_REVIEW_REQUIRED","DENY","0.5-draft"
"PLAN-TD-TRANSPORT","TD-TRANSPORT","P1_ORANGE","3_TO_14_DAYS","SL2","DEFERRED_WITHIN_STATED_HORIZON","P1_ORANGE","P1_ORANGE","P1_ORANGE","S2_TRAINED_SUPERVISED","N1|N2|N3_TO_N7","PEOPLE_KG_KM_RANGE_AND_TURNAROUND_TIME","TBD_PERSON_AND_SITE_PROFILE","TBD_BY_CAPABILITY","TBD","TBD_SITE_AND_IMPLEMENTATION","TWO_PATHS_OR_EXPLICIT_RESIDUAL_RISK","UNASSIGNED","UNASSIGNED","NOT_ASSIGNED","TBD","PROVISIONAL_AUTO_REVIEW_REQUIRED","DENY","0.5-draft"
"PLAN-TD-SECURITY-SAFE-DIRECTION","TD-SECURITY-SAFE-DIRECTION","P0_RED","SECONDS_TO_72_HOURS","SL1","IMMEDIATE_OR_SAFETY_BOUNDARY","P0_RED","P0_RED","P0_RED","S1_LOW_RISK_HOUSEHOLD","N1|N2|N3_TO_N7","SERVICE_SPECIFIC_UNIT_AND_TIME_WINDOW_TBD","TBD_PERSON_AND_SITE_PROFILE","TBD_BY_CAPABILITY","TBD","TBD_SITE_AND_IMPLEMENTATION","TWO_PATHS_OR_EXPLICIT_RESIDUAL_RISK","UNASSIGNED","UNASSIGNED","NOT_ASSIGNED","TBD","PROVISIONAL_AUTO_REVIEW_REQUIRED","DENY","0.5-draft"
"PLAN-TD-SECURITY-DEESCALATION","TD-SECURITY-DEESCALATION","P0_RED","SECONDS_TO_72_HOURS","SL1","IMMEDIATE_OR_SAFETY_BOUNDARY","P0_RED","P0_RED","P0_RED","S2_TRAINED_SUPERVISED","N1|N2|N3_TO_N7","SERVICE_SPECIFIC_UNIT_AND_TIME_WINDOW_TBD","TBD_PERSON_AND_SITE_PROFILE","TBD_BY_CAPABILITY","TBD","TBD_SITE_AND_IMPLEMENTATION","TWO_PATHS_OR_EXPLICIT_RESIDUAL_RISK","UNASSIGNED","UNASSIGNED","NOT_ASSIGNED","TBD","PROVISIONAL_AUTO_REVIEW_REQUIRED","DENY","0.5-draft"
"PLAN-TD-SECURITY-ACCESS","TD-SECURITY-ACCESS","P0_RED","SECONDS_TO_72_HOURS","SL1","IMMEDIATE_OR_SAFETY_BOUNDARY","P0_RED","P0_RED","P0_RED","S2_TRAINED_SUPERVISED","N1|N2|N3_TO_N7","SERVICE_SPECIFIC_UNIT_AND_TIME_WINDOW_TBD","TBD_PERSON_AND_SITE_PROFILE","TBD_BY_CAPABILITY","TBD","TBD_SITE_AND_IMPLEMENTATION","TWO_PATHS_OR_EXPLICIT_RESIDUAL_RISK","UNASSIGNED","UNASSIGNED","NOT_ASSIGNED","TBD","PROVISIONAL_AUTO_REVIEW_REQUIRED","DENY","0.5-draft"
"PLAN-TD-SECURITY-VISITORS","TD-SECURITY-VISITORS","P0_RED","SECONDS_TO_72_HOURS","SL1","IMMEDIATE_OR_SAFETY_BOUNDARY","P0_RED","P0_RED","P0_RED","S1_LOW_RISK_HOUSEHOLD","N1|N2|N3_TO_N7","SERVICE_SPECIFIC_UNIT_AND_TIME_WINDOW_TBD","TBD_PERSON_AND_SITE_PROFILE","TBD_BY_CAPABILITY","TBD","TBD_SITE_AND_IMPLEMENTATION","TWO_PATHS_OR_EXPLICIT_RESIDUAL_RISK","UNASSIGNED","UNASSIGNED","NOT_ASSIGNED","TBD","PROVISIONAL_AUTO_REVIEW_REQUIRED","DENY","0.5-draft"
"PLAN-TD-SECURITY-CHILD","TD-SECURITY-CHILD","P0_RED","SECONDS_TO_72_HOURS","SL1","IMMEDIATE_OR_SAFETY_BOUNDARY","P0_RED","P0_RED","P0_RED","S2_TRAINED_SUPERVISED","N1|N2|N3_TO_N7","SERVICE_SPECIFIC_UNIT_AND_TIME_WINDOW_TBD","TBD_PERSON_AND_SITE_PROFILE","TBD_BY_CAPABILITY","TBD","TBD_SITE_AND_IMPLEMENTATION","TWO_PATHS_OR_EXPLICIT_RESIDUAL_RISK","UNASSIGNED","UNASSIGNED","NOT_ASSIGNED","TBD","PROVISIONAL_AUTO_REVIEW_REQUIRED","DENY","0.5-draft"
"PLAN-TD-SECURITY-DV","TD-SECURITY-DV","P0_RED","SECONDS_TO_72_HOURS","SL1","IMMEDIATE_OR_SAFETY_BOUNDARY","P0_RED","P0_RED","P0_RED","S3_LICENSED_PROFESSIONAL","N1|N2|N3_TO_N7","SERVICE_SPECIFIC_UNIT_AND_TIME_WINDOW_TBD","TBD_PERSON_AND_SITE_PROFILE","TBD_BY_CAPABILITY","TBD","TBD_SITE_AND_IMPLEMENTATION","TWO_PATHS_OR_EXPLICIT_RESIDUAL_RISK","UNASSIGNED","UNASSIGNED","NOT_ASSIGNED","TBD","PROVISIONAL_AUTO_REVIEW_REQUIRED","DENY","0.5-draft"
"PLAN-TD-SECURITY-MISSING","TD-SECURITY-MISSING","P0_RED","SECONDS_TO_72_HOURS","SL1","IMMEDIATE_OR_SAFETY_BOUNDARY","P0_RED","P0_RED","P0_RED","S2_TRAINED_SUPERVISED","N1|N2|N3_TO_N7","SERVICE_SPECIFIC_UNIT_AND_TIME_WINDOW_TBD","TBD_PERSON_AND_SITE_PROFILE","TBD_BY_CAPABILITY","TBD","TBD_SITE_AND_IMPLEMENTATION","TWO_PATHS_OR_EXPLICIT_RESIDUAL_RISK","UNASSIGNED","UNASSIGNED","NOT_ASSIGNED","TBD","PROVISIONAL_AUTO_REVIEW_REQUIRED","DENY","0.5-draft"
"PLAN-TD-SECURITY-SAFE-PLACE","TD-SECURITY-SAFE-PLACE","P0_RED","SECONDS_TO_72_HOURS","SL1","IMMEDIATE_OR_SAFETY_BOUNDARY","P0_RED","P0_RED","P0_RED","S2_TRAINED_SUPERVISED","N1|N2|N3_TO_N7","SERVICE_SPECIFIC_UNIT_AND_TIME_WINDOW_TBD","TBD_PERSON_AND_SITE_PROFILE","TBD_BY_CAPABILITY","TBD","TBD_SITE_AND_IMPLEMENTATION","TWO_PATHS_OR_EXPLICIT_RESIDUAL_RISK","UNASSIGNED","UNASSIGNED","NOT_ASSIGNED","TBD","PROVISIONAL_AUTO_REVIEW_REQUIRED","DENY","0.5-draft"
"PLAN-TD-SECURITY-CONFLICT","TD-SECURITY-CONFLICT","P0_RED","SECONDS_TO_72_HOURS","SL1","IMMEDIATE_OR_SAFETY_BOUNDARY","P0_RED","P0_RED","P0_RED","S1_LOW_RISK_HOUSEHOLD","N1|N2|N3_TO_N7","SERVICE_SPECIFIC_UNIT_AND_TIME_WINDOW_TBD","TBD_PERSON_AND_SITE_PROFILE","TBD_BY_CAPABILITY","TBD","TBD_SITE_AND_IMPLEMENTATION","TWO_PATHS_OR_EXPLICIT_RESIDUAL_RISK","UNASSIGNED","UNASSIGNED","NOT_ASSIGNED","TBD","PROVISIONAL_AUTO_REVIEW_REQUIRED","DENY","0.5-draft"
"PLAN-TD-SECURITY-LIGHT","TD-SECURITY-LIGHT","P0_RED","SECONDS_TO_72_HOURS","SL1","IMMEDIATE_OR_SAFETY_BOUNDARY","P0_RED","P0_RED","P0_RED","S2_TRAINED_SUPERVISED","N1|N2|N3_TO_N7","SERVICE_SPECIFIC_UNIT_AND_TIME_WINDOW_TBD","TBD_PERSON_AND_SITE_PROFILE","TBD_BY_CAPABILITY","TBD","TBD_SITE_AND_IMPLEMENTATION","TWO_PATHS_OR_EXPLICIT_RESIDUAL_RISK","UNASSIGNED","UNASSIGNED","NOT_ASSIGNED","TBD","PROVISIONAL_AUTO_REVIEW_REQUIRED","DENY","0.5-draft"
"PLAN-TD-SECURITY-INCIDENT","TD-SECURITY-INCIDENT","P0_RED","SECONDS_TO_72_HOURS","SL1","IMMEDIATE_OR_SAFETY_BOUNDARY","P0_RED","P0_RED","P0_RED","S1_LOW_RISK_HOUSEHOLD","N1|N2|N3_TO_N7","SERVICE_SPECIFIC_UNIT_AND_TIME_WINDOW_TBD","TBD_PERSON_AND_SITE_PROFILE","TBD_BY_CAPABILITY","TBD","TBD_SITE_AND_IMPLEMENTATION","TWO_PATHS_OR_EXPLICIT_RESIDUAL_RISK","UNASSIGNED","UNASSIGNED","NOT_ASSIGNED","TBD","PROVISIONAL_AUTO_REVIEW_REQUIRED","DENY","0.5-draft"
"PLAN-TD-SECURITY-NO-OFFENSE","TD-SECURITY-NO-OFFENSE","P0_RED","SECONDS_TO_72_HOURS","SL1","IMMEDIATE_OR_SAFETY_BOUNDARY","P0_RED","P0_RED","P0_RED","S4_REFERENCE_ONLY_PROHIBITED_HOUSEHOLD","N1|N2|N3_TO_N7","SERVICE_SPECIFIC_UNIT_AND_TIME_WINDOW_TBD","TBD_PERSON_AND_SITE_PROFILE","TBD_BY_CAPABILITY","TBD","TBD_SITE_AND_IMPLEMENTATION","TWO_PATHS_OR_EXPLICIT_RESIDUAL_RISK","UNASSIGNED","UNASSIGNED","NOT_ASSIGNED","TBD","PROVISIONAL_AUTO_REVIEW_REQUIRED","DENY","0.5-draft"
"PLAN-TD-SECURITY","TD-SECURITY","P0_RED","SECONDS_TO_72_HOURS","SL1","IMMEDIATE_OR_SAFETY_BOUNDARY","P0_RED","P0_RED","P0_RED","S2_TRAINED_SUPERVISED","N1|N2|N3_TO_N7","SERVICE_SPECIFIC_UNIT_AND_TIME_WINDOW_TBD","TBD_PERSON_AND_SITE_PROFILE","TBD_BY_CAPABILITY","TBD","TBD_SITE_AND_IMPLEMENTATION","TWO_PATHS_OR_EXPLICIT_RESIDUAL_RISK","UNASSIGNED","UNASSIGNED","NOT_ASSIGNED","TBD","PROVISIONAL_AUTO_REVIEW_REQUIRED","DENY","0.5-draft"
"PLAN-TD-WORKSHOP-SPACE","TD-WORKSHOP-SPACE","P2_YELLOW","15_TO_90_DAYS","SL3","DEFERRED_WITHIN_STATED_HORIZON","P2_YELLOW","P2_YELLOW","P2_YELLOW","S2_TRAINED_SUPERVISED","N1|N2|N3_TO_N7","JOBS_PER_PERIOD_LABOR_HOURS_AND_SPARES","TBD_PERSON_AND_SITE_PROFILE","TBD_BY_CAPABILITY","TBD","TBD_SITE_AND_IMPLEMENTATION","TBD_BY_SERVICE_LEVEL","UNASSIGNED","UNASSIGNED","NOT_ASSIGNED","TBD","PROVISIONAL_AUTO_REVIEW_REQUIRED","DENY","0.5-draft"
"PLAN-TD-WORKSHOP-LIGHT","TD-WORKSHOP-LIGHT","P2_YELLOW","15_TO_90_DAYS","SL3","DEFERRED_WITHIN_STATED_HORIZON","P2_YELLOW","P2_YELLOW","P2_YELLOW","S1_LOW_RISK_HOUSEHOLD","N1|N2|N3_TO_N7","JOBS_PER_PERIOD_LABOR_HOURS_AND_SPARES","TBD_PERSON_AND_SITE_PROFILE","TBD_BY_CAPABILITY","TBD","TBD_SITE_AND_IMPLEMENTATION","TBD_BY_SERVICE_LEVEL","UNASSIGNED","UNASSIGNED","NOT_ASSIGNED","TBD","PROVISIONAL_AUTO_REVIEW_REQUIRED","DENY","0.5-draft"
"PLAN-TD-WORKSHOP-VENT","TD-WORKSHOP-VENT","P3_GREEN","3_MONTHS_TO_15_YEARS","SL4","DEFERRED_WITHIN_STATED_HORIZON","P3_GREEN","P3_GREEN","P3_GREEN","S3_LICENSED_PROFESSIONAL","N1|N2|N3_TO_N7","JOBS_PER_PERIOD_LABOR_HOURS_AND_SPARES","TBD_PERSON_AND_SITE_PROFILE","TBD_BY_CAPABILITY","TBD","TBD_SITE_AND_IMPLEMENTATION","TBD_BY_SERVICE_LEVEL","UNASSIGNED","UNASSIGNED","NOT_ASSIGNED","TBD","PROVISIONAL_AUTO_REVIEW_REQUIRED","DENY","0.5-draft"
"PLAN-TD-WORKSHOP-FIRE","TD-WORKSHOP-FIRE","P2_YELLOW","15_TO_90_DAYS","SL3","DEFERRED_WITHIN_STATED_HORIZON","P2_YELLOW","P2_YELLOW","P2_YELLOW","S2_TRAINED_SUPERVISED","N1|N2|N3_TO_N7","JOBS_PER_PERIOD_LABOR_HOURS_AND_SPARES","TBD_PERSON_AND_SITE_PROFILE","TBD_BY_CAPABILITY","TBD","TBD_SITE_AND_IMPLEMENTATION","TBD_BY_SERVICE_LEVEL","UNASSIGNED","UNASSIGNED","NOT_ASSIGNED","TBD","PROVISIONAL_AUTO_REVIEW_REQUIRED","DENY","0.5-draft"
"PLAN-TD-WORKSHOP-PPE","TD-WORKSHOP-PPE","P2_YELLOW","15_TO_90_DAYS","SL3","DEFERRED_WITHIN_STATED_HORIZON","P2_YELLOW","P2_YELLOW","P2_YELLOW","S2_TRAINED_SUPERVISED","N1|N2|N3_TO_N7","JOBS_PER_PERIOD_LABOR_HOURS_AND_SPARES","TBD_PERSON_AND_SITE_PROFILE","TBD_BY_CAPABILITY","TBD","TBD_SITE_AND_IMPLEMENTATION","TBD_BY_SERVICE_LEVEL","UNASSIGNED","UNASSIGNED","NOT_ASSIGNED","TBD","PROVISIONAL_AUTO_REVIEW_REQUIRED","DENY","0.5-draft"
"PLAN-TD-WORKSHOP-CUSTODY","TD-WORKSHOP-CUSTODY","P2_YELLOW","15_TO_90_DAYS","SL3","DEFERRED_WITHIN_STATED_HORIZON","P2_YELLOW","P2_YELLOW","P2_YELLOW","S1_LOW_RISK_HOUSEHOLD","N1|N2|N3_TO_N7","JOBS_PER_PERIOD_LABOR_HOURS_AND_SPARES","TBD_PERSON_AND_SITE_PROFILE","TBD_BY_CAPABILITY","TBD","TBD_SITE_AND_IMPLEMENTATION","TBD_BY_SERVICE_LEVEL","UNASSIGNED","UNASSIGNED","NOT_ASSIGNED","TBD","PROVISIONAL_AUTO_REVIEW_REQUIRED","DENY","0.5-draft"
"PLAN-TD-WORKSHOP-MARK","TD-WORKSHOP-MARK","P2_YELLOW","15_TO_90_DAYS","SL3","DEFERRED_WITHIN_STATED_HORIZON","P2_YELLOW","P2_YELLOW","P2_YELLOW","S1_LOW_RISK_HOUSEHOLD","N1|N2|N3_TO_N7","JOBS_PER_PERIOD_LABOR_HOURS_AND_SPARES","TBD_PERSON_AND_SITE_PROFILE","TBD_BY_CAPABILITY","TBD","TBD_SITE_AND_IMPLEMENTATION","TBD_BY_SERVICE_LEVEL","UNASSIGNED","UNASSIGNED","NOT_ASSIGNED","TBD","PROVISIONAL_AUTO_REVIEW_REQUIRED","DENY","0.5-draft"
"PLAN-TD-WORKSHOP-TEMPLATES","TD-WORKSHOP-TEMPLATES","P2_YELLOW","15_TO_90_DAYS","SL3","DEFERRED_WITHIN_STATED_HORIZON","P2_YELLOW","P2_YELLOW","P2_YELLOW","S2_TRAINED_SUPERVISED","N1|N2|N3_TO_N7","JOBS_PER_PERIOD_LABOR_HOURS_AND_SPARES","TBD_PERSON_AND_SITE_PROFILE","TBD_BY_CAPABILITY","TBD","TBD_SITE_AND_IMPLEMENTATION","TBD_BY_SERVICE_LEVEL","UNASSIGNED","UNASSIGNED","NOT_ASSIGNED","TBD","PROVISIONAL_AUTO_REVIEW_REQUIRED","DENY","0.5-draft"
"PLAN-TD-WORKSHOP-HOLD","TD-WORKSHOP-HOLD","P2_YELLOW","15_TO_90_DAYS","SL3","DEFERRED_WITHIN_STATED_HORIZON","P2_YELLOW","P2_YELLOW","P2_YELLOW","S2_TRAINED_SUPERVISED","N1|N2|N3_TO_N7","JOBS_PER_PERIOD_LABOR_HOURS_AND_SPARES","TBD_PERSON_AND_SITE_PROFILE","TBD_BY_CAPABILITY","TBD","TBD_SITE_AND_IMPLEMENTATION","TBD_BY_SERVICE_LEVEL","UNASSIGNED","UNASSIGNED","NOT_ASSIGNED","TBD","PROVISIONAL_AUTO_REVIEW_REQUIRED","DENY","0.5-draft"
"PLAN-TD-WORKSHOP-CUT","TD-WORKSHOP-CUT","P2_YELLOW","15_TO_90_DAYS","SL3","DEFERRED_WITHIN_STATED_HORIZON","P2_YELLOW","P2_YELLOW","P2_YELLOW","S2_TRAINED_SUPERVISED","N1|N2|N3_TO_N7","JOBS_PER_PERIOD_LABOR_HOURS_AND_SPARES","TBD_PERSON_AND_SITE_PROFILE","TBD_BY_CAPABILITY","TBD","TBD_SITE_AND_IMPLEMENTATION","TBD_BY_SERVICE_LEVEL","UNASSIGNED","UNASSIGNED","NOT_ASSIGNED","TBD","PROVISIONAL_AUTO_REVIEW_REQUIRED","DENY","0.5-draft"
"PLAN-TD-WORKSHOP-DRILL","TD-WORKSHOP-DRILL","P2_YELLOW","15_TO_90_DAYS","SL3","DEFERRED_WITHIN_STATED_HORIZON","P2_YELLOW","P2_YELLOW","P2_YELLOW","S2_TRAINED_SUPERVISED","N1|N2|N3_TO_N7","JOBS_PER_PERIOD_LABOR_HOURS_AND_SPARES","TBD_PERSON_AND_SITE_PROFILE","TBD_BY_CAPABILITY","TBD","TBD_SITE_AND_IMPLEMENTATION","TBD_BY_SERVICE_LEVEL","UNASSIGNED","UNASSIGNED","NOT_ASSIGNED","TBD","PROVISIONAL_AUTO_REVIEW_REQUIRED","DENY","0.5-draft"
"PLAN-TD-WORKSHOP-FILE","TD-WORKSHOP-FILE","P2_YELLOW","15_TO_90_DAYS","SL3","DEFERRED_WITHIN_STATED_HORIZON","P2_YELLOW","P2_YELLOW","P2_YELLOW","S2_TRAINED_SUPERVISED","N1|N2|N3_TO_N7","JOBS_PER_PERIOD_LABOR_HOURS_AND_SPARES","TBD_PERSON_AND_SITE_PROFILE","TBD_BY_CAPABILITY","TBD","TBD_SITE_AND_IMPLEMENTATION","TBD_BY_SERVICE_LEVEL","UNASSIGNED","UNASSIGNED","NOT_ASSIGNED","TBD","PROVISIONAL_AUTO_REVIEW_REQUIRED","DENY","0.5-draft"
"PLAN-TD-WORKSHOP-PLANE","TD-WORKSHOP-PLANE","P2_YELLOW","15_TO_90_DAYS","SL3","DEFERRED_WITHIN_STATED_HORIZON","P2_YELLOW","P2_YELLOW","P2_YELLOW","S2_TRAINED_SUPERVISED","N1|N2|N3_TO_N7","JOBS_PER_PERIOD_LABOR_HOURS_AND_SPARES","TBD_PERSON_AND_SITE_PROFILE","TBD_BY_CAPABILITY","TBD","TBD_SITE_AND_IMPLEMENTATION","TBD_BY_SERVICE_LEVEL","UNASSIGNED","UNASSIGNED","NOT_ASSIGNED","TBD","PROVISIONAL_AUTO_REVIEW_REQUIRED","DENY","0.5-draft"
"PLAN-TD-WORKSHOP-ABRASIVE","TD-WORKSHOP-ABRASIVE","P3_GREEN","3_MONTHS_TO_15_YEARS","SL4","DEFERRED_WITHIN_STATED_HORIZON","P3_GREEN","P3_GREEN","P3_GREEN","S3_LICENSED_PROFESSIONAL","N1|N2|N3_TO_N7","JOBS_PER_PERIOD_LABOR_HOURS_AND_SPARES","TBD_PERSON_AND_SITE_PROFILE","TBD_BY_CAPABILITY","TBD","TBD_SITE_AND_IMPLEMENTATION","TBD_BY_SERVICE_LEVEL","UNASSIGNED","UNASSIGNED","NOT_ASSIGNED","TBD","PROVISIONAL_AUTO_REVIEW_REQUIRED","DENY","0.5-draft"
"PLAN-TD-WORKSHOP-SHARPEN","TD-WORKSHOP-SHARPEN","P2_YELLOW","15_TO_90_DAYS","SL3","DEFERRED_WITHIN_STATED_HORIZON","P2_YELLOW","P2_YELLOW","P2_YELLOW","S2_TRAINED_SUPERVISED","N1|N2|N3_TO_N7","JOBS_PER_PERIOD_LABOR_HOURS_AND_SPARES","TBD_PERSON_AND_SITE_PROFILE","TBD_BY_CAPABILITY","TBD","TBD_SITE_AND_IMPLEMENTATION","TBD_BY_SERVICE_LEVEL","UNASSIGNED","UNASSIGNED","NOT_ASSIGNED","TBD","PROVISIONAL_AUTO_REVIEW_REQUIRED","DENY","0.5-draft"
"PLAN-TD-WORKSHOP-FASTEN","TD-WORKSHOP-FASTEN","P2_YELLOW","15_TO_90_DAYS","SL3","DEFERRED_WITHIN_STATED_HORIZON","P2_YELLOW","P2_YELLOW","P2_YELLOW","S2_TRAINED_SUPERVISED","N1|N2|N3_TO_N7","JOBS_PER_PERIOD_LABOR_HOURS_AND_SPARES","TBD_PERSON_AND_SITE_PROFILE","TBD_BY_CAPABILITY","TBD","TBD_SITE_AND_IMPLEMENTATION","TBD_BY_SERVICE_LEVEL","UNASSIGNED","UNASSIGNED","NOT_ASSIGNED","TBD","PROVISIONAL_AUTO_REVIEW_REQUIRED","DENY","0.5-draft"
"PLAN-TD-WORKSHOP-TORQUE","TD-WORKSHOP-TORQUE","P3_GREEN","3_MONTHS_TO_15_YEARS","SL4","DEFERRED_WITHIN_STATED_HORIZON","P3_GREEN","P3_GREEN","P3_GREEN","S3_LICENSED_PROFESSIONAL","N1|N2|N3_TO_N7","JOBS_PER_PERIOD_LABOR_HOURS_AND_SPARES","TBD_PERSON_AND_SITE_PROFILE","TBD_BY_CAPABILITY","TBD","TBD_SITE_AND_IMPLEMENTATION","TBD_BY_SERVICE_LEVEL","UNASSIGNED","UNASSIGNED","NOT_ASSIGNED","TBD","PROVISIONAL_AUTO_REVIEW_REQUIRED","DENY","0.5-draft"
"PLAN-TD-WORKSHOP-ADHESIVE","TD-WORKSHOP-ADHESIVE","P2_YELLOW","15_TO_90_DAYS","SL3","DEFERRED_WITHIN_STATED_HORIZON","P2_YELLOW","P2_YELLOW","P2_YELLOW","S2_TRAINED_SUPERVISED","N1|N2|N3_TO_N7","JOBS_PER_PERIOD_LABOR_HOURS_AND_SPARES","TBD_PERSON_AND_SITE_PROFILE","TBD_BY_CAPABILITY","TBD","TBD_SITE_AND_IMPLEMENTATION","TBD_BY_SERVICE_LEVEL","UNASSIGNED","UNASSIGNED","NOT_ASSIGNED","TBD","PROVISIONAL_AUTO_REVIEW_REQUIRED","DENY","0.5-draft"
"PLAN-TD-WORKSHOP-SEW","TD-WORKSHOP-SEW","P2_YELLOW","15_TO_90_DAYS","SL3","DEFERRED_WITHIN_STATED_HORIZON","P2_YELLOW","P2_YELLOW","P2_YELLOW","S1_LOW_RISK_HOUSEHOLD","N1|N2|N3_TO_N7","JOBS_PER_PERIOD_LABOR_HOURS_AND_SPARES","TBD_PERSON_AND_SITE_PROFILE","TBD_BY_CAPABILITY","TBD","TBD_SITE_AND_IMPLEMENTATION","TBD_BY_SERVICE_LEVEL","UNASSIGNED","UNASSIGNED","NOT_ASSIGNED","TBD","PROVISIONAL_AUTO_REVIEW_REQUIRED","DENY","0.5-draft"
"PLAN-TD-WORKSHOP-ROPE","TD-WORKSHOP-ROPE","P2_YELLOW","15_TO_90_DAYS","SL3","DEFERRED_WITHIN_STATED_HORIZON","P2_YELLOW","P2_YELLOW","P2_YELLOW","S2_TRAINED_SUPERVISED","N1|N2|N3_TO_N7","JOBS_PER_PERIOD_LABOR_HOURS_AND_SPARES","TBD_PERSON_AND_SITE_PROFILE","TBD_BY_CAPABILITY","TBD","TBD_SITE_AND_IMPLEMENTATION","TBD_BY_SERVICE_LEVEL","UNASSIGNED","UNASSIGNED","NOT_ASSIGNED","TBD","PROVISIONAL_AUTO_REVIEW_REQUIRED","DENY","0.5-draft"
"PLAN-TD-WORKSHOP-METAL-COLD","TD-WORKSHOP-METAL-COLD","P3_GREEN","3_MONTHS_TO_15_YEARS","SL4","DEFERRED_WITHIN_STATED_HORIZON","P3_GREEN","P3_GREEN","P3_GREEN","S3_LICENSED_PROFESSIONAL","N1|N2|N3_TO_N7","JOBS_PER_PERIOD_LABOR_HOURS_AND_SPARES","TBD_PERSON_AND_SITE_PROFILE","TBD_BY_CAPABILITY","TBD","TBD_SITE_AND_IMPLEMENTATION","TBD_BY_SERVICE_LEVEL","UNASSIGNED","UNASSIGNED","NOT_ASSIGNED","TBD","PROVISIONAL_AUTO_REVIEW_REQUIRED","DENY","0.5-draft"
"PLAN-TD-WORKSHOP-PLUMBING","TD-WORKSHOP-PLUMBING","P2_YELLOW","15_TO_90_DAYS","SL3","DEFERRED_WITHIN_STATED_HORIZON","P2_YELLOW","P2_YELLOW","P2_YELLOW","S2_TRAINED_SUPERVISED","N1|N2|N3_TO_N7","JOBS_PER_PERIOD_LABOR_HOURS_AND_SPARES","TBD_PERSON_AND_SITE_PROFILE","TBD_BY_CAPABILITY","TBD","TBD_SITE_AND_IMPLEMENTATION","TBD_BY_SERVICE_LEVEL","UNASSIGNED","UNASSIGNED","NOT_ASSIGNED","TBD","PROVISIONAL_AUTO_REVIEW_REQUIRED","DENY","0.5-draft"
"PLAN-TD-WORKSHOP-PUMPS","TD-WORKSHOP-PUMPS","P3_GREEN","3_MONTHS_TO_15_YEARS","SL4","DEFERRED_WITHIN_STATED_HORIZON","P3_GREEN","P3_GREEN","P3_GREEN","S3_LICENSED_PROFESSIONAL","N1|N2|N3_TO_N7","JOBS_PER_PERIOD_LABOR_HOURS_AND_SPARES","TBD_PERSON_AND_SITE_PROFILE","TBD_BY_CAPABILITY","TBD","TBD_SITE_AND_IMPLEMENTATION","TBD_BY_SERVICE_LEVEL","UNASSIGNED","UNASSIGNED","NOT_ASSIGNED","TBD","PROVISIONAL_AUTO_REVIEW_REQUIRED","DENY","0.5-draft"
"PLAN-TD-WORKSHOP-BICYCLE","TD-WORKSHOP-BICYCLE","P2_YELLOW","15_TO_90_DAYS","SL3","DEFERRED_WITHIN_STATED_HORIZON","P2_YELLOW","P2_YELLOW","P2_YELLOW","S2_TRAINED_SUPERVISED","N1|N2|N3_TO_N7","JOBS_PER_PERIOD_LABOR_HOURS_AND_SPARES","TBD_PERSON_AND_SITE_PROFILE","TBD_BY_CAPABILITY","TBD","TBD_SITE_AND_IMPLEMENTATION","TBD_BY_SERVICE_LEVEL","UNASSIGNED","UNASSIGNED","NOT_ASSIGNED","TBD","PROVISIONAL_AUTO_REVIEW_REQUIRED","DENY","0.5-draft"
"PLAN-TD-WORKSHOP-CART","TD-WORKSHOP-CART","P2_YELLOW","15_TO_90_DAYS","SL3","DEFERRED_WITHIN_STATED_HORIZON","P2_YELLOW","P2_YELLOW","P2_YELLOW","S2_TRAINED_SUPERVISED","N1|N2|N3_TO_N7","JOBS_PER_PERIOD_LABOR_HOURS_AND_SPARES","TBD_PERSON_AND_SITE_PROFILE","TBD_BY_CAPABILITY","TBD","TBD_SITE_AND_IMPLEMENTATION","TBD_BY_SERVICE_LEVEL","UNASSIGNED","UNASSIGNED","NOT_ASSIGNED","TBD","PROVISIONAL_AUTO_REVIEW_REQUIRED","DENY","0.5-draft"
"PLAN-TD-WORKSHOP-FOOTWEAR","TD-WORKSHOP-FOOTWEAR","P2_YELLOW","15_TO_90_DAYS","SL3","DEFERRED_WITHIN_STATED_HORIZON","P2_YELLOW","P2_YELLOW","P2_YELLOW","S2_TRAINED_SUPERVISED","N1|N2|N3_TO_N7","JOBS_PER_PERIOD_LABOR_HOURS_AND_SPARES","TBD_PERSON_AND_SITE_PROFILE","TBD_BY_CAPABILITY","TBD","TBD_SITE_AND_IMPLEMENTATION","TBD_BY_SERVICE_LEVEL","UNASSIGNED","UNASSIGNED","NOT_ASSIGNED","TBD","PROVISIONAL_AUTO_REVIEW_REQUIRED","DENY","0.5-draft"
"PLAN-TD-WORKSHOP-DONOR","TD-WORKSHOP-DONOR","P2_YELLOW","15_TO_90_DAYS","SL3","DEFERRED_WITHIN_STATED_HORIZON","P2_YELLOW","P2_YELLOW","P2_YELLOW","S2_TRAINED_SUPERVISED","N1|N2|N3_TO_N7","JOBS_PER_PERIOD_LABOR_HOURS_AND_SPARES","TBD_PERSON_AND_SITE_PROFILE","TBD_BY_CAPABILITY","TBD","TBD_SITE_AND_IMPLEMENTATION","TBD_BY_SERVICE_LEVEL","UNASSIGNED","UNASSIGNED","NOT_ASSIGNED","TBD","PROVISIONAL_AUTO_REVIEW_REQUIRED","DENY","0.5-draft"
"PLAN-TD-WORKSHOP-CONSUMABLES","TD-WORKSHOP-CONSUMABLES","P2_YELLOW","15_TO_90_DAYS","SL3","DEFERRED_WITHIN_STATED_HORIZON","P2_YELLOW","P2_YELLOW","P2_YELLOW","S1_LOW_RISK_HOUSEHOLD","N1|N2|N3_TO_N7","JOBS_PER_PERIOD_LABOR_HOURS_AND_SPARES","TBD_PERSON_AND_SITE_PROFILE","TBD_BY_CAPABILITY","TBD","TBD_SITE_AND_IMPLEMENTATION","TBD_BY_SERVICE_LEVEL","UNASSIGNED","UNASSIGNED","NOT_ASSIGNED","TBD","PROVISIONAL_AUTO_REVIEW_REQUIRED","DENY","0.5-draft"
"PLAN-TD-WORKSHOP-INTERFACES","TD-WORKSHOP-INTERFACES","P2_YELLOW","15_TO_90_DAYS","SL3","DEFERRED_WITHIN_STATED_HORIZON","P2_YELLOW","P2_YELLOW","P2_YELLOW","S2_TRAINED_SUPERVISED","N1|N2|N3_TO_N7","JOBS_PER_PERIOD_LABOR_HOURS_AND_SPARES","TBD_PERSON_AND_SITE_PROFILE","TBD_BY_CAPABILITY","TBD","TBD_SITE_AND_IMPLEMENTATION","TBD_BY_SERVICE_LEVEL","UNASSIGNED","UNASSIGNED","NOT_ASSIGNED","TBD","PROVISIONAL_AUTO_REVIEW_REQUIRED","DENY","0.5-draft"
"PLAN-TD-WORKSHOP-POST-TEST","TD-WORKSHOP-POST-TEST","P2_YELLOW","15_TO_90_DAYS","SL3","DEFERRED_WITHIN_STATED_HORIZON","P2_YELLOW","P2_YELLOW","P2_YELLOW","S2_TRAINED_SUPERVISED","N1|N2|N3_TO_N7","JOBS_PER_PERIOD_LABOR_HOURS_AND_SPARES","TBD_PERSON_AND_SITE_PROFILE","TBD_BY_CAPABILITY","TBD","TBD_SITE_AND_IMPLEMENTATION","TBD_BY_SERVICE_LEVEL","UNASSIGNED","UNASSIGNED","NOT_ASSIGNED","TBD","PROVISIONAL_AUTO_REVIEW_REQUIRED","DENY","0.5-draft"
"PLAN-TD-METRO-SI","TD-METRO-SI","P2_YELLOW","15_TO_90_DAYS","SL3","DEFERRED_WITHIN_STATED_HORIZON","P2_YELLOW","P2_YELLOW","P2_YELLOW","S0_OBSERVE_READ","N1|N2|N3_TO_N7","OBJECT_COUNT_COVERAGE_REVIEW_INTERVAL_AND_EVIDENCE","TBD_PERSON_AND_SITE_PROFILE","TBD_BY_CAPABILITY","TBD","TBD_SITE_AND_IMPLEMENTATION","TBD_BY_SERVICE_LEVEL","UNASSIGNED","UNASSIGNED","NOT_ASSIGNED","TBD","PROVISIONAL_AUTO_REVIEW_REQUIRED","DENY","0.5-draft"
"PLAN-TD-METRO-LENGTH","TD-METRO-LENGTH","P2_YELLOW","15_TO_90_DAYS","SL3","DEFERRED_WITHIN_STATED_HORIZON","P2_YELLOW","P2_YELLOW","P2_YELLOW","S1_LOW_RISK_HOUSEHOLD","N1|N2|N3_TO_N7","OBJECT_COUNT_COVERAGE_REVIEW_INTERVAL_AND_EVIDENCE","TBD_PERSON_AND_SITE_PROFILE","TBD_BY_CAPABILITY","TBD","TBD_SITE_AND_IMPLEMENTATION","TBD_BY_SERVICE_LEVEL","UNASSIGNED","UNASSIGNED","NOT_ASSIGNED","TBD","PROVISIONAL_AUTO_REVIEW_REQUIRED","DENY","0.5-draft"
"PLAN-TD-METRO-MASS","TD-METRO-MASS","P2_YELLOW","15_TO_90_DAYS","SL3","DEFERRED_WITHIN_STATED_HORIZON","P2_YELLOW","P2_YELLOW","P2_YELLOW","S1_LOW_RISK_HOUSEHOLD","N1|N2|N3_TO_N7","OBJECT_COUNT_COVERAGE_REVIEW_INTERVAL_AND_EVIDENCE","TBD_PERSON_AND_SITE_PROFILE","TBD_BY_CAPABILITY","TBD","TBD_SITE_AND_IMPLEMENTATION","TBD_BY_SERVICE_LEVEL","UNASSIGNED","UNASSIGNED","NOT_ASSIGNED","TBD","PROVISIONAL_AUTO_REVIEW_REQUIRED","DENY","0.5-draft"
"PLAN-TD-METRO-TIME","TD-METRO-TIME","P2_YELLOW","15_TO_90_DAYS","SL3","DEFERRED_WITHIN_STATED_HORIZON","P2_YELLOW","P2_YELLOW","P2_YELLOW","S1_LOW_RISK_HOUSEHOLD","N1|N2|N3_TO_N7","OBJECT_COUNT_COVERAGE_REVIEW_INTERVAL_AND_EVIDENCE","TBD_PERSON_AND_SITE_PROFILE","TBD_BY_CAPABILITY","TBD","TBD_SITE_AND_IMPLEMENTATION","TBD_BY_SERVICE_LEVEL","UNASSIGNED","UNASSIGNED","NOT_ASSIGNED","TBD","PROVISIONAL_AUTO_REVIEW_REQUIRED","DENY","0.5-draft"
"PLAN-TD-METRO-TEMP","TD-METRO-TEMP","P2_YELLOW","15_TO_90_DAYS","SL3","DEFERRED_WITHIN_STATED_HORIZON","P2_YELLOW","P2_YELLOW","P2_YELLOW","S2_TRAINED_SUPERVISED","N1|N2|N3_TO_N7","OBJECT_COUNT_COVERAGE_REVIEW_INTERVAL_AND_EVIDENCE","TBD_PERSON_AND_SITE_PROFILE","TBD_BY_CAPABILITY","TBD","TBD_SITE_AND_IMPLEMENTATION","TBD_BY_SERVICE_LEVEL","UNASSIGNED","UNASSIGNED","NOT_ASSIGNED","TBD","PROVISIONAL_AUTO_REVIEW_REQUIRED","DENY","0.5-draft"
"PLAN-TD-METRO-HUMIDITY","TD-METRO-HUMIDITY","P2_YELLOW","15_TO_90_DAYS","SL3","DEFERRED_WITHIN_STATED_HORIZON","P2_YELLOW","P2_YELLOW","P2_YELLOW","S2_TRAINED_SUPERVISED","N1|N2|N3_TO_N7","OBJECT_COUNT_COVERAGE_REVIEW_INTERVAL_AND_EVIDENCE","TBD_PERSON_AND_SITE_PROFILE","TBD_BY_CAPABILITY","TBD","TBD_SITE_AND_IMPLEMENTATION","TBD_BY_SERVICE_LEVEL","UNASSIGNED","UNASSIGNED","NOT_ASSIGNED","TBD","PROVISIONAL_AUTO_REVIEW_REQUIRED","DENY","0.5-draft"
"PLAN-TD-METRO-PRESSURE","TD-METRO-PRESSURE","P2_YELLOW","15_TO_90_DAYS","SL3","DEFERRED_WITHIN_STATED_HORIZON","P2_YELLOW","P2_YELLOW","P2_YELLOW","S3_LICENSED_PROFESSIONAL","N1|N2|N3_TO_N7","OBJECT_COUNT_COVERAGE_REVIEW_INTERVAL_AND_EVIDENCE","TBD_PERSON_AND_SITE_PROFILE","TBD_BY_CAPABILITY","TBD","TBD_SITE_AND_IMPLEMENTATION","TBD_BY_SERVICE_LEVEL","UNASSIGNED","UNASSIGNED","NOT_ASSIGNED","TBD","PROVISIONAL_AUTO_REVIEW_REQUIRED","DENY","0.5-draft"
"PLAN-TD-METRO-FLOW","TD-METRO-FLOW","P2_YELLOW","15_TO_90_DAYS","SL3","DEFERRED_WITHIN_STATED_HORIZON","P2_YELLOW","P2_YELLOW","P2_YELLOW","S2_TRAINED_SUPERVISED","N1|N2|N3_TO_N7","OBJECT_COUNT_COVERAGE_REVIEW_INTERVAL_AND_EVIDENCE","TBD_PERSON_AND_SITE_PROFILE","TBD_BY_CAPABILITY","TBD","TBD_SITE_AND_IMPLEMENTATION","TBD_BY_SERVICE_LEVEL","UNASSIGNED","UNASSIGNED","NOT_ASSIGNED","TBD","PROVISIONAL_AUTO_REVIEW_REQUIRED","DENY","0.5-draft"
"PLAN-TD-METRO-VOLUME","TD-METRO-VOLUME","P2_YELLOW","15_TO_90_DAYS","SL3","DEFERRED_WITHIN_STATED_HORIZON","P2_YELLOW","P2_YELLOW","P2_YELLOW","S1_LOW_RISK_HOUSEHOLD","N1|N2|N3_TO_N7","OBJECT_COUNT_COVERAGE_REVIEW_INTERVAL_AND_EVIDENCE","TBD_PERSON_AND_SITE_PROFILE","TBD_BY_CAPABILITY","TBD","TBD_SITE_AND_IMPLEMENTATION","TBD_BY_SERVICE_LEVEL","UNASSIGNED","UNASSIGNED","NOT_ASSIGNED","TBD","PROVISIONAL_AUTO_REVIEW_REQUIRED","DENY","0.5-draft"
"PLAN-TD-METRO-ANGLE","TD-METRO-ANGLE","P2_YELLOW","15_TO_90_DAYS","SL3","DEFERRED_WITHIN_STATED_HORIZON","P2_YELLOW","P2_YELLOW","P2_YELLOW","S1_LOW_RISK_HOUSEHOLD","N1|N2|N3_TO_N7","OBJECT_COUNT_COVERAGE_REVIEW_INTERVAL_AND_EVIDENCE","TBD_PERSON_AND_SITE_PROFILE","TBD_BY_CAPABILITY","TBD","TBD_SITE_AND_IMPLEMENTATION","TBD_BY_SERVICE_LEVEL","UNASSIGNED","UNASSIGNED","NOT_ASSIGNED","TBD","PROVISIONAL_AUTO_REVIEW_REQUIRED","DENY","0.5-draft"
"PLAN-TD-METRO-ELECTRIC","TD-METRO-ELECTRIC","P2_YELLOW","15_TO_90_DAYS","SL3","DEFERRED_WITHIN_STATED_HORIZON","P2_YELLOW","P2_YELLOW","P2_YELLOW","S2_TRAINED_SUPERVISED","N1|N2|N3_TO_N7","OBJECT_COUNT_COVERAGE_REVIEW_INTERVAL_AND_EVIDENCE","TBD_PERSON_AND_SITE_PROFILE","TBD_BY_CAPABILITY","TBD","TBD_SITE_AND_IMPLEMENTATION","TBD_BY_SERVICE_LEVEL","UNASSIGNED","UNASSIGNED","NOT_ASSIGNED","TBD","PROVISIONAL_AUTO_REVIEW_REQUIRED","DENY","0.5-draft"
"PLAN-TD-METRO-LIGHT","TD-METRO-LIGHT","P2_YELLOW","15_TO_90_DAYS","SL3","DEFERRED_WITHIN_STATED_HORIZON","P2_YELLOW","P2_YELLOW","P2_YELLOW","S1_LOW_RISK_HOUSEHOLD","N1|N2|N3_TO_N7","OBJECT_COUNT_COVERAGE_REVIEW_INTERVAL_AND_EVIDENCE","TBD_PERSON_AND_SITE_PROFILE","TBD_BY_CAPABILITY","TBD","TBD_SITE_AND_IMPLEMENTATION","TBD_BY_SERVICE_LEVEL","UNASSIGNED","UNASSIGNED","NOT_ASSIGNED","TBD","PROVISIONAL_AUTO_REVIEW_REQUIRED","DENY","0.5-draft"
"PLAN-TD-METRO-CO-SMOKE","TD-METRO-CO-SMOKE","P2_YELLOW","15_TO_90_DAYS","SL3","DEFERRED_WITHIN_STATED_HORIZON","P2_YELLOW","P2_YELLOW","P2_YELLOW","S2_TRAINED_SUPERVISED","N1|N2|N3_TO_N7","OBJECT_COUNT_COVERAGE_REVIEW_INTERVAL_AND_EVIDENCE","TBD_PERSON_AND_SITE_PROFILE","TBD_BY_CAPABILITY","TBD","TBD_SITE_AND_IMPLEMENTATION","TBD_BY_SERVICE_LEVEL","UNASSIGNED","UNASSIGNED","NOT_ASSIGNED","TBD","PROVISIONAL_AUTO_REVIEW_REQUIRED","DENY","0.5-draft"
"PLAN-TD-METRO-PH","TD-METRO-PH","P2_YELLOW","15_TO_90_DAYS","SL3","DEFERRED_WITHIN_STATED_HORIZON","P2_YELLOW","P2_YELLOW","P2_YELLOW","S2_TRAINED_SUPERVISED","N1|N2|N3_TO_N7","OBJECT_COUNT_COVERAGE_REVIEW_INTERVAL_AND_EVIDENCE","TBD_PERSON_AND_SITE_PROFILE","TBD_BY_CAPABILITY","TBD","TBD_SITE_AND_IMPLEMENTATION","TBD_BY_SERVICE_LEVEL","UNASSIGNED","UNASSIGNED","NOT_ASSIGNED","TBD","PROVISIONAL_AUTO_REVIEW_REQUIRED","DENY","0.5-draft"
"PLAN-TD-METRO-EC","TD-METRO-EC","P2_YELLOW","15_TO_90_DAYS","SL3","DEFERRED_WITHIN_STATED_HORIZON","P2_YELLOW","P2_YELLOW","P2_YELLOW","S2_TRAINED_SUPERVISED","N1|N2|N3_TO_N7","OBJECT_COUNT_COVERAGE_REVIEW_INTERVAL_AND_EVIDENCE","TBD_PERSON_AND_SITE_PROFILE","TBD_BY_CAPABILITY","TBD","TBD_SITE_AND_IMPLEMENTATION","TBD_BY_SERVICE_LEVEL","UNASSIGNED","UNASSIGNED","NOT_ASSIGNED","TBD","PROVISIONAL_AUTO_REVIEW_REQUIRED","DENY","0.5-draft"
"PLAN-TD-METRO-TURBIDITY","TD-METRO-TURBIDITY","P2_YELLOW","15_TO_90_DAYS","SL3","DEFERRED_WITHIN_STATED_HORIZON","P2_YELLOW","P2_YELLOW","P2_YELLOW","S2_TRAINED_SUPERVISED","N1|N2|N3_TO_N7","OBJECT_COUNT_COVERAGE_REVIEW_INTERVAL_AND_EVIDENCE","TBD_PERSON_AND_SITE_PROFILE","TBD_BY_CAPABILITY","TBD","TBD_SITE_AND_IMPLEMENTATION","TBD_BY_SERVICE_LEVEL","UNASSIGNED","UNASSIGNED","NOT_ASSIGNED","TBD","PROVISIONAL_AUTO_REVIEW_REQUIRED","DENY","0.5-draft"
"PLAN-TD-METRO-CHLORINE","TD-METRO-CHLORINE","P2_YELLOW","15_TO_90_DAYS","SL3","DEFERRED_WITHIN_STATED_HORIZON","P2_YELLOW","P2_YELLOW","P2_YELLOW","S2_TRAINED_SUPERVISED","N1|N2|N3_TO_N7","OBJECT_COUNT_COVERAGE_REVIEW_INTERVAL_AND_EVIDENCE","TBD_PERSON_AND_SITE_PROFILE","TBD_BY_CAPABILITY","TBD","TBD_SITE_AND_IMPLEMENTATION","TBD_BY_SERVICE_LEVEL","UNASSIGNED","UNASSIGNED","NOT_ASSIGNED","TBD","PROVISIONAL_AUTO_REVIEW_REQUIRED","DENY","0.5-draft"
"PLAN-TD-METRO-SOIL","TD-METRO-SOIL","P2_YELLOW","15_TO_90_DAYS","SL3","DEFERRED_WITHIN_STATED_HORIZON","P2_YELLOW","P2_YELLOW","P2_YELLOW","S2_TRAINED_SUPERVISED","N1|N2|N3_TO_N7","OBJECT_COUNT_COVERAGE_REVIEW_INTERVAL_AND_EVIDENCE","TBD_PERSON_AND_SITE_PROFILE","TBD_BY_CAPABILITY","TBD","TBD_SITE_AND_IMPLEMENTATION","TBD_BY_SERVICE_LEVEL","UNASSIGNED","UNASSIGNED","NOT_ASSIGNED","TBD","PROVISIONAL_AUTO_REVIEW_REQUIRED","DENY","0.5-draft"
"PLAN-TD-METRO-MOISTURE","TD-METRO-MOISTURE","P2_YELLOW","15_TO_90_DAYS","SL3","DEFERRED_WITHIN_STATED_HORIZON","P2_YELLOW","P2_YELLOW","P2_YELLOW","S2_TRAINED_SUPERVISED","N1|N2|N3_TO_N7","OBJECT_COUNT_COVERAGE_REVIEW_INTERVAL_AND_EVIDENCE","TBD_PERSON_AND_SITE_PROFILE","TBD_BY_CAPABILITY","TBD","TBD_SITE_AND_IMPLEMENTATION","TBD_BY_SERVICE_LEVEL","UNASSIGNED","UNASSIGNED","NOT_ASSIGNED","TBD","PROVISIONAL_AUTO_REVIEW_REQUIRED","DENY","0.5-draft"
"PLAN-TD-METRO-RAIN","TD-METRO-RAIN","P2_YELLOW","15_TO_90_DAYS","SL3","DEFERRED_WITHIN_STATED_HORIZON","P2_YELLOW","P2_YELLOW","P2_YELLOW","S2_TRAINED_SUPERVISED","N1|N2|N3_TO_N7","OBJECT_COUNT_COVERAGE_REVIEW_INTERVAL_AND_EVIDENCE","TBD_PERSON_AND_SITE_PROFILE","TBD_BY_CAPABILITY","TBD","TBD_SITE_AND_IMPLEMENTATION","TBD_BY_SERVICE_LEVEL","UNASSIGNED","UNASSIGNED","NOT_ASSIGNED","TBD","PROVISIONAL_AUTO_REVIEW_REQUIRED","DENY","0.5-draft"
"PLAN-TD-METRO-WIND","TD-METRO-WIND","P2_YELLOW","15_TO_90_DAYS","SL3","DEFERRED_WITHIN_STATED_HORIZON","P2_YELLOW","P2_YELLOW","P2_YELLOW","S2_TRAINED_SUPERVISED","N1|N2|N3_TO_N7","OBJECT_COUNT_COVERAGE_REVIEW_INTERVAL_AND_EVIDENCE","TBD_PERSON_AND_SITE_PROFILE","TBD_BY_CAPABILITY","TBD","TBD_SITE_AND_IMPLEMENTATION","TBD_BY_SERVICE_LEVEL","UNASSIGNED","UNASSIGNED","NOT_ASSIGNED","TBD","PROVISIONAL_AUTO_REVIEW_REQUIRED","DENY","0.5-draft"
"PLAN-TD-METRO-POSITION","TD-METRO-POSITION","P2_YELLOW","15_TO_90_DAYS","SL3","DEFERRED_WITHIN_STATED_HORIZON","P2_YELLOW","P2_YELLOW","P2_YELLOW","S2_TRAINED_SUPERVISED","N1|N2|N3_TO_N7","OBJECT_COUNT_COVERAGE_REVIEW_INTERVAL_AND_EVIDENCE","TBD_PERSON_AND_SITE_PROFILE","TBD_BY_CAPABILITY","TBD","TBD_SITE_AND_IMPLEMENTATION","TBD_BY_SERVICE_LEVEL","UNASSIGNED","UNASSIGNED","NOT_ASSIGNED","TBD","PROVISIONAL_AUTO_REVIEW_REQUIRED","DENY","0.5-draft"
"PLAN-TD-METRO-MEDICAL","TD-METRO-MEDICAL","P2_YELLOW","15_TO_90_DAYS","SL3","DEFERRED_WITHIN_STATED_HORIZON","P2_YELLOW","P2_YELLOW","P2_YELLOW","S3_LICENSED_PROFESSIONAL","N1|N2|N3_TO_N7","OBJECT_COUNT_COVERAGE_REVIEW_INTERVAL_AND_EVIDENCE","TBD_PERSON_AND_SITE_PROFILE","TBD_BY_CAPABILITY","TBD","TBD_SITE_AND_IMPLEMENTATION","TBD_BY_SERVICE_LEVEL","UNASSIGNED","UNASSIGNED","NOT_ASSIGNED","TBD","PROVISIONAL_AUTO_REVIEW_REQUIRED","DENY","0.5-draft"
"PLAN-TD-METRO-REFERENCE","TD-METRO-REFERENCE","P2_YELLOW","15_TO_90_DAYS","SL3","DEFERRED_WITHIN_STATED_HORIZON","P2_YELLOW","P2_YELLOW","P2_YELLOW","S2_TRAINED_SUPERVISED","N1|N2|N3_TO_N7","OBJECT_COUNT_COVERAGE_REVIEW_INTERVAL_AND_EVIDENCE","TBD_PERSON_AND_SITE_PROFILE","TBD_BY_CAPABILITY","TBD","TBD_SITE_AND_IMPLEMENTATION","TBD_BY_SERVICE_LEVEL","UNASSIGNED","UNASSIGNED","NOT_ASSIGNED","TBD","PROVISIONAL_AUTO_REVIEW_REQUIRED","DENY","0.5-draft"
"PLAN-TD-METRO-UNCERTAINTY","TD-METRO-UNCERTAINTY","P2_YELLOW","15_TO_90_DAYS","SL3","DEFERRED_WITHIN_STATED_HORIZON","P2_YELLOW","P2_YELLOW","P2_YELLOW","S2_TRAINED_SUPERVISED","N1|N2|N3_TO_N7","OBJECT_COUNT_COVERAGE_REVIEW_INTERVAL_AND_EVIDENCE","TBD_PERSON_AND_SITE_PROFILE","TBD_BY_CAPABILITY","TBD","TBD_SITE_AND_IMPLEMENTATION","TBD_BY_SERVICE_LEVEL","UNASSIGNED","UNASSIGNED","NOT_ASSIGNED","TBD","PROVISIONAL_AUTO_REVIEW_REQUIRED","DENY","0.5-draft"
"PLAN-TD-METRO-HISTORY","TD-METRO-HISTORY","P2_YELLOW","15_TO_90_DAYS","SL3","DEFERRED_WITHIN_STATED_HORIZON","P2_YELLOW","P2_YELLOW","P2_YELLOW","S2_TRAINED_SUPERVISED","N1|N2|N3_TO_N7","OBJECT_COUNT_COVERAGE_REVIEW_INTERVAL_AND_EVIDENCE","TBD_PERSON_AND_SITE_PROFILE","TBD_BY_CAPABILITY","TBD","TBD_SITE_AND_IMPLEMENTATION","TBD_BY_SERVICE_LEVEL","UNASSIGNED","UNASSIGNED","NOT_ASSIGNED","TBD","PROVISIONAL_AUTO_REVIEW_REQUIRED","DENY","0.5-draft"
"PLAN-TD-METRO-SPARES","TD-METRO-SPARES","P2_YELLOW","15_TO_90_DAYS","SL3","DEFERRED_WITHIN_STATED_HORIZON","P2_YELLOW","P2_YELLOW","P2_YELLOW","S2_TRAINED_SUPERVISED","N1|N2|N3_TO_N7","OBJECT_COUNT_COVERAGE_REVIEW_INTERVAL_AND_EVIDENCE","TBD_PERSON_AND_SITE_PROFILE","TBD_BY_CAPABILITY","TBD","TBD_SITE_AND_IMPLEMENTATION","TBD_BY_SERVICE_LEVEL","UNASSIGNED","UNASSIGNED","NOT_ASSIGNED","TBD","PROVISIONAL_AUTO_REVIEW_REQUIRED","DENY","0.5-draft"
"PLAN-TD-METRO-FAILURE","TD-METRO-FAILURE","P2_YELLOW","15_TO_90_DAYS","SL3","DEFERRED_WITHIN_STATED_HORIZON","P2_YELLOW","P2_YELLOW","P2_YELLOW","S2_TRAINED_SUPERVISED","N1|N2|N3_TO_N7","OBJECT_COUNT_COVERAGE_REVIEW_INTERVAL_AND_EVIDENCE","TBD_PERSON_AND_SITE_PROFILE","TBD_BY_CAPABILITY","TBD","TBD_SITE_AND_IMPLEMENTATION","TBD_BY_SERVICE_LEVEL","UNASSIGNED","UNASSIGNED","NOT_ASSIGNED","TBD","PROVISIONAL_AUTO_REVIEW_REQUIRED","DENY","0.5-draft"
"PLAN-TD-MATERIALS-PRODUCTION-IDENTITY","TD-MATERIALS-PRODUCTION-IDENTITY","P3_GREEN","3_MONTHS_TO_15_YEARS","SL5","DEFERRED_WITHIN_STATED_HORIZON","P3_GREEN","P3_GREEN","P3_GREEN","S2_TRAINED_SUPERVISED","N1|N2|N3_TO_N7","MASS_VOLUME_THROUGHPUT_YIELD_AND_REJECT_RATE","TBD_PERSON_AND_SITE_PROFILE","TBD_BY_CAPABILITY","TBD","TBD_SITE_AND_IMPLEMENTATION","TBD_BY_SERVICE_LEVEL","UNASSIGNED","UNASSIGNED","NOT_ASSIGNED","TBD","PROVISIONAL_AUTO_REVIEW_REQUIRED","DENY","0.5-draft"
"PLAN-TD-MATERIALS-PRODUCTION-STORAGE","TD-MATERIALS-PRODUCTION-STORAGE","P3_GREEN","3_MONTHS_TO_15_YEARS","SL5","DEFERRED_WITHIN_STATED_HORIZON","P3_GREEN","P3_GREEN","P3_GREEN","S2_TRAINED_SUPERVISED","N1|N2|N3_TO_N7","MASS_VOLUME_THROUGHPUT_YIELD_AND_REJECT_RATE","TBD_PERSON_AND_SITE_PROFILE","TBD_BY_CAPABILITY","TBD","TBD_SITE_AND_IMPLEMENTATION","TBD_BY_SERVICE_LEVEL","UNASSIGNED","UNASSIGNED","NOT_ASSIGNED","TBD","PROVISIONAL_AUTO_REVIEW_REQUIRED","DENY","0.5-draft"
"PLAN-TD-MATERIALS-PRODUCTION-WOOD-HARVEST","TD-MATERIALS-PRODUCTION-WOOD-HARVEST","P3_GREEN","3_MONTHS_TO_15_YEARS","SL5","DEFERRED_WITHIN_STATED_HORIZON","P3_GREEN","P3_GREEN","P3_GREEN","S3_LICENSED_PROFESSIONAL","N1|N2|N3_TO_N7","MASS_VOLUME_THROUGHPUT_YIELD_AND_REJECT_RATE","TBD_PERSON_AND_SITE_PROFILE","TBD_BY_CAPABILITY","TBD","TBD_SITE_AND_IMPLEMENTATION","TBD_BY_SERVICE_LEVEL","UNASSIGNED","UNASSIGNED","NOT_ASSIGNED","TBD","PROVISIONAL_AUTO_REVIEW_REQUIRED","DENY","0.5-draft"
"PLAN-TD-MATERIALS-PRODUCTION-WOOD-SAW","TD-MATERIALS-PRODUCTION-WOOD-SAW","P3_GREEN","3_MONTHS_TO_15_YEARS","SL5","DEFERRED_WITHIN_STATED_HORIZON","P3_GREEN","P3_GREEN","P3_GREEN","S3_LICENSED_PROFESSIONAL","N1|N2|N3_TO_N7","MASS_VOLUME_THROUGHPUT_YIELD_AND_REJECT_RATE","TBD_PERSON_AND_SITE_PROFILE","TBD_BY_CAPABILITY","TBD","TBD_SITE_AND_IMPLEMENTATION","TBD_BY_SERVICE_LEVEL","UNASSIGNED","UNASSIGNED","NOT_ASSIGNED","TBD","PROVISIONAL_AUTO_REVIEW_REQUIRED","DENY","0.5-draft"
"PLAN-TD-MATERIALS-PRODUCTION-WOOD-DRY","TD-MATERIALS-PRODUCTION-WOOD-DRY","P3_GREEN","3_MONTHS_TO_15_YEARS","SL5","DEFERRED_WITHIN_STATED_HORIZON","P3_GREEN","P3_GREEN","P3_GREEN","S2_TRAINED_SUPERVISED","N1|N2|N3_TO_N7","MASS_VOLUME_THROUGHPUT_YIELD_AND_REJECT_RATE","TBD_PERSON_AND_SITE_PROFILE","TBD_BY_CAPABILITY","TBD","TBD_SITE_AND_IMPLEMENTATION","TBD_BY_SERVICE_LEVEL","UNASSIGNED","UNASSIGNED","NOT_ASSIGNED","TBD","PROVISIONAL_AUTO_REVIEW_REQUIRED","DENY","0.5-draft"
"PLAN-TD-MATERIALS-PRODUCTION-WOOD-JOIN","TD-MATERIALS-PRODUCTION-WOOD-JOIN","P3_GREEN","3_MONTHS_TO_15_YEARS","SL5","DEFERRED_WITHIN_STATED_HORIZON","P3_GREEN","P3_GREEN","P3_GREEN","S2_TRAINED_SUPERVISED","N1|N2|N3_TO_N7","MASS_VOLUME_THROUGHPUT_YIELD_AND_REJECT_RATE","TBD_PERSON_AND_SITE_PROFILE","TBD_BY_CAPABILITY","TBD","TBD_SITE_AND_IMPLEMENTATION","TBD_BY_SERVICE_LEVEL","UNASSIGNED","UNASSIGNED","NOT_ASSIGNED","TBD","PROVISIONAL_AUTO_REVIEW_REQUIRED","DENY","0.5-draft"
"PLAN-TD-MATERIALS-PRODUCTION-METAL-SORT","TD-MATERIALS-PRODUCTION-METAL-SORT","P3_GREEN","3_MONTHS_TO_15_YEARS","SL5","DEFERRED_WITHIN_STATED_HORIZON","P3_GREEN","P3_GREEN","P3_GREEN","S3_LICENSED_PROFESSIONAL","N1|N2|N3_TO_N7","MASS_VOLUME_THROUGHPUT_YIELD_AND_REJECT_RATE","TBD_PERSON_AND_SITE_PROFILE","TBD_BY_CAPABILITY","TBD","TBD_SITE_AND_IMPLEMENTATION","TBD_BY_SERVICE_LEVEL","UNASSIGNED","UNASSIGNED","NOT_ASSIGNED","TBD","PROVISIONAL_AUTO_REVIEW_REQUIRED","DENY","0.5-draft"
"PLAN-TD-MATERIALS-PRODUCTION-CORROSION","TD-MATERIALS-PRODUCTION-CORROSION","P3_GREEN","3_MONTHS_TO_15_YEARS","SL5","DEFERRED_WITHIN_STATED_HORIZON","P3_GREEN","P3_GREEN","P3_GREEN","S2_TRAINED_SUPERVISED","N1|N2|N3_TO_N7","MASS_VOLUME_THROUGHPUT_YIELD_AND_REJECT_RATE","TBD_PERSON_AND_SITE_PROFILE","TBD_BY_CAPABILITY","TBD","TBD_SITE_AND_IMPLEMENTATION","TBD_BY_SERVICE_LEVEL","UNASSIGNED","UNASSIGNED","NOT_ASSIGNED","TBD","PROVISIONAL_AUTO_REVIEW_REQUIRED","DENY","0.5-draft"
"PLAN-TD-MATERIALS-PRODUCTION-METAL-COLD","TD-MATERIALS-PRODUCTION-METAL-COLD","P3_GREEN","3_MONTHS_TO_15_YEARS","SL5","DEFERRED_WITHIN_STATED_HORIZON","P3_GREEN","P3_GREEN","P3_GREEN","S3_LICENSED_PROFESSIONAL","N1|N2|N3_TO_N7","MASS_VOLUME_THROUGHPUT_YIELD_AND_REJECT_RATE","TBD_PERSON_AND_SITE_PROFILE","TBD_BY_CAPABILITY","TBD","TBD_SITE_AND_IMPLEMENTATION","TBD_BY_SERVICE_LEVEL","UNASSIGNED","UNASSIGNED","NOT_ASSIGNED","TBD","PROVISIONAL_AUTO_REVIEW_REQUIRED","DENY","0.5-draft"
"PLAN-TD-MATERIALS-PRODUCTION-WELD","TD-MATERIALS-PRODUCTION-WELD","P0_RED","SECONDS_TO_72_HOURS","SL1","IMMEDIATE_OR_SAFETY_BOUNDARY","P0_RED","P0_RED","P0_RED","S4_REFERENCE_ONLY_PROHIBITED_HOUSEHOLD","N1|N2|N3_TO_N7","MASS_VOLUME_THROUGHPUT_YIELD_AND_REJECT_RATE","TBD_PERSON_AND_SITE_PROFILE","TBD_BY_CAPABILITY","TBD","TBD_SITE_AND_IMPLEMENTATION","TWO_PATHS_OR_EXPLICIT_RESIDUAL_RISK","UNASSIGNED","UNASSIGNED","NOT_ASSIGNED","TBD","PROVISIONAL_AUTO_REVIEW_REQUIRED","DENY","0.5-draft"
"PLAN-TD-MATERIALS-PRODUCTION-SMELT","TD-MATERIALS-PRODUCTION-SMELT","P0_RED","SECONDS_TO_72_HOURS","SL1","IMMEDIATE_OR_SAFETY_BOUNDARY","P0_RED","P0_RED","P0_RED","S4_REFERENCE_ONLY_PROHIBITED_HOUSEHOLD","N1|N2|N3_TO_N7","MASS_VOLUME_THROUGHPUT_YIELD_AND_REJECT_RATE","TBD_PERSON_AND_SITE_PROFILE","TBD_BY_CAPABILITY","TBD","TBD_SITE_AND_IMPLEMENTATION","TWO_PATHS_OR_EXPLICIT_RESIDUAL_RISK","UNASSIGNED","UNASSIGNED","NOT_ASSIGNED","TBD","PROVISIONAL_AUTO_REVIEW_REQUIRED","DENY","0.5-draft"
"PLAN-TD-MATERIALS-PRODUCTION-CLAY","TD-MATERIALS-PRODUCTION-CLAY","P3_GREEN","3_MONTHS_TO_15_YEARS","SL5","DEFERRED_WITHIN_STATED_HORIZON","P3_GREEN","P3_GREEN","P3_GREEN","S3_LICENSED_PROFESSIONAL","N1|N2|N3_TO_N7","MASS_VOLUME_THROUGHPUT_YIELD_AND_REJECT_RATE","TBD_PERSON_AND_SITE_PROFILE","TBD_BY_CAPABILITY","TBD","TBD_SITE_AND_IMPLEMENTATION","TBD_BY_SERVICE_LEVEL","UNASSIGNED","UNASSIGNED","NOT_ASSIGNED","TBD","PROVISIONAL_AUTO_REVIEW_REQUIRED","DENY","0.5-draft"
"PLAN-TD-MATERIALS-PRODUCTION-CERAMIC","TD-MATERIALS-PRODUCTION-CERAMIC","P3_GREEN","3_MONTHS_TO_15_YEARS","SL5","DEFERRED_WITHIN_STATED_HORIZON","P3_GREEN","P3_GREEN","P3_GREEN","S3_LICENSED_PROFESSIONAL","N1|N2|N3_TO_N7","MASS_VOLUME_THROUGHPUT_YIELD_AND_REJECT_RATE","TBD_PERSON_AND_SITE_PROFILE","TBD_BY_CAPABILITY","TBD","TBD_SITE_AND_IMPLEMENTATION","TBD_BY_SERVICE_LEVEL","UNASSIGNED","UNASSIGNED","NOT_ASSIGNED","TBD","PROVISIONAL_AUTO_REVIEW_REQUIRED","DENY","0.5-draft"
"PLAN-TD-MATERIALS-PRODUCTION-KILN","TD-MATERIALS-PRODUCTION-KILN","P0_RED","SECONDS_TO_72_HOURS","SL1","IMMEDIATE_OR_SAFETY_BOUNDARY","P0_RED","P0_RED","P0_RED","S4_REFERENCE_ONLY_PROHIBITED_HOUSEHOLD","N1|N2|N3_TO_N7","MASS_VOLUME_THROUGHPUT_YIELD_AND_REJECT_RATE","TBD_PERSON_AND_SITE_PROFILE","TBD_BY_CAPABILITY","TBD","TBD_SITE_AND_IMPLEMENTATION","TWO_PATHS_OR_EXPLICIT_RESIDUAL_RISK","UNASSIGNED","UNASSIGNED","NOT_ASSIGNED","TBD","PROVISIONAL_AUTO_REVIEW_REQUIRED","DENY","0.5-draft"
"PLAN-TD-MATERIALS-PRODUCTION-GLASS-REPAIR","TD-MATERIALS-PRODUCTION-GLASS-REPAIR","P3_GREEN","3_MONTHS_TO_15_YEARS","SL5","DEFERRED_WITHIN_STATED_HORIZON","P3_GREEN","P3_GREEN","P3_GREEN","S3_LICENSED_PROFESSIONAL","N1|N2|N3_TO_N7","MASS_VOLUME_THROUGHPUT_YIELD_AND_REJECT_RATE","TBD_PERSON_AND_SITE_PROFILE","TBD_BY_CAPABILITY","TBD","TBD_SITE_AND_IMPLEMENTATION","TBD_BY_SERVICE_LEVEL","UNASSIGNED","UNASSIGNED","NOT_ASSIGNED","TBD","PROVISIONAL_AUTO_REVIEW_REQUIRED","DENY","0.5-draft"
"PLAN-TD-MATERIALS-PRODUCTION-GLASS-MAKE","TD-MATERIALS-PRODUCTION-GLASS-MAKE","P0_RED","SECONDS_TO_72_HOURS","SL1","IMMEDIATE_OR_SAFETY_BOUNDARY","P0_RED","P0_RED","P0_RED","S4_REFERENCE_ONLY_PROHIBITED_HOUSEHOLD","N1|N2|N3_TO_N7","MASS_VOLUME_THROUGHPUT_YIELD_AND_REJECT_RATE","TBD_PERSON_AND_SITE_PROFILE","TBD_BY_CAPABILITY","TBD","TBD_SITE_AND_IMPLEMENTATION","TWO_PATHS_OR_EXPLICIT_RESIDUAL_RISK","UNASSIGNED","UNASSIGNED","NOT_ASSIGNED","TBD","PROVISIONAL_AUTO_REVIEW_REQUIRED","DENY","0.5-draft"
"PLAN-TD-MATERIALS-PRODUCTION-STONE","TD-MATERIALS-PRODUCTION-STONE","P3_GREEN","3_MONTHS_TO_15_YEARS","SL5","DEFERRED_WITHIN_STATED_HORIZON","P3_GREEN","P3_GREEN","P3_GREEN","S3_LICENSED_PROFESSIONAL","N1|N2|N3_TO_N7","MASS_VOLUME_THROUGHPUT_YIELD_AND_REJECT_RATE","TBD_PERSON_AND_SITE_PROFILE","TBD_BY_CAPABILITY","TBD","TBD_SITE_AND_IMPLEMENTATION","TBD_BY_SERVICE_LEVEL","UNASSIGNED","UNASSIGNED","NOT_ASSIGNED","TBD","PROVISIONAL_AUTO_REVIEW_REQUIRED","DENY","0.5-draft"
"PLAN-TD-MATERIALS-PRODUCTION-LIME","TD-MATERIALS-PRODUCTION-LIME","P3_GREEN","3_MONTHS_TO_15_YEARS","SL5","DEFERRED_WITHIN_STATED_HORIZON","P3_GREEN","P3_GREEN","P3_GREEN","S3_LICENSED_PROFESSIONAL","N1|N2|N3_TO_N7","MASS_VOLUME_THROUGHPUT_YIELD_AND_REJECT_RATE","TBD_PERSON_AND_SITE_PROFILE","TBD_BY_CAPABILITY","TBD","TBD_SITE_AND_IMPLEMENTATION","TBD_BY_SERVICE_LEVEL","UNASSIGNED","UNASSIGNED","NOT_ASSIGNED","TBD","PROVISIONAL_AUTO_REVIEW_REQUIRED","DENY","0.5-draft"
"PLAN-TD-MATERIALS-PRODUCTION-CEMENT","TD-MATERIALS-PRODUCTION-CEMENT","P3_GREEN","3_MONTHS_TO_15_YEARS","SL5","DEFERRED_WITHIN_STATED_HORIZON","P3_GREEN","P3_GREEN","P3_GREEN","S3_LICENSED_PROFESSIONAL","N1|N2|N3_TO_N7","MASS_VOLUME_THROUGHPUT_YIELD_AND_REJECT_RATE","TBD_PERSON_AND_SITE_PROFILE","TBD_BY_CAPABILITY","TBD","TBD_SITE_AND_IMPLEMENTATION","TBD_BY_SERVICE_LEVEL","UNASSIGNED","UNASSIGNED","NOT_ASSIGNED","TBD","PROVISIONAL_AUTO_REVIEW_REQUIRED","DENY","0.5-draft"
"PLAN-TD-MATERIALS-PRODUCTION-STRUCTURAL","TD-MATERIALS-PRODUCTION-STRUCTURAL","P0_RED","SECONDS_TO_72_HOURS","SL1","IMMEDIATE_OR_SAFETY_BOUNDARY","P0_RED","P0_RED","P0_RED","S4_REFERENCE_ONLY_PROHIBITED_HOUSEHOLD","N1|N2|N3_TO_N7","MASS_VOLUME_THROUGHPUT_YIELD_AND_REJECT_RATE","TBD_PERSON_AND_SITE_PROFILE","TBD_BY_CAPABILITY","TBD","TBD_SITE_AND_IMPLEMENTATION","TWO_PATHS_OR_EXPLICIT_RESIDUAL_RISK","UNASSIGNED","UNASSIGNED","NOT_ASSIGNED","TBD","PROVISIONAL_AUTO_REVIEW_REQUIRED","DENY","0.5-draft"
"PLAN-TD-MATERIALS-PRODUCTION-FIBER","TD-MATERIALS-PRODUCTION-FIBER","P3_GREEN","3_MONTHS_TO_15_YEARS","SL5","DEFERRED_WITHIN_STATED_HORIZON","P3_GREEN","P3_GREEN","P3_GREEN","S2_TRAINED_SUPERVISED","N1|N2|N3_TO_N7","MASS_VOLUME_THROUGHPUT_YIELD_AND_REJECT_RATE","TBD_PERSON_AND_SITE_PROFILE","TBD_BY_CAPABILITY","TBD","TBD_SITE_AND_IMPLEMENTATION","TBD_BY_SERVICE_LEVEL","UNASSIGNED","UNASSIGNED","NOT_ASSIGNED","TBD","PROVISIONAL_AUTO_REVIEW_REQUIRED","DENY","0.5-draft"
"PLAN-TD-MATERIALS-PRODUCTION-WOOL","TD-MATERIALS-PRODUCTION-WOOL","P3_GREEN","3_MONTHS_TO_15_YEARS","SL5","DEFERRED_WITHIN_STATED_HORIZON","P3_GREEN","P3_GREEN","P3_GREEN","S2_TRAINED_SUPERVISED","N1|N2|N3_TO_N7","MASS_VOLUME_THROUGHPUT_YIELD_AND_REJECT_RATE","TBD_PERSON_AND_SITE_PROFILE","TBD_BY_CAPABILITY","TBD","TBD_SITE_AND_IMPLEMENTATION","TBD_BY_SERVICE_LEVEL","UNASSIGNED","UNASSIGNED","NOT_ASSIGNED","TBD","PROVISIONAL_AUTO_REVIEW_REQUIRED","DENY","0.5-draft"
"PLAN-TD-MATERIALS-PRODUCTION-FLAX","TD-MATERIALS-PRODUCTION-FLAX","P3_GREEN","3_MONTHS_TO_15_YEARS","SL5","DEFERRED_WITHIN_STATED_HORIZON","P3_GREEN","P3_GREEN","P3_GREEN","S2_TRAINED_SUPERVISED","N1|N2|N3_TO_N7","MASS_VOLUME_THROUGHPUT_YIELD_AND_REJECT_RATE","TBD_PERSON_AND_SITE_PROFILE","TBD_BY_CAPABILITY","TBD","TBD_SITE_AND_IMPLEMENTATION","TBD_BY_SERVICE_LEVEL","UNASSIGNED","UNASSIGNED","NOT_ASSIGNED","TBD","PROVISIONAL_AUTO_REVIEW_REQUIRED","DENY","0.5-draft"
"PLAN-TD-MATERIALS-PRODUCTION-CARD","TD-MATERIALS-PRODUCTION-CARD","P3_GREEN","3_MONTHS_TO_15_YEARS","SL5","DEFERRED_WITHIN_STATED_HORIZON","P3_GREEN","P3_GREEN","P3_GREEN","S2_TRAINED_SUPERVISED","N1|N2|N3_TO_N7","MASS_VOLUME_THROUGHPUT_YIELD_AND_REJECT_RATE","TBD_PERSON_AND_SITE_PROFILE","TBD_BY_CAPABILITY","TBD","TBD_SITE_AND_IMPLEMENTATION","TBD_BY_SERVICE_LEVEL","UNASSIGNED","UNASSIGNED","NOT_ASSIGNED","TBD","PROVISIONAL_AUTO_REVIEW_REQUIRED","DENY","0.5-draft"
"PLAN-TD-MATERIALS-PRODUCTION-SPIN","TD-MATERIALS-PRODUCTION-SPIN","P3_GREEN","3_MONTHS_TO_15_YEARS","SL5","DEFERRED_WITHIN_STATED_HORIZON","P3_GREEN","P3_GREEN","P3_GREEN","S2_TRAINED_SUPERVISED","N1|N2|N3_TO_N7","MASS_VOLUME_THROUGHPUT_YIELD_AND_REJECT_RATE","TBD_PERSON_AND_SITE_PROFILE","TBD_BY_CAPABILITY","TBD","TBD_SITE_AND_IMPLEMENTATION","TBD_BY_SERVICE_LEVEL","UNASSIGNED","UNASSIGNED","NOT_ASSIGNED","TBD","PROVISIONAL_AUTO_REVIEW_REQUIRED","DENY","0.5-draft"
"PLAN-TD-MATERIALS-PRODUCTION-WEAVE","TD-MATERIALS-PRODUCTION-WEAVE","P3_GREEN","3_MONTHS_TO_15_YEARS","SL5","DEFERRED_WITHIN_STATED_HORIZON","P3_GREEN","P3_GREEN","P3_GREEN","S2_TRAINED_SUPERVISED","N1|N2|N3_TO_N7","MASS_VOLUME_THROUGHPUT_YIELD_AND_REJECT_RATE","TBD_PERSON_AND_SITE_PROFILE","TBD_BY_CAPABILITY","TBD","TBD_SITE_AND_IMPLEMENTATION","TBD_BY_SERVICE_LEVEL","UNASSIGNED","UNASSIGNED","NOT_ASSIGNED","TBD","PROVISIONAL_AUTO_REVIEW_REQUIRED","DENY","0.5-draft"
"PLAN-TD-MATERIALS-PRODUCTION-KNIT","TD-MATERIALS-PRODUCTION-KNIT","P3_GREEN","3_MONTHS_TO_15_YEARS","SL5","DEFERRED_WITHIN_STATED_HORIZON","P3_GREEN","P3_GREEN","P3_GREEN","S1_LOW_RISK_HOUSEHOLD","N1|N2|N3_TO_N7","MASS_VOLUME_THROUGHPUT_YIELD_AND_REJECT_RATE","TBD_PERSON_AND_SITE_PROFILE","TBD_BY_CAPABILITY","TBD","TBD_SITE_AND_IMPLEMENTATION","TBD_BY_SERVICE_LEVEL","UNASSIGNED","UNASSIGNED","NOT_ASSIGNED","TBD","PROVISIONAL_AUTO_REVIEW_REQUIRED","DENY","0.5-draft"
"PLAN-TD-MATERIALS-PRODUCTION-FELT","TD-MATERIALS-PRODUCTION-FELT","P3_GREEN","3_MONTHS_TO_15_YEARS","SL5","DEFERRED_WITHIN_STATED_HORIZON","P3_GREEN","P3_GREEN","P3_GREEN","S2_TRAINED_SUPERVISED","N1|N2|N3_TO_N7","MASS_VOLUME_THROUGHPUT_YIELD_AND_REJECT_RATE","TBD_PERSON_AND_SITE_PROFILE","TBD_BY_CAPABILITY","TBD","TBD_SITE_AND_IMPLEMENTATION","TBD_BY_SERVICE_LEVEL","UNASSIGNED","UNASSIGNED","NOT_ASSIGNED","TBD","PROVISIONAL_AUTO_REVIEW_REQUIRED","DENY","0.5-draft"
"PLAN-TD-MATERIALS-PRODUCTION-ROPE","TD-MATERIALS-PRODUCTION-ROPE","P3_GREEN","3_MONTHS_TO_15_YEARS","SL5","DEFERRED_WITHIN_STATED_HORIZON","P3_GREEN","P3_GREEN","P3_GREEN","S3_LICENSED_PROFESSIONAL","N1|N2|N3_TO_N7","MASS_VOLUME_THROUGHPUT_YIELD_AND_REJECT_RATE","TBD_PERSON_AND_SITE_PROFILE","TBD_BY_CAPABILITY","TBD","TBD_SITE_AND_IMPLEMENTATION","TBD_BY_SERVICE_LEVEL","UNASSIGNED","UNASSIGNED","NOT_ASSIGNED","TBD","PROVISIONAL_AUTO_REVIEW_REQUIRED","DENY","0.5-draft"
"PLAN-TD-MATERIALS-PRODUCTION-LEATHER","TD-MATERIALS-PRODUCTION-LEATHER","P3_GREEN","3_MONTHS_TO_15_YEARS","SL5","DEFERRED_WITHIN_STATED_HORIZON","P3_GREEN","P3_GREEN","P3_GREEN","S3_LICENSED_PROFESSIONAL","N1|N2|N3_TO_N7","MASS_VOLUME_THROUGHPUT_YIELD_AND_REJECT_RATE","TBD_PERSON_AND_SITE_PROFILE","TBD_BY_CAPABILITY","TBD","TBD_SITE_AND_IMPLEMENTATION","TBD_BY_SERVICE_LEVEL","UNASSIGNED","UNASSIGNED","NOT_ASSIGNED","TBD","PROVISIONAL_AUTO_REVIEW_REQUIRED","DENY","0.5-draft"
"PLAN-TD-MATERIALS-PRODUCTION-TANNING","TD-MATERIALS-PRODUCTION-TANNING","P0_RED","SECONDS_TO_72_HOURS","SL1","IMMEDIATE_OR_SAFETY_BOUNDARY","P0_RED","P0_RED","P0_RED","S4_REFERENCE_ONLY_PROHIBITED_HOUSEHOLD","N1|N2|N3_TO_N7","MASS_VOLUME_THROUGHPUT_YIELD_AND_REJECT_RATE","TBD_PERSON_AND_SITE_PROFILE","TBD_BY_CAPABILITY","TBD","TBD_SITE_AND_IMPLEMENTATION","TWO_PATHS_OR_EXPLICIT_RESIDUAL_RISK","UNASSIGNED","UNASSIGNED","NOT_ASSIGNED","TBD","PROVISIONAL_AUTO_REVIEW_REQUIRED","DENY","0.5-draft"
"PLAN-TD-MATERIALS-PRODUCTION-PAPER","TD-MATERIALS-PRODUCTION-PAPER","P3_GREEN","3_MONTHS_TO_15_YEARS","SL5","DEFERRED_WITHIN_STATED_HORIZON","P3_GREEN","P3_GREEN","P3_GREEN","S2_TRAINED_SUPERVISED","N1|N2|N3_TO_N7","MASS_VOLUME_THROUGHPUT_YIELD_AND_REJECT_RATE","TBD_PERSON_AND_SITE_PROFILE","TBD_BY_CAPABILITY","TBD","TBD_SITE_AND_IMPLEMENTATION","TBD_BY_SERVICE_LEVEL","UNASSIGNED","UNASSIGNED","NOT_ASSIGNED","TBD","PROVISIONAL_AUTO_REVIEW_REQUIRED","DENY","0.5-draft"
"PLAN-TD-MATERIALS-PRODUCTION-PRINT","TD-MATERIALS-PRODUCTION-PRINT","P3_GREEN","3_MONTHS_TO_15_YEARS","SL5","DEFERRED_WITHIN_STATED_HORIZON","P3_GREEN","P3_GREEN","P3_GREEN","S2_TRAINED_SUPERVISED","N1|N2|N3_TO_N7","MASS_VOLUME_THROUGHPUT_YIELD_AND_REJECT_RATE","TBD_PERSON_AND_SITE_PROFILE","TBD_BY_CAPABILITY","TBD","TBD_SITE_AND_IMPLEMENTATION","TBD_BY_SERVICE_LEVEL","UNASSIGNED","UNASSIGNED","NOT_ASSIGNED","TBD","PROVISIONAL_AUTO_REVIEW_REQUIRED","DENY","0.5-draft"
"PLAN-TD-MATERIALS-PRODUCTION-INK","TD-MATERIALS-PRODUCTION-INK","P3_GREEN","3_MONTHS_TO_15_YEARS","SL5","DEFERRED_WITHIN_STATED_HORIZON","P3_GREEN","P3_GREEN","P3_GREEN","S3_LICENSED_PROFESSIONAL","N1|N2|N3_TO_N7","MASS_VOLUME_THROUGHPUT_YIELD_AND_REJECT_RATE","TBD_PERSON_AND_SITE_PROFILE","TBD_BY_CAPABILITY","TBD","TBD_SITE_AND_IMPLEMENTATION","TBD_BY_SERVICE_LEVEL","UNASSIGNED","UNASSIGNED","NOT_ASSIGNED","TBD","PROVISIONAL_AUTO_REVIEW_REQUIRED","DENY","0.5-draft"
"PLAN-TD-MATERIALS-PRODUCTION-BIND","TD-MATERIALS-PRODUCTION-BIND","P3_GREEN","3_MONTHS_TO_15_YEARS","SL5","DEFERRED_WITHIN_STATED_HORIZON","P3_GREEN","P3_GREEN","P3_GREEN","S2_TRAINED_SUPERVISED","N1|N2|N3_TO_N7","MASS_VOLUME_THROUGHPUT_YIELD_AND_REJECT_RATE","TBD_PERSON_AND_SITE_PROFILE","TBD_BY_CAPABILITY","TBD","TBD_SITE_AND_IMPLEMENTATION","TBD_BY_SERVICE_LEVEL","UNASSIGNED","UNASSIGNED","NOT_ASSIGNED","TBD","PROVISIONAL_AUTO_REVIEW_REQUIRED","DENY","0.5-draft"
"PLAN-TD-MATERIALS-PRODUCTION-POLYMER","TD-MATERIALS-PRODUCTION-POLYMER","P3_GREEN","3_MONTHS_TO_15_YEARS","SL5","DEFERRED_WITHIN_STATED_HORIZON","P3_GREEN","P3_GREEN","P3_GREEN","S3_LICENSED_PROFESSIONAL","N1|N2|N3_TO_N7","MASS_VOLUME_THROUGHPUT_YIELD_AND_REJECT_RATE","TBD_PERSON_AND_SITE_PROFILE","TBD_BY_CAPABILITY","TBD","TBD_SITE_AND_IMPLEMENTATION","TBD_BY_SERVICE_LEVEL","UNASSIGNED","UNASSIGNED","NOT_ASSIGNED","TBD","PROVISIONAL_AUTO_REVIEW_REQUIRED","DENY","0.5-draft"
"PLAN-TD-MATERIALS-PRODUCTION-POLYMER-MAKE","TD-MATERIALS-PRODUCTION-POLYMER-MAKE","P0_RED","SECONDS_TO_72_HOURS","SL1","IMMEDIATE_OR_SAFETY_BOUNDARY","P0_RED","P0_RED","P0_RED","S4_REFERENCE_ONLY_PROHIBITED_HOUSEHOLD","N1|N2|N3_TO_N7","MASS_VOLUME_THROUGHPUT_YIELD_AND_REJECT_RATE","TBD_PERSON_AND_SITE_PROFILE","TBD_BY_CAPABILITY","TBD","TBD_SITE_AND_IMPLEMENTATION","TWO_PATHS_OR_EXPLICIT_RESIDUAL_RISK","UNASSIGNED","UNASSIGNED","NOT_ASSIGNED","TBD","PROVISIONAL_AUTO_REVIEW_REQUIRED","DENY","0.5-draft"
"PLAN-TD-MATERIALS-PRODUCTION-ADHESIVE","TD-MATERIALS-PRODUCTION-ADHESIVE","P3_GREEN","3_MONTHS_TO_15_YEARS","SL5","DEFERRED_WITHIN_STATED_HORIZON","P3_GREEN","P3_GREEN","P3_GREEN","S3_LICENSED_PROFESSIONAL","N1|N2|N3_TO_N7","MASS_VOLUME_THROUGHPUT_YIELD_AND_REJECT_RATE","TBD_PERSON_AND_SITE_PROFILE","TBD_BY_CAPABILITY","TBD","TBD_SITE_AND_IMPLEMENTATION","TBD_BY_SERVICE_LEVEL","UNASSIGNED","UNASSIGNED","NOT_ASSIGNED","TBD","PROVISIONAL_AUTO_REVIEW_REQUIRED","DENY","0.5-draft"
"PLAN-TD-MATERIALS-PRODUCTION-SEAL","TD-MATERIALS-PRODUCTION-SEAL","P3_GREEN","3_MONTHS_TO_15_YEARS","SL5","DEFERRED_WITHIN_STATED_HORIZON","P3_GREEN","P3_GREEN","P3_GREEN","S3_LICENSED_PROFESSIONAL","N1|N2|N3_TO_N7","MASS_VOLUME_THROUGHPUT_YIELD_AND_REJECT_RATE","TBD_PERSON_AND_SITE_PROFILE","TBD_BY_CAPABILITY","TBD","TBD_SITE_AND_IMPLEMENTATION","TBD_BY_SERVICE_LEVEL","UNASSIGNED","UNASSIGNED","NOT_ASSIGNED","TBD","PROVISIONAL_AUTO_REVIEW_REQUIRED","DENY","0.5-draft"
"PLAN-TD-MATERIALS-PRODUCTION-FASTENER","TD-MATERIALS-PRODUCTION-FASTENER","P3_GREEN","3_MONTHS_TO_15_YEARS","SL5","DEFERRED_WITHIN_STATED_HORIZON","P3_GREEN","P3_GREEN","P3_GREEN","S2_TRAINED_SUPERVISED","N1|N2|N3_TO_N7","MASS_VOLUME_THROUGHPUT_YIELD_AND_REJECT_RATE","TBD_PERSON_AND_SITE_PROFILE","TBD_BY_CAPABILITY","TBD","TBD_SITE_AND_IMPLEMENTATION","TBD_BY_SERVICE_LEVEL","UNASSIGNED","UNASSIGNED","NOT_ASSIGNED","TBD","PROVISIONAL_AUTO_REVIEW_REQUIRED","DENY","0.5-draft"
"PLAN-TD-MATERIALS-PRODUCTION-WIRE","TD-MATERIALS-PRODUCTION-WIRE","P3_GREEN","3_MONTHS_TO_15_YEARS","SL5","DEFERRED_WITHIN_STATED_HORIZON","P3_GREEN","P3_GREEN","P3_GREEN","S3_LICENSED_PROFESSIONAL","N1|N2|N3_TO_N7","MASS_VOLUME_THROUGHPUT_YIELD_AND_REJECT_RATE","TBD_PERSON_AND_SITE_PROFILE","TBD_BY_CAPABILITY","TBD","TBD_SITE_AND_IMPLEMENTATION","TBD_BY_SERVICE_LEVEL","UNASSIGNED","UNASSIGNED","NOT_ASSIGNED","TBD","PROVISIONAL_AUTO_REVIEW_REQUIRED","DENY","0.5-draft"
"PLAN-TD-MATERIALS-PRODUCTION-SPRING","TD-MATERIALS-PRODUCTION-SPRING","P0_RED","SECONDS_TO_72_HOURS","SL1","IMMEDIATE_OR_SAFETY_BOUNDARY","P0_RED","P0_RED","P0_RED","S4_REFERENCE_ONLY_PROHIBITED_HOUSEHOLD","N1|N2|N3_TO_N7","MASS_VOLUME_THROUGHPUT_YIELD_AND_REJECT_RATE","TBD_PERSON_AND_SITE_PROFILE","TBD_BY_CAPABILITY","TBD","TBD_SITE_AND_IMPLEMENTATION","TWO_PATHS_OR_EXPLICIT_RESIDUAL_RISK","UNASSIGNED","UNASSIGNED","NOT_ASSIGNED","TBD","PROVISIONAL_AUTO_REVIEW_REQUIRED","DENY","0.5-draft"
"PLAN-TD-MATERIALS-PRODUCTION-BEARING","TD-MATERIALS-PRODUCTION-BEARING","P3_GREEN","3_MONTHS_TO_15_YEARS","SL5","DEFERRED_WITHIN_STATED_HORIZON","P3_GREEN","P3_GREEN","P3_GREEN","S3_LICENSED_PROFESSIONAL","N1|N2|N3_TO_N7","MASS_VOLUME_THROUGHPUT_YIELD_AND_REJECT_RATE","TBD_PERSON_AND_SITE_PROFILE","TBD_BY_CAPABILITY","TBD","TBD_SITE_AND_IMPLEMENTATION","TBD_BY_SERVICE_LEVEL","UNASSIGNED","UNASSIGNED","NOT_ASSIGNED","TBD","PROVISIONAL_AUTO_REVIEW_REQUIRED","DENY","0.5-draft"
"PLAN-TD-MATERIALS-PRODUCTION-GEAR","TD-MATERIALS-PRODUCTION-GEAR","P3_GREEN","3_MONTHS_TO_15_YEARS","SL5","DEFERRED_WITHIN_STATED_HORIZON","P3_GREEN","P3_GREEN","P3_GREEN","S3_LICENSED_PROFESSIONAL","N1|N2|N3_TO_N7","MASS_VOLUME_THROUGHPUT_YIELD_AND_REJECT_RATE","TBD_PERSON_AND_SITE_PROFILE","TBD_BY_CAPABILITY","TBD","TBD_SITE_AND_IMPLEMENTATION","TBD_BY_SERVICE_LEVEL","UNASSIGNED","UNASSIGNED","NOT_ASSIGNED","TBD","PROVISIONAL_AUTO_REVIEW_REQUIRED","DENY","0.5-draft"
"PLAN-TD-MATERIALS-PRODUCTION-ABRASIVE","TD-MATERIALS-PRODUCTION-ABRASIVE","P3_GREEN","3_MONTHS_TO_15_YEARS","SL5","DEFERRED_WITHIN_STATED_HORIZON","P3_GREEN","P3_GREEN","P3_GREEN","S3_LICENSED_PROFESSIONAL","N1|N2|N3_TO_N7","MASS_VOLUME_THROUGHPUT_YIELD_AND_REJECT_RATE","TBD_PERSON_AND_SITE_PROFILE","TBD_BY_CAPABILITY","TBD","TBD_SITE_AND_IMPLEMENTATION","TBD_BY_SERVICE_LEVEL","UNASSIGNED","UNASSIGNED","NOT_ASSIGNED","TBD","PROVISIONAL_AUTO_REVIEW_REQUIRED","DENY","0.5-draft"
"PLAN-TD-MATERIALS-PRODUCTION-LUBRICANT","TD-MATERIALS-PRODUCTION-LUBRICANT","P3_GREEN","3_MONTHS_TO_15_YEARS","SL5","DEFERRED_WITHIN_STATED_HORIZON","P3_GREEN","P3_GREEN","P3_GREEN","S3_LICENSED_PROFESSIONAL","N1|N2|N3_TO_N7","MASS_VOLUME_THROUGHPUT_YIELD_AND_REJECT_RATE","TBD_PERSON_AND_SITE_PROFILE","TBD_BY_CAPABILITY","TBD","TBD_SITE_AND_IMPLEMENTATION","TBD_BY_SERVICE_LEVEL","UNASSIGNED","UNASSIGNED","NOT_ASSIGNED","TBD","PROVISIONAL_AUTO_REVIEW_REQUIRED","DENY","0.5-draft"
"PLAN-TD-MATERIALS-PRODUCTION-INTERFACE","TD-MATERIALS-PRODUCTION-INTERFACE","P3_GREEN","3_MONTHS_TO_15_YEARS","SL5","DEFERRED_WITHIN_STATED_HORIZON","P3_GREEN","P3_GREEN","P3_GREEN","S2_TRAINED_SUPERVISED","N1|N2|N3_TO_N7","MASS_VOLUME_THROUGHPUT_YIELD_AND_REJECT_RATE","TBD_PERSON_AND_SITE_PROFILE","TBD_BY_CAPABILITY","TBD","TBD_SITE_AND_IMPLEMENTATION","TBD_BY_SERVICE_LEVEL","UNASSIGNED","UNASSIGNED","NOT_ASSIGNED","TBD","PROVISIONAL_AUTO_REVIEW_REQUIRED","DENY","0.5-draft"
"PLAN-TD-MATERIALS-PRODUCTION-MACHINE-DRILL","TD-MATERIALS-PRODUCTION-MACHINE-DRILL","P3_GREEN","3_MONTHS_TO_15_YEARS","SL5","DEFERRED_WITHIN_STATED_HORIZON","P3_GREEN","P3_GREEN","P3_GREEN","S3_LICENSED_PROFESSIONAL","N1|N2|N3_TO_N7","MASS_VOLUME_THROUGHPUT_YIELD_AND_REJECT_RATE","TBD_PERSON_AND_SITE_PROFILE","TBD_BY_CAPABILITY","TBD","TBD_SITE_AND_IMPLEMENTATION","TBD_BY_SERVICE_LEVEL","UNASSIGNED","UNASSIGNED","NOT_ASSIGNED","TBD","PROVISIONAL_AUTO_REVIEW_REQUIRED","DENY","0.5-draft"
"PLAN-TD-MATERIALS-PRODUCTION-MACHINE-LATHE","TD-MATERIALS-PRODUCTION-MACHINE-LATHE","P0_RED","SECONDS_TO_72_HOURS","SL1","IMMEDIATE_OR_SAFETY_BOUNDARY","P0_RED","P0_RED","P0_RED","S4_REFERENCE_ONLY_PROHIBITED_HOUSEHOLD","N1|N2|N3_TO_N7","MASS_VOLUME_THROUGHPUT_YIELD_AND_REJECT_RATE","TBD_PERSON_AND_SITE_PROFILE","TBD_BY_CAPABILITY","TBD","TBD_SITE_AND_IMPLEMENTATION","TWO_PATHS_OR_EXPLICIT_RESIDUAL_RISK","UNASSIGNED","UNASSIGNED","NOT_ASSIGNED","TBD","PROVISIONAL_AUTO_REVIEW_REQUIRED","DENY","0.5-draft"
"PLAN-TD-MATERIALS-PRODUCTION-MACHINE-MILL","TD-MATERIALS-PRODUCTION-MACHINE-MILL","P0_RED","SECONDS_TO_72_HOURS","SL1","IMMEDIATE_OR_SAFETY_BOUNDARY","P0_RED","P0_RED","P0_RED","S4_REFERENCE_ONLY_PROHIBITED_HOUSEHOLD","N1|N2|N3_TO_N7","MASS_VOLUME_THROUGHPUT_YIELD_AND_REJECT_RATE","TBD_PERSON_AND_SITE_PROFILE","TBD_BY_CAPABILITY","TBD","TBD_SITE_AND_IMPLEMENTATION","TWO_PATHS_OR_EXPLICIT_RESIDUAL_RISK","UNASSIGNED","UNASSIGNED","NOT_ASSIGNED","TBD","PROVISIONAL_AUTO_REVIEW_REQUIRED","DENY","0.5-draft"
"PLAN-TD-MATERIALS-PRODUCTION-MACHINE-GRIND","TD-MATERIALS-PRODUCTION-MACHINE-GRIND","P0_RED","SECONDS_TO_72_HOURS","SL1","IMMEDIATE_OR_SAFETY_BOUNDARY","P0_RED","P0_RED","P0_RED","S4_REFERENCE_ONLY_PROHIBITED_HOUSEHOLD","N1|N2|N3_TO_N7","MASS_VOLUME_THROUGHPUT_YIELD_AND_REJECT_RATE","TBD_PERSON_AND_SITE_PROFILE","TBD_BY_CAPABILITY","TBD","TBD_SITE_AND_IMPLEMENTATION","TWO_PATHS_OR_EXPLICIT_RESIDUAL_RISK","UNASSIGNED","UNASSIGNED","NOT_ASSIGNED","TBD","PROVISIONAL_AUTO_REVIEW_REQUIRED","DENY","0.5-draft"
"PLAN-TD-MATERIALS-PRODUCTION-MACHINE-GUARD","TD-MATERIALS-PRODUCTION-MACHINE-GUARD","P0_RED","SECONDS_TO_72_HOURS","SL1","IMMEDIATE_OR_SAFETY_BOUNDARY","P0_RED","P0_RED","P0_RED","S4_REFERENCE_ONLY_PROHIBITED_HOUSEHOLD","N1|N2|N3_TO_N7","MASS_VOLUME_THROUGHPUT_YIELD_AND_REJECT_RATE","TBD_PERSON_AND_SITE_PROFILE","TBD_BY_CAPABILITY","TBD","TBD_SITE_AND_IMPLEMENTATION","TWO_PATHS_OR_EXPLICIT_RESIDUAL_RISK","UNASSIGNED","UNASSIGNED","NOT_ASSIGNED","TBD","PROVISIONAL_AUTO_REVIEW_REQUIRED","DENY","0.5-draft"
"PLAN-TD-MATERIALS-PRODUCTION-MACHINE-ALIGN","TD-MATERIALS-PRODUCTION-MACHINE-ALIGN","P3_GREEN","3_MONTHS_TO_15_YEARS","SL5","DEFERRED_WITHIN_STATED_HORIZON","P3_GREEN","P3_GREEN","P3_GREEN","S3_LICENSED_PROFESSIONAL","N1|N2|N3_TO_N7","MASS_VOLUME_THROUGHPUT_YIELD_AND_REJECT_RATE","TBD_PERSON_AND_SITE_PROFILE","TBD_BY_CAPABILITY","TBD","TBD_SITE_AND_IMPLEMENTATION","TBD_BY_SERVICE_LEVEL","UNASSIGNED","UNASSIGNED","NOT_ASSIGNED","TBD","PROVISIONAL_AUTO_REVIEW_REQUIRED","DENY","0.5-draft"
"PLAN-TD-MATERIALS-PRODUCTION-CRITICAL-PART","TD-MATERIALS-PRODUCTION-CRITICAL-PART","P0_RED","SECONDS_TO_72_HOURS","SL1","IMMEDIATE_OR_SAFETY_BOUNDARY","P0_RED","P0_RED","P0_RED","S4_REFERENCE_ONLY_PROHIBITED_HOUSEHOLD","N1|N2|N3_TO_N7","MASS_VOLUME_THROUGHPUT_YIELD_AND_REJECT_RATE","TBD_PERSON_AND_SITE_PROFILE","TBD_BY_CAPABILITY","TBD","TBD_SITE_AND_IMPLEMENTATION","TWO_PATHS_OR_EXPLICIT_RESIDUAL_RISK","UNASSIGNED","UNASSIGNED","NOT_ASSIGNED","TBD","PROVISIONAL_AUTO_REVIEW_REQUIRED","DENY","0.5-draft"
"PLAN-TD-MATERIALS-PRODUCTION","TD-MATERIALS-PRODUCTION","P3_GREEN","3_MONTHS_TO_15_YEARS","SL5","DEFERRED_WITHIN_STATED_HORIZON","P3_GREEN","P3_GREEN","P3_GREEN","S3_LICENSED_PROFESSIONAL","N1|N2|N3_TO_N7","MASS_VOLUME_THROUGHPUT_YIELD_AND_REJECT_RATE","TBD_PERSON_AND_SITE_PROFILE","TBD_BY_CAPABILITY","TBD","TBD_SITE_AND_IMPLEMENTATION","TBD_BY_SERVICE_LEVEL","UNASSIGNED","UNASSIGNED","NOT_ASSIGNED","TBD","PROVISIONAL_AUTO_REVIEW_REQUIRED","DENY","0.5-draft"
"PLAN-TD-EDUCATION-LITERACY","TD-EDUCATION-LITERACY","P2_YELLOW","15_TO_90_DAYS","SL3","DEFERRED_WITHIN_STATED_HORIZON","P2_YELLOW","P2_YELLOW","P2_YELLOW","S1_LOW_RISK_HOUSEHOLD","N1|N2|N3_TO_N7","LEARNERS_HOURS_COMPETENCY_AND_DUPLICATES","TBD_PERSON_AND_SITE_PROFILE","TBD_BY_CAPABILITY","TBD","TBD_SITE_AND_IMPLEMENTATION","TBD_BY_SERVICE_LEVEL","UNASSIGNED","UNASSIGNED","NOT_ASSIGNED","TBD","PROVISIONAL_AUTO_REVIEW_REQUIRED","DENY","0.5-draft"
"PLAN-TD-EDUCATION-NUMERACY","TD-EDUCATION-NUMERACY","P2_YELLOW","15_TO_90_DAYS","SL3","DEFERRED_WITHIN_STATED_HORIZON","P2_YELLOW","P2_YELLOW","P2_YELLOW","S1_LOW_RISK_HOUSEHOLD","N1|N2|N3_TO_N7","LEARNERS_HOURS_COMPETENCY_AND_DUPLICATES","TBD_PERSON_AND_SITE_PROFILE","TBD_BY_CAPABILITY","TBD","TBD_SITE_AND_IMPLEMENTATION","TBD_BY_SERVICE_LEVEL","UNASSIGNED","UNASSIGNED","NOT_ASSIGNED","TBD","PROVISIONAL_AUTO_REVIEW_REQUIRED","DENY","0.5-draft"
"PLAN-TD-EDUCATION-LANG","TD-EDUCATION-LANG","P4_BLUE","15_TO_100_YEARS","SL6","DEFERRED_WITHIN_STATED_HORIZON","P4_BLUE","P4_BLUE","P4_BLUE","S1_LOW_RISK_HOUSEHOLD","N1|N2|N3_TO_N7","LEARNERS_HOURS_COMPETENCY_AND_DUPLICATES","TBD_PERSON_AND_SITE_PROFILE","TBD_BY_CAPABILITY","TBD","TBD_SITE_AND_IMPLEMENTATION","TBD_BY_SERVICE_LEVEL","UNASSIGNED","UNASSIGNED","NOT_ASSIGNED","TBD","PROVISIONAL_AUTO_REVIEW_REQUIRED","DENY","0.5-draft"
"PLAN-TD-EDUCATION-TECH-READ","TD-EDUCATION-TECH-READ","P4_BLUE","15_TO_100_YEARS","SL6","DEFERRED_WITHIN_STATED_HORIZON","P4_BLUE","P4_BLUE","P4_BLUE","S2_TRAINED_SUPERVISED","N1|N2|N3_TO_N7","LEARNERS_HOURS_COMPETENCY_AND_DUPLICATES","TBD_PERSON_AND_SITE_PROFILE","TBD_BY_CAPABILITY","TBD","TBD_SITE_AND_IMPLEMENTATION","TBD_BY_SERVICE_LEVEL","UNASSIGNED","UNASSIGNED","NOT_ASSIGNED","TBD","PROVISIONAL_AUTO_REVIEW_REQUIRED","DENY","0.5-draft"
"PLAN-TD-EDUCATION-SKILL-MATRIX","TD-EDUCATION-SKILL-MATRIX","P2_YELLOW","15_TO_90_DAYS","SL3","DEFERRED_WITHIN_STATED_HORIZON","P2_YELLOW","P2_YELLOW","P2_YELLOW","S1_LOW_RISK_HOUSEHOLD","N1|N2|N3_TO_N7","LEARNERS_HOURS_COMPETENCY_AND_DUPLICATES","TBD_PERSON_AND_SITE_PROFILE","TBD_BY_CAPABILITY","TBD","TBD_SITE_AND_IMPLEMENTATION","TBD_BY_SERVICE_LEVEL","UNASSIGNED","UNASSIGNED","NOT_ASSIGNED","TBD","PROVISIONAL_AUTO_REVIEW_REQUIRED","DENY","0.5-draft"
"PLAN-TD-EDUCATION-PREREQ","TD-EDUCATION-PREREQ","P2_YELLOW","15_TO_90_DAYS","SL3","DEFERRED_WITHIN_STATED_HORIZON","P2_YELLOW","P2_YELLOW","P2_YELLOW","S1_LOW_RISK_HOUSEHOLD","N1|N2|N3_TO_N7","LEARNERS_HOURS_COMPETENCY_AND_DUPLICATES","TBD_PERSON_AND_SITE_PROFILE","TBD_BY_CAPABILITY","TBD","TBD_SITE_AND_IMPLEMENTATION","TBD_BY_SERVICE_LEVEL","UNASSIGNED","UNASSIGNED","NOT_ASSIGNED","TBD","PROVISIONAL_AUTO_REVIEW_REQUIRED","DENY","0.5-draft"
"PLAN-TD-EDUCATION-APPRENTICE","TD-EDUCATION-APPRENTICE","P4_BLUE","15_TO_100_YEARS","SL6","DEFERRED_WITHIN_STATED_HORIZON","P4_BLUE","P4_BLUE","P4_BLUE","S2_TRAINED_SUPERVISED","N1|N2|N3_TO_N7","LEARNERS_HOURS_COMPETENCY_AND_DUPLICATES","TBD_PERSON_AND_SITE_PROFILE","TBD_BY_CAPABILITY","TBD","TBD_SITE_AND_IMPLEMENTATION","TBD_BY_SERVICE_LEVEL","UNASSIGNED","UNASSIGNED","NOT_ASSIGNED","TBD","PROVISIONAL_AUTO_REVIEW_REQUIRED","DENY","0.5-draft"
"PLAN-TD-EDUCATION-SUPERVISED","TD-EDUCATION-SUPERVISED","P4_BLUE","15_TO_100_YEARS","SL6","DEFERRED_WITHIN_STATED_HORIZON","P4_BLUE","P4_BLUE","P4_BLUE","S2_TRAINED_SUPERVISED","N1|N2|N3_TO_N7","LEARNERS_HOURS_COMPETENCY_AND_DUPLICATES","TBD_PERSON_AND_SITE_PROFILE","TBD_BY_CAPABILITY","TBD","TBD_SITE_AND_IMPLEMENTATION","TBD_BY_SERVICE_LEVEL","UNASSIGNED","UNASSIGNED","NOT_ASSIGNED","TBD","PROVISIONAL_AUTO_REVIEW_REQUIRED","DENY","0.5-draft"
"PLAN-TD-EDUCATION-MASTERY","TD-EDUCATION-MASTERY","P4_BLUE","15_TO_100_YEARS","SL6","DEFERRED_WITHIN_STATED_HORIZON","P4_BLUE","P4_BLUE","P4_BLUE","S2_TRAINED_SUPERVISED","N1|N2|N3_TO_N7","LEARNERS_HOURS_COMPETENCY_AND_DUPLICATES","TBD_PERSON_AND_SITE_PROFILE","TBD_BY_CAPABILITY","TBD","TBD_SITE_AND_IMPLEMENTATION","TBD_BY_SERVICE_LEVEL","UNASSIGNED","UNASSIGNED","NOT_ASSIGNED","TBD","PROVISIONAL_AUTO_REVIEW_REQUIRED","DENY","0.5-draft"
"PLAN-TD-EDUCATION-RECERT","TD-EDUCATION-RECERT","P4_BLUE","15_TO_100_YEARS","SL6","DEFERRED_WITHIN_STATED_HORIZON","P4_BLUE","P4_BLUE","P4_BLUE","S2_TRAINED_SUPERVISED","N1|N2|N3_TO_N7","LEARNERS_HOURS_COMPETENCY_AND_DUPLICATES","TBD_PERSON_AND_SITE_PROFILE","TBD_BY_CAPABILITY","TBD","TBD_SITE_AND_IMPLEMENTATION","TBD_BY_SERVICE_LEVEL","UNASSIGNED","UNASSIGNED","NOT_ASSIGNED","TBD","PROVISIONAL_AUTO_REVIEW_REQUIRED","DENY","0.5-draft"
"PLAN-TD-EDUCATION-TEACHBACK","TD-EDUCATION-TEACHBACK","P4_BLUE","15_TO_100_YEARS","SL6","DEFERRED_WITHIN_STATED_HORIZON","P4_BLUE","P4_BLUE","P4_BLUE","S2_TRAINED_SUPERVISED","N1|N2|N3_TO_N7","LEARNERS_HOURS_COMPETENCY_AND_DUPLICATES","TBD_PERSON_AND_SITE_PROFILE","TBD_BY_CAPABILITY","TBD","TBD_SITE_AND_IMPLEMENTATION","TBD_BY_SERVICE_LEVEL","UNASSIGNED","UNASSIGNED","NOT_ASSIGNED","TBD","PROVISIONAL_AUTO_REVIEW_REQUIRED","DENY","0.5-draft"
"PLAN-TD-EDUCATION-INSTRUCTOR","TD-EDUCATION-INSTRUCTOR","P4_BLUE","15_TO_100_YEARS","SL6","DEFERRED_WITHIN_STATED_HORIZON","P4_BLUE","P4_BLUE","P4_BLUE","S2_TRAINED_SUPERVISED","N1|N2|N3_TO_N7","LEARNERS_HOURS_COMPETENCY_AND_DUPLICATES","TBD_PERSON_AND_SITE_PROFILE","TBD_BY_CAPABILITY","TBD","TBD_SITE_AND_IMPLEMENTATION","TBD_BY_SERVICE_LEVEL","UNASSIGNED","UNASSIGNED","NOT_ASSIGNED","TBD","PROVISIONAL_AUTO_REVIEW_REQUIRED","DENY","0.5-draft"
"PLAN-TD-EDUCATION-ACCESS","TD-EDUCATION-ACCESS","P4_BLUE","15_TO_100_YEARS","SL6","DEFERRED_WITHIN_STATED_HORIZON","P4_BLUE","P4_BLUE","P4_BLUE","S1_LOW_RISK_HOUSEHOLD","N1|N2|N3_TO_N7","LEARNERS_HOURS_COMPETENCY_AND_DUPLICATES","TBD_PERSON_AND_SITE_PROFILE","TBD_BY_CAPABILITY","TBD","TBD_SITE_AND_IMPLEMENTATION","TBD_BY_SERVICE_LEVEL","UNASSIGNED","UNASSIGNED","NOT_ASSIGNED","TBD","PROVISIONAL_AUTO_REVIEW_REQUIRED","DENY","0.5-draft"
"PLAN-TD-EDUCATION-CHILD","TD-EDUCATION-CHILD","P4_BLUE","15_TO_100_YEARS","SL6","DEFERRED_WITHIN_STATED_HORIZON","P4_BLUE","P4_BLUE","P4_BLUE","S2_TRAINED_SUPERVISED","N1|N2|N3_TO_N7","LEARNERS_HOURS_COMPETENCY_AND_DUPLICATES","TBD_PERSON_AND_SITE_PROFILE","TBD_BY_CAPABILITY","TBD","TBD_SITE_AND_IMPLEMENTATION","TBD_BY_SERVICE_LEVEL","UNASSIGNED","UNASSIGNED","NOT_ASSIGNED","TBD","PROVISIONAL_AUTO_REVIEW_REQUIRED","DENY","0.5-draft"
"PLAN-TD-EDUCATION-PAPER","TD-EDUCATION-PAPER","P2_YELLOW","15_TO_90_DAYS","SL3","DEFERRED_WITHIN_STATED_HORIZON","P2_YELLOW","P2_YELLOW","P2_YELLOW","S1_LOW_RISK_HOUSEHOLD","N1|N2|N3_TO_N7","LEARNERS_HOURS_COMPETENCY_AND_DUPLICATES","TBD_PERSON_AND_SITE_PROFILE","TBD_BY_CAPABILITY","TBD","TBD_SITE_AND_IMPLEMENTATION","TBD_BY_SERVICE_LEVEL","UNASSIGNED","UNASSIGNED","NOT_ASSIGNED","TBD","PROVISIONAL_AUTO_REVIEW_REQUIRED","DENY","0.5-draft"
"PLAN-TD-EDUCATION","TD-EDUCATION","P4_BLUE","15_TO_100_YEARS","SL6","DEFERRED_WITHIN_STATED_HORIZON","P4_BLUE","P4_BLUE","P4_BLUE","S2_TRAINED_SUPERVISED","N1|N2|N3_TO_N7","LEARNERS_HOURS_COMPETENCY_AND_DUPLICATES","TBD_PERSON_AND_SITE_PROFILE","TBD_BY_CAPABILITY","TBD","TBD_SITE_AND_IMPLEMENTATION","TBD_BY_SERVICE_LEVEL","UNASSIGNED","UNASSIGNED","NOT_ASSIGNED","TBD","PROVISIONAL_AUTO_REVIEW_REQUIRED","DENY","0.5-draft"
"PLAN-TD-KNOWLEDGE-FIXITY","TD-KNOWLEDGE-FIXITY","P3_GREEN","3_MONTHS_TO_15_YEARS","SL4","DEFERRED_WITHIN_STATED_HORIZON","P3_GREEN","P3_GREEN","P3_GREEN","S1_LOW_RISK_HOUSEHOLD","N1|N2|N3_TO_N7","BYTES_DOCUMENTS_READERS_RESTORE_TIME_AND_COPIES","TBD_PERSON_AND_SITE_PROFILE","TBD_BY_CAPABILITY","TBD","TBD_SITE_AND_IMPLEMENTATION","TBD_BY_SERVICE_LEVEL","UNASSIGNED","UNASSIGNED","NOT_ASSIGNED","TBD","PROVISIONAL_AUTO_REVIEW_REQUIRED","DENY","0.5-draft"
"PLAN-TD-KNOWLEDGE-COPIES","TD-KNOWLEDGE-COPIES","P3_GREEN","3_MONTHS_TO_15_YEARS","SL4","DEFERRED_WITHIN_STATED_HORIZON","P3_GREEN","P3_GREEN","P3_GREEN","S1_LOW_RISK_HOUSEHOLD","N1|N2|N3_TO_N7","BYTES_DOCUMENTS_READERS_RESTORE_TIME_AND_COPIES","TBD_PERSON_AND_SITE_PROFILE","TBD_BY_CAPABILITY","TBD","TBD_SITE_AND_IMPLEMENTATION","TBD_BY_SERVICE_LEVEL","UNASSIGNED","UNASSIGNED","NOT_ASSIGNED","TBD","PROVISIONAL_AUTO_REVIEW_REQUIRED","DENY","0.5-draft"
"PLAN-TD-KNOWLEDGE-MIGRATION","TD-KNOWLEDGE-MIGRATION","P3_GREEN","3_MONTHS_TO_15_YEARS","SL4","DEFERRED_WITHIN_STATED_HORIZON","P3_GREEN","P3_GREEN","P3_GREEN","S2_TRAINED_SUPERVISED","N1|N2|N3_TO_N7","BYTES_DOCUMENTS_READERS_RESTORE_TIME_AND_COPIES","TBD_PERSON_AND_SITE_PROFILE","TBD_BY_CAPABILITY","TBD","TBD_SITE_AND_IMPLEMENTATION","TBD_BY_SERVICE_LEVEL","UNASSIGNED","UNASSIGNED","NOT_ASSIGNED","TBD","PROVISIONAL_AUTO_REVIEW_REQUIRED","DENY","0.5-draft"
"PLAN-TD-KNOWLEDGE-SEARCH","TD-KNOWLEDGE-SEARCH","P1_ORANGE","3_TO_14_DAYS","SL2","DEFERRED_WITHIN_STATED_HORIZON","P1_ORANGE","P1_ORANGE","P1_ORANGE","S1_LOW_RISK_HOUSEHOLD","N1|N2|N3_TO_N7","BYTES_DOCUMENTS_READERS_RESTORE_TIME_AND_COPIES","TBD_PERSON_AND_SITE_PROFILE","TBD_BY_CAPABILITY","TBD","TBD_SITE_AND_IMPLEMENTATION","TWO_PATHS_OR_EXPLICIT_RESIDUAL_RISK","UNASSIGNED","UNASSIGNED","NOT_ASSIGNED","TBD","PROVISIONAL_AUTO_REVIEW_REQUIRED","DENY","0.5-draft"
"PLAN-TD-KNOWLEDGE-PRINT-CORE","TD-KNOWLEDGE-PRINT-CORE","P1_ORANGE","3_TO_14_DAYS","SL2","DEFERRED_WITHIN_STATED_HORIZON","P1_ORANGE","P1_ORANGE","P1_ORANGE","S1_LOW_RISK_HOUSEHOLD","N1|N2|N3_TO_N7","BYTES_DOCUMENTS_READERS_RESTORE_TIME_AND_COPIES","TBD_PERSON_AND_SITE_PROFILE","TBD_BY_CAPABILITY","TBD","TBD_SITE_AND_IMPLEMENTATION","TWO_PATHS_OR_EXPLICIT_RESIDUAL_RISK","UNASSIGNED","UNASSIGNED","NOT_ASSIGNED","TBD","PROVISIONAL_AUTO_REVIEW_REQUIRED","DENY","0.5-draft"
"PLAN-TD-KNOWLEDGE-SOURCE-CODE","TD-KNOWLEDGE-SOURCE-CODE","P3_GREEN","3_MONTHS_TO_15_YEARS","SL4","DEFERRED_WITHIN_STATED_HORIZON","P3_GREEN","P3_GREEN","P3_GREEN","S1_LOW_RISK_HOUSEHOLD","N1|N2|N3_TO_N7","BYTES_DOCUMENTS_READERS_RESTORE_TIME_AND_COPIES","TBD_PERSON_AND_SITE_PROFILE","TBD_BY_CAPABILITY","TBD","TBD_SITE_AND_IMPLEMENTATION","TBD_BY_SERVICE_LEVEL","UNASSIGNED","UNASSIGNED","NOT_ASSIGNED","TBD","PROVISIONAL_AUTO_REVIEW_REQUIRED","DENY","0.5-draft"
"PLAN-TD-KNOWLEDGE-COMPILERS","TD-KNOWLEDGE-COMPILERS","P3_GREEN","3_MONTHS_TO_15_YEARS","SL4","DEFERRED_WITHIN_STATED_HORIZON","P3_GREEN","P3_GREEN","P3_GREEN","S2_TRAINED_SUPERVISED","N1|N2|N3_TO_N7","BYTES_DOCUMENTS_READERS_RESTORE_TIME_AND_COPIES","TBD_PERSON_AND_SITE_PROFILE","TBD_BY_CAPABILITY","TBD","TBD_SITE_AND_IMPLEMENTATION","TBD_BY_SERVICE_LEVEL","UNASSIGNED","UNASSIGNED","NOT_ASSIGNED","TBD","PROVISIONAL_AUTO_REVIEW_REQUIRED","DENY","0.5-draft"
"PLAN-TD-KNOWLEDGE-GIS","TD-KNOWLEDGE-GIS","P3_GREEN","3_MONTHS_TO_15_YEARS","SL4","DEFERRED_WITHIN_STATED_HORIZON","P3_GREEN","P3_GREEN","P3_GREEN","S2_TRAINED_SUPERVISED","N1|N2|N3_TO_N7","BYTES_DOCUMENTS_READERS_RESTORE_TIME_AND_COPIES","TBD_PERSON_AND_SITE_PROFILE","TBD_BY_CAPABILITY","TBD","TBD_SITE_AND_IMPLEMENTATION","TBD_BY_SERVICE_LEVEL","UNASSIGNED","UNASSIGNED","NOT_ASSIGNED","TBD","PROVISIONAL_AUTO_REVIEW_REQUIRED","DENY","0.5-draft"
"PLAN-TD-KNOWLEDGE-EDA-CAD","TD-KNOWLEDGE-EDA-CAD","P3_GREEN","3_MONTHS_TO_15_YEARS","SL4","DEFERRED_WITHIN_STATED_HORIZON","P3_GREEN","P3_GREEN","P3_GREEN","S2_TRAINED_SUPERVISED","N1|N2|N3_TO_N7","BYTES_DOCUMENTS_READERS_RESTORE_TIME_AND_COPIES","TBD_PERSON_AND_SITE_PROFILE","TBD_BY_CAPABILITY","TBD","TBD_SITE_AND_IMPLEMENTATION","TBD_BY_SERVICE_LEVEL","UNASSIGNED","UNASSIGNED","NOT_ASSIGNED","TBD","PROVISIONAL_AUTO_REVIEW_REQUIRED","DENY","0.5-draft"
"PLAN-TD-KNOWLEDGE-HARDWARE","TD-KNOWLEDGE-HARDWARE","P3_GREEN","3_MONTHS_TO_15_YEARS","SL4","DEFERRED_WITHIN_STATED_HORIZON","P3_GREEN","P3_GREEN","P3_GREEN","S3_LICENSED_PROFESSIONAL","N1|N2|N3_TO_N7","BYTES_DOCUMENTS_READERS_RESTORE_TIME_AND_COPIES","TBD_PERSON_AND_SITE_PROFILE","TBD_BY_CAPABILITY","TBD","TBD_SITE_AND_IMPLEMENTATION","TBD_BY_SERVICE_LEVEL","UNASSIGNED","UNASSIGNED","NOT_ASSIGNED","TBD","PROVISIONAL_AUTO_REVIEW_REQUIRED","DENY","0.5-draft"
"PLAN-TD-KNOWLEDGE-READERS-SPARE","TD-KNOWLEDGE-READERS-SPARE","P1_ORANGE","3_TO_14_DAYS","SL2","DEFERRED_WITHIN_STATED_HORIZON","P1_ORANGE","P1_ORANGE","P1_ORANGE","S1_LOW_RISK_HOUSEHOLD","N1|N2|N3_TO_N7","BYTES_DOCUMENTS_READERS_RESTORE_TIME_AND_COPIES","TBD_PERSON_AND_SITE_PROFILE","TBD_BY_CAPABILITY","TBD","TBD_SITE_AND_IMPLEMENTATION","TWO_PATHS_OR_EXPLICIT_RESIDUAL_RISK","UNASSIGNED","UNASSIGNED","NOT_ASSIGNED","TBD","PROVISIONAL_AUTO_REVIEW_REQUIRED","DENY","0.5-draft"
"PLAN-TD-KNOWLEDGE-PAPER-FALLBACK","TD-KNOWLEDGE-PAPER-FALLBACK","P3_GREEN","3_MONTHS_TO_15_YEARS","SL4","DEFERRED_WITHIN_STATED_HORIZON","P3_GREEN","P3_GREEN","P3_GREEN","S1_LOW_RISK_HOUSEHOLD","N1|N2|N3_TO_N7","BYTES_DOCUMENTS_READERS_RESTORE_TIME_AND_COPIES","TBD_PERSON_AND_SITE_PROFILE","TBD_BY_CAPABILITY","TBD","TBD_SITE_AND_IMPLEMENTATION","TBD_BY_SERVICE_LEVEL","UNASSIGNED","UNASSIGNED","NOT_ASSIGNED","TBD","PROVISIONAL_AUTO_REVIEW_REQUIRED","DENY","0.5-draft"
"PLAN-TD-KNOWLEDGE-LANGUAGE","TD-KNOWLEDGE-LANGUAGE","P3_GREEN","3_MONTHS_TO_15_YEARS","SL4","DEFERRED_WITHIN_STATED_HORIZON","P3_GREEN","P3_GREEN","P3_GREEN","S1_LOW_RISK_HOUSEHOLD","N1|N2|N3_TO_N7","BYTES_DOCUMENTS_READERS_RESTORE_TIME_AND_COPIES","TBD_PERSON_AND_SITE_PROFILE","TBD_BY_CAPABILITY","TBD","TBD_SITE_AND_IMPLEMENTATION","TBD_BY_SERVICE_LEVEL","UNASSIGNED","UNASSIGNED","NOT_ASSIGNED","TBD","PROVISIONAL_AUTO_REVIEW_REQUIRED","DENY","0.5-draft"
"PLAN-TD-KNOWLEDGE-RIGHTS","TD-KNOWLEDGE-RIGHTS","P3_GREEN","3_MONTHS_TO_15_YEARS","SL4","DEFERRED_WITHIN_STATED_HORIZON","P3_GREEN","P3_GREEN","P3_GREEN","S0_OBSERVE_READ","N1|N2|N3_TO_N7","BYTES_DOCUMENTS_READERS_RESTORE_TIME_AND_COPIES","TBD_PERSON_AND_SITE_PROFILE","TBD_BY_CAPABILITY","TBD","TBD_SITE_AND_IMPLEMENTATION","TBD_BY_SERVICE_LEVEL","UNASSIGNED","UNASSIGNED","NOT_ASSIGNED","TBD","PROVISIONAL_AUTO_REVIEW_REQUIRED","DENY","0.5-draft"
"PLAN-TD-KNOWLEDGE-SUCCESSOR","TD-KNOWLEDGE-SUCCESSOR","P3_GREEN","3_MONTHS_TO_15_YEARS","SL4","DEFERRED_WITHIN_STATED_HORIZON","P3_GREEN","P3_GREEN","P3_GREEN","S2_TRAINED_SUPERVISED","N1|N2|N3_TO_N7","BYTES_DOCUMENTS_READERS_RESTORE_TIME_AND_COPIES","TBD_PERSON_AND_SITE_PROFILE","TBD_BY_CAPABILITY","TBD","TBD_SITE_AND_IMPLEMENTATION","TBD_BY_SERVICE_LEVEL","UNASSIGNED","UNASSIGNED","NOT_ASSIGNED","TBD","PROVISIONAL_AUTO_REVIEW_REQUIRED","DENY","0.5-draft"
"PLAN-TD-GOV-LIMITS","TD-GOV-LIMITS","P0_RED","SECONDS_TO_72_HOURS","SL1","IMMEDIATE_OR_SAFETY_BOUNDARY","P0_RED","P0_RED","P0_RED","S1_LOW_RISK_HOUSEHOLD","N1|N2|N3_TO_N7","DECISIONS_RESOURCES_LABOR_HOURS_AND_AUDIT_INTERVAL","TBD_PERSON_AND_SITE_PROFILE","TBD_BY_CAPABILITY","TBD","TBD_SITE_AND_IMPLEMENTATION","TWO_PATHS_OR_EXPLICIT_RESIDUAL_RISK","UNASSIGNED","UNASSIGNED","NOT_ASSIGNED","TBD","PROVISIONAL_AUTO_REVIEW_REQUIRED","DENY","0.5-draft"
"PLAN-TD-GOV-AUDIT","TD-GOV-AUDIT","P4_BLUE","15_TO_100_YEARS","SL6","DEFERRED_WITHIN_STATED_HORIZON","P4_BLUE","P4_BLUE","P4_BLUE","S1_LOW_RISK_HOUSEHOLD","N1|N2|N3_TO_N7","DECISIONS_RESOURCES_LABOR_HOURS_AND_AUDIT_INTERVAL","TBD_PERSON_AND_SITE_PROFILE","TBD_BY_CAPABILITY","TBD","TBD_SITE_AND_IMPLEMENTATION","TBD_BY_SERVICE_LEVEL","UNASSIGNED","UNASSIGNED","NOT_ASSIGNED","TBD","PROVISIONAL_AUTO_REVIEW_REQUIRED","DENY","0.5-draft"
"PLAN-TD-GOV-GRIEVANCE","TD-GOV-GRIEVANCE","P4_BLUE","15_TO_100_YEARS","SL6","DEFERRED_WITHIN_STATED_HORIZON","P4_BLUE","P4_BLUE","P4_BLUE","S1_LOW_RISK_HOUSEHOLD","N1|N2|N3_TO_N7","DECISIONS_RESOURCES_LABOR_HOURS_AND_AUDIT_INTERVAL","TBD_PERSON_AND_SITE_PROFILE","TBD_BY_CAPABILITY","TBD","TBD_SITE_AND_IMPLEMENTATION","TBD_BY_SERVICE_LEVEL","UNASSIGNED","UNASSIGNED","NOT_ASSIGNED","TBD","PROVISIONAL_AUTO_REVIEW_REQUIRED","DENY","0.5-draft"
"PLAN-TD-GOV-VULNERABLE","TD-GOV-VULNERABLE","P0_RED","SECONDS_TO_72_HOURS","SL1","IMMEDIATE_OR_SAFETY_BOUNDARY","P0_RED","P0_RED","P0_RED","S2_TRAINED_SUPERVISED","N1|N2|N3_TO_N7","DECISIONS_RESOURCES_LABOR_HOURS_AND_AUDIT_INTERVAL","TBD_PERSON_AND_SITE_PROFILE","TBD_BY_CAPABILITY","TBD","TBD_SITE_AND_IMPLEMENTATION","TWO_PATHS_OR_EXPLICIT_RESIDUAL_RISK","UNASSIGNED","UNASSIGNED","NOT_ASSIGNED","TBD","PROVISIONAL_AUTO_REVIEW_REQUIRED","DENY","0.5-draft"
"PLAN-TD-GOV-LAW","TD-GOV-LAW","P4_BLUE","15_TO_100_YEARS","SL6","DEFERRED_WITHIN_STATED_HORIZON","P4_BLUE","P4_BLUE","P4_BLUE","S0_OBSERVE_READ","N1|N2|N3_TO_N7","DECISIONS_RESOURCES_LABOR_HOURS_AND_AUDIT_INTERVAL","TBD_PERSON_AND_SITE_PROFILE","TBD_BY_CAPABILITY","TBD","TBD_SITE_AND_IMPLEMENTATION","TBD_BY_SERVICE_LEVEL","UNASSIGNED","UNASSIGNED","NOT_ASSIGNED","TBD","PROVISIONAL_AUTO_REVIEW_REQUIRED","DENY","0.5-draft"
"PLAN-TD-GOV-BIRTH-DEATH","TD-GOV-BIRTH-DEATH","P4_BLUE","15_TO_100_YEARS","SL6","DEFERRED_WITHIN_STATED_HORIZON","P4_BLUE","P4_BLUE","P4_BLUE","S3_LICENSED_PROFESSIONAL","N1|N2|N3_TO_N7","DECISIONS_RESOURCES_LABOR_HOURS_AND_AUDIT_INTERVAL","TBD_PERSON_AND_SITE_PROFILE","TBD_BY_CAPABILITY","TBD","TBD_SITE_AND_IMPLEMENTATION","TBD_BY_SERVICE_LEVEL","UNASSIGNED","UNASSIGNED","NOT_ASSIGNED","TBD","PROVISIONAL_AUTO_REVIEW_REQUIRED","DENY","0.5-draft"
"PLAN-TD-GOV-TRADE","TD-GOV-TRADE","P4_BLUE","15_TO_100_YEARS","SL6","DEFERRED_WITHIN_STATED_HORIZON","P4_BLUE","P4_BLUE","P4_BLUE","S1_LOW_RISK_HOUSEHOLD","N1|N2|N3_TO_N7","DECISIONS_RESOURCES_LABOR_HOURS_AND_AUDIT_INTERVAL","TBD_PERSON_AND_SITE_PROFILE","TBD_BY_CAPABILITY","TBD","TBD_SITE_AND_IMPLEMENTATION","TBD_BY_SERVICE_LEVEL","UNASSIGNED","UNASSIGNED","NOT_ASSIGNED","TBD","PROVISIONAL_AUTO_REVIEW_REQUIRED","DENY","0.5-draft"
"PLAN-TD-GOV-COMMUNITY","TD-GOV-COMMUNITY","P4_BLUE","15_TO_100_YEARS","SL6","DEFERRED_WITHIN_STATED_HORIZON","P4_BLUE","P4_BLUE","P4_BLUE","S1_LOW_RISK_HOUSEHOLD","N1|N2|N3_TO_N7","DECISIONS_RESOURCES_LABOR_HOURS_AND_AUDIT_INTERVAL","TBD_PERSON_AND_SITE_PROFILE","TBD_BY_CAPABILITY","TBD","TBD_SITE_AND_IMPLEMENTATION","TBD_BY_SERVICE_LEVEL","UNASSIGNED","UNASSIGNED","NOT_ASSIGNED","TBD","PROVISIONAL_AUTO_REVIEW_REQUIRED","DENY","0.5-draft"
"PLAN-TD-GOV-PROCUREMENT","TD-GOV-PROCUREMENT","P4_BLUE","15_TO_100_YEARS","SL6","DEFERRED_WITHIN_STATED_HORIZON","P4_BLUE","P4_BLUE","P4_BLUE","S1_LOW_RISK_HOUSEHOLD","N1|N2|N3_TO_N7","DECISIONS_RESOURCES_LABOR_HOURS_AND_AUDIT_INTERVAL","TBD_PERSON_AND_SITE_PROFILE","TBD_BY_CAPABILITY","TBD","TBD_SITE_AND_IMPLEMENTATION","TBD_BY_SERVICE_LEVEL","UNASSIGNED","UNASSIGNED","NOT_ASSIGNED","TBD","PROVISIONAL_AUTO_REVIEW_REQUIRED","DENY","0.5-draft"
"PLAN-TD-GOV-STOCK","TD-GOV-STOCK","P4_BLUE","15_TO_100_YEARS","SL6","DEFERRED_WITHIN_STATED_HORIZON","P4_BLUE","P4_BLUE","P4_BLUE","S1_LOW_RISK_HOUSEHOLD","N1|N2|N3_TO_N7","DECISIONS_RESOURCES_LABOR_HOURS_AND_AUDIT_INTERVAL","TBD_PERSON_AND_SITE_PROFILE","TBD_BY_CAPABILITY","TBD","TBD_SITE_AND_IMPLEMENTATION","TBD_BY_SERVICE_LEVEL","UNASSIGNED","UNASSIGNED","NOT_ASSIGNED","TBD","PROVISIONAL_AUTO_REVIEW_REQUIRED","DENY","0.5-draft"
"PLAN-TD-GOV-WAREHOUSE","TD-GOV-WAREHOUSE","P4_BLUE","15_TO_100_YEARS","SL6","DEFERRED_WITHIN_STATED_HORIZON","P4_BLUE","P4_BLUE","P4_BLUE","S2_TRAINED_SUPERVISED","N1|N2|N3_TO_N7","DECISIONS_RESOURCES_LABOR_HOURS_AND_AUDIT_INTERVAL","TBD_PERSON_AND_SITE_PROFILE","TBD_BY_CAPABILITY","TBD","TBD_SITE_AND_IMPLEMENTATION","TBD_BY_SERVICE_LEVEL","UNASSIGNED","UNASSIGNED","NOT_ASSIGNED","TBD","PROVISIONAL_AUTO_REVIEW_REQUIRED","DENY","0.5-draft"
"PLAN-TD-GOV-DISTRIBUTION","TD-GOV-DISTRIBUTION","P4_BLUE","15_TO_100_YEARS","SL6","DEFERRED_WITHIN_STATED_HORIZON","P4_BLUE","P4_BLUE","P4_BLUE","S1_LOW_RISK_HOUSEHOLD","N1|N2|N3_TO_N7","DECISIONS_RESOURCES_LABOR_HOURS_AND_AUDIT_INTERVAL","TBD_PERSON_AND_SITE_PROFILE","TBD_BY_CAPABILITY","TBD","TBD_SITE_AND_IMPLEMENTATION","TBD_BY_SERVICE_LEVEL","UNASSIGNED","UNASSIGNED","NOT_ASSIGNED","TBD","PROVISIONAL_AUTO_REVIEW_REQUIRED","DENY","0.5-draft"
"PLAN-TD-GOV-LABOR","TD-GOV-LABOR","P0_RED","SECONDS_TO_72_HOURS","SL1","IMMEDIATE_OR_SAFETY_BOUNDARY","P0_RED","P0_RED","P0_RED","S1_LOW_RISK_HOUSEHOLD","N1|N2|N3_TO_N7","DECISIONS_RESOURCES_LABOR_HOURS_AND_AUDIT_INTERVAL","TBD_PERSON_AND_SITE_PROFILE","TBD_BY_CAPABILITY","TBD","TBD_SITE_AND_IMPLEMENTATION","TWO_PATHS_OR_EXPLICIT_RESIDUAL_RISK","UNASSIGNED","UNASSIGNED","NOT_ASSIGNED","TBD","PROVISIONAL_AUTO_REVIEW_REQUIRED","DENY","0.5-draft"
"PLAN-TD-GOV-RECOVERY","TD-GOV-RECOVERY","P4_BLUE","15_TO_100_YEARS","SL6","DEFERRED_WITHIN_STATED_HORIZON","P4_BLUE","P4_BLUE","P4_BLUE","S1_LOW_RISK_HOUSEHOLD","N1|N2|N3_TO_N7","DECISIONS_RESOURCES_LABOR_HOURS_AND_AUDIT_INTERVAL","TBD_PERSON_AND_SITE_PROFILE","TBD_BY_CAPABILITY","TBD","TBD_SITE_AND_IMPLEMENTATION","TBD_BY_SERVICE_LEVEL","UNASSIGNED","UNASSIGNED","NOT_ASSIGNED","TBD","PROVISIONAL_AUTO_REVIEW_REQUIRED","DENY","0.5-draft"
"PLAN-TD-GOV-RELOCATION","TD-GOV-RELOCATION","P4_BLUE","15_TO_100_YEARS","SL6","DEFERRED_WITHIN_STATED_HORIZON","P4_BLUE","P4_BLUE","P4_BLUE","S2_TRAINED_SUPERVISED","N1|N2|N3_TO_N7","DECISIONS_RESOURCES_LABOR_HOURS_AND_AUDIT_INTERVAL","TBD_PERSON_AND_SITE_PROFILE","TBD_BY_CAPABILITY","TBD","TBD_SITE_AND_IMPLEMENTATION","TBD_BY_SERVICE_LEVEL","UNASSIGNED","UNASSIGNED","NOT_ASSIGNED","TBD","PROVISIONAL_AUTO_REVIEW_REQUIRED","DENY","0.5-draft"
"PLAN-TD-ENVIRONMENT-WEATHER","TD-ENVIRONMENT-WEATHER","P1_ORANGE","3_TO_14_DAYS","SL2","DEFERRED_WITHIN_STATED_HORIZON","P1_ORANGE","P1_ORANGE","P1_ORANGE","S1_LOW_RISK_HOUSEHOLD","N1|N2|N3_TO_N7","SITE_SERIES_SEASONAL_RANGE_AND_TRIGGER_THRESHOLDS","TBD_PERSON_AND_SITE_PROFILE","TBD_BY_CAPABILITY","TBD","TBD_SITE_AND_IMPLEMENTATION","TWO_PATHS_OR_EXPLICIT_RESIDUAL_RISK","UNASSIGNED","UNASSIGNED","NOT_ASSIGNED","TBD","PROVISIONAL_AUTO_REVIEW_REQUIRED","DENY","0.5-draft"
"PLAN-TD-ENVIRONMENT-DROUGHT","TD-ENVIRONMENT-DROUGHT","P1_ORANGE","3_TO_14_DAYS","SL2","DEFERRED_WITHIN_STATED_HORIZON","P1_ORANGE","P1_ORANGE","P1_ORANGE","S2_TRAINED_SUPERVISED","N1|N2|N3_TO_N7","SITE_SERIES_SEASONAL_RANGE_AND_TRIGGER_THRESHOLDS","TBD_PERSON_AND_SITE_PROFILE","TBD_BY_CAPABILITY","TBD","TBD_SITE_AND_IMPLEMENTATION","TWO_PATHS_OR_EXPLICIT_RESIDUAL_RISK","UNASSIGNED","UNASSIGNED","NOT_ASSIGNED","TBD","PROVISIONAL_AUTO_REVIEW_REQUIRED","DENY","0.5-draft"
"PLAN-TD-ENVIRONMENT-HEAT","TD-ENVIRONMENT-HEAT","P1_ORANGE","3_TO_14_DAYS","SL2","DEFERRED_WITHIN_STATED_HORIZON","P1_ORANGE","P1_ORANGE","P1_ORANGE","S2_TRAINED_SUPERVISED","N1|N2|N3_TO_N7","SITE_SERIES_SEASONAL_RANGE_AND_TRIGGER_THRESHOLDS","TBD_PERSON_AND_SITE_PROFILE","TBD_BY_CAPABILITY","TBD","TBD_SITE_AND_IMPLEMENTATION","TWO_PATHS_OR_EXPLICIT_RESIDUAL_RISK","UNASSIGNED","UNASSIGNED","NOT_ASSIGNED","TBD","PROVISIONAL_AUTO_REVIEW_REQUIRED","DENY","0.5-draft"
"PLAN-TD-ENVIRONMENT-COLD","TD-ENVIRONMENT-COLD","P1_ORANGE","3_TO_14_DAYS","SL2","DEFERRED_WITHIN_STATED_HORIZON","P1_ORANGE","P1_ORANGE","P1_ORANGE","S2_TRAINED_SUPERVISED","N1|N2|N3_TO_N7","SITE_SERIES_SEASONAL_RANGE_AND_TRIGGER_THRESHOLDS","TBD_PERSON_AND_SITE_PROFILE","TBD_BY_CAPABILITY","TBD","TBD_SITE_AND_IMPLEMENTATION","TWO_PATHS_OR_EXPLICIT_RESIDUAL_RISK","UNASSIGNED","UNASSIGNED","NOT_ASSIGNED","TBD","PROVISIONAL_AUTO_REVIEW_REQUIRED","DENY","0.5-draft"
"PLAN-TD-ENVIRONMENT-WIND","TD-ENVIRONMENT-WIND","P1_ORANGE","3_TO_14_DAYS","SL2","DEFERRED_WITHIN_STATED_HORIZON","P1_ORANGE","P1_ORANGE","P1_ORANGE","S2_TRAINED_SUPERVISED","N1|N2|N3_TO_N7","SITE_SERIES_SEASONAL_RANGE_AND_TRIGGER_THRESHOLDS","TBD_PERSON_AND_SITE_PROFILE","TBD_BY_CAPABILITY","TBD","TBD_SITE_AND_IMPLEMENTATION","TWO_PATHS_OR_EXPLICIT_RESIDUAL_RISK","UNASSIGNED","UNASSIGNED","NOT_ASSIGNED","TBD","PROVISIONAL_AUTO_REVIEW_REQUIRED","DENY","0.5-draft"
"PLAN-TD-ENVIRONMENT-FLOOD","TD-ENVIRONMENT-FLOOD","P1_ORANGE","3_TO_14_DAYS","SL2","DEFERRED_WITHIN_STATED_HORIZON","P1_ORANGE","P1_ORANGE","P1_ORANGE","S2_TRAINED_SUPERVISED","N1|N2|N3_TO_N7","SITE_SERIES_SEASONAL_RANGE_AND_TRIGGER_THRESHOLDS","TBD_PERSON_AND_SITE_PROFILE","TBD_BY_CAPABILITY","TBD","TBD_SITE_AND_IMPLEMENTATION","TWO_PATHS_OR_EXPLICIT_RESIDUAL_RISK","UNASSIGNED","UNASSIGNED","NOT_ASSIGNED","TBD","PROVISIONAL_AUTO_REVIEW_REQUIRED","DENY","0.5-draft"
"PLAN-TD-ENVIRONMENT-FIRE","TD-ENVIRONMENT-FIRE","P1_ORANGE","3_TO_14_DAYS","SL2","DEFERRED_WITHIN_STATED_HORIZON","P1_ORANGE","P1_ORANGE","P1_ORANGE","S3_LICENSED_PROFESSIONAL","N1|N2|N3_TO_N7","SITE_SERIES_SEASONAL_RANGE_AND_TRIGGER_THRESHOLDS","TBD_PERSON_AND_SITE_PROFILE","TBD_BY_CAPABILITY","TBD","TBD_SITE_AND_IMPLEMENTATION","TWO_PATHS_OR_EXPLICIT_RESIDUAL_RISK","UNASSIGNED","UNASSIGNED","NOT_ASSIGNED","TBD","PROVISIONAL_AUTO_REVIEW_REQUIRED","DENY","0.5-draft"
"PLAN-TD-ENVIRONMENT-COAST","TD-ENVIRONMENT-COAST","P1_ORANGE","3_TO_14_DAYS","SL2","DEFERRED_WITHIN_STATED_HORIZON","P1_ORANGE","P1_ORANGE","P1_ORANGE","S3_LICENSED_PROFESSIONAL","N1|N2|N3_TO_N7","SITE_SERIES_SEASONAL_RANGE_AND_TRIGGER_THRESHOLDS","TBD_PERSON_AND_SITE_PROFILE","TBD_BY_CAPABILITY","TBD","TBD_SITE_AND_IMPLEMENTATION","TWO_PATHS_OR_EXPLICIT_RESIDUAL_RISK","UNASSIGNED","UNASSIGNED","NOT_ASSIGNED","TBD","PROVISIONAL_AUTO_REVIEW_REQUIRED","DENY","0.5-draft"
"PLAN-TD-ENVIRONMENT-SEISMIC","TD-ENVIRONMENT-SEISMIC","P1_ORANGE","3_TO_14_DAYS","SL2","DEFERRED_WITHIN_STATED_HORIZON","P1_ORANGE","P1_ORANGE","P1_ORANGE","S2_TRAINED_SUPERVISED","N1|N2|N3_TO_N7","SITE_SERIES_SEASONAL_RANGE_AND_TRIGGER_THRESHOLDS","TBD_PERSON_AND_SITE_PROFILE","TBD_BY_CAPABILITY","TBD","TBD_SITE_AND_IMPLEMENTATION","TWO_PATHS_OR_EXPLICIT_RESIDUAL_RISK","UNASSIGNED","UNASSIGNED","NOT_ASSIGNED","TBD","PROVISIONAL_AUTO_REVIEW_REQUIRED","DENY","0.5-draft"
"PLAN-TD-ENVIRONMENT-SOIL-DEGRADE","TD-ENVIRONMENT-SOIL-DEGRADE","P3_GREEN","3_MONTHS_TO_15_YEARS","SL4","DEFERRED_WITHIN_STATED_HORIZON","P3_GREEN","P3_GREEN","P3_GREEN","S2_TRAINED_SUPERVISED","N1|N2|N3_TO_N7","SITE_SERIES_SEASONAL_RANGE_AND_TRIGGER_THRESHOLDS","TBD_PERSON_AND_SITE_PROFILE","TBD_BY_CAPABILITY","TBD","TBD_SITE_AND_IMPLEMENTATION","TBD_BY_SERVICE_LEVEL","UNASSIGNED","UNASSIGNED","NOT_ASSIGNED","TBD","PROVISIONAL_AUTO_REVIEW_REQUIRED","DENY","0.5-draft"
"PLAN-TD-ENVIRONMENT-FOREST","TD-ENVIRONMENT-FOREST","P3_GREEN","3_MONTHS_TO_15_YEARS","SL4","DEFERRED_WITHIN_STATED_HORIZON","P3_GREEN","P3_GREEN","P3_GREEN","S3_LICENSED_PROFESSIONAL","N1|N2|N3_TO_N7","SITE_SERIES_SEASONAL_RANGE_AND_TRIGGER_THRESHOLDS","TBD_PERSON_AND_SITE_PROFILE","TBD_BY_CAPABILITY","TBD","TBD_SITE_AND_IMPLEMENTATION","TBD_BY_SERVICE_LEVEL","UNASSIGNED","UNASSIGNED","NOT_ASSIGNED","TBD","PROVISIONAL_AUTO_REVIEW_REQUIRED","DENY","0.5-draft"
"PLAN-TD-ENVIRONMENT-BIODIVERSITY","TD-ENVIRONMENT-BIODIVERSITY","P3_GREEN","3_MONTHS_TO_15_YEARS","SL4","DEFERRED_WITHIN_STATED_HORIZON","P3_GREEN","P3_GREEN","P3_GREEN","S2_TRAINED_SUPERVISED","N1|N2|N3_TO_N7","SITE_SERIES_SEASONAL_RANGE_AND_TRIGGER_THRESHOLDS","TBD_PERSON_AND_SITE_PROFILE","TBD_BY_CAPABILITY","TBD","TBD_SITE_AND_IMPLEMENTATION","TBD_BY_SERVICE_LEVEL","UNASSIGNED","UNASSIGNED","NOT_ASSIGNED","TBD","PROVISIONAL_AUTO_REVIEW_REQUIRED","DENY","0.5-draft"
"PLAN-TD-ENVIRONMENT-CLIMATE","TD-ENVIRONMENT-CLIMATE","P3_GREEN","3_MONTHS_TO_15_YEARS","SL4","DEFERRED_WITHIN_STATED_HORIZON","P3_GREEN","P3_GREEN","P3_GREEN","S1_LOW_RISK_HOUSEHOLD","N1|N2|N3_TO_N7","SITE_SERIES_SEASONAL_RANGE_AND_TRIGGER_THRESHOLDS","TBD_PERSON_AND_SITE_PROFILE","TBD_BY_CAPABILITY","TBD","TBD_SITE_AND_IMPLEMENTATION","TBD_BY_SERVICE_LEVEL","UNASSIGNED","UNASSIGNED","NOT_ASSIGNED","TBD","PROVISIONAL_AUTO_REVIEW_REQUIRED","DENY","0.5-draft"
"PLAN-TD-ENVIRONMENT","TD-ENVIRONMENT","P3_GREEN","3_MONTHS_TO_15_YEARS","SL4","DEFERRED_WITHIN_STATED_HORIZON","P3_GREEN","P3_GREEN","P3_GREEN","S2_TRAINED_SUPERVISED","N1|N2|N3_TO_N7","SITE_SERIES_SEASONAL_RANGE_AND_TRIGGER_THRESHOLDS","TBD_PERSON_AND_SITE_PROFILE","TBD_BY_CAPABILITY","TBD","TBD_SITE_AND_IMPLEMENTATION","TBD_BY_SERVICE_LEVEL","UNASSIGNED","UNASSIGNED","NOT_ASSIGNED","TBD","PROVISIONAL_AUTO_REVIEW_REQUIRED","DENY","0.5-draft"
"PLAN-TD-PORTUGAL-112","TD-PORTUGAL-112","P0_RED","SECONDS_TO_72_HOURS","SL0","IMMEDIATE_OR_SAFETY_BOUNDARY","P0_RED","P0_RED","P0_RED","S0_OBSERVE_READ","N1|N2|N3_TO_N7","AUTHORITY_JURISDICTION_VERSION_COVERAGE_AND_CHECKED_DATE","TBD_PERSON_AND_SITE_PROFILE","TBD_BY_CAPABILITY","TBD","TBD_SITE_AND_IMPLEMENTATION","TWO_PATHS_OR_EXPLICIT_RESIDUAL_RISK","UNASSIGNED","UNASSIGNED","NOT_ASSIGNED","TBD","PROVISIONAL_AUTO_REVIEW_REQUIRED","DENY","0.5-draft"
"PLAN-TD-PORTUGAL-SNS24","TD-PORTUGAL-SNS24","P0_RED","SECONDS_TO_72_HOURS","SL1","IMMEDIATE_OR_SAFETY_BOUNDARY","P0_RED","P0_RED","P0_RED","S0_OBSERVE_READ","N1|N2|N3_TO_N7","AUTHORITY_JURISDICTION_VERSION_COVERAGE_AND_CHECKED_DATE","TBD_PERSON_AND_SITE_PROFILE","TBD_BY_CAPABILITY","TBD","TBD_SITE_AND_IMPLEMENTATION","TWO_PATHS_OR_EXPLICIT_RESIDUAL_RISK","UNASSIGNED","UNASSIGNED","NOT_ASSIGNED","TBD","PROVISIONAL_AUTO_REVIEW_REQUIRED","DENY","0.5-draft"
"PLAN-TD-PORTUGAL-CIAV","TD-PORTUGAL-CIAV","P0_RED","SECONDS_TO_72_HOURS","SL1","IMMEDIATE_OR_SAFETY_BOUNDARY","P0_RED","P0_RED","P0_RED","S0_OBSERVE_READ","N1|N2|N3_TO_N7","AUTHORITY_JURISDICTION_VERSION_COVERAGE_AND_CHECKED_DATE","TBD_PERSON_AND_SITE_PROFILE","TBD_BY_CAPABILITY","TBD","TBD_SITE_AND_IMPLEMENTATION","TWO_PATHS_OR_EXPLICIT_RESIDUAL_RISK","UNASSIGNED","UNASSIGNED","NOT_ASSIGNED","TBD","PROVISIONAL_AUTO_REVIEW_REQUIRED","DENY","0.5-draft"
"PLAN-TD-PORTUGAL-MUNICIPAL-PC","TD-PORTUGAL-MUNICIPAL-PC","P0_RED","SECONDS_TO_72_HOURS","SL1","IMMEDIATE_OR_SAFETY_BOUNDARY","P0_RED","P0_RED","P0_RED","S0_OBSERVE_READ","N1|N2|N3_TO_N7","AUTHORITY_JURISDICTION_VERSION_COVERAGE_AND_CHECKED_DATE","TBD_PERSON_AND_SITE_PROFILE","TBD_BY_CAPABILITY","TBD","TBD_SITE_AND_IMPLEMENTATION","TWO_PATHS_OR_EXPLICIT_RESIDUAL_RISK","UNASSIGNED","UNASSIGNED","NOT_ASSIGNED","TBD","PROVISIONAL_AUTO_REVIEW_REQUIRED","DENY","0.5-draft"
"PLAN-TD-PORTUGAL-HOSPITAL","TD-PORTUGAL-HOSPITAL","P0_RED","SECONDS_TO_72_HOURS","SL1","IMMEDIATE_OR_SAFETY_BOUNDARY","P0_RED","P0_RED","P0_RED","S0_OBSERVE_READ","N1|N2|N3_TO_N7","AUTHORITY_JURISDICTION_VERSION_COVERAGE_AND_CHECKED_DATE","TBD_PERSON_AND_SITE_PROFILE","TBD_BY_CAPABILITY","TBD","TBD_SITE_AND_IMPLEMENTATION","TWO_PATHS_OR_EXPLICIT_RESIDUAL_RISK","UNASSIGNED","UNASSIGNED","NOT_ASSIGNED","TBD","PROVISIONAL_AUTO_REVIEW_REQUIRED","DENY","0.5-draft"
"PLAN-TD-PORTUGAL-WATER-UTILITY","TD-PORTUGAL-WATER-UTILITY","P2_YELLOW","15_TO_90_DAYS","SL3","DEFERRED_WITHIN_STATED_HORIZON","P2_YELLOW","P2_YELLOW","P2_YELLOW","S0_OBSERVE_READ","N1|N2|N3_TO_N7","AUTHORITY_JURISDICTION_VERSION_COVERAGE_AND_CHECKED_DATE","TBD_PERSON_AND_SITE_PROFILE","TBD_BY_CAPABILITY","TBD","TBD_SITE_AND_IMPLEMENTATION","TBD_BY_SERVICE_LEVEL","UNASSIGNED","UNASSIGNED","NOT_ASSIGNED","TBD","PROVISIONAL_AUTO_REVIEW_REQUIRED","DENY","0.5-draft"
"PLAN-TD-PORTUGAL-LABS","TD-PORTUGAL-LABS","P2_YELLOW","15_TO_90_DAYS","SL3","DEFERRED_WITHIN_STATED_HORIZON","P2_YELLOW","P2_YELLOW","P2_YELLOW","S0_OBSERVE_READ","N1|N2|N3_TO_N7","AUTHORITY_JURISDICTION_VERSION_COVERAGE_AND_CHECKED_DATE","TBD_PERSON_AND_SITE_PROFILE","TBD_BY_CAPABILITY","TBD","TBD_SITE_AND_IMPLEMENTATION","TBD_BY_SERVICE_LEVEL","UNASSIGNED","UNASSIGNED","NOT_ASSIGNED","TBD","PROVISIONAL_AUTO_REVIEW_REQUIRED","DENY","0.5-draft"
"PLAN-TD-PORTUGAL-ANEPC","TD-PORTUGAL-ANEPC","P0_RED","SECONDS_TO_72_HOURS","SL1","IMMEDIATE_OR_SAFETY_BOUNDARY","P0_RED","P0_RED","P0_RED","S0_OBSERVE_READ","N1|N2|N3_TO_N7","AUTHORITY_JURISDICTION_VERSION_COVERAGE_AND_CHECKED_DATE","TBD_PERSON_AND_SITE_PROFILE","TBD_BY_CAPABILITY","TBD","TBD_SITE_AND_IMPLEMENTATION","TWO_PATHS_OR_EXPLICIT_RESIDUAL_RISK","UNASSIGNED","UNASSIGNED","NOT_ASSIGNED","TBD","PROVISIONAL_AUTO_REVIEW_REQUIRED","DENY","0.5-draft"
"PLAN-TD-PORTUGAL-IPMA","TD-PORTUGAL-IPMA","P0_RED","SECONDS_TO_72_HOURS","SL1","IMMEDIATE_OR_SAFETY_BOUNDARY","P0_RED","P0_RED","P0_RED","S0_OBSERVE_READ","N1|N2|N3_TO_N7","AUTHORITY_JURISDICTION_VERSION_COVERAGE_AND_CHECKED_DATE","TBD_PERSON_AND_SITE_PROFILE","TBD_BY_CAPABILITY","TBD","TBD_SITE_AND_IMPLEMENTATION","TWO_PATHS_OR_EXPLICIT_RESIDUAL_RISK","UNASSIGNED","UNASSIGNED","NOT_ASSIGNED","TBD","PROVISIONAL_AUTO_REVIEW_REQUIRED","DENY","0.5-draft"
"PLAN-TD-PORTUGAL-APA","TD-PORTUGAL-APA","P2_YELLOW","15_TO_90_DAYS","SL3","DEFERRED_WITHIN_STATED_HORIZON","P2_YELLOW","P2_YELLOW","P2_YELLOW","S0_OBSERVE_READ","N1|N2|N3_TO_N7","AUTHORITY_JURISDICTION_VERSION_COVERAGE_AND_CHECKED_DATE","TBD_PERSON_AND_SITE_PROFILE","TBD_BY_CAPABILITY","TBD","TBD_SITE_AND_IMPLEMENTATION","TBD_BY_SERVICE_LEVEL","UNASSIGNED","UNASSIGNED","NOT_ASSIGNED","TBD","PROVISIONAL_AUTO_REVIEW_REQUIRED","DENY","0.5-draft"
"PLAN-TD-PORTUGAL-ICNF","TD-PORTUGAL-ICNF","P2_YELLOW","15_TO_90_DAYS","SL3","DEFERRED_WITHIN_STATED_HORIZON","P2_YELLOW","P2_YELLOW","P2_YELLOW","S0_OBSERVE_READ","N1|N2|N3_TO_N7","AUTHORITY_JURISDICTION_VERSION_COVERAGE_AND_CHECKED_DATE","TBD_PERSON_AND_SITE_PROFILE","TBD_BY_CAPABILITY","TBD","TBD_SITE_AND_IMPLEMENTATION","TBD_BY_SERVICE_LEVEL","UNASSIGNED","UNASSIGNED","NOT_ASSIGNED","TBD","PROVISIONAL_AUTO_REVIEW_REQUIRED","DENY","0.5-draft"
"PLAN-TD-PORTUGAL-DGAV","TD-PORTUGAL-DGAV","P2_YELLOW","15_TO_90_DAYS","SL3","DEFERRED_WITHIN_STATED_HORIZON","P2_YELLOW","P2_YELLOW","P2_YELLOW","S0_OBSERVE_READ","N1|N2|N3_TO_N7","AUTHORITY_JURISDICTION_VERSION_COVERAGE_AND_CHECKED_DATE","TBD_PERSON_AND_SITE_PROFILE","TBD_BY_CAPABILITY","TBD","TBD_SITE_AND_IMPLEMENTATION","TBD_BY_SERVICE_LEVEL","UNASSIGNED","UNASSIGNED","NOT_ASSIGNED","TBD","PROVISIONAL_AUTO_REVIEW_REQUIRED","DENY","0.5-draft"
"PLAN-TD-PORTUGAL-INIAV","TD-PORTUGAL-INIAV","P2_YELLOW","15_TO_90_DAYS","SL3","DEFERRED_WITHIN_STATED_HORIZON","P2_YELLOW","P2_YELLOW","P2_YELLOW","S0_OBSERVE_READ","N1|N2|N3_TO_N7","AUTHORITY_JURISDICTION_VERSION_COVERAGE_AND_CHECKED_DATE","TBD_PERSON_AND_SITE_PROFILE","TBD_BY_CAPABILITY","TBD","TBD_SITE_AND_IMPLEMENTATION","TBD_BY_SERVICE_LEVEL","UNASSIGNED","UNASSIGNED","NOT_ASSIGNED","TBD","PROVISIONAL_AUTO_REVIEW_REQUIRED","DENY","0.5-draft"
"PLAN-TD-PORTUGAL-DGT","TD-PORTUGAL-DGT","P2_YELLOW","15_TO_90_DAYS","SL3","DEFERRED_WITHIN_STATED_HORIZON","P2_YELLOW","P2_YELLOW","P2_YELLOW","S0_OBSERVE_READ","N1|N2|N3_TO_N7","AUTHORITY_JURISDICTION_VERSION_COVERAGE_AND_CHECKED_DATE","TBD_PERSON_AND_SITE_PROFILE","TBD_BY_CAPABILITY","TBD","TBD_SITE_AND_IMPLEMENTATION","TBD_BY_SERVICE_LEVEL","UNASSIGNED","UNASSIGNED","NOT_ASSIGNED","TBD","PROVISIONAL_AUTO_REVIEW_REQUIRED","DENY","0.5-draft"
"PLAN-TD-PORTUGAL-ENERGY","TD-PORTUGAL-ENERGY","P2_YELLOW","15_TO_90_DAYS","SL3","DEFERRED_WITHIN_STATED_HORIZON","P2_YELLOW","P2_YELLOW","P2_YELLOW","S0_OBSERVE_READ","N1|N2|N3_TO_N7","AUTHORITY_JURISDICTION_VERSION_COVERAGE_AND_CHECKED_DATE","TBD_PERSON_AND_SITE_PROFILE","TBD_BY_CAPABILITY","TBD","TBD_SITE_AND_IMPLEMENTATION","TBD_BY_SERVICE_LEVEL","UNASSIGNED","UNASSIGNED","NOT_ASSIGNED","TBD","PROVISIONAL_AUTO_REVIEW_REQUIRED","DENY","0.5-draft"
"PLAN-TD-PORTUGAL-ANACOM","TD-PORTUGAL-ANACOM","P2_YELLOW","15_TO_90_DAYS","SL3","DEFERRED_WITHIN_STATED_HORIZON","P2_YELLOW","P2_YELLOW","P2_YELLOW","S0_OBSERVE_READ","N1|N2|N3_TO_N7","AUTHORITY_JURISDICTION_VERSION_COVERAGE_AND_CHECKED_DATE","TBD_PERSON_AND_SITE_PROFILE","TBD_BY_CAPABILITY","TBD","TBD_SITE_AND_IMPLEMENTATION","TBD_BY_SERVICE_LEVEL","UNASSIGNED","UNASSIGNED","NOT_ASSIGNED","TBD","PROVISIONAL_AUTO_REVIEW_REQUIRED","DENY","0.5-draft"
"PLAN-TD-PORTUGAL-IMT","TD-PORTUGAL-IMT","P2_YELLOW","15_TO_90_DAYS","SL3","DEFERRED_WITHIN_STATED_HORIZON","P2_YELLOW","P2_YELLOW","P2_YELLOW","S0_OBSERVE_READ","N1|N2|N3_TO_N7","AUTHORITY_JURISDICTION_VERSION_COVERAGE_AND_CHECKED_DATE","TBD_PERSON_AND_SITE_PROFILE","TBD_BY_CAPABILITY","TBD","TBD_SITE_AND_IMPLEMENTATION","TBD_BY_SERVICE_LEVEL","UNASSIGNED","UNASSIGNED","NOT_ASSIGNED","TBD","PROVISIONAL_AUTO_REVIEW_REQUIRED","DENY","0.5-draft"
"PLAN-TD-PORTUGAL-ASAE","TD-PORTUGAL-ASAE","P2_YELLOW","15_TO_90_DAYS","SL3","DEFERRED_WITHIN_STATED_HORIZON","P2_YELLOW","P2_YELLOW","P2_YELLOW","S0_OBSERVE_READ","N1|N2|N3_TO_N7","AUTHORITY_JURISDICTION_VERSION_COVERAGE_AND_CHECKED_DATE","TBD_PERSON_AND_SITE_PROFILE","TBD_BY_CAPABILITY","TBD","TBD_SITE_AND_IMPLEMENTATION","TBD_BY_SERVICE_LEVEL","UNASSIGNED","UNASSIGNED","NOT_ASSIGNED","TBD","PROVISIONAL_AUTO_REVIEW_REQUIRED","DENY","0.5-draft"
"PLAN-TD-PORTUGAL-LAW","TD-PORTUGAL-LAW","P2_YELLOW","15_TO_90_DAYS","SL3","DEFERRED_WITHIN_STATED_HORIZON","P2_YELLOW","P2_YELLOW","P2_YELLOW","S0_OBSERVE_READ","N1|N2|N3_TO_N7","AUTHORITY_JURISDICTION_VERSION_COVERAGE_AND_CHECKED_DATE","TBD_PERSON_AND_SITE_PROFILE","TBD_BY_CAPABILITY","TBD","TBD_SITE_AND_IMPLEMENTATION","TBD_BY_SERVICE_LEVEL","UNASSIGNED","UNASSIGNED","NOT_ASSIGNED","TBD","PROVISIONAL_AUTO_REVIEW_REQUIRED","DENY","0.5-draft"
"PLAN-TD-PORTUGAL-WASTE","TD-PORTUGAL-WASTE","P2_YELLOW","15_TO_90_DAYS","SL3","DEFERRED_WITHIN_STATED_HORIZON","P2_YELLOW","P2_YELLOW","P2_YELLOW","S0_OBSERVE_READ","N1|N2|N3_TO_N7","AUTHORITY_JURISDICTION_VERSION_COVERAGE_AND_CHECKED_DATE","TBD_PERSON_AND_SITE_PROFILE","TBD_BY_CAPABILITY","TBD","TBD_SITE_AND_IMPLEMENTATION","TBD_BY_SERVICE_LEVEL","UNASSIGNED","UNASSIGNED","NOT_ASSIGNED","TBD","PROVISIONAL_AUTO_REVIEW_REQUIRED","DENY","0.5-draft"
"PLAN-TD-PORTUGAL-PDM","TD-PORTUGAL-PDM","P2_YELLOW","15_TO_90_DAYS","SL3","DEFERRED_WITHIN_STATED_HORIZON","P2_YELLOW","P2_YELLOW","P2_YELLOW","S0_OBSERVE_READ","N1|N2|N3_TO_N7","AUTHORITY_JURISDICTION_VERSION_COVERAGE_AND_CHECKED_DATE","TBD_PERSON_AND_SITE_PROFILE","TBD_BY_CAPABILITY","TBD","TBD_SITE_AND_IMPLEMENTATION","TBD_BY_SERVICE_LEVEL","UNASSIGNED","UNASSIGNED","NOT_ASSIGNED","TBD","PROVISIONAL_AUTO_REVIEW_REQUIRED","DENY","0.5-draft"
"PLAN-TD-PORTUGAL-WATER-RIGHTS","TD-PORTUGAL-WATER-RIGHTS","P2_YELLOW","15_TO_90_DAYS","SL3","DEFERRED_WITHIN_STATED_HORIZON","P2_YELLOW","P2_YELLOW","P2_YELLOW","S3_LICENSED_PROFESSIONAL","N1|N2|N3_TO_N7","AUTHORITY_JURISDICTION_VERSION_COVERAGE_AND_CHECKED_DATE","TBD_PERSON_AND_SITE_PROFILE","TBD_BY_CAPABILITY","TBD","TBD_SITE_AND_IMPLEMENTATION","TBD_BY_SERVICE_LEVEL","UNASSIGNED","UNASSIGNED","NOT_ASSIGNED","TBD","PROVISIONAL_AUTO_REVIEW_REQUIRED","DENY","0.5-draft"
"PLAN-TD-PORTUGAL-RAIN-REUSE","TD-PORTUGAL-RAIN-REUSE","P2_YELLOW","15_TO_90_DAYS","SL3","DEFERRED_WITHIN_STATED_HORIZON","P2_YELLOW","P2_YELLOW","P2_YELLOW","S3_LICENSED_PROFESSIONAL","N1|N2|N3_TO_N7","AUTHORITY_JURISDICTION_VERSION_COVERAGE_AND_CHECKED_DATE","TBD_PERSON_AND_SITE_PROFILE","TBD_BY_CAPABILITY","TBD","TBD_SITE_AND_IMPLEMENTATION","TBD_BY_SERVICE_LEVEL","UNASSIGNED","UNASSIGNED","NOT_ASSIGNED","TBD","PROVISIONAL_AUTO_REVIEW_REQUIRED","DENY","0.5-draft"
"PLAN-TD-PORTUGAL-SEPTIC","TD-PORTUGAL-SEPTIC","P2_YELLOW","15_TO_90_DAYS","SL3","DEFERRED_WITHIN_STATED_HORIZON","P2_YELLOW","P2_YELLOW","P2_YELLOW","S3_LICENSED_PROFESSIONAL","N1|N2|N3_TO_N7","AUTHORITY_JURISDICTION_VERSION_COVERAGE_AND_CHECKED_DATE","TBD_PERSON_AND_SITE_PROFILE","TBD_BY_CAPABILITY","TBD","TBD_SITE_AND_IMPLEMENTATION","TBD_BY_SERVICE_LEVEL","UNASSIGNED","UNASSIGNED","NOT_ASSIGNED","TBD","PROVISIONAL_AUTO_REVIEW_REQUIRED","DENY","0.5-draft"
"PLAN-TD-PORTUGAL-BURN","TD-PORTUGAL-BURN","P2_YELLOW","15_TO_90_DAYS","SL3","DEFERRED_WITHIN_STATED_HORIZON","P2_YELLOW","P2_YELLOW","P2_YELLOW","S3_LICENSED_PROFESSIONAL","N1|N2|N3_TO_N7","AUTHORITY_JURISDICTION_VERSION_COVERAGE_AND_CHECKED_DATE","TBD_PERSON_AND_SITE_PROFILE","TBD_BY_CAPABILITY","TBD","TBD_SITE_AND_IMPLEMENTATION","TBD_BY_SERVICE_LEVEL","UNASSIGNED","UNASSIGNED","NOT_ASSIGNED","TBD","PROVISIONAL_AUTO_REVIEW_REQUIRED","DENY","0.5-draft"
"PLAN-TD-PORTUGAL-FORESTRY","TD-PORTUGAL-FORESTRY","P2_YELLOW","15_TO_90_DAYS","SL3","DEFERRED_WITHIN_STATED_HORIZON","P2_YELLOW","P2_YELLOW","P2_YELLOW","S3_LICENSED_PROFESSIONAL","N1|N2|N3_TO_N7","AUTHORITY_JURISDICTION_VERSION_COVERAGE_AND_CHECKED_DATE","TBD_PERSON_AND_SITE_PROFILE","TBD_BY_CAPABILITY","TBD","TBD_SITE_AND_IMPLEMENTATION","TBD_BY_SERVICE_LEVEL","UNASSIGNED","UNASSIGNED","NOT_ASSIGNED","TBD","PROVISIONAL_AUTO_REVIEW_REQUIRED","DENY","0.5-draft"
"PLAN-TD-PORTUGAL-SEEDS","TD-PORTUGAL-SEEDS","P2_YELLOW","15_TO_90_DAYS","SL3","DEFERRED_WITHIN_STATED_HORIZON","P2_YELLOW","P2_YELLOW","P2_YELLOW","S3_LICENSED_PROFESSIONAL","N1|N2|N3_TO_N7","AUTHORITY_JURISDICTION_VERSION_COVERAGE_AND_CHECKED_DATE","TBD_PERSON_AND_SITE_PROFILE","TBD_BY_CAPABILITY","TBD","TBD_SITE_AND_IMPLEMENTATION","TBD_BY_SERVICE_LEVEL","UNASSIGNED","UNASSIGNED","NOT_ASSIGNED","TBD","PROVISIONAL_AUTO_REVIEW_REQUIRED","DENY","0.5-draft"
"PLAN-TD-PORTUGAL-LIVESTOCK","TD-PORTUGAL-LIVESTOCK","P2_YELLOW","15_TO_90_DAYS","SL3","DEFERRED_WITHIN_STATED_HORIZON","P2_YELLOW","P2_YELLOW","P2_YELLOW","S3_LICENSED_PROFESSIONAL","N1|N2|N3_TO_N7","AUTHORITY_JURISDICTION_VERSION_COVERAGE_AND_CHECKED_DATE","TBD_PERSON_AND_SITE_PROFILE","TBD_BY_CAPABILITY","TBD","TBD_SITE_AND_IMPLEMENTATION","TBD_BY_SERVICE_LEVEL","UNASSIGNED","UNASSIGNED","NOT_ASSIGNED","TBD","PROVISIONAL_AUTO_REVIEW_REQUIRED","DENY","0.5-draft"
"PLAN-TD-PORTUGAL-FUEL","TD-PORTUGAL-FUEL","P2_YELLOW","15_TO_90_DAYS","SL3","DEFERRED_WITHIN_STATED_HORIZON","P2_YELLOW","P2_YELLOW","P2_YELLOW","S3_LICENSED_PROFESSIONAL","N1|N2|N3_TO_N7","AUTHORITY_JURISDICTION_VERSION_COVERAGE_AND_CHECKED_DATE","TBD_PERSON_AND_SITE_PROFILE","TBD_BY_CAPABILITY","TBD","TBD_SITE_AND_IMPLEMENTATION","TBD_BY_SERVICE_LEVEL","UNASSIGNED","UNASSIGNED","NOT_ASSIGNED","TBD","PROVISIONAL_AUTO_REVIEW_REQUIRED","DENY","0.5-draft"
"PLAN-TD-PORTUGAL-RADIO","TD-PORTUGAL-RADIO","P2_YELLOW","15_TO_90_DAYS","SL3","DEFERRED_WITHIN_STATED_HORIZON","P2_YELLOW","P2_YELLOW","P2_YELLOW","S3_LICENSED_PROFESSIONAL","N1|N2|N3_TO_N7","AUTHORITY_JURISDICTION_VERSION_COVERAGE_AND_CHECKED_DATE","TBD_PERSON_AND_SITE_PROFILE","TBD_BY_CAPABILITY","TBD","TBD_SITE_AND_IMPLEMENTATION","TBD_BY_SERVICE_LEVEL","UNASSIGNED","UNASSIGNED","NOT_ASSIGNED","TBD","PROVISIONAL_AUTO_REVIEW_REQUIRED","DENY","0.5-draft"
"PLAN-TD-PORTUGAL-BUILD","TD-PORTUGAL-BUILD","P2_YELLOW","15_TO_90_DAYS","SL3","DEFERRED_WITHIN_STATED_HORIZON","P2_YELLOW","P2_YELLOW","P2_YELLOW","S3_LICENSED_PROFESSIONAL","N1|N2|N3_TO_N7","AUTHORITY_JURISDICTION_VERSION_COVERAGE_AND_CHECKED_DATE","TBD_PERSON_AND_SITE_PROFILE","TBD_BY_CAPABILITY","TBD","TBD_SITE_AND_IMPLEMENTATION","TBD_BY_SERVICE_LEVEL","UNASSIGNED","UNASSIGNED","NOT_ASSIGNED","TBD","PROVISIONAL_AUTO_REVIEW_REQUIRED","DENY","0.5-draft"
"PLAN-TD-PORTUGAL-PROTECTED","TD-PORTUGAL-PROTECTED","P2_YELLOW","15_TO_90_DAYS","SL3","DEFERRED_WITHIN_STATED_HORIZON","P2_YELLOW","P2_YELLOW","P2_YELLOW","S3_LICENSED_PROFESSIONAL","N1|N2|N3_TO_N7","AUTHORITY_JURISDICTION_VERSION_COVERAGE_AND_CHECKED_DATE","TBD_PERSON_AND_SITE_PROFILE","TBD_BY_CAPABILITY","TBD","TBD_SITE_AND_IMPLEMENTATION","TBD_BY_SERVICE_LEVEL","UNASSIGNED","UNASSIGNED","NOT_ASSIGNED","TBD","PROVISIONAL_AUTO_REVIEW_REQUIRED","DENY","0.5-draft"
"PLAN-TD-PORTUGAL-HAZARDS","TD-PORTUGAL-HAZARDS","P0_RED","SECONDS_TO_72_HOURS","SL1","IMMEDIATE_OR_SAFETY_BOUNDARY","P0_RED","P0_RED","P0_RED","S2_TRAINED_SUPERVISED","N1|N2|N3_TO_N7","AUTHORITY_JURISDICTION_VERSION_COVERAGE_AND_CHECKED_DATE","TBD_PERSON_AND_SITE_PROFILE","TBD_BY_CAPABILITY","TBD","TBD_SITE_AND_IMPLEMENTATION","TWO_PATHS_OR_EXPLICIT_RESIDUAL_RISK","UNASSIGNED","UNASSIGNED","NOT_ASSIGNED","TBD","PROVISIONAL_AUTO_REVIEW_REQUIRED","DENY","0.5-draft"
"PLAN-TD-PORTUGAL-MUNICIPIO","TD-PORTUGAL-MUNICIPIO","P0_RED","SECONDS_TO_72_HOURS","SL1","IMMEDIATE_OR_SAFETY_BOUNDARY","P0_RED","P0_RED","P0_RED","S1_LOW_RISK_HOUSEHOLD","N1|N2|N3_TO_N7","AUTHORITY_JURISDICTION_VERSION_COVERAGE_AND_CHECKED_DATE","TBD_PERSON_AND_SITE_PROFILE","TBD_BY_CAPABILITY","TBD","TBD_SITE_AND_IMPLEMENTATION","TWO_PATHS_OR_EXPLICIT_RESIDUAL_RISK","UNASSIGNED","UNASSIGNED","NOT_ASSIGNED","TBD","PROVISIONAL_AUTO_REVIEW_REQUIRED","DENY","0.5-draft"
"PLAN-TD-PORTUGAL-OFFLINE","TD-PORTUGAL-OFFLINE","P2_YELLOW","15_TO_90_DAYS","SL3","DEFERRED_WITHIN_STATED_HORIZON","P2_YELLOW","P2_YELLOW","P2_YELLOW","S1_LOW_RISK_HOUSEHOLD","N1|N2|N3_TO_N7","AUTHORITY_JURISDICTION_VERSION_COVERAGE_AND_CHECKED_DATE","TBD_PERSON_AND_SITE_PROFILE","TBD_BY_CAPABILITY","TBD","TBD_SITE_AND_IMPLEMENTATION","TBD_BY_SERVICE_LEVEL","UNASSIGNED","UNASSIGNED","NOT_ASSIGNED","TBD","PROVISIONAL_AUTO_REVIEW_REQUIRED","DENY","0.5-draft"
"PLAN-TD-PORTUGAL","TD-PORTUGAL","P2_YELLOW","15_TO_90_DAYS","SL3","DEFERRED_WITHIN_STATED_HORIZON","P2_YELLOW","P2_YELLOW","P2_YELLOW","S1_LOW_RISK_HOUSEHOLD","N1|N2|N3_TO_N7","AUTHORITY_JURISDICTION_VERSION_COVERAGE_AND_CHECKED_DATE","TBD_PERSON_AND_SITE_PROFILE","TBD_BY_CAPABILITY","TBD","TBD_SITE_AND_IMPLEMENTATION","TBD_BY_SERVICE_LEVEL","UNASSIGNED","UNASSIGNED","NOT_ASSIGNED","TBD","PROVISIONAL_AUTO_REVIEW_REQUIRED","DENY","0.5-draft"
"PLAN-TD-HEALTH-LONE-PERSON","TD-HEALTH-LONE-PERSON","P0_RED","SECONDS_TO_72_HOURS","SL1","IMMEDIATE_OR_SAFETY_BOUNDARY","P0_RED","P0_RED","P0_RED","S2_TRAINED_SUPERVISED","N1|N2|N3_TO_N7","PERSON_SPECIFIC_RESPONSE_TIME_AND_CARE_HOURS","TBD_PERSON_AND_SITE_PROFILE","TBD_BY_CAPABILITY","TBD","TBD_SITE_AND_IMPLEMENTATION","TWO_PATHS_OR_EXPLICIT_RESIDUAL_RISK","UNASSIGNED","UNASSIGNED","NOT_ASSIGNED","TBD","PROVISIONAL_AUTO_REVIEW_REQUIRED","DENY","0.5-draft"
"PLAN-TD-HEALTH-GEO-LANGUAGE","TD-HEALTH-GEO-LANGUAGE","P0_RED","SECONDS_TO_72_HOURS","SL1","IMMEDIATE_OR_SAFETY_BOUNDARY","P0_RED","P0_RED","P0_RED","S1_LOW_RISK_HOUSEHOLD","N1|N2|N3_TO_N7","PERSON_SPECIFIC_RESPONSE_TIME_AND_CARE_HOURS","TBD_PERSON_AND_SITE_PROFILE","TBD_BY_CAPABILITY","TBD","TBD_SITE_AND_IMPLEMENTATION","TWO_PATHS_OR_EXPLICIT_RESIDUAL_RISK","UNASSIGNED","UNASSIGNED","NOT_ASSIGNED","TBD","PROVISIONAL_AUTO_REVIEW_REQUIRED","DENY","0.5-draft"
"PLAN-TD-HEALTH-BLS-ADULT","TD-HEALTH-BLS-ADULT","P0_RED","SECONDS_TO_72_HOURS","SL0","IMMEDIATE_OR_SAFETY_BOUNDARY","P0_RED","P0_RED","P0_RED","S2_TRAINED_SUPERVISED","N1|N2|N3_TO_N7","PERSON_SPECIFIC_RESPONSE_TIME_AND_CARE_HOURS","TBD_PERSON_AND_SITE_PROFILE","TBD_BY_CAPABILITY","TBD","TBD_SITE_AND_IMPLEMENTATION","TWO_PATHS_OR_EXPLICIT_RESIDUAL_RISK","UNASSIGNED","UNASSIGNED","NOT_ASSIGNED","TBD","PROVISIONAL_AUTO_REVIEW_REQUIRED","DENY","0.5-draft"
"PLAN-TD-HEALTH-BLS-CHILD","TD-HEALTH-BLS-CHILD","P0_RED","SECONDS_TO_72_HOURS","SL0","IMMEDIATE_OR_SAFETY_BOUNDARY","P0_RED","P0_RED","P0_RED","S2_TRAINED_SUPERVISED","N1|N2|N3_TO_N7","PERSON_SPECIFIC_RESPONSE_TIME_AND_CARE_HOURS","TBD_PERSON_AND_SITE_PROFILE","TBD_BY_CAPABILITY","TBD","TBD_SITE_AND_IMPLEMENTATION","TWO_PATHS_OR_EXPLICIT_RESIDUAL_RISK","UNASSIGNED","UNASSIGNED","NOT_ASSIGNED","TBD","PROVISIONAL_AUTO_REVIEW_REQUIRED","DENY","0.5-draft"
"PLAN-TD-HEALTH-BLS-INFANT","TD-HEALTH-BLS-INFANT","P0_RED","SECONDS_TO_72_HOURS","SL0","IMMEDIATE_OR_SAFETY_BOUNDARY","P0_RED","P0_RED","P0_RED","S2_TRAINED_SUPERVISED","N1|N2|N3_TO_N7","PERSON_SPECIFIC_RESPONSE_TIME_AND_CARE_HOURS","TBD_PERSON_AND_SITE_PROFILE","TBD_BY_CAPABILITY","TBD","TBD_SITE_AND_IMPLEMENTATION","TWO_PATHS_OR_EXPLICIT_RESIDUAL_RISK","UNASSIGNED","UNASSIGNED","NOT_ASSIGNED","TBD","PROVISIONAL_AUTO_REVIEW_REQUIRED","DENY","0.5-draft"
"PLAN-TD-HEALTH-BLS-PREGNANCY","TD-HEALTH-BLS-PREGNANCY","P0_RED","SECONDS_TO_72_HOURS","SL0","IMMEDIATE_OR_SAFETY_BOUNDARY","P0_RED","P0_RED","P0_RED","S2_TRAINED_SUPERVISED","N1|N2|N3_TO_N7","PERSON_SPECIFIC_RESPONSE_TIME_AND_CARE_HOURS","TBD_PERSON_AND_SITE_PROFILE","TBD_BY_CAPABILITY","TBD","TBD_SITE_AND_IMPLEMENTATION","TWO_PATHS_OR_EXPLICIT_RESIDUAL_RISK","UNASSIGNED","UNASSIGNED","NOT_ASSIGNED","TBD","PROVISIONAL_AUTO_REVIEW_REQUIRED","DENY","0.5-draft"
"PLAN-TD-HEALTH-BLS-DROWNING","TD-HEALTH-BLS-DROWNING","P0_RED","SECONDS_TO_72_HOURS","SL0","IMMEDIATE_OR_SAFETY_BOUNDARY","P0_RED","P0_RED","P0_RED","S2_TRAINED_SUPERVISED","N1|N2|N3_TO_N7","PERSON_SPECIFIC_RESPONSE_TIME_AND_CARE_HOURS","TBD_PERSON_AND_SITE_PROFILE","TBD_BY_CAPABILITY","TBD","TBD_SITE_AND_IMPLEMENTATION","TWO_PATHS_OR_EXPLICIT_RESIDUAL_RISK","UNASSIGNED","UNASSIGNED","NOT_ASSIGNED","TBD","PROVISIONAL_AUTO_REVIEW_REQUIRED","DENY","0.5-draft"
"PLAN-TD-HEALTH-AMPUTATION-IMPALED","TD-HEALTH-AMPUTATION-IMPALED","P0_RED","SECONDS_TO_72_HOURS","SL1","IMMEDIATE_OR_SAFETY_BOUNDARY","P0_RED","P0_RED","P0_RED","S2_TRAINED_SUPERVISED","N1|N2|N3_TO_N7","PERSON_SPECIFIC_RESPONSE_TIME_AND_CARE_HOURS","TBD_PERSON_AND_SITE_PROFILE","TBD_BY_CAPABILITY","TBD","TBD_SITE_AND_IMPLEMENTATION","TWO_PATHS_OR_EXPLICIT_RESIDUAL_RISK","UNASSIGNED","UNASSIGNED","NOT_ASSIGNED","TBD","PROVISIONAL_AUTO_REVIEW_REQUIRED","DENY","0.5-draft"
"PLAN-TD-HEALTH-TRAUMA-CHEST","TD-HEALTH-TRAUMA-CHEST","P0_RED","SECONDS_TO_72_HOURS","SL1","IMMEDIATE_OR_SAFETY_BOUNDARY","P0_RED","P0_RED","P0_RED","S3_LICENSED_PROFESSIONAL","N1|N2|N3_TO_N7","PERSON_SPECIFIC_RESPONSE_TIME_AND_CARE_HOURS","TBD_PERSON_AND_SITE_PROFILE","TBD_BY_CAPABILITY","TBD","TBD_SITE_AND_IMPLEMENTATION","TWO_PATHS_OR_EXPLICIT_RESIDUAL_RISK","UNASSIGNED","UNASSIGNED","NOT_ASSIGNED","TBD","PROVISIONAL_AUTO_REVIEW_REQUIRED","DENY","0.5-draft"
"PLAN-TD-HEALTH-TRAUMA-ABDOMEN","TD-HEALTH-TRAUMA-ABDOMEN","P0_RED","SECONDS_TO_72_HOURS","SL1","IMMEDIATE_OR_SAFETY_BOUNDARY","P0_RED","P0_RED","P0_RED","S3_LICENSED_PROFESSIONAL","N1|N2|N3_TO_N7","PERSON_SPECIFIC_RESPONSE_TIME_AND_CARE_HOURS","TBD_PERSON_AND_SITE_PROFILE","TBD_BY_CAPABILITY","TBD","TBD_SITE_AND_IMPLEMENTATION","TWO_PATHS_OR_EXPLICIT_RESIDUAL_RISK","UNASSIGNED","UNASSIGNED","NOT_ASSIGNED","TBD","PROVISIONAL_AUTO_REVIEW_REQUIRED","DENY","0.5-draft"
"PLAN-TD-HEALTH-TRAUMA-CRUSH-BLAST","TD-HEALTH-TRAUMA-CRUSH-BLAST","P0_RED","SECONDS_TO_72_HOURS","SL1","IMMEDIATE_OR_SAFETY_BOUNDARY","P0_RED","P0_RED","P0_RED","S3_LICENSED_PROFESSIONAL","N1|N2|N3_TO_N7","PERSON_SPECIFIC_RESPONSE_TIME_AND_CARE_HOURS","TBD_PERSON_AND_SITE_PROFILE","TBD_BY_CAPABILITY","TBD","TBD_SITE_AND_IMPLEMENTATION","TWO_PATHS_OR_EXPLICIT_RESIDUAL_RISK","UNASSIGNED","UNASSIGNED","NOT_ASSIGNED","TBD","PROVISIONAL_AUTO_REVIEW_REQUIRED","DENY","0.5-draft"
"PLAN-TD-HEALTH-MOVE-HANDOVER","TD-HEALTH-MOVE-HANDOVER","P0_RED","SECONDS_TO_72_HOURS","SL1","IMMEDIATE_OR_SAFETY_BOUNDARY","P0_RED","P0_RED","P0_RED","S2_TRAINED_SUPERVISED","N1|N2|N3_TO_N7","PERSON_SPECIFIC_RESPONSE_TIME_AND_CARE_HOURS","TBD_PERSON_AND_SITE_PROFILE","TBD_BY_CAPABILITY","TBD","TBD_SITE_AND_IMPLEMENTATION","TWO_PATHS_OR_EXPLICIT_RESIDUAL_RISK","UNASSIGNED","UNASSIGNED","NOT_ASSIGNED","TBD","PROVISIONAL_AUTO_REVIEW_REQUIRED","DENY","0.5-draft"
"PLAN-TD-HEALTH-BURN-THERMAL","TD-HEALTH-BURN-THERMAL","P0_RED","SECONDS_TO_72_HOURS","SL1","IMMEDIATE_OR_SAFETY_BOUNDARY","P0_RED","P0_RED","P0_RED","S2_TRAINED_SUPERVISED","N1|N2|N3_TO_N7","PERSON_SPECIFIC_RESPONSE_TIME_AND_CARE_HOURS","TBD_PERSON_AND_SITE_PROFILE","TBD_BY_CAPABILITY","TBD","TBD_SITE_AND_IMPLEMENTATION","TWO_PATHS_OR_EXPLICIT_RESIDUAL_RISK","UNASSIGNED","UNASSIGNED","NOT_ASSIGNED","TBD","PROVISIONAL_AUTO_REVIEW_REQUIRED","DENY","0.5-draft"
"PLAN-TD-HEALTH-BURN-CHEMICAL","TD-HEALTH-BURN-CHEMICAL","P0_RED","SECONDS_TO_72_HOURS","SL1","IMMEDIATE_OR_SAFETY_BOUNDARY","P0_RED","P0_RED","P0_RED","S3_LICENSED_PROFESSIONAL","N1|N2|N3_TO_N7","PERSON_SPECIFIC_RESPONSE_TIME_AND_CARE_HOURS","TBD_PERSON_AND_SITE_PROFILE","TBD_BY_CAPABILITY","TBD","TBD_SITE_AND_IMPLEMENTATION","TWO_PATHS_OR_EXPLICIT_RESIDUAL_RISK","UNASSIGNED","UNASSIGNED","NOT_ASSIGNED","TBD","PROVISIONAL_AUTO_REVIEW_REQUIRED","DENY","0.5-draft"
"PLAN-TD-HEALTH-BURN-ELECTRICAL","TD-HEALTH-BURN-ELECTRICAL","P0_RED","SECONDS_TO_72_HOURS","SL1","IMMEDIATE_OR_SAFETY_BOUNDARY","P0_RED","P0_RED","P0_RED","S3_LICENSED_PROFESSIONAL","N1|N2|N3_TO_N7","PERSON_SPECIFIC_RESPONSE_TIME_AND_CARE_HOURS","TBD_PERSON_AND_SITE_PROFILE","TBD_BY_CAPABILITY","TBD","TBD_SITE_AND_IMPLEMENTATION","TWO_PATHS_OR_EXPLICIT_RESIDUAL_RISK","UNASSIGNED","UNASSIGNED","NOT_ASSIGNED","TBD","PROVISIONAL_AUTO_REVIEW_REQUIRED","DENY","0.5-draft"
"PLAN-TD-HEALTH-EYE-CHEMICAL","TD-HEALTH-EYE-CHEMICAL","P0_RED","SECONDS_TO_72_HOURS","SL1","IMMEDIATE_OR_SAFETY_BOUNDARY","P0_RED","P0_RED","P0_RED","S3_LICENSED_PROFESSIONAL","N1|N2|N3_TO_N7","PERSON_SPECIFIC_RESPONSE_TIME_AND_CARE_HOURS","TBD_PERSON_AND_SITE_PROFILE","TBD_BY_CAPABILITY","TBD","TBD_SITE_AND_IMPLEMENTATION","TWO_PATHS_OR_EXPLICIT_RESIDUAL_RISK","UNASSIGNED","UNASSIGNED","NOT_ASSIGNED","TBD","PROVISIONAL_AUTO_REVIEW_REQUIRED","DENY","0.5-draft"
"PLAN-TD-HEALTH-SMOKE-CO","TD-HEALTH-SMOKE-CO","P0_RED","SECONDS_TO_72_HOURS","SL1","IMMEDIATE_OR_SAFETY_BOUNDARY","P0_RED","P0_RED","P0_RED","S2_TRAINED_SUPERVISED","N1|N2|N3_TO_N7","PERSON_SPECIFIC_RESPONSE_TIME_AND_CARE_HOURS","TBD_PERSON_AND_SITE_PROFILE","TBD_BY_CAPABILITY","TBD","TBD_SITE_AND_IMPLEMENTATION","TWO_PATHS_OR_EXPLICIT_RESIDUAL_RISK","UNASSIGNED","UNASSIGNED","NOT_ASSIGNED","TBD","PROVISIONAL_AUTO_REVIEW_REQUIRED","DENY","0.5-draft"
"PLAN-TD-HEALTH-FROSTBITE","TD-HEALTH-FROSTBITE","P0_RED","SECONDS_TO_72_HOURS","SL1","IMMEDIATE_OR_SAFETY_BOUNDARY","P0_RED","P0_RED","P0_RED","S2_TRAINED_SUPERVISED","N1|N2|N3_TO_N7","PERSON_SPECIFIC_RESPONSE_TIME_AND_CARE_HOURS","TBD_PERSON_AND_SITE_PROFILE","TBD_BY_CAPABILITY","TBD","TBD_SITE_AND_IMPLEMENTATION","TWO_PATHS_OR_EXPLICIT_RESIDUAL_RISK","UNASSIGNED","UNASSIGNED","NOT_ASSIGNED","TBD","PROVISIONAL_AUTO_REVIEW_REQUIRED","DENY","0.5-draft"
"PLAN-TD-HEALTH-SYNCOPE","TD-HEALTH-SYNCOPE","P0_RED","SECONDS_TO_72_HOURS","SL1","IMMEDIATE_OR_SAFETY_BOUNDARY","P0_RED","P0_RED","P0_RED","S2_TRAINED_SUPERVISED","N1|N2|N3_TO_N7","PERSON_SPECIFIC_RESPONSE_TIME_AND_CARE_HOURS","TBD_PERSON_AND_SITE_PROFILE","TBD_BY_CAPABILITY","TBD","TBD_SITE_AND_IMPLEMENTATION","TWO_PATHS_OR_EXPLICIT_RESIDUAL_RISK","UNASSIGNED","UNASSIGNED","NOT_ASSIGNED","TBD","PROVISIONAL_AUTO_REVIEW_REQUIRED","DENY","0.5-draft"
"PLAN-TD-HEALTH-ACUTE-ABDOMEN","TD-HEALTH-ACUTE-ABDOMEN","P0_RED","SECONDS_TO_72_HOURS","SL1","IMMEDIATE_OR_SAFETY_BOUNDARY","P0_RED","P0_RED","P0_RED","S3_LICENSED_PROFESSIONAL","N1|N2|N3_TO_N7","PERSON_SPECIFIC_RESPONSE_TIME_AND_CARE_HOURS","TBD_PERSON_AND_SITE_PROFILE","TBD_BY_CAPABILITY","TBD","TBD_SITE_AND_IMPLEMENTATION","TWO_PATHS_OR_EXPLICIT_RESIDUAL_RISK","UNASSIGNED","UNASSIGNED","NOT_ASSIGNED","TBD","PROVISIONAL_AUTO_REVIEW_REQUIRED","DENY","0.5-draft"
"PLAN-TD-HEALTH-HEADACHE","TD-HEALTH-HEADACHE","P0_RED","SECONDS_TO_72_HOURS","SL1","IMMEDIATE_OR_SAFETY_BOUNDARY","P0_RED","P0_RED","P0_RED","S3_LICENSED_PROFESSIONAL","N1|N2|N3_TO_N7","PERSON_SPECIFIC_RESPONSE_TIME_AND_CARE_HOURS","TBD_PERSON_AND_SITE_PROFILE","TBD_BY_CAPABILITY","TBD","TBD_SITE_AND_IMPLEMENTATION","TWO_PATHS_OR_EXPLICIT_RESIDUAL_RISK","UNASSIGNED","UNASSIGNED","NOT_ASSIGNED","TBD","PROVISIONAL_AUTO_REVIEW_REQUIRED","DENY","0.5-draft"
"PLAN-TD-HEALTH-URINARY","TD-HEALTH-URINARY","P0_RED","SECONDS_TO_72_HOURS","SL1","IMMEDIATE_OR_SAFETY_BOUNDARY","P0_RED","P0_RED","P0_RED","S3_LICENSED_PROFESSIONAL","N1|N2|N3_TO_N7","PERSON_SPECIFIC_RESPONSE_TIME_AND_CARE_HOURS","TBD_PERSON_AND_SITE_PROFILE","TBD_BY_CAPABILITY","TBD","TBD_SITE_AND_IMPLEMENTATION","TWO_PATHS_OR_EXPLICIT_RESIDUAL_RISK","UNASSIGNED","UNASSIGNED","NOT_ASSIGNED","TBD","PROVISIONAL_AUTO_REVIEW_REQUIRED","DENY","0.5-draft"
"PLAN-TD-HEALTH-FEVER","TD-HEALTH-FEVER","P0_RED","SECONDS_TO_72_HOURS","SL1","IMMEDIATE_OR_SAFETY_BOUNDARY","P0_RED","P0_RED","P0_RED","S2_TRAINED_SUPERVISED","N1|N2|N3_TO_N7","PERSON_SPECIFIC_RESPONSE_TIME_AND_CARE_HOURS","TBD_PERSON_AND_SITE_PROFILE","TBD_BY_CAPABILITY","TBD","TBD_SITE_AND_IMPLEMENTATION","TWO_PATHS_OR_EXPLICIT_RESIDUAL_RISK","UNASSIGNED","UNASSIGNED","NOT_ASSIGNED","TBD","PROVISIONAL_AUTO_REVIEW_REQUIRED","DENY","0.5-draft"
"PLAN-TD-HEALTH-BITES-STINGS","TD-HEALTH-BITES-STINGS","P0_RED","SECONDS_TO_72_HOURS","SL1","IMMEDIATE_OR_SAFETY_BOUNDARY","P0_RED","P0_RED","P0_RED","S2_TRAINED_SUPERVISED","N1|N2|N3_TO_N7","PERSON_SPECIFIC_RESPONSE_TIME_AND_CARE_HOURS","TBD_PERSON_AND_SITE_PROFILE","TBD_BY_CAPABILITY","TBD","TBD_SITE_AND_IMPLEMENTATION","TWO_PATHS_OR_EXPLICIT_RESIDUAL_RISK","UNASSIGNED","UNASSIGNED","NOT_ASSIGNED","TBD","PROVISIONAL_AUTO_REVIEW_REQUIRED","DENY","0.5-draft"
"PLAN-TD-HEALTH-SNAKE-MARINE","TD-HEALTH-SNAKE-MARINE","P0_RED","SECONDS_TO_72_HOURS","SL1","IMMEDIATE_OR_SAFETY_BOUNDARY","P0_RED","P0_RED","P0_RED","S3_LICENSED_PROFESSIONAL","N1|N2|N3_TO_N7","PERSON_SPECIFIC_RESPONSE_TIME_AND_CARE_HOURS","TBD_PERSON_AND_SITE_PROFILE","TBD_BY_CAPABILITY","TBD","TBD_SITE_AND_IMPLEMENTATION","TWO_PATHS_OR_EXPLICIT_RESIDUAL_RISK","UNASSIGNED","UNASSIGNED","NOT_ASSIGNED","TBD","PROVISIONAL_AUTO_REVIEW_REQUIRED","DENY","0.5-draft"
"PLAN-TD-HEALTH-RABIES-TETANUS","TD-HEALTH-RABIES-TETANUS","P0_RED","SECONDS_TO_72_HOURS","SL1","IMMEDIATE_OR_SAFETY_BOUNDARY","P0_RED","P0_RED","P0_RED","S3_LICENSED_PROFESSIONAL","N1|N2|N3_TO_N7","PERSON_SPECIFIC_RESPONSE_TIME_AND_CARE_HOURS","TBD_PERSON_AND_SITE_PROFILE","TBD_BY_CAPABILITY","TBD","TBD_SITE_AND_IMPLEMENTATION","TWO_PATHS_OR_EXPLICIT_RESIDUAL_RISK","UNASSIGNED","UNASSIGNED","NOT_ASSIGNED","TBD","PROVISIONAL_AUTO_REVIEW_REQUIRED","DENY","0.5-draft"
"PLAN-TD-HEALTH-OB-BLEED","TD-HEALTH-OB-BLEED","P0_RED","SECONDS_TO_72_HOURS","SL1","IMMEDIATE_OR_SAFETY_BOUNDARY","P0_RED","P0_RED","P0_RED","S3_LICENSED_PROFESSIONAL","N1|N2|N3_TO_N7","PERSON_SPECIFIC_RESPONSE_TIME_AND_CARE_HOURS","TBD_PERSON_AND_SITE_PROFILE","TBD_BY_CAPABILITY","TBD","TBD_SITE_AND_IMPLEMENTATION","TWO_PATHS_OR_EXPLICIT_RESIDUAL_RISK","UNASSIGNED","UNASSIGNED","NOT_ASSIGNED","TBD","PROVISIONAL_AUTO_REVIEW_REQUIRED","DENY","0.5-draft"
"PLAN-TD-HEALTH-OB-ECTOPIC","TD-HEALTH-OB-ECTOPIC","P0_RED","SECONDS_TO_72_HOURS","SL1","IMMEDIATE_OR_SAFETY_BOUNDARY","P0_RED","P0_RED","P0_RED","S3_LICENSED_PROFESSIONAL","N1|N2|N3_TO_N7","PERSON_SPECIFIC_RESPONSE_TIME_AND_CARE_HOURS","TBD_PERSON_AND_SITE_PROFILE","TBD_BY_CAPABILITY","TBD","TBD_SITE_AND_IMPLEMENTATION","TWO_PATHS_OR_EXPLICIT_RESIDUAL_RISK","UNASSIGNED","UNASSIGNED","NOT_ASSIGNED","TBD","PROVISIONAL_AUTO_REVIEW_REQUIRED","DENY","0.5-draft"
"PLAN-TD-HEALTH-OB-PREECLAMPSIA","TD-HEALTH-OB-PREECLAMPSIA","P0_RED","SECONDS_TO_72_HOURS","SL1","IMMEDIATE_OR_SAFETY_BOUNDARY","P0_RED","P0_RED","P0_RED","S3_LICENSED_PROFESSIONAL","N1|N2|N3_TO_N7","PERSON_SPECIFIC_RESPONSE_TIME_AND_CARE_HOURS","TBD_PERSON_AND_SITE_PROFILE","TBD_BY_CAPABILITY","TBD","TBD_SITE_AND_IMPLEMENTATION","TWO_PATHS_OR_EXPLICIT_RESIDUAL_RISK","UNASSIGNED","UNASSIGNED","NOT_ASSIGNED","TBD","PROVISIONAL_AUTO_REVIEW_REQUIRED","DENY","0.5-draft"
"PLAN-TD-HEALTH-OB-BIRTH","TD-HEALTH-OB-BIRTH","P0_RED","SECONDS_TO_72_HOURS","SL1","IMMEDIATE_OR_SAFETY_BOUNDARY","P0_RED","P0_RED","P0_RED","S4_REFERENCE_ONLY_PROHIBITED_HOUSEHOLD","N1|N2|N3_TO_N7","PERSON_SPECIFIC_RESPONSE_TIME_AND_CARE_HOURS","TBD_PERSON_AND_SITE_PROFILE","TBD_BY_CAPABILITY","TBD","TBD_SITE_AND_IMPLEMENTATION","TWO_PATHS_OR_EXPLICIT_RESIDUAL_RISK","UNASSIGNED","UNASSIGNED","NOT_ASSIGNED","TBD","PROVISIONAL_AUTO_REVIEW_REQUIRED","DENY","0.5-draft"
"PLAN-TD-HEALTH-OB-POSTPARTUM-BLEED","TD-HEALTH-OB-POSTPARTUM-BLEED","P1_ORANGE","3_TO_14_DAYS","SL2","DEFERRED_WITHIN_STATED_HORIZON","P1_ORANGE","P1_ORANGE","P1_ORANGE","S3_LICENSED_PROFESSIONAL","N1|N2|N3_TO_N7","PERSON_SPECIFIC_RESPONSE_TIME_AND_CARE_HOURS","TBD_PERSON_AND_SITE_PROFILE","TBD_BY_CAPABILITY","TBD","TBD_SITE_AND_IMPLEMENTATION","TWO_PATHS_OR_EXPLICIT_RESIDUAL_RISK","UNASSIGNED","UNASSIGNED","NOT_ASSIGNED","TBD","PROVISIONAL_AUTO_REVIEW_REQUIRED","DENY","0.5-draft"
"PLAN-TD-HEALTH-NEWBORN","TD-HEALTH-NEWBORN","P0_RED","SECONDS_TO_72_HOURS","SL1","IMMEDIATE_OR_SAFETY_BOUNDARY","P0_RED","P0_RED","P0_RED","S3_LICENSED_PROFESSIONAL","N1|N2|N3_TO_N7","PERSON_SPECIFIC_RESPONSE_TIME_AND_CARE_HOURS","TBD_PERSON_AND_SITE_PROFILE","TBD_BY_CAPABILITY","TBD","TBD_SITE_AND_IMPLEMENTATION","TWO_PATHS_OR_EXPLICIT_RESIDUAL_RISK","UNASSIGNED","UNASSIGNED","NOT_ASSIGNED","TBD","PROVISIONAL_AUTO_REVIEW_REQUIRED","DENY","0.5-draft"
"PLAN-TD-HEALTH-SEXUAL-VIOLENCE","TD-HEALTH-SEXUAL-VIOLENCE","P0_RED","SECONDS_TO_72_HOURS","SL1","IMMEDIATE_OR_SAFETY_BOUNDARY","P0_RED","P0_RED","P0_RED","S3_LICENSED_PROFESSIONAL","N1|N2|N3_TO_N7","PERSON_SPECIFIC_RESPONSE_TIME_AND_CARE_HOURS","TBD_PERSON_AND_SITE_PROFILE","TBD_BY_CAPABILITY","TBD","TBD_SITE_AND_IMPLEMENTATION","TWO_PATHS_OR_EXPLICIT_RESIDUAL_RISK","UNASSIGNED","UNASSIGNED","NOT_ASSIGNED","TBD","PROVISIONAL_AUTO_REVIEW_REQUIRED","DENY","0.5-draft"
"PLAN-TD-HEALTH-MH-SUICIDE","TD-HEALTH-MH-SUICIDE","P0_RED","SECONDS_TO_72_HOURS","SL1","IMMEDIATE_OR_SAFETY_BOUNDARY","P0_RED","P0_RED","P0_RED","S3_LICENSED_PROFESSIONAL","N1|N2|N3_TO_N7","PERSON_SPECIFIC_RESPONSE_TIME_AND_CARE_HOURS","TBD_PERSON_AND_SITE_PROFILE","TBD_BY_CAPABILITY","TBD","TBD_SITE_AND_IMPLEMENTATION","TWO_PATHS_OR_EXPLICIT_RESIDUAL_RISK","UNASSIGNED","UNASSIGNED","NOT_ASSIGNED","TBD","PROVISIONAL_AUTO_REVIEW_REQUIRED","DENY","0.5-draft"
"PLAN-TD-HEALTH-MH-PSYCHOSIS","TD-HEALTH-MH-PSYCHOSIS","P0_RED","SECONDS_TO_72_HOURS","SL1","IMMEDIATE_OR_SAFETY_BOUNDARY","P0_RED","P0_RED","P0_RED","S3_LICENSED_PROFESSIONAL","N1|N2|N3_TO_N7","PERSON_SPECIFIC_RESPONSE_TIME_AND_CARE_HOURS","TBD_PERSON_AND_SITE_PROFILE","TBD_BY_CAPABILITY","TBD","TBD_SITE_AND_IMPLEMENTATION","TWO_PATHS_OR_EXPLICIT_RESIDUAL_RISK","UNASSIGNED","UNASSIGNED","NOT_ASSIGNED","TBD","PROVISIONAL_AUTO_REVIEW_REQUIRED","DENY","0.5-draft"
"PLAN-TD-HEALTH-MH-AGITATION","TD-HEALTH-MH-AGITATION","P0_RED","SECONDS_TO_72_HOURS","SL1","IMMEDIATE_OR_SAFETY_BOUNDARY","P0_RED","P0_RED","P0_RED","S3_LICENSED_PROFESSIONAL","N1|N2|N3_TO_N7","PERSON_SPECIFIC_RESPONSE_TIME_AND_CARE_HOURS","TBD_PERSON_AND_SITE_PROFILE","TBD_BY_CAPABILITY","TBD","TBD_SITE_AND_IMPLEMENTATION","TWO_PATHS_OR_EXPLICIT_RESIDUAL_RISK","UNASSIGNED","UNASSIGNED","NOT_ASSIGNED","TBD","PROVISIONAL_AUTO_REVIEW_REQUIRED","DENY","0.5-draft"
"PLAN-TD-HEALTH-MH-WITHDRAWAL","TD-HEALTH-MH-WITHDRAWAL","P0_RED","SECONDS_TO_72_HOURS","SL1","IMMEDIATE_OR_SAFETY_BOUNDARY","P0_RED","P0_RED","P0_RED","S3_LICENSED_PROFESSIONAL","N1|N2|N3_TO_N7","PERSON_SPECIFIC_RESPONSE_TIME_AND_CARE_HOURS","TBD_PERSON_AND_SITE_PROFILE","TBD_BY_CAPABILITY","TBD","TBD_SITE_AND_IMPLEMENTATION","TWO_PATHS_OR_EXPLICIT_RESIDUAL_RISK","UNASSIGNED","UNASSIGNED","NOT_ASSIGNED","TBD","PROVISIONAL_AUTO_REVIEW_REQUIRED","DENY","0.5-draft"
"PLAN-TD-HEALTH-DEVICE-OXYGEN-CPAP","TD-HEALTH-DEVICE-OXYGEN-CPAP","P0_RED","SECONDS_TO_72_HOURS","SL1","IMMEDIATE_OR_SAFETY_BOUNDARY","P0_RED","P0_RED","P0_RED","S3_LICENSED_PROFESSIONAL","N1|N2|N3_TO_N7","PERSON_SPECIFIC_RESPONSE_TIME_AND_CARE_HOURS","TBD_PERSON_AND_SITE_PROFILE","TBD_BY_CAPABILITY","TBD","TBD_SITE_AND_IMPLEMENTATION","TWO_PATHS_OR_EXPLICIT_RESIDUAL_RISK","UNASSIGNED","UNASSIGNED","NOT_ASSIGNED","TBD","PROVISIONAL_AUTO_REVIEW_REQUIRED","DENY","0.5-draft"
"PLAN-TD-HEALTH-DEVICE-DIALYSIS","TD-HEALTH-DEVICE-DIALYSIS","P0_RED","SECONDS_TO_72_HOURS","SL1","IMMEDIATE_OR_SAFETY_BOUNDARY","P0_RED","P0_RED","P0_RED","S3_LICENSED_PROFESSIONAL","N1|N2|N3_TO_N7","PERSON_SPECIFIC_RESPONSE_TIME_AND_CARE_HOURS","TBD_PERSON_AND_SITE_PROFILE","TBD_BY_CAPABILITY","TBD","TBD_SITE_AND_IMPLEMENTATION","TWO_PATHS_OR_EXPLICIT_RESIDUAL_RISK","UNASSIGNED","UNASSIGNED","NOT_ASSIGNED","TBD","PROVISIONAL_AUTO_REVIEW_REQUIRED","DENY","0.5-draft"
"PLAN-TD-HEALTH-DEVICE-TUBE-FEED","TD-HEALTH-DEVICE-TUBE-FEED","P0_RED","SECONDS_TO_72_HOURS","SL1","IMMEDIATE_OR_SAFETY_BOUNDARY","P0_RED","P0_RED","P0_RED","S3_LICENSED_PROFESSIONAL","N1|N2|N3_TO_N7","PERSON_SPECIFIC_RESPONSE_TIME_AND_CARE_HOURS","TBD_PERSON_AND_SITE_PROFILE","TBD_BY_CAPABILITY","TBD","TBD_SITE_AND_IMPLEMENTATION","TWO_PATHS_OR_EXPLICIT_RESIDUAL_RISK","UNASSIGNED","UNASSIGNED","NOT_ASSIGNED","TBD","PROVISIONAL_AUTO_REVIEW_REQUIRED","DENY","0.5-draft"
"PLAN-TD-HEALTH-ISOLATION-IMMEDIATE","TD-HEALTH-ISOLATION-IMMEDIATE","P0_RED","SECONDS_TO_72_HOURS","SL1","IMMEDIATE_OR_SAFETY_BOUNDARY","P0_RED","P0_RED","P0_RED","S2_TRAINED_SUPERVISED","N1|N2|N3_TO_N7","PERSON_SPECIFIC_RESPONSE_TIME_AND_CARE_HOURS","TBD_PERSON_AND_SITE_PROFILE","TBD_BY_CAPABILITY","TBD","TBD_SITE_AND_IMPLEMENTATION","TWO_PATHS_OR_EXPLICIT_RESIDUAL_RISK","UNASSIGNED","UNASSIGNED","NOT_ASSIGNED","TBD","PROVISIONAL_AUTO_REVIEW_REQUIRED","DENY","0.5-draft"
"PLAN-TD-HEALTH-CONTACT-LOG","TD-HEALTH-CONTACT-LOG","P0_RED","SECONDS_TO_72_HOURS","SL1","IMMEDIATE_OR_SAFETY_BOUNDARY","P0_RED","P0_RED","P0_RED","S2_TRAINED_SUPERVISED","N1|N2|N3_TO_N7","PERSON_SPECIFIC_RESPONSE_TIME_AND_CARE_HOURS","TBD_PERSON_AND_SITE_PROFILE","TBD_BY_CAPABILITY","TBD","TBD_SITE_AND_IMPLEMENTATION","TWO_PATHS_OR_EXPLICIT_RESIDUAL_RISK","UNASSIGNED","UNASSIGNED","NOT_ASSIGNED","TBD","PROVISIONAL_AUTO_REVIEW_REQUIRED","DENY","0.5-draft"
"PLAN-TD-HEALTH-EVAC-ACCESS","TD-HEALTH-EVAC-ACCESS","P0_RED","SECONDS_TO_72_HOURS","SL1","IMMEDIATE_OR_SAFETY_BOUNDARY","P0_RED","P0_RED","P0_RED","S3_LICENSED_PROFESSIONAL","N1|N2|N3_TO_N7","PERSON_SPECIFIC_RESPONSE_TIME_AND_CARE_HOURS","TBD_PERSON_AND_SITE_PROFILE","TBD_BY_CAPABILITY","TBD","TBD_SITE_AND_IMPLEMENTATION","TWO_PATHS_OR_EXPLICIT_RESIDUAL_RISK","UNASSIGNED","UNASSIGNED","NOT_ASSIGNED","TBD","PROVISIONAL_AUTO_REVIEW_REQUIRED","DENY","0.5-draft"
"PLAN-TD-HEALTH-TEAM-ROLES","TD-HEALTH-TEAM-ROLES","P0_RED","SECONDS_TO_72_HOURS","SL1","IMMEDIATE_OR_SAFETY_BOUNDARY","P0_RED","P0_RED","P0_RED","S2_TRAINED_SUPERVISED","N1|N2|N3_TO_N7","PERSON_SPECIFIC_RESPONSE_TIME_AND_CARE_HOURS","TBD_PERSON_AND_SITE_PROFILE","TBD_BY_CAPABILITY","TBD","TBD_SITE_AND_IMPLEMENTATION","TWO_PATHS_OR_EXPLICIT_RESIDUAL_RISK","UNASSIGNED","UNASSIGNED","NOT_ASSIGNED","TBD","PROVISIONAL_AUTO_REVIEW_REQUIRED","DENY","0.5-draft"
"PLAN-TD-HEALTH-CASUALTY-CAPACITY","TD-HEALTH-CASUALTY-CAPACITY","P2_YELLOW","15_TO_90_DAYS","SL3","DEFERRED_WITHIN_STATED_HORIZON","P2_YELLOW","P2_YELLOW","P2_YELLOW","S2_TRAINED_SUPERVISED","N1|N2|N3_TO_N7","PERSON_SPECIFIC_RESPONSE_TIME_AND_CARE_HOURS","TBD_PERSON_AND_SITE_PROFILE","TBD_BY_CAPABILITY","TBD","TBD_SITE_AND_IMPLEMENTATION","TBD_BY_SERVICE_LEVEL","UNASSIGNED","UNASSIGNED","NOT_ASSIGNED","TBD","PROVISIONAL_AUTO_REVIEW_REQUIRED","DENY","0.5-draft"
"PLAN-TD-HEALTH-CARE-NURSING","TD-HEALTH-CARE-NURSING","P1_ORANGE","3_TO_14_DAYS","SL2","DEFERRED_WITHIN_STATED_HORIZON","P1_ORANGE","P1_ORANGE","P1_ORANGE","S3_LICENSED_PROFESSIONAL","N1|N2|N3_TO_N7","PERSON_SPECIFIC_RESPONSE_TIME_AND_CARE_HOURS","TBD_PERSON_AND_SITE_PROFILE","TBD_BY_CAPABILITY","TBD","TBD_SITE_AND_IMPLEMENTATION","TWO_PATHS_OR_EXPLICIT_RESIDUAL_RISK","UNASSIGNED","UNASSIGNED","NOT_ASSIGNED","TBD","PROVISIONAL_AUTO_REVIEW_REQUIRED","DENY","0.5-draft"
"PLAN-TD-HEALTH-CARE-SWALLOW","TD-HEALTH-CARE-SWALLOW","P1_ORANGE","3_TO_14_DAYS","SL2","DEFERRED_WITHIN_STATED_HORIZON","P1_ORANGE","P1_ORANGE","P1_ORANGE","S3_LICENSED_PROFESSIONAL","N1|N2|N3_TO_N7","PERSON_SPECIFIC_RESPONSE_TIME_AND_CARE_HOURS","TBD_PERSON_AND_SITE_PROFILE","TBD_BY_CAPABILITY","TBD","TBD_SITE_AND_IMPLEMENTATION","TWO_PATHS_OR_EXPLICIT_RESIDUAL_RISK","UNASSIGNED","UNASSIGNED","NOT_ASSIGNED","TBD","PROVISIONAL_AUTO_REVIEW_REQUIRED","DENY","0.5-draft"
"PLAN-TD-HEALTH-CONT-CARDIO","TD-HEALTH-CONT-CARDIO","P1_ORANGE","3_TO_14_DAYS","SL2","DEFERRED_WITHIN_STATED_HORIZON","P1_ORANGE","P1_ORANGE","P1_ORANGE","S3_LICENSED_PROFESSIONAL","N1|N2|N3_TO_N7","PERSON_SPECIFIC_RESPONSE_TIME_AND_CARE_HOURS","TBD_PERSON_AND_SITE_PROFILE","TBD_BY_CAPABILITY","TBD","TBD_SITE_AND_IMPLEMENTATION","TWO_PATHS_OR_EXPLICIT_RESIDUAL_RISK","UNASSIGNED","UNASSIGNED","NOT_ASSIGNED","TBD","PROVISIONAL_AUTO_REVIEW_REQUIRED","DENY","0.5-draft"
"PLAN-TD-HEALTH-CONT-DIABETES","TD-HEALTH-CONT-DIABETES","P1_ORANGE","3_TO_14_DAYS","SL2","DEFERRED_WITHIN_STATED_HORIZON","P1_ORANGE","P1_ORANGE","P1_ORANGE","S3_LICENSED_PROFESSIONAL","N1|N2|N3_TO_N7","PERSON_SPECIFIC_RESPONSE_TIME_AND_CARE_HOURS","TBD_PERSON_AND_SITE_PROFILE","TBD_BY_CAPABILITY","TBD","TBD_SITE_AND_IMPLEMENTATION","TWO_PATHS_OR_EXPLICIT_RESIDUAL_RISK","UNASSIGNED","UNASSIGNED","NOT_ASSIGNED","TBD","PROVISIONAL_AUTO_REVIEW_REQUIRED","DENY","0.5-draft"
"PLAN-TD-HEALTH-CONT-RESP","TD-HEALTH-CONT-RESP","P1_ORANGE","3_TO_14_DAYS","SL2","DEFERRED_WITHIN_STATED_HORIZON","P1_ORANGE","P1_ORANGE","P1_ORANGE","S3_LICENSED_PROFESSIONAL","N1|N2|N3_TO_N7","PERSON_SPECIFIC_RESPONSE_TIME_AND_CARE_HOURS","TBD_PERSON_AND_SITE_PROFILE","TBD_BY_CAPABILITY","TBD","TBD_SITE_AND_IMPLEMENTATION","TWO_PATHS_OR_EXPLICIT_RESIDUAL_RISK","UNASSIGNED","UNASSIGNED","NOT_ASSIGNED","TBD","PROVISIONAL_AUTO_REVIEW_REQUIRED","DENY","0.5-draft"
"PLAN-TD-HEALTH-CONT-EPILEPSY","TD-HEALTH-CONT-EPILEPSY","P1_ORANGE","3_TO_14_DAYS","SL2","DEFERRED_WITHIN_STATED_HORIZON","P1_ORANGE","P1_ORANGE","P1_ORANGE","S3_LICENSED_PROFESSIONAL","N1|N2|N3_TO_N7","PERSON_SPECIFIC_RESPONSE_TIME_AND_CARE_HOURS","TBD_PERSON_AND_SITE_PROFILE","TBD_BY_CAPABILITY","TBD","TBD_SITE_AND_IMPLEMENTATION","TWO_PATHS_OR_EXPLICIT_RESIDUAL_RISK","UNASSIGNED","UNASSIGNED","NOT_ASSIGNED","TBD","PROVISIONAL_AUTO_REVIEW_REQUIRED","DENY","0.5-draft"
"PLAN-TD-HEALTH-CONT-ENDOCRINE","TD-HEALTH-CONT-ENDOCRINE","P1_ORANGE","3_TO_14_DAYS","SL2","DEFERRED_WITHIN_STATED_HORIZON","P1_ORANGE","P1_ORANGE","P1_ORANGE","S3_LICENSED_PROFESSIONAL","N1|N2|N3_TO_N7","PERSON_SPECIFIC_RESPONSE_TIME_AND_CARE_HOURS","TBD_PERSON_AND_SITE_PROFILE","TBD_BY_CAPABILITY","TBD","TBD_SITE_AND_IMPLEMENTATION","TWO_PATHS_OR_EXPLICIT_RESIDUAL_RISK","UNASSIGNED","UNASSIGNED","NOT_ASSIGNED","TBD","PROVISIONAL_AUTO_REVIEW_REQUIRED","DENY","0.5-draft"
"PLAN-TD-HEALTH-CONT-ANTICOAG","TD-HEALTH-CONT-ANTICOAG","P1_ORANGE","3_TO_14_DAYS","SL2","DEFERRED_WITHIN_STATED_HORIZON","P1_ORANGE","P1_ORANGE","P1_ORANGE","S3_LICENSED_PROFESSIONAL","N1|N2|N3_TO_N7","PERSON_SPECIFIC_RESPONSE_TIME_AND_CARE_HOURS","TBD_PERSON_AND_SITE_PROFILE","TBD_BY_CAPABILITY","TBD","TBD_SITE_AND_IMPLEMENTATION","TWO_PATHS_OR_EXPLICIT_RESIDUAL_RISK","UNASSIGNED","UNASSIGNED","NOT_ASSIGNED","TBD","PROVISIONAL_AUTO_REVIEW_REQUIRED","DENY","0.5-draft"
"PLAN-TD-HEALTH-CONT-PSYCH","TD-HEALTH-CONT-PSYCH","P1_ORANGE","3_TO_14_DAYS","SL2","DEFERRED_WITHIN_STATED_HORIZON","P1_ORANGE","P1_ORANGE","P1_ORANGE","S3_LICENSED_PROFESSIONAL","N1|N2|N3_TO_N7","PERSON_SPECIFIC_RESPONSE_TIME_AND_CARE_HOURS","TBD_PERSON_AND_SITE_PROFILE","TBD_BY_CAPABILITY","TBD","TBD_SITE_AND_IMPLEMENTATION","TWO_PATHS_OR_EXPLICIT_RESIDUAL_RISK","UNASSIGNED","UNASSIGNED","NOT_ASSIGNED","TBD","PROVISIONAL_AUTO_REVIEW_REQUIRED","DENY","0.5-draft"
"PLAN-TD-HEALTH-CONT-RENAL","TD-HEALTH-CONT-RENAL","P1_ORANGE","3_TO_14_DAYS","SL2","DEFERRED_WITHIN_STATED_HORIZON","P1_ORANGE","P1_ORANGE","P1_ORANGE","S3_LICENSED_PROFESSIONAL","N1|N2|N3_TO_N7","PERSON_SPECIFIC_RESPONSE_TIME_AND_CARE_HOURS","TBD_PERSON_AND_SITE_PROFILE","TBD_BY_CAPABILITY","TBD","TBD_SITE_AND_IMPLEMENTATION","TWO_PATHS_OR_EXPLICIT_RESIDUAL_RISK","UNASSIGNED","UNASSIGNED","NOT_ASSIGNED","TBD","PROVISIONAL_AUTO_REVIEW_REQUIRED","DENY","0.5-draft"
"PLAN-TD-HEALTH-CONT-ONCOLOGY","TD-HEALTH-CONT-ONCOLOGY","P1_ORANGE","3_TO_14_DAYS","SL2","DEFERRED_WITHIN_STATED_HORIZON","P1_ORANGE","P1_ORANGE","P1_ORANGE","S3_LICENSED_PROFESSIONAL","N1|N2|N3_TO_N7","PERSON_SPECIFIC_RESPONSE_TIME_AND_CARE_HOURS","TBD_PERSON_AND_SITE_PROFILE","TBD_BY_CAPABILITY","TBD","TBD_SITE_AND_IMPLEMENTATION","TWO_PATHS_OR_EXPLICIT_RESIDUAL_RISK","UNASSIGNED","UNASSIGNED","NOT_ASSIGNED","TBD","PROVISIONAL_AUTO_REVIEW_REQUIRED","DENY","0.5-draft"
"PLAN-TD-HEALTH-CONT-TRANSPLANT","TD-HEALTH-CONT-TRANSPLANT","P1_ORANGE","3_TO_14_DAYS","SL2","DEFERRED_WITHIN_STATED_HORIZON","P1_ORANGE","P1_ORANGE","P1_ORANGE","S3_LICENSED_PROFESSIONAL","N1|N2|N3_TO_N7","PERSON_SPECIFIC_RESPONSE_TIME_AND_CARE_HOURS","TBD_PERSON_AND_SITE_PROFILE","TBD_BY_CAPABILITY","TBD","TBD_SITE_AND_IMPLEMENTATION","TWO_PATHS_OR_EXPLICIT_RESIDUAL_RISK","UNASSIGNED","UNASSIGNED","NOT_ASSIGNED","TBD","PROVISIONAL_AUTO_REVIEW_REQUIRED","DENY","0.5-draft"
"PLAN-TD-HEALTH-CONT-HIV-TB","TD-HEALTH-CONT-HIV-TB","P1_ORANGE","3_TO_14_DAYS","SL2","DEFERRED_WITHIN_STATED_HORIZON","P1_ORANGE","P1_ORANGE","P1_ORANGE","S3_LICENSED_PROFESSIONAL","N1|N2|N3_TO_N7","PERSON_SPECIFIC_RESPONSE_TIME_AND_CARE_HOURS","TBD_PERSON_AND_SITE_PROFILE","TBD_BY_CAPABILITY","TBD","TBD_SITE_AND_IMPLEMENTATION","TWO_PATHS_OR_EXPLICIT_RESIDUAL_RISK","UNASSIGNED","UNASSIGNED","NOT_ASSIGNED","TBD","PROVISIONAL_AUTO_REVIEW_REQUIRED","DENY","0.5-draft"
"PLAN-TD-HEALTH-CONT-AUTOIMMUNE","TD-HEALTH-CONT-AUTOIMMUNE","P1_ORANGE","3_TO_14_DAYS","SL2","DEFERRED_WITHIN_STATED_HORIZON","P1_ORANGE","P1_ORANGE","P1_ORANGE","S3_LICENSED_PROFESSIONAL","N1|N2|N3_TO_N7","PERSON_SPECIFIC_RESPONSE_TIME_AND_CARE_HOURS","TBD_PERSON_AND_SITE_PROFILE","TBD_BY_CAPABILITY","TBD","TBD_SITE_AND_IMPLEMENTATION","TWO_PATHS_OR_EXPLICIT_RESIDUAL_RISK","UNASSIGNED","UNASSIGNED","NOT_ASSIGNED","TBD","PROVISIONAL_AUTO_REVIEW_REQUIRED","DENY","0.5-draft"
"PLAN-TD-HEALTH-CONT-HEMOPHILIA","TD-HEALTH-CONT-HEMOPHILIA","P1_ORANGE","3_TO_14_DAYS","SL2","DEFERRED_WITHIN_STATED_HORIZON","P1_ORANGE","P1_ORANGE","P1_ORANGE","S3_LICENSED_PROFESSIONAL","N1|N2|N3_TO_N7","PERSON_SPECIFIC_RESPONSE_TIME_AND_CARE_HOURS","TBD_PERSON_AND_SITE_PROFILE","TBD_BY_CAPABILITY","TBD","TBD_SITE_AND_IMPLEMENTATION","TWO_PATHS_OR_EXPLICIT_RESIDUAL_RISK","UNASSIGNED","UNASSIGNED","NOT_ASSIGNED","TBD","PROVISIONAL_AUTO_REVIEW_REQUIRED","DENY","0.5-draft"
"PLAN-TD-HEALTH-CONT-PAIN","TD-HEALTH-CONT-PAIN","P1_ORANGE","3_TO_14_DAYS","SL2","DEFERRED_WITHIN_STATED_HORIZON","P1_ORANGE","P1_ORANGE","P1_ORANGE","S3_LICENSED_PROFESSIONAL","N1|N2|N3_TO_N7","PERSON_SPECIFIC_RESPONSE_TIME_AND_CARE_HOURS","TBD_PERSON_AND_SITE_PROFILE","TBD_BY_CAPABILITY","TBD","TBD_SITE_AND_IMPLEMENTATION","TWO_PATHS_OR_EXPLICIT_RESIDUAL_RISK","UNASSIGNED","UNASSIGNED","NOT_ASSIGNED","TBD","PROVISIONAL_AUTO_REVIEW_REQUIRED","DENY","0.5-draft"
"PLAN-TD-HEALTH-CONT-STOMA-CATH","TD-HEALTH-CONT-STOMA-CATH","P1_ORANGE","3_TO_14_DAYS","SL2","DEFERRED_WITHIN_STATED_HORIZON","P1_ORANGE","P1_ORANGE","P1_ORANGE","S3_LICENSED_PROFESSIONAL","N1|N2|N3_TO_N7","PERSON_SPECIFIC_RESPONSE_TIME_AND_CARE_HOURS","TBD_PERSON_AND_SITE_PROFILE","TBD_BY_CAPABILITY","TBD","TBD_SITE_AND_IMPLEMENTATION","TWO_PATHS_OR_EXPLICIT_RESIDUAL_RISK","UNASSIGNED","UNASSIGNED","NOT_ASSIGNED","TBD","PROVISIONAL_AUTO_REVIEW_REQUIRED","DENY","0.5-draft"
"PLAN-TD-HEALTH-ASSISTIVE","TD-HEALTH-ASSISTIVE","P1_ORANGE","3_TO_14_DAYS","SL2","DEFERRED_WITHIN_STATED_HORIZON","P1_ORANGE","P1_ORANGE","P1_ORANGE","S2_TRAINED_SUPERVISED","N1|N2|N3_TO_N7","PERSON_SPECIFIC_RESPONSE_TIME_AND_CARE_HOURS","TBD_PERSON_AND_SITE_PROFILE","TBD_BY_CAPABILITY","TBD","TBD_SITE_AND_IMPLEMENTATION","TWO_PATHS_OR_EXPLICIT_RESIDUAL_RISK","UNASSIGNED","UNASSIGNED","NOT_ASSIGNED","TBD","PROVISIONAL_AUTO_REVIEW_REQUIRED","DENY","0.5-draft"
"PLAN-TD-HEALTH-POSTPARTUM","TD-HEALTH-POSTPARTUM","P1_ORANGE","3_TO_14_DAYS","SL2","DEFERRED_WITHIN_STATED_HORIZON","P1_ORANGE","P1_ORANGE","P1_ORANGE","S3_LICENSED_PROFESSIONAL","N1|N2|N3_TO_N7","PERSON_SPECIFIC_RESPONSE_TIME_AND_CARE_HOURS","TBD_PERSON_AND_SITE_PROFILE","TBD_BY_CAPABILITY","TBD","TBD_SITE_AND_IMPLEMENTATION","TWO_PATHS_OR_EXPLICIT_RESIDUAL_RISK","UNASSIGNED","UNASSIGNED","NOT_ASSIGNED","TBD","PROVISIONAL_AUTO_REVIEW_REQUIRED","DENY","0.5-draft"
"PLAN-TD-HEALTH-REPRODUCTIVE","TD-HEALTH-REPRODUCTIVE","P1_ORANGE","3_TO_14_DAYS","SL2","DEFERRED_WITHIN_STATED_HORIZON","P1_ORANGE","P1_ORANGE","P1_ORANGE","S3_LICENSED_PROFESSIONAL","N1|N2|N3_TO_N7","PERSON_SPECIFIC_RESPONSE_TIME_AND_CARE_HOURS","TBD_PERSON_AND_SITE_PROFILE","TBD_BY_CAPABILITY","TBD","TBD_SITE_AND_IMPLEMENTATION","TWO_PATHS_OR_EXPLICIT_RESIDUAL_RISK","UNASSIGNED","UNASSIGNED","NOT_ASSIGNED","TBD","PROVISIONAL_AUTO_REVIEW_REQUIRED","DENY","0.5-draft"
"PLAN-TD-HEALTH-SKIN-EYE-EAR","TD-HEALTH-SKIN-EYE-EAR","P0_RED","SECONDS_TO_72_HOURS","SL1","IMMEDIATE_OR_SAFETY_BOUNDARY","P0_RED","P0_RED","P0_RED","S3_LICENSED_PROFESSIONAL","N1|N2|N3_TO_N7","PERSON_SPECIFIC_RESPONSE_TIME_AND_CARE_HOURS","TBD_PERSON_AND_SITE_PROFILE","TBD_BY_CAPABILITY","TBD","TBD_SITE_AND_IMPLEMENTATION","TWO_PATHS_OR_EXPLICIT_RESIDUAL_RISK","UNASSIGNED","UNASSIGNED","NOT_ASSIGNED","TBD","PROVISIONAL_AUTO_REVIEW_REQUIRED","DENY","0.5-draft"
"PLAN-TD-HEALTH-GRIEF-CAREGIVER","TD-HEALTH-GRIEF-CAREGIVER","P1_ORANGE","3_TO_14_DAYS","SL2","DEFERRED_WITHIN_STATED_HORIZON","P1_ORANGE","P1_ORANGE","P1_ORANGE","S2_TRAINED_SUPERVISED","N1|N2|N3_TO_N7","PERSON_SPECIFIC_RESPONSE_TIME_AND_CARE_HOURS","TBD_PERSON_AND_SITE_PROFILE","TBD_BY_CAPABILITY","TBD","TBD_SITE_AND_IMPLEMENTATION","TWO_PATHS_OR_EXPLICIT_RESIDUAL_RISK","UNASSIGNED","UNASSIGNED","NOT_ASSIGNED","TBD","PROVISIONAL_AUTO_REVIEW_REQUIRED","DENY","0.5-draft"
"PLAN-TD-HEALTH-CARE-HANDOVER","TD-HEALTH-CARE-HANDOVER","P1_ORANGE","3_TO_14_DAYS","SL2","DEFERRED_WITHIN_STATED_HORIZON","P1_ORANGE","P1_ORANGE","P1_ORANGE","S2_TRAINED_SUPERVISED","N1|N2|N3_TO_N7","PERSON_SPECIFIC_RESPONSE_TIME_AND_CARE_HOURS","TBD_PERSON_AND_SITE_PROFILE","TBD_BY_CAPABILITY","TBD","TBD_SITE_AND_IMPLEMENTATION","TWO_PATHS_OR_EXPLICIT_RESIDUAL_RISK","UNASSIGNED","UNASSIGNED","NOT_ASSIGNED","TBD","PROVISIONAL_AUTO_REVIEW_REQUIRED","DENY","0.5-draft"
"PLAN-TD-HEALTH-PREVENT-VACCINE","TD-HEALTH-PREVENT-VACCINE","P2_YELLOW","15_TO_90_DAYS","SL3","DEFERRED_WITHIN_STATED_HORIZON","P2_YELLOW","P2_YELLOW","P2_YELLOW","S3_LICENSED_PROFESSIONAL","N1|N2|N3_TO_N7","PERSON_SPECIFIC_RESPONSE_TIME_AND_CARE_HOURS","TBD_PERSON_AND_SITE_PROFILE","TBD_BY_CAPABILITY","TBD","TBD_SITE_AND_IMPLEMENTATION","TBD_BY_SERVICE_LEVEL","UNASSIGNED","UNASSIGNED","NOT_ASSIGNED","TBD","PROVISIONAL_AUTO_REVIEW_REQUIRED","DENY","0.5-draft"
"PLAN-TD-HEALTH-CHILD-GROWTH","TD-HEALTH-CHILD-GROWTH","P2_YELLOW","15_TO_90_DAYS","SL3","DEFERRED_WITHIN_STATED_HORIZON","P2_YELLOW","P2_YELLOW","P2_YELLOW","S3_LICENSED_PROFESSIONAL","N1|N2|N3_TO_N7","PERSON_SPECIFIC_RESPONSE_TIME_AND_CARE_HOURS","TBD_PERSON_AND_SITE_PROFILE","TBD_BY_CAPABILITY","TBD","TBD_SITE_AND_IMPLEMENTATION","TBD_BY_SERVICE_LEVEL","UNASSIGNED","UNASSIGNED","NOT_ASSIGNED","TBD","PROVISIONAL_AUTO_REVIEW_REQUIRED","DENY","0.5-draft"
"PLAN-TD-HEALTH-FALLS-DECONDITION","TD-HEALTH-FALLS-DECONDITION","P2_YELLOW","15_TO_90_DAYS","SL3","DEFERRED_WITHIN_STATED_HORIZON","P2_YELLOW","P2_YELLOW","P2_YELLOW","S2_TRAINED_SUPERVISED","N1|N2|N3_TO_N7","PERSON_SPECIFIC_RESPONSE_TIME_AND_CARE_HOURS","TBD_PERSON_AND_SITE_PROFILE","TBD_BY_CAPABILITY","TBD","TBD_SITE_AND_IMPLEMENTATION","TBD_BY_SERVICE_LEVEL","UNASSIGNED","UNASSIGNED","NOT_ASSIGNED","TBD","PROVISIONAL_AUTO_REVIEW_REQUIRED","DENY","0.5-draft"
"PLAN-TD-HEALTH-OCC-HEALTH","TD-HEALTH-OCC-HEALTH","P2_YELLOW","15_TO_90_DAYS","SL3","DEFERRED_WITHIN_STATED_HORIZON","P2_YELLOW","P2_YELLOW","P2_YELLOW","S3_LICENSED_PROFESSIONAL","N1|N2|N3_TO_N7","PERSON_SPECIFIC_RESPONSE_TIME_AND_CARE_HOURS","TBD_PERSON_AND_SITE_PROFILE","TBD_BY_CAPABILITY","TBD","TBD_SITE_AND_IMPLEMENTATION","TBD_BY_SERVICE_LEVEL","UNASSIGNED","UNASSIGNED","NOT_ASSIGNED","TBD","PROVISIONAL_AUTO_REVIEW_REQUIRED","DENY","0.5-draft"
"PLAN-TD-HEALTH-VECTOR","TD-HEALTH-VECTOR","P2_YELLOW","15_TO_90_DAYS","SL3","DEFERRED_WITHIN_STATED_HORIZON","P2_YELLOW","P2_YELLOW","P2_YELLOW","S3_LICENSED_PROFESSIONAL","N1|N2|N3_TO_N7","PERSON_SPECIFIC_RESPONSE_TIME_AND_CARE_HOURS","TBD_PERSON_AND_SITE_PROFILE","TBD_BY_CAPABILITY","TBD","TBD_SITE_AND_IMPLEMENTATION","TBD_BY_SERVICE_LEVEL","UNASSIGNED","UNASSIGNED","NOT_ASSIGNED","TBD","PROVISIONAL_AUTO_REVIEW_REQUIRED","DENY","0.5-draft"
"PLAN-TD-HEALTH-SURVEILLANCE","TD-HEALTH-SURVEILLANCE","P2_YELLOW","15_TO_90_DAYS","SL3","DEFERRED_WITHIN_STATED_HORIZON","P2_YELLOW","P2_YELLOW","P2_YELLOW","S3_LICENSED_PROFESSIONAL","N1|N2|N3_TO_N7","PERSON_SPECIFIC_RESPONSE_TIME_AND_CARE_HOURS","TBD_PERSON_AND_SITE_PROFILE","TBD_BY_CAPABILITY","TBD","TBD_SITE_AND_IMPLEMENTATION","TBD_BY_SERVICE_LEVEL","UNASSIGNED","UNASSIGNED","NOT_ASSIGNED","TBD","PROVISIONAL_AUTO_REVIEW_REQUIRED","DENY","0.5-draft"
"PLAN-TD-HEALTH-ISOLATION-ROOM","TD-HEALTH-ISOLATION-ROOM","P2_YELLOW","15_TO_90_DAYS","SL3","DEFERRED_WITHIN_STATED_HORIZON","P2_YELLOW","P2_YELLOW","P2_YELLOW","S3_LICENSED_PROFESSIONAL","N1|N2|N3_TO_N7","PERSON_SPECIFIC_RESPONSE_TIME_AND_CARE_HOURS","TBD_PERSON_AND_SITE_PROFILE","TBD_BY_CAPABILITY","TBD","TBD_SITE_AND_IMPLEMENTATION","TBD_BY_SERVICE_LEVEL","UNASSIGNED","UNASSIGNED","NOT_ASSIGNED","TBD","PROVISIONAL_AUTO_REVIEW_REQUIRED","DENY","0.5-draft"
"PLAN-TD-HEALTH-SUPPLY-REGISTER","TD-HEALTH-SUPPLY-REGISTER","P2_YELLOW","15_TO_90_DAYS","SL3","DEFERRED_WITHIN_STATED_HORIZON","P2_YELLOW","P2_YELLOW","P2_YELLOW","S2_TRAINED_SUPERVISED","N1|N2|N3_TO_N7","PERSON_SPECIFIC_RESPONSE_TIME_AND_CARE_HOURS","TBD_PERSON_AND_SITE_PROFILE","TBD_BY_CAPABILITY","TBD","TBD_SITE_AND_IMPLEMENTATION","TBD_BY_SERVICE_LEVEL","UNASSIGNED","UNASSIGNED","NOT_ASSIGNED","TBD","PROVISIONAL_AUTO_REVIEW_REQUIRED","DENY","0.5-draft"
"PLAN-TD-HEALTH-DEVICE-QC","TD-HEALTH-DEVICE-QC","P2_YELLOW","15_TO_90_DAYS","SL3","DEFERRED_WITHIN_STATED_HORIZON","P2_YELLOW","P2_YELLOW","P2_YELLOW","S3_LICENSED_PROFESSIONAL","N1|N2|N3_TO_N7","PERSON_SPECIFIC_RESPONSE_TIME_AND_CARE_HOURS","TBD_PERSON_AND_SITE_PROFILE","TBD_BY_CAPABILITY","TBD","TBD_SITE_AND_IMPLEMENTATION","TBD_BY_SERVICE_LEVEL","UNASSIGNED","UNASSIGNED","NOT_ASSIGNED","TBD","PROVISIONAL_AUTO_REVIEW_REQUIRED","DENY","0.5-draft"
"PLAN-TD-HEALTH-AED-LIFECYCLE","TD-HEALTH-AED-LIFECYCLE","P2_YELLOW","15_TO_90_DAYS","SL3","DEFERRED_WITHIN_STATED_HORIZON","P2_YELLOW","P2_YELLOW","P2_YELLOW","S2_TRAINED_SUPERVISED","N1|N2|N3_TO_N7","PERSON_SPECIFIC_RESPONSE_TIME_AND_CARE_HOURS","TBD_PERSON_AND_SITE_PROFILE","TBD_BY_CAPABILITY","TBD","TBD_SITE_AND_IMPLEMENTATION","TBD_BY_SERVICE_LEVEL","UNASSIGNED","UNASSIGNED","NOT_ASSIGNED","TBD","PROVISIONAL_AUTO_REVIEW_REQUIRED","DENY","0.5-draft"
"PLAN-TD-HEALTH-SKILL-MATRIX","TD-HEALTH-SKILL-MATRIX","P2_YELLOW","15_TO_90_DAYS","SL3","DEFERRED_WITHIN_STATED_HORIZON","P2_YELLOW","P2_YELLOW","P2_YELLOW","S2_TRAINED_SUPERVISED","N1|N2|N3_TO_N7","PERSON_SPECIFIC_RESPONSE_TIME_AND_CARE_HOURS","TBD_PERSON_AND_SITE_PROFILE","TBD_BY_CAPABILITY","TBD","TBD_SITE_AND_IMPLEMENTATION","TBD_BY_SERVICE_LEVEL","UNASSIGNED","UNASSIGNED","NOT_ASSIGNED","TBD","PROVISIONAL_AUTO_REVIEW_REQUIRED","DENY","0.5-draft"
"PLAN-TD-HEALTH-REFERRAL-NET","TD-HEALTH-REFERRAL-NET","P2_YELLOW","15_TO_90_DAYS","SL3","DEFERRED_WITHIN_STATED_HORIZON","P2_YELLOW","P2_YELLOW","P2_YELLOW","S2_TRAINED_SUPERVISED","N1|N2|N3_TO_N7","PERSON_SPECIFIC_RESPONSE_TIME_AND_CARE_HOURS","TBD_PERSON_AND_SITE_PROFILE","TBD_BY_CAPABILITY","TBD","TBD_SITE_AND_IMPLEMENTATION","TBD_BY_SERVICE_LEVEL","UNASSIGNED","UNASSIGNED","NOT_ASSIGNED","TBD","PROVISIONAL_AUTO_REVIEW_REQUIRED","DENY","0.5-draft"
"PLAN-TD-HEALTH-CARE-ROOM","TD-HEALTH-CARE-ROOM","P2_YELLOW","15_TO_90_DAYS","SL3","DEFERRED_WITHIN_STATED_HORIZON","P2_YELLOW","P2_YELLOW","P2_YELLOW","S3_LICENSED_PROFESSIONAL","N1|N2|N3_TO_N7","PERSON_SPECIFIC_RESPONSE_TIME_AND_CARE_HOURS","TBD_PERSON_AND_SITE_PROFILE","TBD_BY_CAPABILITY","TBD","TBD_SITE_AND_IMPLEMENTATION","TBD_BY_SERVICE_LEVEL","UNASSIGNED","UNASSIGNED","NOT_ASSIGNED","TBD","PROVISIONAL_AUTO_REVIEW_REQUIRED","DENY","0.5-draft"
"PLAN-TD-HEALTH-PROF-ANATOMY","TD-HEALTH-PROF-ANATOMY","P3_GREEN","3_MONTHS_TO_15_YEARS","SL4","DEFERRED_WITHIN_STATED_HORIZON","P3_GREEN","P3_GREEN","P3_GREEN","S3_LICENSED_PROFESSIONAL","N1|N2|N3_TO_N7","PERSON_SPECIFIC_RESPONSE_TIME_AND_CARE_HOURS","TBD_PERSON_AND_SITE_PROFILE","TBD_BY_CAPABILITY","TBD","TBD_SITE_AND_IMPLEMENTATION","TBD_BY_SERVICE_LEVEL","UNASSIGNED","UNASSIGNED","NOT_ASSIGNED","TBD","PROVISIONAL_AUTO_REVIEW_REQUIRED","DENY","0.5-draft"
"PLAN-TD-HEALTH-PROF-EMERGENCY","TD-HEALTH-PROF-EMERGENCY","P3_GREEN","3_MONTHS_TO_15_YEARS","SL4","DEFERRED_WITHIN_STATED_HORIZON","P3_GREEN","P3_GREEN","P3_GREEN","S4_REFERENCE_ONLY_PROHIBITED_HOUSEHOLD","N1|N2|N3_TO_N7","PERSON_SPECIFIC_RESPONSE_TIME_AND_CARE_HOURS","TBD_PERSON_AND_SITE_PROFILE","TBD_BY_CAPABILITY","TBD","TBD_SITE_AND_IMPLEMENTATION","TBD_BY_SERVICE_LEVEL","UNASSIGNED","UNASSIGNED","NOT_ASSIGNED","TBD","PROVISIONAL_AUTO_REVIEW_REQUIRED","DENY","0.5-draft"
"PLAN-TD-HEALTH-PROF-PRIMARY","TD-HEALTH-PROF-PRIMARY","P3_GREEN","3_MONTHS_TO_15_YEARS","SL4","DEFERRED_WITHIN_STATED_HORIZON","P3_GREEN","P3_GREEN","P3_GREEN","S3_LICENSED_PROFESSIONAL","N1|N2|N3_TO_N7","PERSON_SPECIFIC_RESPONSE_TIME_AND_CARE_HOURS","TBD_PERSON_AND_SITE_PROFILE","TBD_BY_CAPABILITY","TBD","TBD_SITE_AND_IMPLEMENTATION","TBD_BY_SERVICE_LEVEL","UNASSIGNED","UNASSIGNED","NOT_ASSIGNED","TBD","PROVISIONAL_AUTO_REVIEW_REQUIRED","DENY","0.5-draft"
"PLAN-TD-HEALTH-PROF-NURSING","TD-HEALTH-PROF-NURSING","P3_GREEN","3_MONTHS_TO_15_YEARS","SL4","DEFERRED_WITHIN_STATED_HORIZON","P3_GREEN","P3_GREEN","P3_GREEN","S3_LICENSED_PROFESSIONAL","N1|N2|N3_TO_N7","PERSON_SPECIFIC_RESPONSE_TIME_AND_CARE_HOURS","TBD_PERSON_AND_SITE_PROFILE","TBD_BY_CAPABILITY","TBD","TBD_SITE_AND_IMPLEMENTATION","TBD_BY_SERVICE_LEVEL","UNASSIGNED","UNASSIGNED","NOT_ASSIGNED","TBD","PROVISIONAL_AUTO_REVIEW_REQUIRED","DENY","0.5-draft"
"PLAN-TD-HEALTH-PROF-PHARMACY","TD-HEALTH-PROF-PHARMACY","P3_GREEN","3_MONTHS_TO_15_YEARS","SL4","DEFERRED_WITHIN_STATED_HORIZON","P3_GREEN","P3_GREEN","P3_GREEN","S3_LICENSED_PROFESSIONAL","N1|N2|N3_TO_N7","PERSON_SPECIFIC_RESPONSE_TIME_AND_CARE_HOURS","TBD_PERSON_AND_SITE_PROFILE","TBD_BY_CAPABILITY","TBD","TBD_SITE_AND_IMPLEMENTATION","TBD_BY_SERVICE_LEVEL","UNASSIGNED","UNASSIGNED","NOT_ASSIGNED","TBD","PROVISIONAL_AUTO_REVIEW_REQUIRED","DENY","0.5-draft"
"PLAN-TD-HEALTH-PROF-INTERNAL","TD-HEALTH-PROF-INTERNAL","P3_GREEN","3_MONTHS_TO_15_YEARS","SL4","DEFERRED_WITHIN_STATED_HORIZON","P3_GREEN","P3_GREEN","P3_GREEN","S3_LICENSED_PROFESSIONAL","N1|N2|N3_TO_N7","PERSON_SPECIFIC_RESPONSE_TIME_AND_CARE_HOURS","TBD_PERSON_AND_SITE_PROFILE","TBD_BY_CAPABILITY","TBD","TBD_SITE_AND_IMPLEMENTATION","TBD_BY_SERVICE_LEVEL","UNASSIGNED","UNASSIGNED","NOT_ASSIGNED","TBD","PROVISIONAL_AUTO_REVIEW_REQUIRED","DENY","0.5-draft"
"PLAN-TD-HEALTH-PROF-INFECTIOUS","TD-HEALTH-PROF-INFECTIOUS","P3_GREEN","3_MONTHS_TO_15_YEARS","SL4","DEFERRED_WITHIN_STATED_HORIZON","P3_GREEN","P3_GREEN","P3_GREEN","S3_LICENSED_PROFESSIONAL","N1|N2|N3_TO_N7","PERSON_SPECIFIC_RESPONSE_TIME_AND_CARE_HOURS","TBD_PERSON_AND_SITE_PROFILE","TBD_BY_CAPABILITY","TBD","TBD_SITE_AND_IMPLEMENTATION","TBD_BY_SERVICE_LEVEL","UNASSIGNED","UNASSIGNED","NOT_ASSIGNED","TBD","PROVISIONAL_AUTO_REVIEW_REQUIRED","DENY","0.5-draft"
"PLAN-TD-HEALTH-PROF-OB","TD-HEALTH-PROF-OB","P3_GREEN","3_MONTHS_TO_15_YEARS","SL4","DEFERRED_WITHIN_STATED_HORIZON","P3_GREEN","P3_GREEN","P3_GREEN","S4_REFERENCE_ONLY_PROHIBITED_HOUSEHOLD","N1|N2|N3_TO_N7","PERSON_SPECIFIC_RESPONSE_TIME_AND_CARE_HOURS","TBD_PERSON_AND_SITE_PROFILE","TBD_BY_CAPABILITY","TBD","TBD_SITE_AND_IMPLEMENTATION","TBD_BY_SERVICE_LEVEL","UNASSIGNED","UNASSIGNED","NOT_ASSIGNED","TBD","PROVISIONAL_AUTO_REVIEW_REQUIRED","DENY","0.5-draft"
"PLAN-TD-HEALTH-PROF-PEDIATRICS","TD-HEALTH-PROF-PEDIATRICS","P3_GREEN","3_MONTHS_TO_15_YEARS","SL4","DEFERRED_WITHIN_STATED_HORIZON","P3_GREEN","P3_GREEN","P3_GREEN","S3_LICENSED_PROFESSIONAL","N1|N2|N3_TO_N7","PERSON_SPECIFIC_RESPONSE_TIME_AND_CARE_HOURS","TBD_PERSON_AND_SITE_PROFILE","TBD_BY_CAPABILITY","TBD","TBD_SITE_AND_IMPLEMENTATION","TBD_BY_SERVICE_LEVEL","UNASSIGNED","UNASSIGNED","NOT_ASSIGNED","TBD","PROVISIONAL_AUTO_REVIEW_REQUIRED","DENY","0.5-draft"
"PLAN-TD-HEALTH-PROF-GERIATRICS","TD-HEALTH-PROF-GERIATRICS","P3_GREEN","3_MONTHS_TO_15_YEARS","SL4","DEFERRED_WITHIN_STATED_HORIZON","P3_GREEN","P3_GREEN","P3_GREEN","S3_LICENSED_PROFESSIONAL","N1|N2|N3_TO_N7","PERSON_SPECIFIC_RESPONSE_TIME_AND_CARE_HOURS","TBD_PERSON_AND_SITE_PROFILE","TBD_BY_CAPABILITY","TBD","TBD_SITE_AND_IMPLEMENTATION","TBD_BY_SERVICE_LEVEL","UNASSIGNED","UNASSIGNED","NOT_ASSIGNED","TBD","PROVISIONAL_AUTO_REVIEW_REQUIRED","DENY","0.5-draft"
"PLAN-TD-HEALTH-PROF-MENTAL","TD-HEALTH-PROF-MENTAL","P3_GREEN","3_MONTHS_TO_15_YEARS","SL4","DEFERRED_WITHIN_STATED_HORIZON","P3_GREEN","P3_GREEN","P3_GREEN","S3_LICENSED_PROFESSIONAL","N1|N2|N3_TO_N7","PERSON_SPECIFIC_RESPONSE_TIME_AND_CARE_HOURS","TBD_PERSON_AND_SITE_PROFILE","TBD_BY_CAPABILITY","TBD","TBD_SITE_AND_IMPLEMENTATION","TBD_BY_SERVICE_LEVEL","UNASSIGNED","UNASSIGNED","NOT_ASSIGNED","TBD","PROVISIONAL_AUTO_REVIEW_REQUIRED","DENY","0.5-draft"
"PLAN-TD-HEALTH-PROF-REHAB","TD-HEALTH-PROF-REHAB","P3_GREEN","3_MONTHS_TO_15_YEARS","SL4","DEFERRED_WITHIN_STATED_HORIZON","P3_GREEN","P3_GREEN","P3_GREEN","S3_LICENSED_PROFESSIONAL","N1|N2|N3_TO_N7","PERSON_SPECIFIC_RESPONSE_TIME_AND_CARE_HOURS","TBD_PERSON_AND_SITE_PROFILE","TBD_BY_CAPABILITY","TBD","TBD_SITE_AND_IMPLEMENTATION","TBD_BY_SERVICE_LEVEL","UNASSIGNED","UNASSIGNED","NOT_ASSIGNED","TBD","PROVISIONAL_AUTO_REVIEW_REQUIRED","DENY","0.5-draft"
"PLAN-TD-HEALTH-PROF-PALLIATIVE","TD-HEALTH-PROF-PALLIATIVE","P3_GREEN","3_MONTHS_TO_15_YEARS","SL4","DEFERRED_WITHIN_STATED_HORIZON","P3_GREEN","P3_GREEN","P3_GREEN","S3_LICENSED_PROFESSIONAL","N1|N2|N3_TO_N7","PERSON_SPECIFIC_RESPONSE_TIME_AND_CARE_HOURS","TBD_PERSON_AND_SITE_PROFILE","TBD_BY_CAPABILITY","TBD","TBD_SITE_AND_IMPLEMENTATION","TBD_BY_SERVICE_LEVEL","UNASSIGNED","UNASSIGNED","NOT_ASSIGNED","TBD","PROVISIONAL_AUTO_REVIEW_REQUIRED","DENY","0.5-draft"
"PLAN-TD-HEALTH-PROF-DENTISTRY","TD-HEALTH-PROF-DENTISTRY","P3_GREEN","3_MONTHS_TO_15_YEARS","SL4","DEFERRED_WITHIN_STATED_HORIZON","P3_GREEN","P3_GREEN","P3_GREEN","S4_REFERENCE_ONLY_PROHIBITED_HOUSEHOLD","N1|N2|N3_TO_N7","PERSON_SPECIFIC_RESPONSE_TIME_AND_CARE_HOURS","TBD_PERSON_AND_SITE_PROFILE","TBD_BY_CAPABILITY","TBD","TBD_SITE_AND_IMPLEMENTATION","TBD_BY_SERVICE_LEVEL","UNASSIGNED","UNASSIGNED","NOT_ASSIGNED","TBD","PROVISIONAL_AUTO_REVIEW_REQUIRED","DENY","0.5-draft"
"PLAN-TD-HEALTH-PROF-OPHTH-ENT","TD-HEALTH-PROF-OPHTH-ENT","P3_GREEN","3_MONTHS_TO_15_YEARS","SL4","DEFERRED_WITHIN_STATED_HORIZON","P3_GREEN","P3_GREEN","P3_GREEN","S3_LICENSED_PROFESSIONAL","N1|N2|N3_TO_N7","PERSON_SPECIFIC_RESPONSE_TIME_AND_CARE_HOURS","TBD_PERSON_AND_SITE_PROFILE","TBD_BY_CAPABILITY","TBD","TBD_SITE_AND_IMPLEMENTATION","TBD_BY_SERVICE_LEVEL","UNASSIGNED","UNASSIGNED","NOT_ASSIGNED","TBD","PROVISIONAL_AUTO_REVIEW_REQUIRED","DENY","0.5-draft"
"PLAN-TD-HEALTH-PROF-DERM","TD-HEALTH-PROF-DERM","P3_GREEN","3_MONTHS_TO_15_YEARS","SL4","DEFERRED_WITHIN_STATED_HORIZON","P3_GREEN","P3_GREEN","P3_GREEN","S3_LICENSED_PROFESSIONAL","N1|N2|N3_TO_N7","PERSON_SPECIFIC_RESPONSE_TIME_AND_CARE_HOURS","TBD_PERSON_AND_SITE_PROFILE","TBD_BY_CAPABILITY","TBD","TBD_SITE_AND_IMPLEMENTATION","TBD_BY_SERVICE_LEVEL","UNASSIGNED","UNASSIGNED","NOT_ASSIGNED","TBD","PROVISIONAL_AUTO_REVIEW_REQUIRED","DENY","0.5-draft"
"PLAN-TD-HEALTH-PROF-NUTRITION","TD-HEALTH-PROF-NUTRITION","P3_GREEN","3_MONTHS_TO_15_YEARS","SL4","DEFERRED_WITHIN_STATED_HORIZON","P3_GREEN","P3_GREEN","P3_GREEN","S3_LICENSED_PROFESSIONAL","N1|N2|N3_TO_N7","PERSON_SPECIFIC_RESPONSE_TIME_AND_CARE_HOURS","TBD_PERSON_AND_SITE_PROFILE","TBD_BY_CAPABILITY","TBD","TBD_SITE_AND_IMPLEMENTATION","TBD_BY_SERVICE_LEVEL","UNASSIGNED","UNASSIGNED","NOT_ASSIGNED","TBD","PROVISIONAL_AUTO_REVIEW_REQUIRED","DENY","0.5-draft"
"PLAN-TD-HEALTH-PROF-TOX","TD-HEALTH-PROF-TOX","P3_GREEN","3_MONTHS_TO_15_YEARS","SL4","DEFERRED_WITHIN_STATED_HORIZON","P3_GREEN","P3_GREEN","P3_GREEN","S4_REFERENCE_ONLY_PROHIBITED_HOUSEHOLD","N1|N2|N3_TO_N7","PERSON_SPECIFIC_RESPONSE_TIME_AND_CARE_HOURS","TBD_PERSON_AND_SITE_PROFILE","TBD_BY_CAPABILITY","TBD","TBD_SITE_AND_IMPLEMENTATION","TBD_BY_SERVICE_LEVEL","UNASSIGNED","UNASSIGNED","NOT_ASSIGNED","TBD","PROVISIONAL_AUTO_REVIEW_REQUIRED","DENY","0.5-draft"
"PLAN-TD-HEALTH-PROF-SURGERY","TD-HEALTH-PROF-SURGERY","P3_GREEN","3_MONTHS_TO_15_YEARS","SL4","DEFERRED_WITHIN_STATED_HORIZON","P3_GREEN","P3_GREEN","P3_GREEN","S4_REFERENCE_ONLY_PROHIBITED_HOUSEHOLD","N1|N2|N3_TO_N7","PERSON_SPECIFIC_RESPONSE_TIME_AND_CARE_HOURS","TBD_PERSON_AND_SITE_PROFILE","TBD_BY_CAPABILITY","TBD","TBD_SITE_AND_IMPLEMENTATION","TBD_BY_SERVICE_LEVEL","UNASSIGNED","UNASSIGNED","NOT_ASSIGNED","TBD","PROVISIONAL_AUTO_REVIEW_REQUIRED","DENY","0.5-draft"
"PLAN-TD-HEALTH-PROF-BLOOD","TD-HEALTH-PROF-BLOOD","P3_GREEN","3_MONTHS_TO_15_YEARS","SL4","DEFERRED_WITHIN_STATED_HORIZON","P3_GREEN","P3_GREEN","P3_GREEN","S4_REFERENCE_ONLY_PROHIBITED_HOUSEHOLD","N1|N2|N3_TO_N7","PERSON_SPECIFIC_RESPONSE_TIME_AND_CARE_HOURS","TBD_PERSON_AND_SITE_PROFILE","TBD_BY_CAPABILITY","TBD","TBD_SITE_AND_IMPLEMENTATION","TBD_BY_SERVICE_LEVEL","UNASSIGNED","UNASSIGNED","NOT_ASSIGNED","TBD","PROVISIONAL_AUTO_REVIEW_REQUIRED","DENY","0.5-draft"
"PLAN-TD-HEALTH-PROF-LAB","TD-HEALTH-PROF-LAB","P3_GREEN","3_MONTHS_TO_15_YEARS","SL4","DEFERRED_WITHIN_STATED_HORIZON","P3_GREEN","P3_GREEN","P3_GREEN","S4_REFERENCE_ONLY_PROHIBITED_HOUSEHOLD","N1|N2|N3_TO_N7","PERSON_SPECIFIC_RESPONSE_TIME_AND_CARE_HOURS","TBD_PERSON_AND_SITE_PROFILE","TBD_BY_CAPABILITY","TBD","TBD_SITE_AND_IMPLEMENTATION","TBD_BY_SERVICE_LEVEL","UNASSIGNED","UNASSIGNED","NOT_ASSIGNED","TBD","PROVISIONAL_AUTO_REVIEW_REQUIRED","DENY","0.5-draft"
"PLAN-TD-HEALTH-PROF-IMAGING","TD-HEALTH-PROF-IMAGING","P3_GREEN","3_MONTHS_TO_15_YEARS","SL4","DEFERRED_WITHIN_STATED_HORIZON","P3_GREEN","P3_GREEN","P3_GREEN","S4_REFERENCE_ONLY_PROHIBITED_HOUSEHOLD","N1|N2|N3_TO_N7","PERSON_SPECIFIC_RESPONSE_TIME_AND_CARE_HOURS","TBD_PERSON_AND_SITE_PROFILE","TBD_BY_CAPABILITY","TBD","TBD_SITE_AND_IMPLEMENTATION","TBD_BY_SERVICE_LEVEL","UNASSIGNED","UNASSIGNED","NOT_ASSIGNED","TBD","PROVISIONAL_AUTO_REVIEW_REQUIRED","DENY","0.5-draft"
"PLAN-TD-HEALTH-PROF-OXYGEN","TD-HEALTH-PROF-OXYGEN","P3_GREEN","3_MONTHS_TO_15_YEARS","SL4","DEFERRED_WITHIN_STATED_HORIZON","P3_GREEN","P3_GREEN","P3_GREEN","S4_REFERENCE_ONLY_PROHIBITED_HOUSEHOLD","N1|N2|N3_TO_N7","PERSON_SPECIFIC_RESPONSE_TIME_AND_CARE_HOURS","TBD_PERSON_AND_SITE_PROFILE","TBD_BY_CAPABILITY","TBD","TBD_SITE_AND_IMPLEMENTATION","TBD_BY_SERVICE_LEVEL","UNASSIGNED","UNASSIGNED","NOT_ASSIGNED","TBD","PROVISIONAL_AUTO_REVIEW_REQUIRED","DENY","0.5-draft"
"PLAN-TD-HEALTH-PROF-BIOMED","TD-HEALTH-PROF-BIOMED","P3_GREEN","3_MONTHS_TO_15_YEARS","SL4","DEFERRED_WITHIN_STATED_HORIZON","P3_GREEN","P3_GREEN","P3_GREEN","S3_LICENSED_PROFESSIONAL","N1|N2|N3_TO_N7","PERSON_SPECIFIC_RESPONSE_TIME_AND_CARE_HOURS","TBD_PERSON_AND_SITE_PROFILE","TBD_BY_CAPABILITY","TBD","TBD_SITE_AND_IMPLEMENTATION","TBD_BY_SERVICE_LEVEL","UNASSIGNED","UNASSIGNED","NOT_ASSIGNED","TBD","PROVISIONAL_AUTO_REVIEW_REQUIRED","DENY","0.5-draft"
"PLAN-TD-HEALTH-PROF-STERILE","TD-HEALTH-PROF-STERILE","P3_GREEN","3_MONTHS_TO_15_YEARS","SL4","DEFERRED_WITHIN_STATED_HORIZON","P3_GREEN","P3_GREEN","P3_GREEN","S4_REFERENCE_ONLY_PROHIBITED_HOUSEHOLD","N1|N2|N3_TO_N7","PERSON_SPECIFIC_RESPONSE_TIME_AND_CARE_HOURS","TBD_PERSON_AND_SITE_PROFILE","TBD_BY_CAPABILITY","TBD","TBD_SITE_AND_IMPLEMENTATION","TBD_BY_SERVICE_LEVEL","UNASSIGNED","UNASSIGNED","NOT_ASSIGNED","TBD","PROVISIONAL_AUTO_REVIEW_REQUIRED","DENY","0.5-draft"
"PLAN-TD-HEALTH-PROF-CLINIC","TD-HEALTH-PROF-CLINIC","P3_GREEN","3_MONTHS_TO_15_YEARS","SL4","DEFERRED_WITHIN_STATED_HORIZON","P3_GREEN","P3_GREEN","P3_GREEN","S3_LICENSED_PROFESSIONAL","N1|N2|N3_TO_N7","PERSON_SPECIFIC_RESPONSE_TIME_AND_CARE_HOURS","TBD_PERSON_AND_SITE_PROFILE","TBD_BY_CAPABILITY","TBD","TBD_SITE_AND_IMPLEMENTATION","TBD_BY_SERVICE_LEVEL","UNASSIGNED","UNASSIGNED","NOT_ASSIGNED","TBD","PROVISIONAL_AUTO_REVIEW_REQUIRED","DENY","0.5-draft"
"PLAN-TD-HEALTH-PROF-SUPPLY","TD-HEALTH-PROF-SUPPLY","P3_GREEN","3_MONTHS_TO_15_YEARS","SL4","DEFERRED_WITHIN_STATED_HORIZON","P3_GREEN","P3_GREEN","P3_GREEN","S3_LICENSED_PROFESSIONAL","N1|N2|N3_TO_N7","PERSON_SPECIFIC_RESPONSE_TIME_AND_CARE_HOURS","TBD_PERSON_AND_SITE_PROFILE","TBD_BY_CAPABILITY","TBD","TBD_SITE_AND_IMPLEMENTATION","TBD_BY_SERVICE_LEVEL","UNASSIGNED","UNASSIGNED","NOT_ASSIGNED","TBD","PROVISIONAL_AUTO_REVIEW_REQUIRED","DENY","0.5-draft"
"PLAN-TD-HEALTH-PROF-RECORDS","TD-HEALTH-PROF-RECORDS","P3_GREEN","3_MONTHS_TO_15_YEARS","SL4","DEFERRED_WITHIN_STATED_HORIZON","P3_GREEN","P3_GREEN","P3_GREEN","S3_LICENSED_PROFESSIONAL","N1|N2|N3_TO_N7","PERSON_SPECIFIC_RESPONSE_TIME_AND_CARE_HOURS","TBD_PERSON_AND_SITE_PROFILE","TBD_BY_CAPABILITY","TBD","TBD_SITE_AND_IMPLEMENTATION","TBD_BY_SERVICE_LEVEL","UNASSIGNED","UNASSIGNED","NOT_ASSIGNED","TBD","PROVISIONAL_AUTO_REVIEW_REQUIRED","DENY","0.5-draft"
"PLAN-TD-HEALTH-PROF-EPIDEMIOLOGY","TD-HEALTH-PROF-EPIDEMIOLOGY","P3_GREEN","3_MONTHS_TO_15_YEARS","SL4","DEFERRED_WITHIN_STATED_HORIZON","P3_GREEN","P3_GREEN","P3_GREEN","S3_LICENSED_PROFESSIONAL","N1|N2|N3_TO_N7","PERSON_SPECIFIC_RESPONSE_TIME_AND_CARE_HOURS","TBD_PERSON_AND_SITE_PROFILE","TBD_BY_CAPABILITY","TBD","TBD_SITE_AND_IMPLEMENTATION","TBD_BY_SERVICE_LEVEL","UNASSIGNED","UNASSIGNED","NOT_ASSIGNED","TBD","PROVISIONAL_AUTO_REVIEW_REQUIRED","DENY","0.5-draft"
"PLAN-TD-HEALTH-PROF-ENVIRONMENT","TD-HEALTH-PROF-ENVIRONMENT","P3_GREEN","3_MONTHS_TO_15_YEARS","SL4","DEFERRED_WITHIN_STATED_HORIZON","P3_GREEN","P3_GREEN","P3_GREEN","S3_LICENSED_PROFESSIONAL","N1|N2|N3_TO_N7","PERSON_SPECIFIC_RESPONSE_TIME_AND_CARE_HOURS","TBD_PERSON_AND_SITE_PROFILE","TBD_BY_CAPABILITY","TBD","TBD_SITE_AND_IMPLEMENTATION","TBD_BY_SERVICE_LEVEL","UNASSIGNED","UNASSIGNED","NOT_ASSIGNED","TBD","PROVISIONAL_AUTO_REVIEW_REQUIRED","DENY","0.5-draft"
"PLAN-TD-HEALTH-PROF-OCCUPATIONAL","TD-HEALTH-PROF-OCCUPATIONAL","P3_GREEN","3_MONTHS_TO_15_YEARS","SL4","DEFERRED_WITHIN_STATED_HORIZON","P3_GREEN","P3_GREEN","P3_GREEN","S3_LICENSED_PROFESSIONAL","N1|N2|N3_TO_N7","PERSON_SPECIFIC_RESPONSE_TIME_AND_CARE_HOURS","TBD_PERSON_AND_SITE_PROFILE","TBD_BY_CAPABILITY","TBD","TBD_SITE_AND_IMPLEMENTATION","TBD_BY_SERVICE_LEVEL","UNASSIGNED","UNASSIGNED","NOT_ASSIGNED","TBD","PROVISIONAL_AUTO_REVIEW_REQUIRED","DENY","0.5-draft"
"PLAN-TD-HEALTH-PROF-ONE-HEALTH","TD-HEALTH-PROF-ONE-HEALTH","P3_GREEN","3_MONTHS_TO_15_YEARS","SL4","DEFERRED_WITHIN_STATED_HORIZON","P3_GREEN","P3_GREEN","P3_GREEN","S3_LICENSED_PROFESSIONAL","N1|N2|N3_TO_N7","PERSON_SPECIFIC_RESPONSE_TIME_AND_CARE_HOURS","TBD_PERSON_AND_SITE_PROFILE","TBD_BY_CAPABILITY","TBD","TBD_SITE_AND_IMPLEMENTATION","TBD_BY_SERVICE_LEVEL","UNASSIGNED","UNASSIGNED","NOT_ASSIGNED","TBD","PROVISIONAL_AUTO_REVIEW_REQUIRED","DENY","0.5-draft"
"PLAN-TD-HEALTH-PROF-ETHICS","TD-HEALTH-PROF-ETHICS","P3_GREEN","3_MONTHS_TO_15_YEARS","SL4","DEFERRED_WITHIN_STATED_HORIZON","P3_GREEN","P3_GREEN","P3_GREEN","S3_LICENSED_PROFESSIONAL","N1|N2|N3_TO_N7","PERSON_SPECIFIC_RESPONSE_TIME_AND_CARE_HOURS","TBD_PERSON_AND_SITE_PROFILE","TBD_BY_CAPABILITY","TBD","TBD_SITE_AND_IMPLEMENTATION","TBD_BY_SERVICE_LEVEL","UNASSIGNED","UNASSIGNED","NOT_ASSIGNED","TBD","PROVISIONAL_AUTO_REVIEW_REQUIRED","DENY","0.5-draft"
"PLAN-TD-HEALTH-PROF-PORTUGAL","TD-HEALTH-PROF-PORTUGAL","P3_GREEN","3_MONTHS_TO_15_YEARS","SL4","DEFERRED_WITHIN_STATED_HORIZON","P3_GREEN","P3_GREEN","P3_GREEN","S3_LICENSED_PROFESSIONAL","N1|N2|N3_TO_N7","PERSON_SPECIFIC_RESPONSE_TIME_AND_CARE_HOURS","TBD_PERSON_AND_SITE_PROFILE","TBD_BY_CAPABILITY","TBD","TBD_SITE_AND_IMPLEMENTATION","TBD_BY_SERVICE_LEVEL","UNASSIGNED","UNASSIGNED","NOT_ASSIGNED","TBD","PROVISIONAL_AUTO_REVIEW_REQUIRED","DENY","0.5-draft"
"PLAN-TD-HEALTH-P4-EDUCATION","TD-HEALTH-P4-EDUCATION","P4_BLUE","15_TO_100_YEARS","SL6","DEFERRED_WITHIN_STATED_HORIZON","P4_BLUE","P4_BLUE","P4_BLUE","S4_REFERENCE_ONLY_PROHIBITED_HOUSEHOLD","N1|N2|N3_TO_N7","PERSON_SPECIFIC_RESPONSE_TIME_AND_CARE_HOURS","TBD_PERSON_AND_SITE_PROFILE","TBD_BY_CAPABILITY","TBD","TBD_SITE_AND_IMPLEMENTATION","TBD_BY_SERVICE_LEVEL","UNASSIGNED","UNASSIGNED","NOT_ASSIGNED","TBD","PROVISIONAL_AUTO_REVIEW_REQUIRED","DENY","0.5-draft"
"PLAN-TD-HEALTH-P4-SUCCESSION","TD-HEALTH-P4-SUCCESSION","P4_BLUE","15_TO_100_YEARS","SL6","DEFERRED_WITHIN_STATED_HORIZON","P4_BLUE","P4_BLUE","P4_BLUE","S4_REFERENCE_ONLY_PROHIBITED_HOUSEHOLD","N1|N2|N3_TO_N7","PERSON_SPECIFIC_RESPONSE_TIME_AND_CARE_HOURS","TBD_PERSON_AND_SITE_PROFILE","TBD_BY_CAPABILITY","TBD","TBD_SITE_AND_IMPLEMENTATION","TBD_BY_SERVICE_LEVEL","UNASSIGNED","UNASSIGNED","NOT_ASSIGNED","TBD","PROVISIONAL_AUTO_REVIEW_REQUIRED","DENY","0.5-draft"
"PLAN-TD-HEALTH-P4-QA-PEER","TD-HEALTH-P4-QA-PEER","P4_BLUE","15_TO_100_YEARS","SL6","DEFERRED_WITHIN_STATED_HORIZON","P4_BLUE","P4_BLUE","P4_BLUE","S4_REFERENCE_ONLY_PROHIBITED_HOUSEHOLD","N1|N2|N3_TO_N7","PERSON_SPECIFIC_RESPONSE_TIME_AND_CARE_HOURS","TBD_PERSON_AND_SITE_PROFILE","TBD_BY_CAPABILITY","TBD","TBD_SITE_AND_IMPLEMENTATION","TBD_BY_SERVICE_LEVEL","UNASSIGNED","UNASSIGNED","NOT_ASSIGNED","TBD","PROVISIONAL_AUTO_REVIEW_REQUIRED","DENY","0.5-draft"
"PLAN-TD-HEALTH-P4-GUIDELINE","TD-HEALTH-P4-GUIDELINE","P4_BLUE","15_TO_100_YEARS","SL6","DEFERRED_WITHIN_STATED_HORIZON","P4_BLUE","P4_BLUE","P4_BLUE","S4_REFERENCE_ONLY_PROHIBITED_HOUSEHOLD","N1|N2|N3_TO_N7","PERSON_SPECIFIC_RESPONSE_TIME_AND_CARE_HOURS","TBD_PERSON_AND_SITE_PROFILE","TBD_BY_CAPABILITY","TBD","TBD_SITE_AND_IMPLEMENTATION","TBD_BY_SERVICE_LEVEL","UNASSIGNED","UNASSIGNED","NOT_ASSIGNED","TBD","PROVISIONAL_AUTO_REVIEW_REQUIRED","DENY","0.5-draft"
"PLAN-TD-HEALTH-P4-INSTITUTION","TD-HEALTH-P4-INSTITUTION","P4_BLUE","15_TO_100_YEARS","SL6","DEFERRED_WITHIN_STATED_HORIZON","P4_BLUE","P4_BLUE","P4_BLUE","S4_REFERENCE_ONLY_PROHIBITED_HOUSEHOLD","N1|N2|N3_TO_N7","PERSON_SPECIFIC_RESPONSE_TIME_AND_CARE_HOURS","TBD_PERSON_AND_SITE_PROFILE","TBD_BY_CAPABILITY","TBD","TBD_SITE_AND_IMPLEMENTATION","TBD_BY_SERVICE_LEVEL","UNASSIGNED","UNASSIGNED","NOT_ASSIGNED","TBD","PROVISIONAL_AUTO_REVIEW_REQUIRED","DENY","0.5-draft"
"PLAN-TD-HEALTH-P4-PUBLIC-RECORDS","TD-HEALTH-P4-PUBLIC-RECORDS","P4_BLUE","15_TO_100_YEARS","SL6","DEFERRED_WITHIN_STATED_HORIZON","P4_BLUE","P4_BLUE","P4_BLUE","S3_LICENSED_PROFESSIONAL","N1|N2|N3_TO_N7","PERSON_SPECIFIC_RESPONSE_TIME_AND_CARE_HOURS","TBD_PERSON_AND_SITE_PROFILE","TBD_BY_CAPABILITY","TBD","TBD_SITE_AND_IMPLEMENTATION","TBD_BY_SERVICE_LEVEL","UNASSIGNED","UNASSIGNED","NOT_ASSIGNED","TBD","PROVISIONAL_AUTO_REVIEW_REQUIRED","DENY","0.5-draft"
"PLAN-TD-HEALTH-P4-GMP-PHARMA","TD-HEALTH-P4-GMP-PHARMA","P4_BLUE","15_TO_100_YEARS","SL6","DEFERRED_WITHIN_STATED_HORIZON","P4_BLUE","P4_BLUE","P4_BLUE","S4_REFERENCE_ONLY_PROHIBITED_HOUSEHOLD","N1|N2|N3_TO_N7","PERSON_SPECIFIC_RESPONSE_TIME_AND_CARE_HOURS","TBD_PERSON_AND_SITE_PROFILE","TBD_BY_CAPABILITY","TBD","TBD_SITE_AND_IMPLEMENTATION","TBD_BY_SERVICE_LEVEL","UNASSIGNED","UNASSIGNED","NOT_ASSIGNED","TBD","PROVISIONAL_AUTO_REVIEW_REQUIRED","DENY","0.5-draft"
"PLAN-TD-HEALTH-P4-VACCINE","TD-HEALTH-P4-VACCINE","P4_BLUE","15_TO_100_YEARS","SL6","DEFERRED_WITHIN_STATED_HORIZON","P4_BLUE","P4_BLUE","P4_BLUE","S4_REFERENCE_ONLY_PROHIBITED_HOUSEHOLD","N1|N2|N3_TO_N7","PERSON_SPECIFIC_RESPONSE_TIME_AND_CARE_HOURS","TBD_PERSON_AND_SITE_PROFILE","TBD_BY_CAPABILITY","TBD","TBD_SITE_AND_IMPLEMENTATION","TBD_BY_SERVICE_LEVEL","UNASSIGNED","UNASSIGNED","NOT_ASSIGNED","TBD","PROVISIONAL_AUTO_REVIEW_REQUIRED","DENY","0.5-draft"
"PLAN-TD-HEALTH-P4-DEVICE-MAKE","TD-HEALTH-P4-DEVICE-MAKE","P4_BLUE","15_TO_100_YEARS","SL6","DEFERRED_WITHIN_STATED_HORIZON","P4_BLUE","P4_BLUE","P4_BLUE","S4_REFERENCE_ONLY_PROHIBITED_HOUSEHOLD","N1|N2|N3_TO_N7","PERSON_SPECIFIC_RESPONSE_TIME_AND_CARE_HOURS","TBD_PERSON_AND_SITE_PROFILE","TBD_BY_CAPABILITY","TBD","TBD_SITE_AND_IMPLEMENTATION","TBD_BY_SERVICE_LEVEL","UNASSIGNED","UNASSIGNED","NOT_ASSIGNED","TBD","PROVISIONAL_AUTO_REVIEW_REQUIRED","DENY","0.5-draft"
"PLAN-TD-HEALTH-P4-RESEARCH","TD-HEALTH-P4-RESEARCH","P4_BLUE","15_TO_100_YEARS","SL6","DEFERRED_WITHIN_STATED_HORIZON","P4_BLUE","P4_BLUE","P4_BLUE","S4_REFERENCE_ONLY_PROHIBITED_HOUSEHOLD","N1|N2|N3_TO_N7","PERSON_SPECIFIC_RESPONSE_TIME_AND_CARE_HOURS","TBD_PERSON_AND_SITE_PROFILE","TBD_BY_CAPABILITY","TBD","TBD_SITE_AND_IMPLEMENTATION","TBD_BY_SERVICE_LEVEL","UNASSIGNED","UNASSIGNED","NOT_ASSIGNED","TBD","PROVISIONAL_AUTO_REVIEW_REQUIRED","DENY","0.5-draft"
"PLAN-TD-HEALTH-P4-GENETICS","TD-HEALTH-P4-GENETICS","P4_BLUE","15_TO_100_YEARS","SL6","DEFERRED_WITHIN_STATED_HORIZON","P4_BLUE","P4_BLUE","P4_BLUE","S4_REFERENCE_ONLY_PROHIBITED_HOUSEHOLD","N1|N2|N3_TO_N7","PERSON_SPECIFIC_RESPONSE_TIME_AND_CARE_HOURS","TBD_PERSON_AND_SITE_PROFILE","TBD_BY_CAPABILITY","TBD","TBD_SITE_AND_IMPLEMENTATION","TBD_BY_SERVICE_LEVEL","UNASSIGNED","UNASSIGNED","NOT_ASSIGNED","TBD","PROVISIONAL_AUTO_REVIEW_REQUIRED","DENY","0.5-draft"
"PLAN-TD-HEALTH-P4-LEGACY","TD-HEALTH-P4-LEGACY","P4_BLUE","15_TO_100_YEARS","SL6","DEFERRED_WITHIN_STATED_HORIZON","P4_BLUE","P4_BLUE","P4_BLUE","S0_OBSERVE_READ","N1|N2|N3_TO_N7","PERSON_SPECIFIC_RESPONSE_TIME_AND_CARE_HOURS","TBD_PERSON_AND_SITE_PROFILE","TBD_BY_CAPABILITY","TBD","TBD_SITE_AND_IMPLEMENTATION","TBD_BY_SERVICE_LEVEL","UNASSIGNED","UNASSIGNED","NOT_ASSIGNED","TBD","PROVISIONAL_AUTO_REVIEW_REQUIRED","DENY","0.5-draft"
